id,event_indicator,event_type,event_severity
12848,1,Market Activity,Medium
12844,1,Market Activity,Medium
12846,1,Market Activity,Medium
12845,1,Market Activity,Medium
12847,1,Market Activity,Medium
12885,1,Market Activity,Medium
12867,1,Market Activity,Medium
12866,1,Market Activity,Medium
12865,1,Market Activity,Medium
12875,1,Market Activity,Medium
12879,1,Market Activity,Medium
12874,1,Market Activity,Medium
12876,1,Market Activity,Medium
12877,1,Market Activity,Medium
12878,1,Market Activity,Medium
12884,1,Market Activity,Medium
12851,1,Market Activity,Medium
12854,1,Market Activity,Medium
12850,1,Market Activity,Medium
12849,1,Market Activity,Medium
12853,1,Market Activity,Medium
12852,1,Market Activity,Medium
12855,1,Market Activity,Medium
12835,1,Market Activity,Medium
12837,1,Market Activity,Medium
12834,1,Market Activity,Medium
12838,1,Market Activity,Medium
12836,1,Market Activity,Medium
12833,1,Market Activity,Medium
12839,1,Market Activity,Medium
12842,1,Market Activity,Medium
12841,1,Market Activity,Medium
12840,1,Market Activity,Medium
12843,1,Market Activity,Medium
12888,1,Market Activity,Medium
12882,1,Market Activity,Medium
12861,1,Market Activity,Medium
12864,1,Market Activity,Medium
12887,1,Market Activity,Medium
12863,1,Market Activity,Medium
12862,1,Market Activity,Medium
12881,1,Market Activity,Medium
12883,1,Market Activity,Medium
12880,1,Market Activity,Medium
12858,1,Market Activity,Medium
12860,1,Market Activity,Medium
12886,1,Market Activity,Medium
12857,1,Market Activity,Medium
12856,1,Market Activity,Medium
12859,1,Market Activity,Medium
12890,1,Market Activity,Medium
12889,1,Market Activity,Medium
12869,1,Market Activity,Medium
12868,1,Market Activity,Medium
12827,1,Market Activity,Medium
12830,1,Market Activity,Medium
12828,1,Market Activity,Medium
12831,1,Market Activity,Medium
12829,1,Market Activity,Medium
12832,1,Market Activity,Medium
12826,1,Market Activity,Medium
12870,1,Market Activity,Medium
12873,1,Market Activity,Medium
12871,1,Market Activity,Medium
12872,1,Market Activity,Medium
12784,1,Market Activity,Medium
12780,1,Market Activity,Medium
12782,1,Market Activity,Medium
12781,1,Market Activity,Medium
12783,1,Market Activity,Medium
12820,1,Market Activity,Medium
12802,1,Market Activity,Medium
12801,1,Market Activity,Medium
12800,1,Market Activity,Medium
12810,1,Market Activity,Medium
12814,1,Market Activity,Medium
12809,1,Market Activity,Medium
12811,1,Market Activity,Medium
12812,1,Market Activity,Medium
12813,1,Market Activity,Medium
12819,1,Market Activity,Medium
12787,1,Market Activity,Medium
12790,1,Market Activity,Medium
12786,1,Market Activity,Medium
12785,1,Market Activity,Medium
12789,1,Market Activity,Medium
12788,1,Market Activity,Medium
12791,1,Market Activity,Medium
12771,1,Market Activity,Medium
12773,1,Market Activity,Medium
12770,1,Market Activity,Medium
12774,1,Market Activity,Medium
12772,1,Market Activity,Medium
12769,1,Market Activity,Medium
12775,1,Market Activity,Medium
12778,1,Market Activity,Medium
12777,1,Market Activity,Medium
12776,1,Market Activity,Medium
12779,1,Market Activity,Medium
12823,1,Market Activity,Medium
12817,1,Market Activity,Medium
12799,1,Market Activity,Medium
12822,1,Market Activity,Medium
12798,1,Market Activity,Medium
12797,1,Market Activity,Medium
12816,1,Market Activity,Medium
12818,1,Market Activity,Medium
12815,1,Market Activity,Medium
12794,1,Market Activity,Medium
12796,1,Market Activity,Medium
12821,1,Market Activity,Medium
12793,1,Market Activity,Medium
12792,1,Market Activity,Medium
12795,1,Market Activity,Medium
12825,1,Market Activity,Medium
12824,1,Market Activity,Medium
12804,1,Market Activity,Medium
12803,1,Market Activity,Medium
12763,1,Market Activity,Medium
12766,1,Market Activity,Medium
12764,1,Market Activity,Medium
12767,1,Market Activity,Medium
12765,1,Market Activity,Medium
12768,1,Market Activity,Medium
12762,1,Market Activity,Medium
12805,1,Market Activity,Medium
12808,1,Market Activity,Medium
12806,1,Market Activity,Medium
12807,1,Market Activity,Medium
998,1,Market Activity,Medium
994,1,Market Activity,Medium
996,1,Market Activity,Medium
995,1,Market Activity,Medium
997,1,Market Activity,Medium
1035,1,Market Activity,Medium
1017,1,Market Activity,Medium
1016,1,Market Activity,Medium
1015,1,Market Activity,Medium
1025,1,Market Activity,Medium
1029,1,Market Activity,Medium
1024,1,Market Activity,Medium
1026,1,Market Activity,Medium
1027,1,Market Activity,Medium
1028,1,Market Activity,Medium
1034,1,Market Activity,Medium
1001,1,Market Activity,Medium
1004,1,Market Activity,Medium
1000,1,Market Activity,Medium
999,1,Market Activity,Medium
1003,1,Market Activity,Medium
1002,1,Market Activity,Medium
1005,1,Market Activity,Medium
985,1,Market Activity,Medium
987,1,Market Activity,Medium
984,1,Market Activity,Medium
988,1,Market Activity,Medium
986,1,Market Activity,Medium
983,1,Market Activity,Medium
989,1,Market Activity,Medium
992,1,Market Activity,Medium
991,1,Market Activity,Medium
990,1,Market Activity,Medium
993,1,Market Activity,Medium
1038,1,Market Activity,Medium
1032,1,Market Activity,Medium
1011,1,Market Activity,Medium
1014,1,Market Activity,Medium
1037,1,Market Activity,Medium
1013,1,Market Activity,Medium
1012,1,Market Activity,Medium
1031,1,Market Activity,Medium
1033,1,Market Activity,Medium
1030,1,Market Activity,Medium
1008,1,Market Activity,Medium
1010,1,Market Activity,Medium
1036,1,Market Activity,Medium
1007,1,Market Activity,Medium
1006,1,Market Activity,Medium
1009,1,Market Activity,Medium
1040,1,Market Activity,Medium
1039,1,Market Activity,Medium
1019,1,Market Activity,Medium
1018,1,Market Activity,Medium
977,1,Market Activity,Medium
980,1,Market Activity,Medium
978,1,Market Activity,Medium
981,1,Market Activity,Medium
979,1,Market Activity,Medium
982,1,Market Activity,Medium
976,1,Market Activity,Medium
1020,1,Market Activity,Medium
1023,1,Market Activity,Medium
1021,1,Market Activity,Medium
1022,1,Market Activity,Medium
933,1,Market Activity,Medium
929,1,Market Activity,Medium
931,1,Market Activity,Medium
930,1,Market Activity,Medium
932,1,Market Activity,Medium
970,1,Market Activity,Medium
952,1,Market Activity,Medium
951,1,Market Activity,Medium
950,1,Market Activity,Medium
960,1,Market Activity,Medium
964,1,Market Activity,Medium
959,1,Market Activity,Medium
961,1,Market Activity,Medium
962,1,Market Activity,Medium
963,1,Market Activity,Medium
969,1,Market Activity,Medium
936,1,Market Activity,Medium
939,1,Market Activity,Medium
935,1,Market Activity,Medium
934,1,Market Activity,Medium
938,1,Market Activity,Medium
937,1,Market Activity,Medium
940,1,Market Activity,Medium
920,1,Market Activity,Medium
922,1,Market Activity,Medium
919,1,Market Activity,Medium
923,1,Market Activity,Medium
921,1,Market Activity,Medium
918,1,Market Activity,Medium
924,1,Market Activity,Medium
927,1,Market Activity,Medium
926,1,Market Activity,Medium
925,1,Market Activity,Medium
928,1,Market Activity,Medium
973,1,Market Activity,Medium
967,1,Market Activity,Medium
946,1,Market Activity,Medium
949,1,Market Activity,Medium
972,1,Market Activity,Medium
948,1,Market Activity,Medium
947,1,Market Activity,Medium
966,1,Market Activity,Medium
968,1,Market Activity,Medium
965,1,Market Activity,Medium
943,1,Market Activity,Medium
945,1,Market Activity,Medium
971,1,Market Activity,Medium
942,1,Market Activity,Medium
941,1,Market Activity,Medium
944,1,Market Activity,Medium
975,1,Market Activity,Medium
974,1,Market Activity,Medium
954,1,Market Activity,Medium
953,1,Market Activity,Medium
912,1,Market Activity,Medium
915,1,Market Activity,Medium
913,1,Market Activity,Medium
916,1,Market Activity,Medium
914,1,Market Activity,Medium
917,1,Market Activity,Medium
911,1,Market Activity,Medium
955,1,Market Activity,Medium
958,1,Market Activity,Medium
956,1,Market Activity,Medium
957,1,Market Activity,Medium
868,1,Market Activity,Medium
864,1,Market Activity,Medium
866,1,Market Activity,Medium
865,1,Market Activity,Medium
867,1,Market Activity,Medium
905,1,Market Activity,Medium
887,1,Market Activity,Medium
886,1,Market Activity,Medium
885,1,Market Activity,Medium
895,1,Market Activity,Medium
899,1,Market Activity,Medium
894,1,Market Activity,Medium
896,1,Market Activity,Medium
897,1,Market Activity,Medium
898,1,Market Activity,Medium
904,1,Market Activity,Medium
871,1,Market Activity,Medium
874,1,Market Activity,Medium
870,1,Market Activity,Medium
869,1,Market Activity,Medium
873,1,Market Activity,Medium
872,1,Market Activity,Medium
875,1,Market Activity,Medium
855,1,Market Activity,Medium
857,1,Market Activity,Medium
854,1,Market Activity,Medium
858,1,Market Activity,Medium
856,1,Market Activity,Medium
853,1,Market Activity,Medium
859,1,Market Activity,Medium
862,1,Market Activity,Medium
861,1,Market Activity,Medium
860,1,Market Activity,Medium
863,1,Market Activity,Medium
908,1,Market Activity,Medium
902,1,Market Activity,Medium
881,1,Market Activity,Medium
884,1,Market Activity,Medium
907,1,Market Activity,Medium
883,1,Market Activity,Medium
882,1,Market Activity,Medium
901,1,Market Activity,Medium
903,1,Market Activity,Medium
900,1,Market Activity,Medium
878,1,Market Activity,Medium
880,1,Market Activity,Medium
906,1,Market Activity,Medium
877,1,Market Activity,Medium
876,1,Market Activity,Medium
879,1,Market Activity,Medium
910,1,Market Activity,Medium
909,1,Market Activity,Medium
889,1,Market Activity,Medium
888,1,Market Activity,Medium
847,1,Market Activity,Medium
850,1,Market Activity,Medium
848,1,Market Activity,Medium
851,1,Market Activity,Medium
849,1,Market Activity,Medium
852,1,Market Activity,Medium
846,1,Market Activity,Medium
890,1,Market Activity,Medium
893,1,Market Activity,Medium
891,1,Market Activity,Medium
892,1,Market Activity,Medium
803,1,Market Activity,Medium
799,1,Market Activity,Medium
801,1,Market Activity,Medium
800,1,Market Activity,Medium
802,1,Market Activity,Medium
840,1,Market Activity,Medium
822,1,Market Activity,Medium
821,1,Market Activity,Medium
820,1,Market Activity,Medium
830,1,Market Activity,Medium
834,1,Market Activity,Medium
829,1,Market Activity,Medium
831,1,Market Activity,Medium
832,1,Market Activity,Medium
833,1,Market Activity,Medium
839,1,Market Activity,Medium
806,1,Market Activity,Medium
809,1,Market Activity,Medium
805,1,Market Activity,Medium
804,1,Market Activity,Medium
808,1,Market Activity,Medium
807,1,Market Activity,Medium
810,1,Market Activity,Medium
790,1,Market Activity,Medium
792,1,Market Activity,Medium
789,1,Market Activity,Medium
793,1,Market Activity,Medium
791,1,Market Activity,Medium
788,1,Market Activity,Medium
794,1,Market Activity,Medium
797,1,Market Activity,Medium
796,1,Market Activity,Medium
795,1,Market Activity,Medium
798,1,Market Activity,Medium
843,1,Market Activity,Medium
837,1,Market Activity,Medium
816,1,Market Activity,Medium
819,1,Market Activity,Medium
842,1,Market Activity,Medium
818,1,Market Activity,Medium
817,1,Market Activity,Medium
836,1,Market Activity,Medium
838,1,Market Activity,Medium
835,1,Market Activity,Medium
813,1,Market Activity,Medium
815,1,Market Activity,Medium
841,1,Market Activity,Medium
812,1,Market Activity,Medium
811,1,Market Activity,Medium
814,1,Market Activity,Medium
845,1,Market Activity,Medium
844,1,Market Activity,Medium
824,1,Market Activity,Medium
823,1,Market Activity,Medium
782,1,Market Activity,Medium
785,1,Market Activity,Medium
783,1,Market Activity,Medium
786,1,Market Activity,Medium
784,1,Market Activity,Medium
787,1,Market Activity,Medium
781,1,Market Activity,Medium
825,1,Market Activity,Medium
828,1,Market Activity,Medium
826,1,Market Activity,Medium
827,1,Market Activity,Medium
745,1,Market Activity,Medium
741,1,Market Activity,Medium
743,1,Market Activity,Medium
742,1,Market Activity,Medium
744,1,Market Activity,Medium
764,1,Market Activity,Medium
763,1,Market Activity,Medium
762,1,Market Activity,Medium
772,1,Market Activity,Medium
776,1,Market Activity,Medium
771,1,Market Activity,Medium
773,1,Market Activity,Medium
774,1,Market Activity,Medium
775,1,Market Activity,Medium
748,1,Market Activity,Medium
751,1,Market Activity,Medium
747,1,Market Activity,Medium
746,1,Market Activity,Medium
750,1,Market Activity,Medium
749,1,Market Activity,Medium
752,1,Market Activity,Medium
732,1,Market Activity,Medium
734,1,Market Activity,Medium
731,1,Market Activity,Medium
735,1,Market Activity,Medium
733,1,Market Activity,Medium
730,1,Market Activity,Medium
736,1,Market Activity,Medium
739,1,Market Activity,Medium
738,1,Market Activity,Medium
737,1,Market Activity,Medium
740,1,Market Activity,Medium
779,1,Market Activity,Medium
758,1,Market Activity,Medium
761,1,Market Activity,Medium
760,1,Market Activity,Medium
759,1,Market Activity,Medium
778,1,Market Activity,Medium
780,1,Market Activity,Medium
777,1,Market Activity,Medium
755,1,Market Activity,Medium
757,1,Market Activity,Medium
754,1,Market Activity,Medium
753,1,Market Activity,Medium
756,1,Market Activity,Medium
766,1,Market Activity,Medium
765,1,Market Activity,Medium
724,1,Market Activity,Medium
727,1,Market Activity,Medium
725,1,Market Activity,Medium
728,1,Market Activity,Medium
726,1,Market Activity,Medium
729,1,Market Activity,Medium
723,1,Market Activity,Medium
767,1,Market Activity,Medium
770,1,Market Activity,Medium
768,1,Market Activity,Medium
769,1,Market Activity,Medium
680,1,Market Activity,Medium
676,1,Market Activity,Medium
678,1,Market Activity,Medium
677,1,Market Activity,Medium
679,1,Market Activity,Medium
717,1,Market Activity,Medium
699,1,Market Activity,Medium
698,1,Market Activity,Medium
697,1,Market Activity,Medium
707,1,Market Activity,Medium
711,1,Market Activity,Medium
706,1,Market Activity,Medium
708,1,Market Activity,Medium
709,1,Market Activity,Medium
710,1,Market Activity,Medium
716,1,Market Activity,Medium
683,1,Market Activity,Medium
686,1,Market Activity,Medium
682,1,Market Activity,Medium
681,1,Market Activity,Medium
685,1,Market Activity,Medium
684,1,Market Activity,Medium
687,1,Market Activity,Medium
667,1,Market Activity,Medium
669,1,Market Activity,Medium
666,1,Market Activity,Medium
670,1,Market Activity,Medium
668,1,Market Activity,Medium
665,1,Market Activity,Medium
671,1,Market Activity,Medium
674,1,Market Activity,Medium
673,1,Market Activity,Medium
672,1,Market Activity,Medium
675,1,Market Activity,Medium
720,1,Market Activity,Medium
714,1,Market Activity,Medium
693,1,Market Activity,Medium
696,1,Market Activity,Medium
719,1,Market Activity,Medium
695,1,Market Activity,Medium
694,1,Market Activity,Medium
713,1,Market Activity,Medium
715,1,Market Activity,Medium
712,1,Market Activity,Medium
690,1,Market Activity,Medium
692,1,Market Activity,Medium
718,1,Market Activity,Medium
689,1,Market Activity,Medium
688,1,Market Activity,Medium
691,1,Market Activity,Medium
722,1,Market Activity,Medium
721,1,Market Activity,Medium
701,1,Market Activity,Medium
700,1,Market Activity,Medium
659,1,Market Activity,Medium
662,1,Market Activity,Medium
660,1,Market Activity,Medium
663,1,Market Activity,Medium
661,1,Market Activity,Medium
664,1,Market Activity,Medium
658,1,Market Activity,Medium
702,1,Market Activity,Medium
705,1,Market Activity,Medium
703,1,Market Activity,Medium
704,1,Market Activity,Medium
615,1,Market Activity,Medium
611,1,Market Activity,Medium
613,1,Market Activity,Medium
612,1,Market Activity,Medium
614,1,Market Activity,Medium
652,1,Market Activity,Medium
634,1,Market Activity,Medium
633,1,Market Activity,Medium
632,1,Market Activity,Medium
642,1,Market Activity,Medium
646,1,Market Activity,Medium
641,1,Market Activity,Medium
643,1,Market Activity,Medium
644,1,Market Activity,Medium
645,1,Market Activity,Medium
651,1,Market Activity,Medium
618,1,Market Activity,Medium
621,1,Market Activity,Medium
617,1,Market Activity,Medium
616,1,Market Activity,Medium
620,1,Market Activity,Medium
619,1,Market Activity,Medium
622,1,Market Activity,Medium
602,1,Market Activity,Medium
604,1,Market Activity,Medium
601,1,Market Activity,Medium
605,1,Market Activity,Medium
603,1,Market Activity,Medium
600,1,Market Activity,Medium
606,1,Market Activity,Medium
609,1,Market Activity,Medium
608,1,Market Activity,Medium
607,1,Market Activity,Medium
610,1,Market Activity,Medium
655,1,Market Activity,Medium
649,1,Market Activity,Medium
628,1,Market Activity,Medium
631,1,Market Activity,Medium
654,1,Market Activity,Medium
630,1,Market Activity,Medium
629,1,Market Activity,Medium
648,1,Market Activity,Medium
650,1,Market Activity,Medium
647,1,Market Activity,Medium
625,1,Market Activity,Medium
627,1,Market Activity,Medium
653,1,Market Activity,Medium
624,1,Market Activity,Medium
623,1,Market Activity,Medium
626,1,Market Activity,Medium
657,1,Market Activity,Medium
656,1,Market Activity,Medium
636,1,Market Activity,Medium
635,1,Market Activity,Medium
594,1,Market Activity,Medium
597,1,Market Activity,Medium
595,1,Market Activity,Medium
598,1,Market Activity,Medium
596,1,Market Activity,Medium
599,1,Market Activity,Medium
593,1,Market Activity,Medium
637,1,Market Activity,Medium
640,1,Market Activity,Medium
638,1,Market Activity,Medium
639,1,Market Activity,Medium
550,1,Market Activity,Medium
546,1,Market Activity,Medium
548,1,Market Activity,Medium
547,1,Market Activity,Medium
549,1,Market Activity,Medium
587,1,Market Activity,Medium
569,1,Market Activity,Medium
568,1,Market Activity,Medium
567,1,Market Activity,Medium
577,1,Market Activity,Medium
581,1,Market Activity,Medium
576,1,Market Activity,Medium
578,1,Market Activity,Medium
579,1,Market Activity,Medium
580,1,Market Activity,Medium
586,1,Market Activity,Medium
553,1,Market Activity,Medium
556,1,Market Activity,Medium
552,1,Market Activity,Medium
551,1,Market Activity,Medium
555,1,Market Activity,Medium
554,1,Market Activity,Medium
557,1,Market Activity,Medium
537,1,Market Activity,Medium
539,1,Market Activity,Medium
536,1,Market Activity,Medium
540,1,Market Activity,Medium
538,1,Market Activity,Medium
535,1,Market Activity,Medium
541,1,Market Activity,Medium
544,1,Market Activity,Medium
543,1,Market Activity,Medium
542,1,Market Activity,Medium
545,1,Market Activity,Medium
590,1,Market Activity,Medium
584,1,Market Activity,Medium
563,1,Market Activity,Medium
566,1,Market Activity,Medium
589,1,Market Activity,Medium
565,1,Market Activity,Medium
564,1,Market Activity,Medium
583,1,Market Activity,Medium
585,1,Market Activity,Medium
582,1,Market Activity,Medium
560,1,Market Activity,Medium
562,1,Market Activity,Medium
588,1,Market Activity,Medium
559,1,Market Activity,Medium
558,1,Market Activity,Medium
561,1,Market Activity,Medium
592,1,Market Activity,Medium
591,1,Market Activity,Medium
571,1,Market Activity,Medium
570,1,Market Activity,Medium
529,1,Market Activity,Medium
532,1,Market Activity,Medium
530,1,Market Activity,Medium
533,1,Market Activity,Medium
531,1,Market Activity,Medium
534,1,Market Activity,Medium
528,1,Market Activity,Medium
572,1,Market Activity,Medium
575,1,Market Activity,Medium
573,1,Market Activity,Medium
574,1,Market Activity,Medium
517,0,None,Low
513,0,None,Low
515,0,None,Low
514,0,None,Low
516,0,None,Low
520,0,None,Low
523,0,None,Low
519,0,None,Low
518,0,None,Low
522,0,None,Low
521,0,None,Low
524,0,None,Low
504,0,None,Low
506,0,None,Low
503,0,None,Low
507,0,None,Low
505,0,None,Low
502,0,None,Low
508,0,None,Low
511,0,None,Low
510,0,None,Low
509,0,None,Low
512,0,None,Low
527,0,None,Low
526,0,None,Low
525,0,None,Low
496,0,None,Low
499,0,None,Low
497,0,None,Low
500,0,None,Low
498,0,None,Low
501,0,None,Low
495,0,None,Low
492,0,None,Low
493,0,None,Low
494,0,None,Low
491,0,None,Low
448,0,None,Low
444,0,None,Low
446,0,None,Low
445,0,None,Low
447,0,None,Low
485,0,None,Low
467,0,None,Low
466,0,None,Low
465,0,None,Low
475,0,None,Low
479,0,None,Low
474,0,None,Low
476,0,None,Low
477,0,None,Low
478,0,None,Low
484,0,None,Low
451,0,None,Low
454,0,None,Low
450,0,None,Low
449,0,None,Low
453,0,None,Low
452,0,None,Low
455,0,None,Low
435,0,None,Low
437,0,None,Low
434,0,None,Low
438,0,None,Low
436,0,None,Low
433,0,None,Low
439,0,None,Low
442,0,None,Low
441,0,None,Low
440,0,None,Low
443,0,None,Low
488,0,None,Low
482,0,None,Low
461,0,None,Low
464,0,None,Low
487,0,None,Low
463,0,None,Low
462,0,None,Low
481,0,None,Low
483,0,None,Low
480,0,None,Low
458,0,None,Low
460,0,None,Low
486,0,None,Low
457,0,None,Low
456,0,None,Low
459,0,None,Low
490,0,None,Low
489,0,None,Low
469,0,None,Low
468,0,None,Low
427,0,None,Low
430,0,None,Low
428,0,None,Low
431,0,None,Low
429,0,None,Low
432,0,None,Low
426,0,None,Low
470,0,None,Low
473,0,None,Low
471,0,None,Low
472,0,None,Low
383,0,None,Low
379,0,None,Low
381,0,None,Low
380,0,None,Low
382,0,None,Low
420,0,None,Low
402,0,None,Low
401,0,None,Low
400,0,None,Low
410,0,None,Low
414,0,None,Low
409,0,None,Low
411,0,None,Low
412,0,None,Low
413,0,None,Low
419,0,None,Low
386,0,None,Low
389,0,None,Low
385,0,None,Low
384,0,None,Low
388,0,None,Low
387,0,None,Low
390,0,None,Low
370,0,None,Low
372,0,None,Low
369,0,None,Low
373,0,None,Low
371,0,None,Low
368,0,None,Low
374,0,None,Low
377,0,None,Low
376,0,None,Low
375,0,None,Low
378,0,None,Low
423,0,None,Low
417,0,None,Low
396,0,None,Low
399,0,None,Low
422,0,None,Low
398,0,None,Low
397,0,None,Low
416,0,None,Low
418,0,None,Low
415,0,None,Low
393,0,None,Low
395,0,None,Low
421,0,None,Low
392,0,None,Low
391,0,None,Low
394,0,None,Low
425,0,None,Low
424,0,None,Low
404,0,None,Low
403,0,None,Low
362,0,None,Low
365,0,None,Low
363,0,None,Low
366,0,None,Low
364,0,None,Low
367,0,None,Low
361,0,None,Low
405,0,None,Low
408,0,None,Low
406,0,None,Low
407,0,None,Low
318,0,None,Low
314,0,None,Low
316,0,None,Low
315,0,None,Low
317,0,None,Low
355,0,None,Low
337,0,None,Low
336,0,None,Low
335,0,None,Low
345,0,None,Low
349,0,None,Low
344,0,None,Low
346,0,None,Low
347,0,None,Low
348,0,None,Low
354,0,None,Low
321,0,None,Low
324,0,None,Low
320,0,None,Low
319,0,None,Low
323,0,None,Low
322,0,None,Low
325,0,None,Low
305,0,None,Low
307,0,None,Low
304,0,None,Low
308,0,None,Low
306,0,None,Low
303,0,None,Low
309,0,None,Low
312,0,None,Low
311,0,None,Low
310,0,None,Low
313,0,None,Low
358,0,None,Low
352,0,None,Low
331,0,None,Low
334,0,None,Low
357,0,None,Low
333,0,None,Low
332,0,None,Low
351,0,None,Low
353,0,None,Low
350,0,None,Low
328,0,None,Low
330,0,None,Low
356,0,None,Low
327,0,None,Low
326,0,None,Low
329,0,None,Low
360,0,None,Low
359,0,None,Low
339,0,None,Low
338,0,None,Low
297,0,None,Low
300,0,None,Low
298,0,None,Low
301,0,None,Low
299,0,None,Low
302,0,None,Low
296,0,None,Low
340,0,None,Low
343,0,None,Low
341,0,None,Low
342,0,None,Low
253,0,None,Low
249,0,None,Low
251,0,None,Low
250,0,None,Low
252,0,None,Low
290,0,None,Low
272,0,None,Low
271,0,None,Low
270,0,None,Low
280,0,None,Low
284,0,None,Low
279,0,None,Low
281,0,None,Low
282,0,None,Low
283,0,None,Low
289,0,None,Low
256,0,None,Low
259,0,None,Low
255,0,None,Low
254,0,None,Low
258,0,None,Low
257,0,None,Low
260,0,None,Low
240,0,None,Low
242,0,None,Low
239,0,None,Low
243,0,None,Low
241,0,None,Low
238,0,None,Low
244,0,None,Low
247,0,None,Low
246,0,None,Low
245,0,None,Low
248,0,None,Low
293,0,None,Low
287,0,None,Low
266,0,None,Low
269,0,None,Low
292,0,None,Low
268,0,None,Low
267,0,None,Low
286,0,None,Low
288,0,None,Low
285,0,None,Low
263,0,None,Low
265,0,None,Low
291,0,None,Low
262,0,None,Low
261,0,None,Low
264,0,None,Low
295,0,None,Low
294,0,None,Low
274,0,None,Low
273,0,None,Low
232,0,None,Low
235,0,None,Low
233,0,None,Low
236,0,None,Low
234,0,None,Low
237,0,None,Low
231,0,None,Low
275,0,None,Low
278,0,None,Low
276,0,None,Low
277,0,None,Low
188,0,None,Low
184,0,None,Low
186,0,None,Low
185,0,None,Low
187,0,None,Low
225,0,None,Low
207,0,None,Low
206,0,None,Low
205,0,None,Low
215,0,None,Low
219,0,None,Low
214,0,None,Low
216,0,None,Low
217,0,None,Low
218,0,None,Low
224,0,None,Low
191,0,None,Low
194,0,None,Low
190,0,None,Low
189,0,None,Low
193,0,None,Low
192,0,None,Low
195,0,None,Low
175,0,None,Low
177,0,None,Low
174,0,None,Low
178,0,None,Low
176,0,None,Low
173,0,None,Low
179,0,None,Low
182,0,None,Low
181,0,None,Low
180,0,None,Low
183,0,None,Low
228,0,None,Low
222,0,None,Low
201,0,None,Low
204,0,None,Low
227,0,None,Low
203,0,None,Low
202,0,None,Low
221,0,None,Low
223,0,None,Low
220,0,None,Low
198,0,None,Low
200,0,None,Low
226,0,None,Low
197,0,None,Low
196,0,None,Low
199,0,None,Low
230,0,None,Low
229,0,None,Low
209,0,None,Low
208,0,None,Low
167,0,None,Low
170,0,None,Low
168,0,None,Low
171,0,None,Low
169,0,None,Low
172,0,None,Low
166,0,None,Low
210,0,None,Low
213,0,None,Low
211,0,None,Low
212,0,None,Low
162,0,None,Low
158,0,None,Low
160,0,None,Low
159,0,None,Low
161,0,None,Low
165,0,None,Low
164,0,None,Low
163,0,None,Low
149,0,None,Low
151,0,None,Low
148,0,None,Low
152,0,None,Low
150,0,None,Low
147,0,None,Low
153,0,None,Low
156,0,None,Low
155,0,None,Low
154,0,None,Low
157,0,None,Low
141,0,None,Low
144,0,None,Low
142,0,None,Low
145,0,None,Low
143,0,None,Low
146,0,None,Low
140,0,None,Low
139,0,None,Low
138,0,None,Low
137,0,None,Low
131,0,None,Low
134,0,None,Low
132,0,None,Low
135,0,None,Low
133,0,None,Low
136,0,None,Low
130,0,None,Low
129,0,None,Low
128,0,None,Low
125,0,None,Low
127,0,None,Low
124,0,None,Low
126,0,None,Low
123,0,None,Low
117,0,None,Low
120,0,None,Low
118,0,None,Low
121,0,None,Low
119,0,None,Low
122,0,None,Low
116,0,None,Low
93,0,None,Low
89,0,None,Low
91,0,None,Low
90,0,None,Low
92,0,None,Low
112,0,None,Low
111,0,None,Low
110,0,None,Low
96,0,None,Low
99,0,None,Low
95,0,None,Low
94,0,None,Low
98,0,None,Low
97,0,None,Low
100,0,None,Low
80,0,None,Low
82,0,None,Low
79,0,None,Low
83,0,None,Low
81,0,None,Low
78,0,None,Low
84,0,None,Low
87,0,None,Low
86,0,None,Low
85,0,None,Low
88,0,None,Low
106,0,None,Low
109,0,None,Low
108,0,None,Low
107,0,None,Low
103,0,None,Low
105,0,None,Low
102,0,None,Low
101,0,None,Low
104,0,None,Low
114,0,None,Low
113,0,None,Low
72,0,None,Low
75,0,None,Low
73,0,None,Low
76,0,None,Low
74,0,None,Low
77,0,None,Low
71,0,None,Low
115,0,None,Low
64,0,None,Low
66,0,None,Low
63,0,None,Low
67,0,None,Low
65,0,None,Low
62,0,None,Low
68,0,None,Low
70,0,None,Low
69,0,None,Low
56,0,None,Low
59,0,None,Low
57,0,None,Low
60,0,None,Low
58,0,None,Low
61,0,None,Low
55,0,None,Low
38,0,None,Low
34,0,None,Low
36,0,None,Low
35,0,None,Low
37,0,None,Low
41,0,None,Low
44,0,None,Low
40,0,None,Low
39,0,None,Low
43,0,None,Low
42,0,None,Low
45,0,None,Low
25,0,None,Low
27,0,None,Low
24,0,None,Low
28,0,None,Low
26,0,None,Low
23,0,None,Low
29,0,None,Low
32,0,None,Low
31,0,None,Low
30,0,None,Low
33,0,None,Low
51,0,None,Low
54,0,None,Low
53,0,None,Low
52,0,None,Low
48,0,None,Low
50,0,None,Low
47,0,None,Low
46,0,None,Low
49,0,None,Low
17,0,None,Low
20,0,None,Low
18,0,None,Low
21,0,None,Low
19,0,None,Low
22,0,None,Low
16,0,None,Low
10,0,None,Low
12,0,None,Low
9,0,None,Low
13,0,None,Low
11,0,None,Low
8,0,None,Low
14,0,None,Low
15,0,None,Low
2,0,None,Low
5,0,None,Low
3,0,None,Low
6,0,None,Low
4,0,None,Low
7,0,None,Low
1,0,None,Low
12756,1,Heavy Commercial Activity,High
12741,1,Heavy Commercial Activity,High
12740,1,Heavy Commercial Activity,High
12739,1,Heavy Commercial Activity,High
12749,1,Heavy Commercial Activity,High
12752,1,Heavy Commercial Activity,High
12748,1,Heavy Commercial Activity,High
12750,1,Heavy Commercial Activity,High
12751,1,Heavy Commercial Activity,High
12755,1,Heavy Commercial Activity,High
12729,1,Heavy Commercial Activity,High
12759,1,Heavy Commercial Activity,High
12753,1,Heavy Commercial Activity,High
12735,1,Heavy Commercial Activity,High
12738,1,Heavy Commercial Activity,High
12758,1,Heavy Commercial Activity,High
12737,1,Heavy Commercial Activity,High
12736,1,Heavy Commercial Activity,High
12754,1,Heavy Commercial Activity,High
12732,1,Heavy Commercial Activity,High
12734,1,Heavy Commercial Activity,High
12757,1,Heavy Commercial Activity,High
12731,1,Heavy Commercial Activity,High
12730,1,Heavy Commercial Activity,High
12733,1,Heavy Commercial Activity,High
12761,1,Heavy Commercial Activity,High
12760,1,Heavy Commercial Activity,High
12743,1,Heavy Commercial Activity,High
12742,1,Heavy Commercial Activity,High
12744,1,Heavy Commercial Activity,High
12747,1,Heavy Commercial Activity,High
12745,1,Heavy Commercial Activity,High
12746,1,Heavy Commercial Activity,High
12686,1,Heavy Commercial Activity,High
12682,1,Heavy Commercial Activity,High
12684,1,Heavy Commercial Activity,High
12683,1,Heavy Commercial Activity,High
12685,1,Heavy Commercial Activity,High
12723,1,Heavy Commercial Activity,High
12705,1,Heavy Commercial Activity,High
12704,1,Heavy Commercial Activity,High
12703,1,Heavy Commercial Activity,High
12713,1,Heavy Commercial Activity,High
12717,1,Heavy Commercial Activity,High
12712,1,Heavy Commercial Activity,High
12714,1,Heavy Commercial Activity,High
12715,1,Heavy Commercial Activity,High
12716,1,Heavy Commercial Activity,High
12722,1,Heavy Commercial Activity,High
12689,1,Heavy Commercial Activity,High
12692,1,Heavy Commercial Activity,High
12688,1,Heavy Commercial Activity,High
12687,1,Heavy Commercial Activity,High
12691,1,Heavy Commercial Activity,High
12690,1,Heavy Commercial Activity,High
12693,1,Heavy Commercial Activity,High
12673,1,Heavy Commercial Activity,High
12675,1,Heavy Commercial Activity,High
12672,1,Heavy Commercial Activity,High
12676,1,Heavy Commercial Activity,High
12674,1,Heavy Commercial Activity,High
12671,1,Heavy Commercial Activity,High
12677,1,Heavy Commercial Activity,High
12680,1,Heavy Commercial Activity,High
12679,1,Heavy Commercial Activity,High
12678,1,Heavy Commercial Activity,High
12681,1,Heavy Commercial Activity,High
12726,1,Heavy Commercial Activity,High
12720,1,Heavy Commercial Activity,High
12699,1,Heavy Commercial Activity,High
12702,1,Heavy Commercial Activity,High
12725,1,Heavy Commercial Activity,High
12701,1,Heavy Commercial Activity,High
12700,1,Heavy Commercial Activity,High
12719,1,Heavy Commercial Activity,High
12721,1,Heavy Commercial Activity,High
12718,1,Heavy Commercial Activity,High
12696,1,Heavy Commercial Activity,High
12698,1,Heavy Commercial Activity,High
12724,1,Heavy Commercial Activity,High
12695,1,Heavy Commercial Activity,High
12694,1,Heavy Commercial Activity,High
12697,1,Heavy Commercial Activity,High
12728,1,Heavy Commercial Activity,High
12727,1,Heavy Commercial Activity,High
12707,1,Heavy Commercial Activity,High
12706,1,Heavy Commercial Activity,High
12665,1,Heavy Commercial Activity,High
12668,1,Heavy Commercial Activity,High
12666,1,Heavy Commercial Activity,High
12669,1,Heavy Commercial Activity,High
12667,1,Heavy Commercial Activity,High
12670,1,Heavy Commercial Activity,High
12664,1,Heavy Commercial Activity,High
12708,1,Heavy Commercial Activity,High
12711,1,Heavy Commercial Activity,High
12709,1,Heavy Commercial Activity,High
12710,1,Heavy Commercial Activity,High
12621,1,Heavy Commercial Activity,High
12617,1,Heavy Commercial Activity,High
12619,1,Heavy Commercial Activity,High
12618,1,Heavy Commercial Activity,High
12620,1,Heavy Commercial Activity,High
12658,1,Heavy Commercial Activity,High
12640,1,Heavy Commercial Activity,High
12639,1,Heavy Commercial Activity,High
12638,1,Heavy Commercial Activity,High
12648,1,Heavy Commercial Activity,High
12652,1,Heavy Commercial Activity,High
12647,1,Heavy Commercial Activity,High
12649,1,Heavy Commercial Activity,High
12650,1,Heavy Commercial Activity,High
12651,1,Heavy Commercial Activity,High
12657,1,Heavy Commercial Activity,High
12624,1,Heavy Commercial Activity,High
12627,1,Heavy Commercial Activity,High
12623,1,Heavy Commercial Activity,High
12622,1,Heavy Commercial Activity,High
12626,1,Heavy Commercial Activity,High
12625,1,Heavy Commercial Activity,High
12628,1,Heavy Commercial Activity,High
12608,1,Heavy Commercial Activity,High
12610,1,Heavy Commercial Activity,High
12607,1,Heavy Commercial Activity,High
12611,1,Heavy Commercial Activity,High
12609,1,Heavy Commercial Activity,High
12606,1,Heavy Commercial Activity,High
12612,1,Heavy Commercial Activity,High
12615,1,Heavy Commercial Activity,High
12614,1,Heavy Commercial Activity,High
12613,1,Heavy Commercial Activity,High
12616,1,Heavy Commercial Activity,High
12661,1,Heavy Commercial Activity,High
12655,1,Heavy Commercial Activity,High
12634,1,Heavy Commercial Activity,High
12637,1,Heavy Commercial Activity,High
12660,1,Heavy Commercial Activity,High
12636,1,Heavy Commercial Activity,High
12635,1,Heavy Commercial Activity,High
12654,1,Heavy Commercial Activity,High
12656,1,Heavy Commercial Activity,High
12653,1,Heavy Commercial Activity,High
12631,1,Heavy Commercial Activity,High
12633,1,Heavy Commercial Activity,High
12659,1,Heavy Commercial Activity,High
12630,1,Heavy Commercial Activity,High
12629,1,Heavy Commercial Activity,High
12632,1,Heavy Commercial Activity,High
12663,1,Heavy Commercial Activity,High
12662,1,Heavy Commercial Activity,High
12642,1,Heavy Commercial Activity,High
12641,1,Heavy Commercial Activity,High
12600,1,Heavy Commercial Activity,High
12603,1,Heavy Commercial Activity,High
12601,1,Heavy Commercial Activity,High
12604,1,Heavy Commercial Activity,High
12602,1,Heavy Commercial Activity,High
12605,1,Heavy Commercial Activity,High
12599,1,Heavy Commercial Activity,High
12643,1,Heavy Commercial Activity,High
12646,1,Heavy Commercial Activity,High
12644,1,Heavy Commercial Activity,High
12645,1,Heavy Commercial Activity,High
12556,1,Market Activity,Medium
12552,1,Market Activity,Medium
12554,1,Market Activity,Medium
12553,1,Market Activity,Medium
12555,1,Market Activity,Medium
12593,1,Market Activity,Medium
12575,1,Market Activity,Medium
12574,1,Market Activity,Medium
12573,1,Market Activity,Medium
12583,1,Market Activity,Medium
12587,1,Market Activity,Medium
12582,1,Market Activity,Medium
12584,1,Market Activity,Medium
12585,1,Market Activity,Medium
12586,1,Market Activity,Medium
12592,1,Market Activity,Medium
12559,1,Market Activity,Medium
12562,1,Market Activity,Medium
12558,1,Market Activity,Medium
12557,1,Market Activity,Medium
12561,1,Market Activity,Medium
12560,1,Market Activity,Medium
12563,1,Market Activity,Medium
12543,1,Market Activity,Medium
12545,1,Market Activity,Medium
12542,1,Market Activity,Medium
12546,1,Market Activity,Medium
12544,1,Market Activity,Medium
12541,1,Market Activity,Medium
12547,1,Market Activity,Medium
12550,1,Market Activity,Medium
12549,1,Market Activity,Medium
12548,1,Market Activity,Medium
12551,1,Market Activity,Medium
12596,1,Market Activity,Medium
12590,1,Market Activity,Medium
12569,1,Market Activity,Medium
12572,1,Market Activity,Medium
12595,1,Market Activity,Medium
12571,1,Market Activity,Medium
12570,1,Market Activity,Medium
12589,1,Market Activity,Medium
12591,1,Market Activity,Medium
12588,1,Market Activity,Medium
12566,1,Market Activity,Medium
12568,1,Market Activity,Medium
12594,1,Market Activity,Medium
12565,1,Market Activity,Medium
12564,1,Market Activity,Medium
12567,1,Market Activity,Medium
12598,1,Market Activity,Medium
12597,1,Market Activity,Medium
12577,1,Market Activity,Medium
12576,1,Market Activity,Medium
12535,1,Market Activity,Medium
12538,1,Market Activity,Medium
12536,1,Market Activity,Medium
12539,1,Market Activity,Medium
12537,1,Market Activity,Medium
12540,1,Market Activity,Medium
12534,1,Market Activity,Medium
12578,1,Market Activity,Medium
12581,1,Market Activity,Medium
12579,1,Market Activity,Medium
12580,1,Market Activity,Medium
12491,1,Market Activity,Medium
12487,1,Market Activity,Medium
12489,1,Market Activity,Medium
12488,1,Market Activity,Medium
12490,1,Market Activity,Medium
12528,1,Market Activity,Medium
12510,1,Market Activity,Medium
12509,1,Market Activity,Medium
12508,1,Market Activity,Medium
12518,1,Market Activity,Medium
12522,1,Market Activity,Medium
12517,1,Market Activity,Medium
12519,1,Market Activity,Medium
12520,1,Market Activity,Medium
12521,1,Market Activity,Medium
12527,1,Market Activity,Medium
12494,1,Market Activity,Medium
12497,1,Market Activity,Medium
12493,1,Market Activity,Medium
12492,1,Market Activity,Medium
12496,1,Market Activity,Medium
12495,1,Market Activity,Medium
12498,1,Market Activity,Medium
12478,1,Market Activity,Medium
12480,1,Market Activity,Medium
12477,1,Market Activity,Medium
12481,1,Market Activity,Medium
12479,1,Market Activity,Medium
12476,1,Market Activity,Medium
12482,1,Market Activity,Medium
12485,1,Market Activity,Medium
12484,1,Market Activity,Medium
12483,1,Market Activity,Medium
12486,1,Market Activity,Medium
12531,1,Market Activity,Medium
12525,1,Market Activity,Medium
12504,1,Market Activity,Medium
12507,1,Market Activity,Medium
12530,1,Market Activity,Medium
12506,1,Market Activity,Medium
12505,1,Market Activity,Medium
12524,1,Market Activity,Medium
12526,1,Market Activity,Medium
12523,1,Market Activity,Medium
12501,1,Market Activity,Medium
12503,1,Market Activity,Medium
12529,1,Market Activity,Medium
12500,1,Market Activity,Medium
12499,1,Market Activity,Medium
12502,1,Market Activity,Medium
12533,1,Market Activity,Medium
12532,1,Market Activity,Medium
12512,1,Market Activity,Medium
12511,1,Market Activity,Medium
12470,1,Market Activity,Medium
12473,1,Market Activity,Medium
12471,1,Market Activity,Medium
12474,1,Market Activity,Medium
12472,1,Market Activity,Medium
12475,1,Market Activity,Medium
12469,1,Market Activity,Medium
12513,1,Market Activity,Medium
12516,1,Market Activity,Medium
12514,1,Market Activity,Medium
12515,1,Market Activity,Medium
12426,1,Market Activity,Medium
12422,1,Market Activity,Medium
12424,1,Market Activity,Medium
12423,1,Market Activity,Medium
12425,1,Market Activity,Medium
12463,1,Market Activity,Medium
12445,1,Market Activity,Medium
12444,1,Market Activity,Medium
12443,1,Market Activity,Medium
12453,1,Market Activity,Medium
12457,1,Market Activity,Medium
12452,1,Market Activity,Medium
12454,1,Market Activity,Medium
12455,1,Market Activity,Medium
12456,1,Market Activity,Medium
12462,1,Market Activity,Medium
12429,1,Market Activity,Medium
12432,1,Market Activity,Medium
12428,1,Market Activity,Medium
12427,1,Market Activity,Medium
12431,1,Market Activity,Medium
12430,1,Market Activity,Medium
12433,1,Market Activity,Medium
12413,1,Market Activity,Medium
12415,1,Market Activity,Medium
12412,1,Market Activity,Medium
12416,1,Market Activity,Medium
12414,1,Market Activity,Medium
12411,1,Market Activity,Medium
12417,1,Market Activity,Medium
12420,1,Market Activity,Medium
12419,1,Market Activity,Medium
12418,1,Market Activity,Medium
12421,1,Market Activity,Medium
12466,1,Market Activity,Medium
12460,1,Market Activity,Medium
12439,1,Market Activity,Medium
12442,1,Market Activity,Medium
12465,1,Market Activity,Medium
12441,1,Market Activity,Medium
12440,1,Market Activity,Medium
12459,1,Market Activity,Medium
12461,1,Market Activity,Medium
12458,1,Market Activity,Medium
12436,1,Market Activity,Medium
12438,1,Market Activity,Medium
12464,1,Market Activity,Medium
12435,1,Market Activity,Medium
12434,1,Market Activity,Medium
12437,1,Market Activity,Medium
12468,1,Market Activity,Medium
12467,1,Market Activity,Medium
12447,1,Market Activity,Medium
12446,1,Market Activity,Medium
12405,1,Market Activity,Medium
12408,1,Market Activity,Medium
12406,1,Market Activity,Medium
12409,1,Market Activity,Medium
12407,1,Market Activity,Medium
12410,1,Market Activity,Medium
12404,1,Market Activity,Medium
12448,1,Market Activity,Medium
12451,1,Market Activity,Medium
12449,1,Market Activity,Medium
12450,1,Market Activity,Medium
12361,1,Market Activity,Medium
12357,1,Market Activity,Medium
12359,1,Market Activity,Medium
12358,1,Market Activity,Medium
12360,1,Market Activity,Medium
12398,1,Market Activity,Medium
12380,1,Market Activity,Medium
12379,1,Market Activity,Medium
12378,1,Market Activity,Medium
12388,1,Market Activity,Medium
12392,1,Market Activity,Medium
12387,1,Market Activity,Medium
12389,1,Market Activity,Medium
12390,1,Market Activity,Medium
12391,1,Market Activity,Medium
12397,1,Market Activity,Medium
12364,1,Market Activity,Medium
12367,1,Market Activity,Medium
12363,1,Market Activity,Medium
12362,1,Market Activity,Medium
12366,1,Market Activity,Medium
12365,1,Market Activity,Medium
12368,1,Market Activity,Medium
12348,1,Market Activity,Medium
12350,1,Market Activity,Medium
12347,1,Market Activity,Medium
12351,1,Market Activity,Medium
12349,1,Market Activity,Medium
12346,1,Market Activity,Medium
12352,1,Market Activity,Medium
12355,1,Market Activity,Medium
12354,1,Market Activity,Medium
12353,1,Market Activity,Medium
12356,1,Market Activity,Medium
12401,1,Market Activity,Medium
12395,1,Market Activity,Medium
12374,1,Market Activity,Medium
12377,1,Market Activity,Medium
12400,1,Market Activity,Medium
12376,1,Market Activity,Medium
12375,1,Market Activity,Medium
12394,1,Market Activity,Medium
12396,1,Market Activity,Medium
12393,1,Market Activity,Medium
12371,1,Market Activity,Medium
12373,1,Market Activity,Medium
12399,1,Market Activity,Medium
12370,1,Market Activity,Medium
12369,1,Market Activity,Medium
12372,1,Market Activity,Medium
12403,1,Market Activity,Medium
12402,1,Market Activity,Medium
12382,1,Market Activity,Medium
12381,1,Market Activity,Medium
12340,1,Market Activity,Medium
12343,1,Market Activity,Medium
12341,1,Market Activity,Medium
12344,1,Market Activity,Medium
12342,1,Market Activity,Medium
12345,1,Market Activity,Medium
12339,1,Market Activity,Medium
12383,1,Market Activity,Medium
12386,1,Market Activity,Medium
12384,1,Market Activity,Medium
12385,1,Market Activity,Medium
12296,1,Market Activity,Medium
12292,1,Market Activity,Medium
12294,1,Market Activity,Medium
12293,1,Market Activity,Medium
12295,1,Market Activity,Medium
12333,1,Market Activity,Medium
12315,1,Market Activity,Medium
12314,1,Market Activity,Medium
12313,1,Market Activity,Medium
12323,1,Market Activity,Medium
12327,1,Market Activity,Medium
12322,1,Market Activity,Medium
12324,1,Market Activity,Medium
12325,1,Market Activity,Medium
12326,1,Market Activity,Medium
12332,1,Market Activity,Medium
12299,1,Market Activity,Medium
12302,1,Market Activity,Medium
12298,1,Market Activity,Medium
12297,1,Market Activity,Medium
12301,1,Market Activity,Medium
12300,1,Market Activity,Medium
12303,1,Market Activity,Medium
12283,1,Market Activity,Medium
12285,1,Market Activity,Medium
12282,1,Market Activity,Medium
12286,1,Market Activity,Medium
12284,1,Market Activity,Medium
12281,1,Market Activity,Medium
12287,1,Market Activity,Medium
12290,1,Market Activity,Medium
12289,1,Market Activity,Medium
12288,1,Market Activity,Medium
12291,1,Market Activity,Medium
12336,1,Market Activity,Medium
12330,1,Market Activity,Medium
12309,1,Market Activity,Medium
12312,1,Market Activity,Medium
12335,1,Market Activity,Medium
12311,1,Market Activity,Medium
12310,1,Market Activity,Medium
12329,1,Market Activity,Medium
12331,1,Market Activity,Medium
12328,1,Market Activity,Medium
12306,1,Market Activity,Medium
12308,1,Market Activity,Medium
12334,1,Market Activity,Medium
12305,1,Market Activity,Medium
12304,1,Market Activity,Medium
12307,1,Market Activity,Medium
12338,1,Market Activity,Medium
12337,1,Market Activity,Medium
12317,1,Market Activity,Medium
12316,1,Market Activity,Medium
12275,1,Market Activity,Medium
12278,1,Market Activity,Medium
12276,1,Market Activity,Medium
12279,1,Market Activity,Medium
12277,1,Market Activity,Medium
12280,1,Market Activity,Medium
12274,1,Market Activity,Medium
12318,1,Market Activity,Medium
12321,1,Market Activity,Medium
12319,1,Market Activity,Medium
12320,1,Market Activity,Medium
12231,1,Market Activity,Medium
12227,1,Market Activity,Medium
12229,1,Market Activity,Medium
12228,1,Market Activity,Medium
12230,1,Market Activity,Medium
12268,1,Market Activity,Medium
12250,1,Market Activity,Medium
12249,1,Market Activity,Medium
12248,1,Market Activity,Medium
12258,1,Market Activity,Medium
12262,1,Market Activity,Medium
12257,1,Market Activity,Medium
12259,1,Market Activity,Medium
12260,1,Market Activity,Medium
12261,1,Market Activity,Medium
12267,1,Market Activity,Medium
12234,1,Market Activity,Medium
12237,1,Market Activity,Medium
12233,1,Market Activity,Medium
12232,1,Market Activity,Medium
12236,1,Market Activity,Medium
12235,1,Market Activity,Medium
12238,1,Market Activity,Medium
12218,1,Market Activity,Medium
12220,1,Market Activity,Medium
12217,1,Market Activity,Medium
12221,1,Market Activity,Medium
12219,1,Market Activity,Medium
12216,1,Market Activity,Medium
12222,1,Market Activity,Medium
12225,1,Market Activity,Medium
12224,1,Market Activity,Medium
12223,1,Market Activity,Medium
12226,1,Market Activity,Medium
12271,1,Market Activity,Medium
12265,1,Market Activity,Medium
12244,1,Market Activity,Medium
12247,1,Market Activity,Medium
12270,1,Market Activity,Medium
12246,1,Market Activity,Medium
12245,1,Market Activity,Medium
12264,1,Market Activity,Medium
12266,1,Market Activity,Medium
12263,1,Market Activity,Medium
12241,1,Market Activity,Medium
12243,1,Market Activity,Medium
12269,1,Market Activity,Medium
12240,1,Market Activity,Medium
12239,1,Market Activity,Medium
12242,1,Market Activity,Medium
12273,1,Market Activity,Medium
12272,1,Market Activity,Medium
12252,1,Market Activity,Medium
12251,1,Market Activity,Medium
12210,1,Market Activity,Medium
12213,1,Market Activity,Medium
12211,1,Market Activity,Medium
12214,1,Market Activity,Medium
12212,1,Market Activity,Medium
12215,1,Market Activity,Medium
12209,1,Market Activity,Medium
12253,1,Market Activity,Medium
12256,1,Market Activity,Medium
12254,1,Market Activity,Medium
12255,1,Market Activity,Medium
12166,1,Market Activity,Medium
12162,1,Market Activity,Medium
12164,1,Market Activity,Medium
12163,1,Market Activity,Medium
12165,1,Market Activity,Medium
12203,1,Market Activity,Medium
12185,1,Market Activity,Medium
12184,1,Market Activity,Medium
12183,1,Market Activity,Medium
12193,1,Market Activity,Medium
12197,1,Market Activity,Medium
12192,1,Market Activity,Medium
12194,1,Market Activity,Medium
12195,1,Market Activity,Medium
12196,1,Market Activity,Medium
12202,1,Market Activity,Medium
12169,1,Market Activity,Medium
12172,1,Market Activity,Medium
12168,1,Market Activity,Medium
12167,1,Market Activity,Medium
12171,1,Market Activity,Medium
12170,1,Market Activity,Medium
12173,1,Market Activity,Medium
12153,1,Market Activity,Medium
12155,1,Market Activity,Medium
12152,1,Market Activity,Medium
12156,1,Market Activity,Medium
12154,1,Market Activity,Medium
12151,1,Market Activity,Medium
12157,1,Market Activity,Medium
12160,1,Market Activity,Medium
12159,1,Market Activity,Medium
12158,1,Market Activity,Medium
12161,1,Market Activity,Medium
12206,1,Market Activity,Medium
12200,1,Market Activity,Medium
12179,1,Market Activity,Medium
12182,1,Market Activity,Medium
12205,1,Market Activity,Medium
12181,1,Market Activity,Medium
12180,1,Market Activity,Medium
12199,1,Market Activity,Medium
12201,1,Market Activity,Medium
12198,1,Market Activity,Medium
12176,1,Market Activity,Medium
12178,1,Market Activity,Medium
12204,1,Market Activity,Medium
12175,1,Market Activity,Medium
12174,1,Market Activity,Medium
12177,1,Market Activity,Medium
12208,1,Market Activity,Medium
12207,1,Market Activity,Medium
12187,1,Market Activity,Medium
12186,1,Market Activity,Medium
12145,1,Market Activity,Medium
12148,1,Market Activity,Medium
12146,1,Market Activity,Medium
12149,1,Market Activity,Medium
12147,1,Market Activity,Medium
12150,1,Market Activity,Medium
12144,1,Market Activity,Medium
12188,1,Market Activity,Medium
12191,1,Market Activity,Medium
12189,1,Market Activity,Medium
12190,1,Market Activity,Medium
12101,1,Market Activity,Medium
12097,1,Market Activity,Medium
12099,1,Market Activity,Medium
12098,1,Market Activity,Medium
12100,1,Market Activity,Medium
12138,1,Market Activity,Medium
12120,1,Market Activity,Medium
12119,1,Market Activity,Medium
12118,1,Market Activity,Medium
12128,1,Market Activity,Medium
12132,1,Market Activity,Medium
12127,1,Market Activity,Medium
12129,1,Market Activity,Medium
12130,1,Market Activity,Medium
12131,1,Market Activity,Medium
12137,1,Market Activity,Medium
12104,1,Market Activity,Medium
12107,1,Market Activity,Medium
12103,1,Market Activity,Medium
12102,1,Market Activity,Medium
12106,1,Market Activity,Medium
12105,1,Market Activity,Medium
12108,1,Market Activity,Medium
12088,1,Market Activity,Medium
12090,1,Market Activity,Medium
12087,1,Market Activity,Medium
12091,1,Market Activity,Medium
12089,1,Market Activity,Medium
12086,1,Market Activity,Medium
12092,1,Market Activity,Medium
12095,1,Market Activity,Medium
12094,1,Market Activity,Medium
12093,1,Market Activity,Medium
12096,1,Market Activity,Medium
12141,1,Market Activity,Medium
12135,1,Market Activity,Medium
12114,1,Market Activity,Medium
12117,1,Market Activity,Medium
12140,1,Market Activity,Medium
12116,1,Market Activity,Medium
12115,1,Market Activity,Medium
12134,1,Market Activity,Medium
12136,1,Market Activity,Medium
12133,1,Market Activity,Medium
12111,1,Market Activity,Medium
12113,1,Market Activity,Medium
12139,1,Market Activity,Medium
12110,1,Market Activity,Medium
12109,1,Market Activity,Medium
12112,1,Market Activity,Medium
12143,1,Market Activity,Medium
12142,1,Market Activity,Medium
12122,1,Market Activity,Medium
12121,1,Market Activity,Medium
12080,1,Market Activity,Medium
12083,1,Market Activity,Medium
12081,1,Market Activity,Medium
12084,1,Market Activity,Medium
12082,1,Market Activity,Medium
12085,1,Market Activity,Medium
12079,1,Market Activity,Medium
12123,1,Market Activity,Medium
12126,1,Market Activity,Medium
12124,1,Market Activity,Medium
12125,1,Market Activity,Medium
12036,1,Market Activity,Medium
12032,1,Market Activity,Medium
12034,1,Market Activity,Medium
12033,1,Market Activity,Medium
12035,1,Market Activity,Medium
12073,1,Market Activity,Medium
12055,1,Market Activity,Medium
12054,1,Market Activity,Medium
12053,1,Market Activity,Medium
12063,1,Market Activity,Medium
12067,1,Market Activity,Medium
12062,1,Market Activity,Medium
12064,1,Market Activity,Medium
12065,1,Market Activity,Medium
12066,1,Market Activity,Medium
12072,1,Market Activity,Medium
12039,1,Market Activity,Medium
12042,1,Market Activity,Medium
12038,1,Market Activity,Medium
12037,1,Market Activity,Medium
12041,1,Market Activity,Medium
12040,1,Market Activity,Medium
12043,1,Market Activity,Medium
12023,1,Market Activity,Medium
12025,1,Market Activity,Medium
12022,1,Market Activity,Medium
12026,1,Market Activity,Medium
12024,1,Market Activity,Medium
12021,1,Market Activity,Medium
12027,1,Market Activity,Medium
12030,1,Market Activity,Medium
12029,1,Market Activity,Medium
12028,1,Market Activity,Medium
12031,1,Market Activity,Medium
12076,1,Market Activity,Medium
12070,1,Market Activity,Medium
12049,1,Market Activity,Medium
12052,1,Market Activity,Medium
12075,1,Market Activity,Medium
12051,1,Market Activity,Medium
12050,1,Market Activity,Medium
12069,1,Market Activity,Medium
12071,1,Market Activity,Medium
12068,1,Market Activity,Medium
12046,1,Market Activity,Medium
12048,1,Market Activity,Medium
12074,1,Market Activity,Medium
12045,1,Market Activity,Medium
12044,1,Market Activity,Medium
12047,1,Market Activity,Medium
12078,1,Market Activity,Medium
12077,1,Market Activity,Medium
12057,1,Market Activity,Medium
12056,1,Market Activity,Medium
12015,1,Market Activity,Medium
12018,1,Market Activity,Medium
12016,1,Market Activity,Medium
12019,1,Market Activity,Medium
12017,1,Market Activity,Medium
12020,1,Market Activity,Medium
12014,1,Market Activity,Medium
12058,1,Market Activity,Medium
12061,1,Market Activity,Medium
12059,1,Market Activity,Medium
12060,1,Market Activity,Medium
11971,1,Market Activity,Medium
11967,1,Market Activity,Medium
11969,1,Market Activity,Medium
11968,1,Market Activity,Medium
11970,1,Market Activity,Medium
12008,1,Market Activity,Medium
11990,1,Market Activity,Medium
11989,1,Market Activity,Medium
11988,1,Market Activity,Medium
11998,1,Market Activity,Medium
12002,1,Market Activity,Medium
11997,1,Market Activity,Medium
11999,1,Market Activity,Medium
12000,1,Market Activity,Medium
12001,1,Market Activity,Medium
12007,1,Market Activity,Medium
11974,1,Market Activity,Medium
11977,1,Market Activity,Medium
11973,1,Market Activity,Medium
11972,1,Market Activity,Medium
11976,1,Market Activity,Medium
11975,1,Market Activity,Medium
11978,1,Market Activity,Medium
11958,1,Market Activity,Medium
11960,1,Market Activity,Medium
11957,1,Market Activity,Medium
11961,1,Market Activity,Medium
11959,1,Market Activity,Medium
11956,1,Market Activity,Medium
11962,1,Market Activity,Medium
11965,1,Market Activity,Medium
11964,1,Market Activity,Medium
11963,1,Market Activity,Medium
11966,1,Market Activity,Medium
12011,1,Market Activity,Medium
12005,1,Market Activity,Medium
11984,1,Market Activity,Medium
11987,1,Market Activity,Medium
12010,1,Market Activity,Medium
11986,1,Market Activity,Medium
11985,1,Market Activity,Medium
12004,1,Market Activity,Medium
12006,1,Market Activity,Medium
12003,1,Market Activity,Medium
11981,1,Market Activity,Medium
11983,1,Market Activity,Medium
12009,1,Market Activity,Medium
11980,1,Market Activity,Medium
11979,1,Market Activity,Medium
11982,1,Market Activity,Medium
12013,1,Market Activity,Medium
12012,1,Market Activity,Medium
11992,1,Market Activity,Medium
11991,1,Market Activity,Medium
11950,1,Market Activity,Medium
11953,1,Market Activity,Medium
11951,1,Market Activity,Medium
11954,1,Market Activity,Medium
11952,1,Market Activity,Medium
11955,1,Market Activity,Medium
11949,1,Market Activity,Medium
11993,1,Market Activity,Medium
11996,1,Market Activity,Medium
11994,1,Market Activity,Medium
11995,1,Market Activity,Medium
11906,1,Market Activity,Medium
11902,1,Market Activity,Medium
11904,1,Market Activity,Medium
11903,1,Market Activity,Medium
11905,1,Market Activity,Medium
11943,1,Market Activity,Medium
11925,1,Market Activity,Medium
11924,1,Market Activity,Medium
11923,1,Market Activity,Medium
11933,1,Market Activity,Medium
11937,1,Market Activity,Medium
11932,1,Market Activity,Medium
11934,1,Market Activity,Medium
11935,1,Market Activity,Medium
11936,1,Market Activity,Medium
11942,1,Market Activity,Medium
11909,1,Market Activity,Medium
11912,1,Market Activity,Medium
11908,1,Market Activity,Medium
11907,1,Market Activity,Medium
11911,1,Market Activity,Medium
11910,1,Market Activity,Medium
11913,1,Market Activity,Medium
11893,1,Market Activity,Medium
11895,1,Market Activity,Medium
11892,1,Market Activity,Medium
11896,1,Market Activity,Medium
11894,1,Market Activity,Medium
11891,1,Market Activity,Medium
11897,1,Market Activity,Medium
11900,1,Market Activity,Medium
11899,1,Market Activity,Medium
11898,1,Market Activity,Medium
11901,1,Market Activity,Medium
11946,1,Market Activity,Medium
11940,1,Market Activity,Medium
11919,1,Market Activity,Medium
11922,1,Market Activity,Medium
11945,1,Market Activity,Medium
11921,1,Market Activity,Medium
11920,1,Market Activity,Medium
11939,1,Market Activity,Medium
11941,1,Market Activity,Medium
11938,1,Market Activity,Medium
11916,1,Market Activity,Medium
11918,1,Market Activity,Medium
11944,1,Market Activity,Medium
11915,1,Market Activity,Medium
11914,1,Market Activity,Medium
11917,1,Market Activity,Medium
11948,1,Market Activity,Medium
11947,1,Market Activity,Medium
11927,1,Market Activity,Medium
11926,1,Market Activity,Medium
11885,1,Market Activity,Medium
11888,1,Market Activity,Medium
11886,1,Market Activity,Medium
11889,1,Market Activity,Medium
11887,1,Market Activity,Medium
11890,1,Market Activity,Medium
11884,1,Market Activity,Medium
11928,1,Market Activity,Medium
11931,1,Market Activity,Medium
11929,1,Market Activity,Medium
11930,1,Market Activity,Medium
11843,1,Market Activity,Medium
11839,1,Market Activity,Medium
11841,1,Market Activity,Medium
11840,1,Market Activity,Medium
11842,1,Market Activity,Medium
11861,1,Market Activity,Medium
11860,1,Market Activity,Medium
11859,1,Market Activity,Medium
11869,1,Market Activity,Medium
11873,1,Market Activity,Medium
11868,1,Market Activity,Medium
11870,1,Market Activity,Medium
11871,1,Market Activity,Medium
11872,1,Market Activity,Medium
11878,1,Market Activity,Medium
11848,1,Market Activity,Medium
11845,1,Market Activity,Medium
11844,1,Market Activity,Medium
11847,1,Market Activity,Medium
11846,1,Market Activity,Medium
11849,1,Market Activity,Medium
11830,1,Market Activity,Medium
11832,1,Market Activity,Medium
11829,1,Market Activity,Medium
11833,1,Market Activity,Medium
11831,1,Market Activity,Medium
11828,1,Market Activity,Medium
11834,1,Market Activity,Medium
11837,1,Market Activity,Medium
11836,1,Market Activity,Medium
11835,1,Market Activity,Medium
11838,1,Market Activity,Medium
11881,1,Market Activity,Medium
11876,1,Market Activity,Medium
11855,1,Market Activity,Medium
11858,1,Market Activity,Medium
11880,1,Market Activity,Medium
11857,1,Market Activity,Medium
11856,1,Market Activity,Medium
11875,1,Market Activity,Medium
11877,1,Market Activity,Medium
11874,1,Market Activity,Medium
11852,1,Market Activity,Medium
11854,1,Market Activity,Medium
11879,1,Market Activity,Medium
11851,1,Market Activity,Medium
11850,1,Market Activity,Medium
11853,1,Market Activity,Medium
11883,1,Market Activity,Medium
11882,1,Market Activity,Medium
11863,1,Market Activity,Medium
11862,1,Market Activity,Medium
11825,1,Market Activity,Medium
11823,1,Market Activity,Medium
11826,1,Market Activity,Medium
11824,1,Market Activity,Medium
11827,1,Market Activity,Medium
11822,1,Market Activity,Medium
11864,1,Market Activity,Medium
11867,1,Market Activity,Medium
11865,1,Market Activity,Medium
11866,1,Market Activity,Medium
11779,1,Market Activity,Medium
11775,1,Market Activity,Medium
11777,1,Market Activity,Medium
11776,1,Market Activity,Medium
11778,1,Market Activity,Medium
11816,1,Market Activity,Medium
11798,1,Market Activity,Medium
11797,1,Market Activity,Medium
11796,1,Market Activity,Medium
11806,1,Market Activity,Medium
11810,1,Market Activity,Medium
11805,1,Market Activity,Medium
11807,1,Market Activity,Medium
11808,1,Market Activity,Medium
11809,1,Market Activity,Medium
11815,1,Market Activity,Medium
11782,1,Market Activity,Medium
11785,1,Market Activity,Medium
11781,1,Market Activity,Medium
11780,1,Market Activity,Medium
11784,1,Market Activity,Medium
11783,1,Market Activity,Medium
11786,1,Market Activity,Medium
11766,1,Market Activity,Medium
11768,1,Market Activity,Medium
11765,1,Market Activity,Medium
11769,1,Market Activity,Medium
11767,1,Market Activity,Medium
11764,1,Market Activity,Medium
11770,1,Market Activity,Medium
11773,1,Market Activity,Medium
11772,1,Market Activity,Medium
11771,1,Market Activity,Medium
11774,1,Market Activity,Medium
11819,1,Market Activity,Medium
11813,1,Market Activity,Medium
11792,1,Market Activity,Medium
11795,1,Market Activity,Medium
11818,1,Market Activity,Medium
11794,1,Market Activity,Medium
11793,1,Market Activity,Medium
11812,1,Market Activity,Medium
11814,1,Market Activity,Medium
11811,1,Market Activity,Medium
11789,1,Market Activity,Medium
11791,1,Market Activity,Medium
11817,1,Market Activity,Medium
11788,1,Market Activity,Medium
11787,1,Market Activity,Medium
11790,1,Market Activity,Medium
11821,1,Market Activity,Medium
11820,1,Market Activity,Medium
11800,1,Market Activity,Medium
11799,1,Market Activity,Medium
11758,1,Market Activity,Medium
11761,1,Market Activity,Medium
11759,1,Market Activity,Medium
11762,1,Market Activity,Medium
11760,1,Market Activity,Medium
11763,1,Market Activity,Medium
11757,1,Market Activity,Medium
11801,1,Market Activity,Medium
11804,1,Market Activity,Medium
11802,1,Market Activity,Medium
11803,1,Market Activity,Medium
11714,1,Market Activity,Medium
11710,1,Market Activity,Medium
11712,1,Market Activity,Medium
11711,1,Market Activity,Medium
11713,1,Market Activity,Medium
11751,1,Market Activity,Medium
11733,1,Market Activity,Medium
11732,1,Market Activity,Medium
11731,1,Market Activity,Medium
11741,1,Market Activity,Medium
11745,1,Market Activity,Medium
11740,1,Market Activity,Medium
11742,1,Market Activity,Medium
11743,1,Market Activity,Medium
11744,1,Market Activity,Medium
11750,1,Market Activity,Medium
11717,1,Market Activity,Medium
11720,1,Market Activity,Medium
11716,1,Market Activity,Medium
11715,1,Market Activity,Medium
11719,1,Market Activity,Medium
11718,1,Market Activity,Medium
11721,1,Market Activity,Medium
11701,1,Market Activity,Medium
11703,1,Market Activity,Medium
11700,1,Market Activity,Medium
11704,1,Market Activity,Medium
11702,1,Market Activity,Medium
11699,1,Market Activity,Medium
11705,1,Market Activity,Medium
11708,1,Market Activity,Medium
11707,1,Market Activity,Medium
11706,1,Market Activity,Medium
11709,1,Market Activity,Medium
11754,1,Market Activity,Medium
11748,1,Market Activity,Medium
11727,1,Market Activity,Medium
11730,1,Market Activity,Medium
11753,1,Market Activity,Medium
11729,1,Market Activity,Medium
11728,1,Market Activity,Medium
11747,1,Market Activity,Medium
11749,1,Market Activity,Medium
11746,1,Market Activity,Medium
11724,1,Market Activity,Medium
11726,1,Market Activity,Medium
11752,1,Market Activity,Medium
11723,1,Market Activity,Medium
11722,1,Market Activity,Medium
11725,1,Market Activity,Medium
11756,1,Market Activity,Medium
11755,1,Market Activity,Medium
11735,1,Market Activity,Medium
11734,1,Market Activity,Medium
11693,1,Market Activity,Medium
11696,1,Market Activity,Medium
11694,1,Market Activity,Medium
11697,1,Market Activity,Medium
11695,1,Market Activity,Medium
11698,1,Market Activity,Medium
11692,1,Market Activity,Medium
11736,1,Market Activity,Medium
11739,1,Market Activity,Medium
11737,1,Market Activity,Medium
11738,1,Market Activity,Medium
11649,1,Market Activity,Medium
11645,1,Market Activity,Medium
11647,1,Market Activity,Medium
11646,1,Market Activity,Medium
11648,1,Market Activity,Medium
11686,1,Market Activity,Medium
11668,1,Market Activity,Medium
11667,1,Market Activity,Medium
11666,1,Market Activity,Medium
11676,1,Market Activity,Medium
11680,1,Market Activity,Medium
11675,1,Market Activity,Medium
11677,1,Market Activity,Medium
11678,1,Market Activity,Medium
11679,1,Market Activity,Medium
11685,1,Market Activity,Medium
11652,1,Market Activity,Medium
11655,1,Market Activity,Medium
11651,1,Market Activity,Medium
11650,1,Market Activity,Medium
11654,1,Market Activity,Medium
11653,1,Market Activity,Medium
11656,1,Market Activity,Medium
11636,1,Market Activity,Medium
11638,1,Market Activity,Medium
11635,1,Market Activity,Medium
11639,1,Market Activity,Medium
11637,1,Market Activity,Medium
11634,1,Market Activity,Medium
11640,1,Market Activity,Medium
11643,1,Market Activity,Medium
11642,1,Market Activity,Medium
11641,1,Market Activity,Medium
11644,1,Market Activity,Medium
11689,1,Market Activity,Medium
11683,1,Market Activity,Medium
11662,1,Market Activity,Medium
11665,1,Market Activity,Medium
11688,1,Market Activity,Medium
11664,1,Market Activity,Medium
11663,1,Market Activity,Medium
11682,1,Market Activity,Medium
11684,1,Market Activity,Medium
11681,1,Market Activity,Medium
11659,1,Market Activity,Medium
11661,1,Market Activity,Medium
11687,1,Market Activity,Medium
11658,1,Market Activity,Medium
11657,1,Market Activity,Medium
11660,1,Market Activity,Medium
11691,1,Market Activity,Medium
11690,1,Market Activity,Medium
11670,1,Market Activity,Medium
11669,1,Market Activity,Medium
11628,1,Market Activity,Medium
11631,1,Market Activity,Medium
11629,1,Market Activity,Medium
11632,1,Market Activity,Medium
11630,1,Market Activity,Medium
11633,1,Market Activity,Medium
11627,1,Market Activity,Medium
11671,1,Market Activity,Medium
11674,1,Market Activity,Medium
11672,1,Market Activity,Medium
11673,1,Market Activity,Medium
11584,1,Market Activity,Medium
11580,1,Market Activity,Medium
11582,1,Market Activity,Medium
11581,1,Market Activity,Medium
11583,1,Market Activity,Medium
11621,1,Market Activity,Medium
11603,1,Market Activity,Medium
11602,1,Market Activity,Medium
11601,1,Market Activity,Medium
11611,1,Market Activity,Medium
11615,1,Market Activity,Medium
11610,1,Market Activity,Medium
11612,1,Market Activity,Medium
11613,1,Market Activity,Medium
11614,1,Market Activity,Medium
11620,1,Market Activity,Medium
11587,1,Market Activity,Medium
11590,1,Market Activity,Medium
11586,1,Market Activity,Medium
11585,1,Market Activity,Medium
11589,1,Market Activity,Medium
11588,1,Market Activity,Medium
11591,1,Market Activity,Medium
11571,1,Market Activity,Medium
11573,1,Market Activity,Medium
11570,1,Market Activity,Medium
11574,1,Market Activity,Medium
11572,1,Market Activity,Medium
11569,1,Market Activity,Medium
11575,1,Market Activity,Medium
11578,1,Market Activity,Medium
11577,1,Market Activity,Medium
11576,1,Market Activity,Medium
11579,1,Market Activity,Medium
11624,1,Market Activity,Medium
11618,1,Market Activity,Medium
11597,1,Market Activity,Medium
11600,1,Market Activity,Medium
11623,1,Market Activity,Medium
11599,1,Market Activity,Medium
11598,1,Market Activity,Medium
11617,1,Market Activity,Medium
11619,1,Market Activity,Medium
11616,1,Market Activity,Medium
11594,1,Market Activity,Medium
11596,1,Market Activity,Medium
11622,1,Market Activity,Medium
11593,1,Market Activity,Medium
11592,1,Market Activity,Medium
11595,1,Market Activity,Medium
11626,1,Market Activity,Medium
11625,1,Market Activity,Medium
11605,1,Market Activity,Medium
11604,1,Market Activity,Medium
11563,1,Market Activity,Medium
11566,1,Market Activity,Medium
11564,1,Market Activity,Medium
11567,1,Market Activity,Medium
11565,1,Market Activity,Medium
11568,1,Market Activity,Medium
11562,1,Market Activity,Medium
11606,1,Market Activity,Medium
11609,1,Market Activity,Medium
11607,1,Market Activity,Medium
11608,1,Market Activity,Medium
11519,1,Market Activity,Medium
11515,1,Market Activity,Medium
11517,1,Market Activity,Medium
11516,1,Market Activity,Medium
11518,1,Market Activity,Medium
11556,1,Market Activity,Medium
11538,1,Market Activity,Medium
11537,1,Market Activity,Medium
11536,1,Market Activity,Medium
11546,1,Market Activity,Medium
11550,1,Market Activity,Medium
11545,1,Market Activity,Medium
11547,1,Market Activity,Medium
11548,1,Market Activity,Medium
11549,1,Market Activity,Medium
11555,1,Market Activity,Medium
11522,1,Market Activity,Medium
11525,1,Market Activity,Medium
11521,1,Market Activity,Medium
11520,1,Market Activity,Medium
11524,1,Market Activity,Medium
11523,1,Market Activity,Medium
11526,1,Market Activity,Medium
11506,1,Market Activity,Medium
11508,1,Market Activity,Medium
11505,1,Market Activity,Medium
11509,1,Market Activity,Medium
11507,1,Market Activity,Medium
11504,1,Market Activity,Medium
11510,1,Market Activity,Medium
11513,1,Market Activity,Medium
11512,1,Market Activity,Medium
11511,1,Market Activity,Medium
11514,1,Market Activity,Medium
11559,1,Market Activity,Medium
11553,1,Market Activity,Medium
11532,1,Market Activity,Medium
11535,1,Market Activity,Medium
11558,1,Market Activity,Medium
11534,1,Market Activity,Medium
11533,1,Market Activity,Medium
11552,1,Market Activity,Medium
11554,1,Market Activity,Medium
11551,1,Market Activity,Medium
11529,1,Market Activity,Medium
11531,1,Market Activity,Medium
11557,1,Market Activity,Medium
11528,1,Market Activity,Medium
11527,1,Market Activity,Medium
11530,1,Market Activity,Medium
11561,1,Market Activity,Medium
11560,1,Market Activity,Medium
11540,1,Market Activity,Medium
11539,1,Market Activity,Medium
11498,1,Market Activity,Medium
11501,1,Market Activity,Medium
11499,1,Market Activity,Medium
11502,1,Market Activity,Medium
11500,1,Market Activity,Medium
11503,1,Market Activity,Medium
11497,1,Market Activity,Medium
11541,1,Market Activity,Medium
11544,1,Market Activity,Medium
11542,1,Market Activity,Medium
11543,1,Market Activity,Medium
11454,1,Market Activity,Medium
11450,1,Market Activity,Medium
11452,1,Market Activity,Medium
11451,1,Market Activity,Medium
11453,1,Market Activity,Medium
11491,1,Market Activity,Medium
11473,1,Market Activity,Medium
11472,1,Market Activity,Medium
11471,1,Market Activity,Medium
11481,1,Market Activity,Medium
11485,1,Market Activity,Medium
11480,1,Market Activity,Medium
11482,1,Market Activity,Medium
11483,1,Market Activity,Medium
11484,1,Market Activity,Medium
11490,1,Market Activity,Medium
11457,1,Market Activity,Medium
11460,1,Market Activity,Medium
11456,1,Market Activity,Medium
11455,1,Market Activity,Medium
11459,1,Market Activity,Medium
11458,1,Market Activity,Medium
11461,1,Market Activity,Medium
11441,1,Market Activity,Medium
11443,1,Market Activity,Medium
11440,1,Market Activity,Medium
11444,1,Market Activity,Medium
11442,1,Market Activity,Medium
11439,1,Market Activity,Medium
11445,1,Market Activity,Medium
11448,1,Market Activity,Medium
11447,1,Market Activity,Medium
11446,1,Market Activity,Medium
11449,1,Market Activity,Medium
11494,1,Market Activity,Medium
11488,1,Market Activity,Medium
11467,1,Market Activity,Medium
11470,1,Market Activity,Medium
11493,1,Market Activity,Medium
11469,1,Market Activity,Medium
11468,1,Market Activity,Medium
11487,1,Market Activity,Medium
11489,1,Market Activity,Medium
11486,1,Market Activity,Medium
11464,1,Market Activity,Medium
11466,1,Market Activity,Medium
11492,1,Market Activity,Medium
11463,1,Market Activity,Medium
11462,1,Market Activity,Medium
11465,1,Market Activity,Medium
11496,1,Market Activity,Medium
11495,1,Market Activity,Medium
11475,1,Market Activity,Medium
11474,1,Market Activity,Medium
11433,1,Market Activity,Medium
11436,1,Market Activity,Medium
11434,1,Market Activity,Medium
11437,1,Market Activity,Medium
11435,1,Market Activity,Medium
11438,1,Market Activity,Medium
11432,1,Market Activity,Medium
11476,1,Market Activity,Medium
11479,1,Market Activity,Medium
11477,1,Market Activity,Medium
11478,1,Market Activity,Medium
11390,1,Market Activity,Medium
11386,1,Market Activity,Medium
11388,1,Market Activity,Medium
11387,1,Market Activity,Medium
11389,1,Market Activity,Medium
11426,1,Market Activity,Medium
11408,1,Market Activity,Medium
11407,1,Market Activity,Medium
11406,1,Market Activity,Medium
11416,1,Market Activity,Medium
11420,1,Market Activity,Medium
11415,1,Market Activity,Medium
11417,1,Market Activity,Medium
11418,1,Market Activity,Medium
11419,1,Market Activity,Medium
11425,1,Market Activity,Medium
11392,1,Market Activity,Medium
11395,1,Market Activity,Medium
11391,1,Market Activity,Medium
11394,1,Market Activity,Medium
11393,1,Market Activity,Medium
11396,1,Market Activity,Medium
11377,1,Market Activity,Medium
11379,1,Market Activity,Medium
11376,1,Market Activity,Medium
11380,1,Market Activity,Medium
11378,1,Market Activity,Medium
11375,1,Market Activity,Medium
11381,1,Market Activity,Medium
11384,1,Market Activity,Medium
11383,1,Market Activity,Medium
11382,1,Market Activity,Medium
11385,1,Market Activity,Medium
11429,1,Market Activity,Medium
11423,1,Market Activity,Medium
11402,1,Market Activity,Medium
11405,1,Market Activity,Medium
11428,1,Market Activity,Medium
11404,1,Market Activity,Medium
11403,1,Market Activity,Medium
11422,1,Market Activity,Medium
11424,1,Market Activity,Medium
11421,1,Market Activity,Medium
11399,1,Market Activity,Medium
11401,1,Market Activity,Medium
11427,1,Market Activity,Medium
11398,1,Market Activity,Medium
11397,1,Market Activity,Medium
11400,1,Market Activity,Medium
11431,1,Market Activity,Medium
11430,1,Market Activity,Medium
11410,1,Market Activity,Medium
11409,1,Market Activity,Medium
11369,1,Market Activity,Medium
11372,1,Market Activity,Medium
11370,1,Market Activity,Medium
11373,1,Market Activity,Medium
11371,1,Market Activity,Medium
11374,1,Market Activity,Medium
11368,1,Market Activity,Medium
11411,1,Market Activity,Medium
11414,1,Market Activity,Medium
11412,1,Market Activity,Medium
11413,1,Market Activity,Medium
11325,1,Market Activity,Medium
11321,1,Market Activity,Medium
11323,1,Market Activity,Medium
11322,1,Market Activity,Medium
11324,1,Market Activity,Medium
11362,1,Market Activity,Medium
11344,1,Market Activity,Medium
11343,1,Market Activity,Medium
11342,1,Market Activity,Medium
11352,1,Market Activity,Medium
11356,1,Market Activity,Medium
11351,1,Market Activity,Medium
11353,1,Market Activity,Medium
11354,1,Market Activity,Medium
11355,1,Market Activity,Medium
11361,1,Market Activity,Medium
11328,1,Market Activity,Medium
11331,1,Market Activity,Medium
11327,1,Market Activity,Medium
11326,1,Market Activity,Medium
11330,1,Market Activity,Medium
11329,1,Market Activity,Medium
11332,1,Market Activity,Medium
11312,1,Market Activity,Medium
11314,1,Market Activity,Medium
11311,1,Market Activity,Medium
11315,1,Market Activity,Medium
11313,1,Market Activity,Medium
11310,1,Market Activity,Medium
11316,1,Market Activity,Medium
11319,1,Market Activity,Medium
11318,1,Market Activity,Medium
11317,1,Market Activity,Medium
11320,1,Market Activity,Medium
11365,1,Market Activity,Medium
11359,1,Market Activity,Medium
11338,1,Market Activity,Medium
11341,1,Market Activity,Medium
11364,1,Market Activity,Medium
11340,1,Market Activity,Medium
11339,1,Market Activity,Medium
11358,1,Market Activity,Medium
11360,1,Market Activity,Medium
11357,1,Market Activity,Medium
11335,1,Market Activity,Medium
11337,1,Market Activity,Medium
11363,1,Market Activity,Medium
11334,1,Market Activity,Medium
11333,1,Market Activity,Medium
11336,1,Market Activity,Medium
11367,1,Market Activity,Medium
11366,1,Market Activity,Medium
11346,1,Market Activity,Medium
11345,1,Market Activity,Medium
11304,1,Market Activity,Medium
11307,1,Market Activity,Medium
11305,1,Market Activity,Medium
11308,1,Market Activity,Medium
11306,1,Market Activity,Medium
11309,1,Market Activity,Medium
11303,1,Market Activity,Medium
11347,1,Market Activity,Medium
11350,1,Market Activity,Medium
11348,1,Market Activity,Medium
11349,1,Market Activity,Medium
11260,1,Market Activity,Medium
11256,1,Market Activity,Medium
11258,1,Market Activity,Medium
11257,1,Market Activity,Medium
11259,1,Market Activity,Medium
11297,1,Market Activity,Medium
11279,1,Market Activity,Medium
11278,1,Market Activity,Medium
11277,1,Market Activity,Medium
11287,1,Market Activity,Medium
11291,1,Market Activity,Medium
11286,1,Market Activity,Medium
11288,1,Market Activity,Medium
11289,1,Market Activity,Medium
11290,1,Market Activity,Medium
11296,1,Market Activity,Medium
11263,1,Market Activity,Medium
11266,1,Market Activity,Medium
11262,1,Market Activity,Medium
11261,1,Market Activity,Medium
11265,1,Market Activity,Medium
11264,1,Market Activity,Medium
11267,1,Market Activity,Medium
11247,1,Market Activity,Medium
11249,1,Market Activity,Medium
11246,1,Market Activity,Medium
11250,1,Market Activity,Medium
11248,1,Market Activity,Medium
11245,1,Market Activity,Medium
11251,1,Market Activity,Medium
11254,1,Market Activity,Medium
11253,1,Market Activity,Medium
11252,1,Market Activity,Medium
11255,1,Market Activity,Medium
11300,1,Market Activity,Medium
11294,1,Market Activity,Medium
11273,1,Market Activity,Medium
11276,1,Market Activity,Medium
11299,1,Market Activity,Medium
11275,1,Market Activity,Medium
11274,1,Market Activity,Medium
11293,1,Market Activity,Medium
11295,1,Market Activity,Medium
11292,1,Market Activity,Medium
11270,1,Market Activity,Medium
11272,1,Market Activity,Medium
11298,1,Market Activity,Medium
11269,1,Market Activity,Medium
11268,1,Market Activity,Medium
11271,1,Market Activity,Medium
11302,1,Market Activity,Medium
11301,1,Market Activity,Medium
11281,1,Market Activity,Medium
11280,1,Market Activity,Medium
11239,1,Market Activity,Medium
11242,1,Market Activity,Medium
11240,1,Market Activity,Medium
11243,1,Market Activity,Medium
11241,1,Market Activity,Medium
11244,1,Market Activity,Medium
11238,1,Market Activity,Medium
11282,1,Market Activity,Medium
11285,1,Market Activity,Medium
11283,1,Market Activity,Medium
11284,1,Market Activity,Medium
11195,1,Market Activity,Medium
11191,1,Market Activity,Medium
11193,1,Market Activity,Medium
11192,1,Market Activity,Medium
11194,1,Market Activity,Medium
11232,1,Market Activity,Medium
11214,1,Market Activity,Medium
11213,1,Market Activity,Medium
11212,1,Market Activity,Medium
11222,1,Market Activity,Medium
11226,1,Market Activity,Medium
11221,1,Market Activity,Medium
11223,1,Market Activity,Medium
11224,1,Market Activity,Medium
11225,1,Market Activity,Medium
11231,1,Market Activity,Medium
11198,1,Market Activity,Medium
11201,1,Market Activity,Medium
11197,1,Market Activity,Medium
11196,1,Market Activity,Medium
11200,1,Market Activity,Medium
11199,1,Market Activity,Medium
11202,1,Market Activity,Medium
11182,1,Market Activity,Medium
11184,1,Market Activity,Medium
11181,1,Market Activity,Medium
11185,1,Market Activity,Medium
11183,1,Market Activity,Medium
11180,1,Market Activity,Medium
11186,1,Market Activity,Medium
11189,1,Market Activity,Medium
11188,1,Market Activity,Medium
11187,1,Market Activity,Medium
11190,1,Market Activity,Medium
11235,1,Market Activity,Medium
11229,1,Market Activity,Medium
11208,1,Market Activity,Medium
11211,1,Market Activity,Medium
11234,1,Market Activity,Medium
11210,1,Market Activity,Medium
11209,1,Market Activity,Medium
11228,1,Market Activity,Medium
11230,1,Market Activity,Medium
11227,1,Market Activity,Medium
11205,1,Market Activity,Medium
11207,1,Market Activity,Medium
11233,1,Market Activity,Medium
11204,1,Market Activity,Medium
11203,1,Market Activity,Medium
11206,1,Market Activity,Medium
11237,1,Market Activity,Medium
11236,1,Market Activity,Medium
11216,1,Market Activity,Medium
11215,1,Market Activity,Medium
11174,1,Market Activity,Medium
11177,1,Market Activity,Medium
11175,1,Market Activity,Medium
11178,1,Market Activity,Medium
11176,1,Market Activity,Medium
11179,1,Market Activity,Medium
11173,1,Market Activity,Medium
11217,1,Market Activity,Medium
11220,1,Market Activity,Medium
11218,1,Market Activity,Medium
11219,1,Market Activity,Medium
11130,1,Market Activity,Medium
11126,1,Market Activity,Medium
11128,1,Market Activity,Medium
11127,1,Market Activity,Medium
11129,1,Market Activity,Medium
11167,1,Market Activity,Medium
11149,1,Market Activity,Medium
11148,1,Market Activity,Medium
11147,1,Market Activity,Medium
11157,1,Market Activity,Medium
11161,1,Market Activity,Medium
11156,1,Market Activity,Medium
11158,1,Market Activity,Medium
11159,1,Market Activity,Medium
11160,1,Market Activity,Medium
11166,1,Market Activity,Medium
11133,1,Market Activity,Medium
11136,1,Market Activity,Medium
11132,1,Market Activity,Medium
11131,1,Market Activity,Medium
11135,1,Market Activity,Medium
11134,1,Market Activity,Medium
11137,1,Market Activity,Medium
11117,1,Market Activity,Medium
11119,1,Market Activity,Medium
11116,1,Market Activity,Medium
11120,1,Market Activity,Medium
11118,1,Market Activity,Medium
11115,1,Market Activity,Medium
11121,1,Market Activity,Medium
11124,1,Market Activity,Medium
11123,1,Market Activity,Medium
11122,1,Market Activity,Medium
11125,1,Market Activity,Medium
11170,1,Market Activity,Medium
11164,1,Market Activity,Medium
11143,1,Market Activity,Medium
11146,1,Market Activity,Medium
11169,1,Market Activity,Medium
11145,1,Market Activity,Medium
11144,1,Market Activity,Medium
11163,1,Market Activity,Medium
11165,1,Market Activity,Medium
11162,1,Market Activity,Medium
11140,1,Market Activity,Medium
11142,1,Market Activity,Medium
11168,1,Market Activity,Medium
11139,1,Market Activity,Medium
11138,1,Market Activity,Medium
11141,1,Market Activity,Medium
11172,1,Market Activity,Medium
11171,1,Market Activity,Medium
11151,1,Market Activity,Medium
11150,1,Market Activity,Medium
11109,1,Market Activity,Medium
11112,1,Market Activity,Medium
11110,1,Market Activity,Medium
11113,1,Market Activity,Medium
11111,1,Market Activity,Medium
11114,1,Market Activity,Medium
11108,1,Market Activity,Medium
11152,1,Market Activity,Medium
11155,1,Market Activity,Medium
11153,1,Market Activity,Medium
11154,1,Market Activity,Medium
11065,1,Market Activity,Medium
11061,1,Market Activity,Medium
11063,1,Market Activity,Medium
11062,1,Market Activity,Medium
11064,1,Market Activity,Medium
11102,1,Market Activity,Medium
11084,1,Market Activity,Medium
11083,1,Market Activity,Medium
11082,1,Market Activity,Medium
11092,1,Market Activity,Medium
11096,1,Market Activity,Medium
11091,1,Market Activity,Medium
11093,1,Market Activity,Medium
11094,1,Market Activity,Medium
11095,1,Market Activity,Medium
11101,1,Market Activity,Medium
11068,1,Market Activity,Medium
11071,1,Market Activity,Medium
11067,1,Market Activity,Medium
11066,1,Market Activity,Medium
11070,1,Market Activity,Medium
11069,1,Market Activity,Medium
11072,1,Market Activity,Medium
11052,1,Market Activity,Medium
11054,1,Market Activity,Medium
11051,1,Market Activity,Medium
11055,1,Market Activity,Medium
11053,1,Market Activity,Medium
11050,1,Market Activity,Medium
11056,1,Market Activity,Medium
11059,1,Market Activity,Medium
11058,1,Market Activity,Medium
11057,1,Market Activity,Medium
11060,1,Market Activity,Medium
11105,1,Market Activity,Medium
11099,1,Market Activity,Medium
11078,1,Market Activity,Medium
11081,1,Market Activity,Medium
11104,1,Market Activity,Medium
11080,1,Market Activity,Medium
11079,1,Market Activity,Medium
11098,1,Market Activity,Medium
11100,1,Market Activity,Medium
11097,1,Market Activity,Medium
11075,1,Market Activity,Medium
11077,1,Market Activity,Medium
11103,1,Market Activity,Medium
11074,1,Market Activity,Medium
11073,1,Market Activity,Medium
11076,1,Market Activity,Medium
11107,1,Market Activity,Medium
11106,1,Market Activity,Medium
11086,1,Market Activity,Medium
11085,1,Market Activity,Medium
11044,1,Market Activity,Medium
11047,1,Market Activity,Medium
11045,1,Market Activity,Medium
11048,1,Market Activity,Medium
11046,1,Market Activity,Medium
11049,1,Market Activity,Medium
11043,1,Market Activity,Medium
11087,1,Market Activity,Medium
11090,1,Market Activity,Medium
11088,1,Market Activity,Medium
11089,1,Market Activity,Medium
11001,1,Market Activity,Medium
10997,1,Market Activity,Medium
10999,1,Market Activity,Medium
10998,1,Market Activity,Medium
11000,1,Market Activity,Medium
11037,1,Market Activity,Medium
11020,1,Market Activity,Medium
11019,1,Market Activity,Medium
11018,1,Market Activity,Medium
11027,1,Market Activity,Medium
11031,1,Market Activity,Medium
11026,1,Market Activity,Medium
11028,1,Market Activity,Medium
11029,1,Market Activity,Medium
11030,1,Market Activity,Medium
11036,1,Market Activity,Medium
11004,1,Market Activity,Medium
11007,1,Market Activity,Medium
11003,1,Market Activity,Medium
11002,1,Market Activity,Medium
11006,1,Market Activity,Medium
11005,1,Market Activity,Medium
11008,1,Market Activity,Medium
10988,1,Market Activity,Medium
10990,1,Market Activity,Medium
10987,1,Market Activity,Medium
10991,1,Market Activity,Medium
10989,1,Market Activity,Medium
10986,1,Market Activity,Medium
10992,1,Market Activity,Medium
10995,1,Market Activity,Medium
10994,1,Market Activity,Medium
10993,1,Market Activity,Medium
10996,1,Market Activity,Medium
11040,1,Market Activity,Medium
11034,1,Market Activity,Medium
11014,1,Market Activity,Medium
11017,1,Market Activity,Medium
11039,1,Market Activity,Medium
11016,1,Market Activity,Medium
11015,1,Market Activity,Medium
11033,1,Market Activity,Medium
11035,1,Market Activity,Medium
11032,1,Market Activity,Medium
11011,1,Market Activity,Medium
11013,1,Market Activity,Medium
11038,1,Market Activity,Medium
11010,1,Market Activity,Medium
11009,1,Market Activity,Medium
11012,1,Market Activity,Medium
11042,1,Market Activity,Medium
11041,1,Market Activity,Medium
11022,1,Market Activity,Medium
11021,1,Market Activity,Medium
10980,1,Market Activity,Medium
10983,1,Market Activity,Medium
10981,1,Market Activity,Medium
10984,1,Market Activity,Medium
10982,1,Market Activity,Medium
10985,1,Market Activity,Medium
10979,1,Market Activity,Medium
11025,1,Market Activity,Medium
11023,1,Market Activity,Medium
11024,1,Market Activity,Medium
10936,1,Market Activity,Medium
10932,1,Market Activity,Medium
10934,1,Market Activity,Medium
10933,1,Market Activity,Medium
10935,1,Market Activity,Medium
10973,1,Market Activity,Medium
10955,1,Market Activity,Medium
10954,1,Market Activity,Medium
10953,1,Market Activity,Medium
10963,1,Market Activity,Medium
10967,1,Market Activity,Medium
10962,1,Market Activity,Medium
10964,1,Market Activity,Medium
10965,1,Market Activity,Medium
10966,1,Market Activity,Medium
10972,1,Market Activity,Medium
10939,1,Market Activity,Medium
10942,1,Market Activity,Medium
10938,1,Market Activity,Medium
10937,1,Market Activity,Medium
10941,1,Market Activity,Medium
10940,1,Market Activity,Medium
10943,1,Market Activity,Medium
10923,1,Market Activity,Medium
10925,1,Market Activity,Medium
10922,1,Market Activity,Medium
10926,1,Market Activity,Medium
10924,1,Market Activity,Medium
10921,1,Market Activity,Medium
10927,1,Market Activity,Medium
10930,1,Market Activity,Medium
10929,1,Market Activity,Medium
10928,1,Market Activity,Medium
10931,1,Market Activity,Medium
10976,1,Market Activity,Medium
10970,1,Market Activity,Medium
10949,1,Market Activity,Medium
10952,1,Market Activity,Medium
10975,1,Market Activity,Medium
10951,1,Market Activity,Medium
10950,1,Market Activity,Medium
10969,1,Market Activity,Medium
10971,1,Market Activity,Medium
10968,1,Market Activity,Medium
10946,1,Market Activity,Medium
10948,1,Market Activity,Medium
10974,1,Market Activity,Medium
10945,1,Market Activity,Medium
10944,1,Market Activity,Medium
10947,1,Market Activity,Medium
10978,1,Market Activity,Medium
10977,1,Market Activity,Medium
10957,1,Market Activity,Medium
10956,1,Market Activity,Medium
10915,1,Market Activity,Medium
10918,1,Market Activity,Medium
10916,1,Market Activity,Medium
10919,1,Market Activity,Medium
10917,1,Market Activity,Medium
10920,1,Market Activity,Medium
10914,1,Market Activity,Medium
10958,1,Market Activity,Medium
10961,1,Market Activity,Medium
10959,1,Market Activity,Medium
10960,1,Market Activity,Medium
10875,0,None,Low
10871,0,None,Low
10873,0,None,Low
10872,0,None,Low
10874,0,None,Low
10912,0,None,Low
10894,0,None,Low
10893,0,None,Low
10892,0,None,Low
10902,0,None,Low
10906,0,None,Low
10901,0,None,Low
10903,0,None,Low
10904,0,None,Low
10905,0,None,Low
10911,0,None,Low
10878,0,None,Low
10881,0,None,Low
10877,0,None,Low
10876,0,None,Low
10880,0,None,Low
10879,0,None,Low
10882,0,None,Low
10862,0,None,Low
10864,0,None,Low
10861,0,None,Low
10865,0,None,Low
10863,0,None,Low
10860,0,None,Low
10866,0,None,Low
10869,0,None,Low
10868,0,None,Low
10867,0,None,Low
10870,0,None,Low
10909,0,None,Low
10888,0,None,Low
10891,0,None,Low
10890,0,None,Low
10889,0,None,Low
10908,0,None,Low
10910,0,None,Low
10907,0,None,Low
10885,0,None,Low
10887,0,None,Low
10913,0,None,Low
10884,0,None,Low
10883,0,None,Low
10886,0,None,Low
10896,0,None,Low
10895,0,None,Low
10854,0,None,Low
10857,0,None,Low
10855,0,None,Low
10858,0,None,Low
10856,0,None,Low
10859,0,None,Low
10853,0,None,Low
10897,0,None,Low
10900,0,None,Low
10898,0,None,Low
10899,0,None,Low
10813,0,None,Low
10809,0,None,Low
10811,0,None,Low
10810,0,None,Low
10812,0,None,Low
10849,0,None,Low
10832,0,None,Low
10831,0,None,Low
10830,0,None,Low
10840,0,None,Low
10844,0,None,Low
10839,0,None,Low
10841,0,None,Low
10842,0,None,Low
10843,0,None,Low
10848,0,None,Low
10816,0,None,Low
10819,0,None,Low
10815,0,None,Low
10814,0,None,Low
10818,0,None,Low
10817,0,None,Low
10820,0,None,Low
10800,0,None,Low
10802,0,None,Low
10799,0,None,Low
10803,0,None,Low
10801,0,None,Low
10798,0,None,Low
10804,0,None,Low
10807,0,None,Low
10806,0,None,Low
10805,0,None,Low
10808,0,None,Low
10852,0,None,Low
10826,0,None,Low
10829,0,None,Low
10851,0,None,Low
10828,0,None,Low
10827,0,None,Low
10846,0,None,Low
10847,0,None,Low
10845,0,None,Low
10823,0,None,Low
10825,0,None,Low
10850,0,None,Low
10822,0,None,Low
10821,0,None,Low
10824,0,None,Low
10834,0,None,Low
10833,0,None,Low
10792,0,None,Low
10795,0,None,Low
10793,0,None,Low
10796,0,None,Low
10794,0,None,Low
10797,0,None,Low
10791,0,None,Low
10835,0,None,Low
10838,0,None,Low
10836,0,None,Low
10837,0,None,Low
10749,0,None,Low
10745,0,None,Low
10747,0,None,Low
10746,0,None,Low
10748,0,None,Low
10786,0,None,Low
10768,0,None,Low
10767,0,None,Low
10766,0,None,Low
10776,0,None,Low
10780,0,None,Low
10775,0,None,Low
10777,0,None,Low
10778,0,None,Low
10779,0,None,Low
10785,0,None,Low
10752,0,None,Low
10755,0,None,Low
10751,0,None,Low
10750,0,None,Low
10754,0,None,Low
10753,0,None,Low
10756,0,None,Low
10736,0,None,Low
10738,0,None,Low
10735,0,None,Low
10739,0,None,Low
10737,0,None,Low
10734,0,None,Low
10740,0,None,Low
10743,0,None,Low
10742,0,None,Low
10741,0,None,Low
10744,0,None,Low
10788,0,None,Low
10783,0,None,Low
10762,0,None,Low
10765,0,None,Low
10787,0,None,Low
10764,0,None,Low
10763,0,None,Low
10782,0,None,Low
10784,0,None,Low
10781,0,None,Low
10759,0,None,Low
10761,0,None,Low
10758,0,None,Low
10757,0,None,Low
10760,0,None,Low
10790,0,None,Low
10789,0,None,Low
10770,0,None,Low
10769,0,None,Low
10728,0,None,Low
10731,0,None,Low
10729,0,None,Low
10732,0,None,Low
10730,0,None,Low
10733,0,None,Low
10727,0,None,Low
10771,0,None,Low
10774,0,None,Low
10772,0,None,Low
10773,0,None,Low
10688,0,None,Low
10684,0,None,Low
10686,0,None,Low
10685,0,None,Low
10687,0,None,Low
10721,0,None,Low
10707,0,None,Low
10706,0,None,Low
10705,0,None,Low
10713,0,None,Low
10712,0,None,Low
10714,0,None,Low
10715,0,None,Low
10716,0,None,Low
10720,0,None,Low
10691,0,None,Low
10694,0,None,Low
10690,0,None,Low
10689,0,None,Low
10693,0,None,Low
10692,0,None,Low
10695,0,None,Low
10675,0,None,Low
10677,0,None,Low
10674,0,None,Low
10678,0,None,Low
10676,0,None,Low
10673,0,None,Low
10679,0,None,Low
10682,0,None,Low
10681,0,None,Low
10680,0,None,Low
10683,0,None,Low
10724,0,None,Low
10718,0,None,Low
10701,0,None,Low
10704,0,None,Low
10723,0,None,Low
10703,0,None,Low
10702,0,None,Low
10717,0,None,Low
10719,0,None,Low
10698,0,None,Low
10700,0,None,Low
10722,0,None,Low
10697,0,None,Low
10696,0,None,Low
10699,0,None,Low
10726,0,None,Low
10725,0,None,Low
10709,0,None,Low
10708,0,None,Low
10667,0,None,Low
10670,0,None,Low
10668,0,None,Low
10671,0,None,Low
10669,0,None,Low
10672,0,None,Low
10666,0,None,Low
10711,0,None,Low
10710,0,None,Low
10624,0,None,Low
10620,0,None,Low
10622,0,None,Low
10621,0,None,Low
10623,0,None,Low
10660,0,None,Low
10643,0,None,Low
10642,0,None,Low
10641,0,None,Low
10651,0,None,Low
10654,0,None,Low
10650,0,None,Low
10652,0,None,Low
10653,0,None,Low
10659,0,None,Low
10627,0,None,Low
10630,0,None,Low
10626,0,None,Low
10625,0,None,Low
10629,0,None,Low
10628,0,None,Low
10631,0,None,Low
10613,0,None,Low
10612,0,None,Low
10614,0,None,Low
10611,0,None,Low
10615,0,None,Low
10618,0,None,Low
10617,0,None,Low
10616,0,None,Low
10619,0,None,Low
10663,0,None,Low
10657,0,None,Low
10637,0,None,Low
10640,0,None,Low
10662,0,None,Low
10639,0,None,Low
10638,0,None,Low
10656,0,None,Low
10658,0,None,Low
10655,0,None,Low
10634,0,None,Low
10636,0,None,Low
10661,0,None,Low
10633,0,None,Low
10632,0,None,Low
10635,0,None,Low
10665,0,None,Low
10664,0,None,Low
10645,0,None,Low
10644,0,None,Low
10605,0,None,Low
10608,0,None,Low
10606,0,None,Low
10609,0,None,Low
10607,0,None,Low
10610,0,None,Low
10604,0,None,Low
10646,0,None,Low
10649,0,None,Low
10647,0,None,Low
10648,0,None,Low
10561,0,None,Low
10557,0,None,Low
10559,0,None,Low
10558,0,None,Low
10560,0,None,Low
10598,0,None,Low
10580,0,None,Low
10579,0,None,Low
10578,0,None,Low
10588,0,None,Low
10592,0,None,Low
10587,0,None,Low
10589,0,None,Low
10590,0,None,Low
10591,0,None,Low
10597,0,None,Low
10564,0,None,Low
10567,0,None,Low
10563,0,None,Low
10562,0,None,Low
10566,0,None,Low
10565,0,None,Low
10568,0,None,Low
10548,0,None,Low
10550,0,None,Low
10547,0,None,Low
10551,0,None,Low
10549,0,None,Low
10546,0,None,Low
10552,0,None,Low
10555,0,None,Low
10554,0,None,Low
10553,0,None,Low
10556,0,None,Low
10601,0,None,Low
10595,0,None,Low
10574,0,None,Low
10577,0,None,Low
10600,0,None,Low
10576,0,None,Low
10575,0,None,Low
10594,0,None,Low
10596,0,None,Low
10593,0,None,Low
10571,0,None,Low
10573,0,None,Low
10599,0,None,Low
10570,0,None,Low
10569,0,None,Low
10572,0,None,Low
10603,0,None,Low
10602,0,None,Low
10582,0,None,Low
10581,0,None,Low
10540,0,None,Low
10543,0,None,Low
10541,0,None,Low
10544,0,None,Low
10542,0,None,Low
10545,0,None,Low
10539,0,None,Low
10583,0,None,Low
10586,0,None,Low
10584,0,None,Low
10585,0,None,Low
10499,0,None,Low
10495,0,None,Low
10497,0,None,Low
10496,0,None,Low
10498,0,None,Low
10533,0,None,Low
10517,0,None,Low
10516,0,None,Low
10515,0,None,Low
10525,0,None,Low
10528,0,None,Low
10524,0,None,Low
10526,0,None,Low
10527,0,None,Low
10532,0,None,Low
10502,0,None,Low
10505,0,None,Low
10501,0,None,Low
10500,0,None,Low
10504,0,None,Low
10503,0,None,Low
10506,0,None,Low
10486,0,None,Low
10488,0,None,Low
10485,0,None,Low
10489,0,None,Low
10487,0,None,Low
10484,0,None,Low
10490,0,None,Low
10493,0,None,Low
10492,0,None,Low
10491,0,None,Low
10494,0,None,Low
10536,0,None,Low
10531,0,None,Low
10514,0,None,Low
10535,0,None,Low
10513,0,None,Low
10512,0,None,Low
10530,0,None,Low
10529,0,None,Low
10509,0,None,Low
10511,0,None,Low
10534,0,None,Low
10508,0,None,Low
10507,0,None,Low
10510,0,None,Low
10538,0,None,Low
10537,0,None,Low
10519,0,None,Low
10518,0,None,Low
10478,0,None,Low
10481,0,None,Low
10479,0,None,Low
10482,0,None,Low
10480,0,None,Low
10483,0,None,Low
10477,0,None,Low
10520,0,None,Low
10523,0,None,Low
10521,0,None,Low
10522,0,None,Low
10434,0,None,Low
10430,0,None,Low
10432,0,None,Low
10431,0,None,Low
10433,0,None,Low
10471,0,None,Low
10453,0,None,Low
10452,0,None,Low
10451,0,None,Low
10461,0,None,Low
10465,0,None,Low
10460,0,None,Low
10462,0,None,Low
10463,0,None,Low
10464,0,None,Low
10470,0,None,Low
10437,0,None,Low
10440,0,None,Low
10436,0,None,Low
10435,0,None,Low
10439,0,None,Low
10438,0,None,Low
10441,0,None,Low
10421,0,None,Low
10423,0,None,Low
10420,0,None,Low
10424,0,None,Low
10422,0,None,Low
10419,0,None,Low
10425,0,None,Low
10428,0,None,Low
10427,0,None,Low
10426,0,None,Low
10429,0,None,Low
10474,0,None,Low
10468,0,None,Low
10447,0,None,Low
10450,0,None,Low
10473,0,None,Low
10449,0,None,Low
10448,0,None,Low
10467,0,None,Low
10469,0,None,Low
10466,0,None,Low
10444,0,None,Low
10446,0,None,Low
10472,0,None,Low
10443,0,None,Low
10442,0,None,Low
10445,0,None,Low
10476,0,None,Low
10475,0,None,Low
10455,0,None,Low
10454,0,None,Low
10413,0,None,Low
10416,0,None,Low
10414,0,None,Low
10417,0,None,Low
10415,0,None,Low
10418,0,None,Low
10412,0,None,Low
10456,0,None,Low
10459,0,None,Low
10457,0,None,Low
10458,0,None,Low
10369,0,None,Low
10365,0,None,Low
10367,0,None,Low
10366,0,None,Low
10368,0,None,Low
10406,0,None,Low
10388,0,None,Low
10387,0,None,Low
10386,0,None,Low
10396,0,None,Low
10400,0,None,Low
10395,0,None,Low
10397,0,None,Low
10398,0,None,Low
10399,0,None,Low
10405,0,None,Low
10372,0,None,Low
10375,0,None,Low
10371,0,None,Low
10370,0,None,Low
10374,0,None,Low
10373,0,None,Low
10376,0,None,Low
10356,0,None,Low
10358,0,None,Low
10355,0,None,Low
10359,0,None,Low
10357,0,None,Low
10354,0,None,Low
10360,0,None,Low
10363,0,None,Low
10362,0,None,Low
10361,0,None,Low
10364,0,None,Low
10409,0,None,Low
10403,0,None,Low
10382,0,None,Low
10385,0,None,Low
10408,0,None,Low
10384,0,None,Low
10383,0,None,Low
10402,0,None,Low
10404,0,None,Low
10401,0,None,Low
10379,0,None,Low
10381,0,None,Low
10407,0,None,Low
10378,0,None,Low
10377,0,None,Low
10380,0,None,Low
10411,0,None,Low
10410,0,None,Low
10390,0,None,Low
10389,0,None,Low
10348,0,None,Low
10351,0,None,Low
10349,0,None,Low
10352,0,None,Low
10350,0,None,Low
10353,0,None,Low
10347,0,None,Low
10391,0,None,Low
10394,0,None,Low
10392,0,None,Low
10393,0,None,Low
10304,0,None,Low
10300,0,None,Low
10302,0,None,Low
10301,0,None,Low
10303,0,None,Low
10341,0,None,Low
10323,0,None,Low
10322,0,None,Low
10321,0,None,Low
10331,0,None,Low
10335,0,None,Low
10330,0,None,Low
10332,0,None,Low
10333,0,None,Low
10334,0,None,Low
10340,0,None,Low
10307,0,None,Low
10310,0,None,Low
10306,0,None,Low
10305,0,None,Low
10309,0,None,Low
10308,0,None,Low
10311,0,None,Low
10291,0,None,Low
10293,0,None,Low
10290,0,None,Low
10294,0,None,Low
10292,0,None,Low
10289,0,None,Low
10295,0,None,Low
10298,0,None,Low
10297,0,None,Low
10296,0,None,Low
10299,0,None,Low
10344,0,None,Low
10338,0,None,Low
10317,0,None,Low
10320,0,None,Low
10343,0,None,Low
10319,0,None,Low
10318,0,None,Low
10337,0,None,Low
10339,0,None,Low
10336,0,None,Low
10314,0,None,Low
10316,0,None,Low
10342,0,None,Low
10313,0,None,Low
10312,0,None,Low
10315,0,None,Low
10346,0,None,Low
10345,0,None,Low
10325,0,None,Low
10324,0,None,Low
10283,0,None,Low
10286,0,None,Low
10284,0,None,Low
10287,0,None,Low
10285,0,None,Low
10288,0,None,Low
10282,0,None,Low
10326,0,None,Low
10329,0,None,Low
10327,0,None,Low
10328,0,None,Low
10239,0,None,Low
10235,0,None,Low
10237,0,None,Low
10236,0,None,Low
10238,0,None,Low
10276,0,None,Low
10258,0,None,Low
10257,0,None,Low
10256,0,None,Low
10266,0,None,Low
10270,0,None,Low
10265,0,None,Low
10267,0,None,Low
10268,0,None,Low
10269,0,None,Low
10275,0,None,Low
10242,0,None,Low
10245,0,None,Low
10241,0,None,Low
10240,0,None,Low
10244,0,None,Low
10243,0,None,Low
10246,0,None,Low
10227,0,None,Low
10229,0,None,Low
10226,0,None,Low
10230,0,None,Low
10228,0,None,Low
10225,0,None,Low
10231,0,None,Low
10233,0,None,Low
10232,0,None,Low
10234,0,None,Low
10279,0,None,Low
10273,0,None,Low
10252,0,None,Low
10255,0,None,Low
10278,0,None,Low
10254,0,None,Low
10253,0,None,Low
10272,0,None,Low
10274,0,None,Low
10271,0,None,Low
10249,0,None,Low
10251,0,None,Low
10277,0,None,Low
10248,0,None,Low
10247,0,None,Low
10250,0,None,Low
10281,0,None,Low
10280,0,None,Low
10260,0,None,Low
10259,0,None,Low
10219,0,None,Low
10222,0,None,Low
10220,0,None,Low
10223,0,None,Low
10221,0,None,Low
10224,0,None,Low
10218,0,None,Low
10261,0,None,Low
10264,0,None,Low
10262,0,None,Low
10263,0,None,Low
10176,0,None,Low
10172,0,None,Low
10174,0,None,Low
10173,0,None,Low
10175,0,None,Low
10213,0,None,Low
10195,0,None,Low
10194,0,None,Low
10193,0,None,Low
10203,0,None,Low
10207,0,None,Low
10202,0,None,Low
10204,0,None,Low
10205,0,None,Low
10206,0,None,Low
10212,0,None,Low
10179,0,None,Low
10182,0,None,Low
10178,0,None,Low
10177,0,None,Low
10181,0,None,Low
10180,0,None,Low
10183,0,None,Low
10163,0,None,Low
10165,0,None,Low
10162,0,None,Low
10166,0,None,Low
10164,0,None,Low
10161,0,None,Low
10167,0,None,Low
10170,0,None,Low
10169,0,None,Low
10168,0,None,Low
10171,0,None,Low
10216,0,None,Low
10210,0,None,Low
10189,0,None,Low
10192,0,None,Low
10215,0,None,Low
10191,0,None,Low
10190,0,None,Low
10209,0,None,Low
10211,0,None,Low
10208,0,None,Low
10186,0,None,Low
10188,0,None,Low
10214,0,None,Low
10185,0,None,Low
10184,0,None,Low
10187,0,None,Low
10217,0,None,Low
10197,0,None,Low
10196,0,None,Low
10155,0,None,Low
10158,0,None,Low
10156,0,None,Low
10159,0,None,Low
10157,0,None,Low
10160,0,None,Low
10154,0,None,Low
10198,0,None,Low
10201,0,None,Low
10199,0,None,Low
10200,0,None,Low
10111,0,None,Low
10107,0,None,Low
10109,0,None,Low
10108,0,None,Low
10110,0,None,Low
10148,0,None,Low
10130,0,None,Low
10129,0,None,Low
10128,0,None,Low
10138,0,None,Low
10142,0,None,Low
10137,0,None,Low
10139,0,None,Low
10140,0,None,Low
10141,0,None,Low
10147,0,None,Low
10114,0,None,Low
10117,0,None,Low
10113,0,None,Low
10112,0,None,Low
10116,0,None,Low
10115,0,None,Low
10118,0,None,Low
10098,0,None,Low
10100,0,None,Low
10097,0,None,Low
10101,0,None,Low
10099,0,None,Low
10096,0,None,Low
10102,0,None,Low
10105,0,None,Low
10104,0,None,Low
10103,0,None,Low
10106,0,None,Low
10151,0,None,Low
10145,0,None,Low
10124,0,None,Low
10127,0,None,Low
10150,0,None,Low
10126,0,None,Low
10125,0,None,Low
10144,0,None,Low
10146,0,None,Low
10143,0,None,Low
10121,0,None,Low
10123,0,None,Low
10149,0,None,Low
10120,0,None,Low
10119,0,None,Low
10122,0,None,Low
10153,0,None,Low
10152,0,None,Low
10132,0,None,Low
10131,0,None,Low
10090,0,None,Low
10093,0,None,Low
10091,0,None,Low
10094,0,None,Low
10092,0,None,Low
10095,0,None,Low
10089,0,None,Low
10133,0,None,Low
10136,0,None,Low
10134,0,None,Low
10135,0,None,Low
10046,0,None,Low
10042,0,None,Low
10044,0,None,Low
10043,0,None,Low
10045,0,None,Low
10083,0,None,Low
10065,0,None,Low
10064,0,None,Low
10063,0,None,Low
10073,0,None,Low
10077,0,None,Low
10072,0,None,Low
10074,0,None,Low
10075,0,None,Low
10076,0,None,Low
10082,0,None,Low
10049,0,None,Low
10052,0,None,Low
10048,0,None,Low
10047,0,None,Low
10051,0,None,Low
10050,0,None,Low
10053,0,None,Low
10033,0,None,Low
10035,0,None,Low
10032,0,None,Low
10036,0,None,Low
10034,0,None,Low
10031,0,None,Low
10037,0,None,Low
10040,0,None,Low
10039,0,None,Low
10038,0,None,Low
10041,0,None,Low
10086,0,None,Low
10080,0,None,Low
10059,0,None,Low
10062,0,None,Low
10085,0,None,Low
10061,0,None,Low
10060,0,None,Low
10079,0,None,Low
10081,0,None,Low
10078,0,None,Low
10056,0,None,Low
10058,0,None,Low
10084,0,None,Low
10055,0,None,Low
10054,0,None,Low
10057,0,None,Low
10088,0,None,Low
10087,0,None,Low
10067,0,None,Low
10066,0,None,Low
10025,0,None,Low
10028,0,None,Low
10026,0,None,Low
10029,0,None,Low
10027,0,None,Low
10030,0,None,Low
10024,0,None,Low
10068,0,None,Low
10071,0,None,Low
10069,0,None,Low
10070,0,None,Low
9982,0,None,Low
9978,0,None,Low
9980,0,None,Low
9979,0,None,Low
9981,0,None,Low
10018,0,None,Low
10000,0,None,Low
9999,0,None,Low
9998,0,None,Low
10008,0,None,Low
10012,0,None,Low
10007,0,None,Low
10009,0,None,Low
10010,0,None,Low
10011,0,None,Low
10017,0,None,Low
9985,0,None,Low
9988,0,None,Low
9984,0,None,Low
9983,0,None,Low
9987,0,None,Low
9986,0,None,Low
9989,0,None,Low
9969,0,None,Low
9971,0,None,Low
9968,0,None,Low
9972,0,None,Low
9970,0,None,Low
9967,0,None,Low
9973,0,None,Low
9976,0,None,Low
9975,0,None,Low
9974,0,None,Low
9977,0,None,Low
10021,0,None,Low
10015,0,None,Low
9994,0,None,Low
9997,0,None,Low
10020,0,None,Low
9996,0,None,Low
9995,0,None,Low
10014,0,None,Low
10016,0,None,Low
10013,0,None,Low
9992,0,None,Low
9993,0,None,Low
10019,0,None,Low
9991,0,None,Low
9990,0,None,Low
10023,0,None,Low
10022,0,None,Low
10002,0,None,Low
10001,0,None,Low
9961,0,None,Low
9964,0,None,Low
9962,0,None,Low
9965,0,None,Low
9963,0,None,Low
9966,0,None,Low
9960,0,None,Low
10003,0,None,Low
10006,0,None,Low
10004,0,None,Low
10005,0,None,Low
9917,0,None,Low
9913,0,None,Low
9915,0,None,Low
9914,0,None,Low
9916,0,None,Low
9954,0,None,Low
9936,0,None,Low
9935,0,None,Low
9934,0,None,Low
9944,0,None,Low
9948,0,None,Low
9943,0,None,Low
9945,0,None,Low
9946,0,None,Low
9947,0,None,Low
9953,0,None,Low
9920,0,None,Low
9923,0,None,Low
9919,0,None,Low
9918,0,None,Low
9922,0,None,Low
9921,0,None,Low
9924,0,None,Low
9904,0,None,Low
9906,0,None,Low
9903,0,None,Low
9907,0,None,Low
9905,0,None,Low
9902,0,None,Low
9908,0,None,Low
9911,0,None,Low
9910,0,None,Low
9909,0,None,Low
9912,0,None,Low
9957,0,None,Low
9951,0,None,Low
9930,0,None,Low
9933,0,None,Low
9956,0,None,Low
9932,0,None,Low
9931,0,None,Low
9950,0,None,Low
9952,0,None,Low
9949,0,None,Low
9927,0,None,Low
9929,0,None,Low
9955,0,None,Low
9926,0,None,Low
9925,0,None,Low
9928,0,None,Low
9959,0,None,Low
9958,0,None,Low
9938,0,None,Low
9937,0,None,Low
9896,0,None,Low
9899,0,None,Low
9897,0,None,Low
9900,0,None,Low
9898,0,None,Low
9901,0,None,Low
9895,0,None,Low
9939,0,None,Low
9942,0,None,Low
9940,0,None,Low
9941,0,None,Low
9852,1,Heavy Commercial Activity,High
9848,1,Heavy Commercial Activity,High
9850,1,Heavy Commercial Activity,High
9849,1,Heavy Commercial Activity,High
9851,1,Heavy Commercial Activity,High
9889,1,Heavy Commercial Activity,High
9871,1,Heavy Commercial Activity,High
9870,1,Heavy Commercial Activity,High
9869,1,Heavy Commercial Activity,High
9879,1,Heavy Commercial Activity,High
9883,1,Heavy Commercial Activity,High
9878,1,Heavy Commercial Activity,High
9880,1,Heavy Commercial Activity,High
9881,1,Heavy Commercial Activity,High
9882,1,Heavy Commercial Activity,High
9888,1,Heavy Commercial Activity,High
9855,1,Heavy Commercial Activity,High
9858,1,Heavy Commercial Activity,High
9854,1,Heavy Commercial Activity,High
9853,1,Heavy Commercial Activity,High
9857,1,Heavy Commercial Activity,High
9856,1,Heavy Commercial Activity,High
9859,1,Heavy Commercial Activity,High
9839,1,Heavy Commercial Activity,High
9841,1,Heavy Commercial Activity,High
9838,1,Heavy Commercial Activity,High
9842,1,Heavy Commercial Activity,High
9840,1,Heavy Commercial Activity,High
9837,1,Heavy Commercial Activity,High
9843,1,Heavy Commercial Activity,High
9846,1,Heavy Commercial Activity,High
9845,1,Heavy Commercial Activity,High
9844,1,Heavy Commercial Activity,High
9847,1,Heavy Commercial Activity,High
9892,1,Heavy Commercial Activity,High
9886,1,Heavy Commercial Activity,High
9865,1,Heavy Commercial Activity,High
9868,1,Heavy Commercial Activity,High
9891,1,Heavy Commercial Activity,High
9867,1,Heavy Commercial Activity,High
9866,1,Heavy Commercial Activity,High
9885,1,Heavy Commercial Activity,High
9887,1,Heavy Commercial Activity,High
9884,1,Heavy Commercial Activity,High
9862,1,Heavy Commercial Activity,High
9864,1,Heavy Commercial Activity,High
9890,1,Heavy Commercial Activity,High
9861,1,Heavy Commercial Activity,High
9860,1,Heavy Commercial Activity,High
9863,1,Heavy Commercial Activity,High
9894,1,Heavy Commercial Activity,High
9893,1,Heavy Commercial Activity,High
9873,1,Heavy Commercial Activity,High
9872,1,Heavy Commercial Activity,High
9831,1,Heavy Commercial Activity,High
9834,1,Heavy Commercial Activity,High
9832,1,Heavy Commercial Activity,High
9835,1,Heavy Commercial Activity,High
9833,1,Heavy Commercial Activity,High
9836,1,Heavy Commercial Activity,High
9830,1,Heavy Commercial Activity,High
9874,1,Heavy Commercial Activity,High
9877,1,Heavy Commercial Activity,High
9875,1,Heavy Commercial Activity,High
9876,1,Heavy Commercial Activity,High
9787,1,Heavy Commercial Activity,High
9783,1,Heavy Commercial Activity,High
9785,1,Heavy Commercial Activity,High
9784,1,Heavy Commercial Activity,High
9786,1,Heavy Commercial Activity,High
9824,1,Heavy Commercial Activity,High
9806,1,Heavy Commercial Activity,High
9805,1,Heavy Commercial Activity,High
9804,1,Heavy Commercial Activity,High
9814,1,Heavy Commercial Activity,High
9818,1,Heavy Commercial Activity,High
9813,1,Heavy Commercial Activity,High
9815,1,Heavy Commercial Activity,High
9816,1,Heavy Commercial Activity,High
9817,1,Heavy Commercial Activity,High
9823,1,Heavy Commercial Activity,High
9790,1,Heavy Commercial Activity,High
9793,1,Heavy Commercial Activity,High
9789,1,Heavy Commercial Activity,High
9788,1,Heavy Commercial Activity,High
9792,1,Heavy Commercial Activity,High
9791,1,Heavy Commercial Activity,High
9794,1,Heavy Commercial Activity,High
9774,1,Heavy Commercial Activity,High
9776,1,Heavy Commercial Activity,High
9773,1,Heavy Commercial Activity,High
9777,1,Heavy Commercial Activity,High
9775,1,Heavy Commercial Activity,High
9772,1,Heavy Commercial Activity,High
9778,1,Heavy Commercial Activity,High
9781,1,Heavy Commercial Activity,High
9780,1,Heavy Commercial Activity,High
9779,1,Heavy Commercial Activity,High
9782,1,Heavy Commercial Activity,High
9827,1,Heavy Commercial Activity,High
9821,1,Heavy Commercial Activity,High
9800,1,Heavy Commercial Activity,High
9803,1,Heavy Commercial Activity,High
9826,1,Heavy Commercial Activity,High
9802,1,Heavy Commercial Activity,High
9801,1,Heavy Commercial Activity,High
9820,1,Heavy Commercial Activity,High
9822,1,Heavy Commercial Activity,High
9819,1,Heavy Commercial Activity,High
9797,1,Heavy Commercial Activity,High
9799,1,Heavy Commercial Activity,High
9825,1,Heavy Commercial Activity,High
9796,1,Heavy Commercial Activity,High
9795,1,Heavy Commercial Activity,High
9798,1,Heavy Commercial Activity,High
9829,1,Heavy Commercial Activity,High
9828,1,Heavy Commercial Activity,High
9808,1,Heavy Commercial Activity,High
9807,1,Heavy Commercial Activity,High
9766,1,Heavy Commercial Activity,High
9769,1,Heavy Commercial Activity,High
9767,1,Heavy Commercial Activity,High
9770,1,Heavy Commercial Activity,High
9768,1,Heavy Commercial Activity,High
9771,1,Heavy Commercial Activity,High
9765,1,Heavy Commercial Activity,High
9809,1,Heavy Commercial Activity,High
9812,1,Heavy Commercial Activity,High
9810,1,Heavy Commercial Activity,High
9811,1,Heavy Commercial Activity,High
9722,1,Heavy Commercial Activity,High
9718,1,Heavy Commercial Activity,High
9720,1,Heavy Commercial Activity,High
9719,1,Heavy Commercial Activity,High
9721,1,Heavy Commercial Activity,High
9759,1,Heavy Commercial Activity,High
9741,1,Heavy Commercial Activity,High
9740,1,Heavy Commercial Activity,High
9739,1,Heavy Commercial Activity,High
9749,1,Heavy Commercial Activity,High
9753,1,Heavy Commercial Activity,High
9748,1,Heavy Commercial Activity,High
9750,1,Heavy Commercial Activity,High
9751,1,Heavy Commercial Activity,High
9752,1,Heavy Commercial Activity,High
9758,1,Heavy Commercial Activity,High
9725,1,Heavy Commercial Activity,High
9728,1,Heavy Commercial Activity,High
9724,1,Heavy Commercial Activity,High
9723,1,Heavy Commercial Activity,High
9727,1,Heavy Commercial Activity,High
9726,1,Heavy Commercial Activity,High
9729,1,Heavy Commercial Activity,High
9710,1,Heavy Commercial Activity,High
9709,1,Heavy Commercial Activity,High
9712,1,Heavy Commercial Activity,High
9711,1,Heavy Commercial Activity,High
9708,1,Heavy Commercial Activity,High
9713,1,Heavy Commercial Activity,High
9716,1,Heavy Commercial Activity,High
9715,1,Heavy Commercial Activity,High
9714,1,Heavy Commercial Activity,High
9717,1,Heavy Commercial Activity,High
9762,1,Heavy Commercial Activity,High
9756,1,Heavy Commercial Activity,High
9735,1,Heavy Commercial Activity,High
9738,1,Heavy Commercial Activity,High
9761,1,Heavy Commercial Activity,High
9737,1,Heavy Commercial Activity,High
9736,1,Heavy Commercial Activity,High
9755,1,Heavy Commercial Activity,High
9757,1,Heavy Commercial Activity,High
9754,1,Heavy Commercial Activity,High
9732,1,Heavy Commercial Activity,High
9734,1,Heavy Commercial Activity,High
9760,1,Heavy Commercial Activity,High
9731,1,Heavy Commercial Activity,High
9730,1,Heavy Commercial Activity,High
9733,1,Heavy Commercial Activity,High
9764,1,Heavy Commercial Activity,High
9763,1,Heavy Commercial Activity,High
9743,1,Heavy Commercial Activity,High
9742,1,Heavy Commercial Activity,High
9702,1,Heavy Commercial Activity,High
9705,1,Heavy Commercial Activity,High
9703,1,Heavy Commercial Activity,High
9706,1,Heavy Commercial Activity,High
9704,1,Heavy Commercial Activity,High
9707,1,Heavy Commercial Activity,High
9701,1,Heavy Commercial Activity,High
9744,1,Heavy Commercial Activity,High
9747,1,Heavy Commercial Activity,High
9745,1,Heavy Commercial Activity,High
9746,1,Heavy Commercial Activity,High
9659,1,Heavy Commercial Activity,High
9655,1,Heavy Commercial Activity,High
9657,1,Heavy Commercial Activity,High
9656,1,Heavy Commercial Activity,High
9658,1,Heavy Commercial Activity,High
9678,1,Heavy Commercial Activity,High
9677,1,Heavy Commercial Activity,High
9676,1,Heavy Commercial Activity,High
9686,1,Heavy Commercial Activity,High
9690,1,Heavy Commercial Activity,High
9685,1,Heavy Commercial Activity,High
9687,1,Heavy Commercial Activity,High
9688,1,Heavy Commercial Activity,High
9689,1,Heavy Commercial Activity,High
9695,1,Heavy Commercial Activity,High
9662,1,Heavy Commercial Activity,High
9665,1,Heavy Commercial Activity,High
9661,1,Heavy Commercial Activity,High
9660,1,Heavy Commercial Activity,High
9664,1,Heavy Commercial Activity,High
9663,1,Heavy Commercial Activity,High
9666,1,Heavy Commercial Activity,High
9646,1,Heavy Commercial Activity,High
9648,1,Heavy Commercial Activity,High
9645,1,Heavy Commercial Activity,High
9649,1,Heavy Commercial Activity,High
9647,1,Heavy Commercial Activity,High
9644,1,Heavy Commercial Activity,High
9650,1,Heavy Commercial Activity,High
9653,1,Heavy Commercial Activity,High
9652,1,Heavy Commercial Activity,High
9651,1,Heavy Commercial Activity,High
9654,1,Heavy Commercial Activity,High
9698,1,Heavy Commercial Activity,High
9693,1,Heavy Commercial Activity,High
9672,1,Heavy Commercial Activity,High
9675,1,Heavy Commercial Activity,High
9697,1,Heavy Commercial Activity,High
9674,1,Heavy Commercial Activity,High
9673,1,Heavy Commercial Activity,High
9692,1,Heavy Commercial Activity,High
9694,1,Heavy Commercial Activity,High
9691,1,Heavy Commercial Activity,High
9669,1,Heavy Commercial Activity,High
9671,1,Heavy Commercial Activity,High
9696,1,Heavy Commercial Activity,High
9668,1,Heavy Commercial Activity,High
9667,1,Heavy Commercial Activity,High
9670,1,Heavy Commercial Activity,High
9700,1,Heavy Commercial Activity,High
9699,1,Heavy Commercial Activity,High
9680,1,Heavy Commercial Activity,High
9679,1,Heavy Commercial Activity,High
9639,1,Heavy Commercial Activity,High
9641,1,Heavy Commercial Activity,High
9642,1,Heavy Commercial Activity,High
9640,1,Heavy Commercial Activity,High
9643,1,Heavy Commercial Activity,High
9638,1,Heavy Commercial Activity,High
9681,1,Heavy Commercial Activity,High
9684,1,Heavy Commercial Activity,High
9682,1,Heavy Commercial Activity,High
9683,1,Heavy Commercial Activity,High
9596,1,Heavy Commercial Activity,High
9592,1,Heavy Commercial Activity,High
9594,1,Heavy Commercial Activity,High
9593,1,Heavy Commercial Activity,High
9595,1,Heavy Commercial Activity,High
9632,1,Heavy Commercial Activity,High
9614,1,Heavy Commercial Activity,High
9613,1,Heavy Commercial Activity,High
9622,1,Heavy Commercial Activity,High
9626,1,Heavy Commercial Activity,High
9621,1,Heavy Commercial Activity,High
9623,1,Heavy Commercial Activity,High
9624,1,Heavy Commercial Activity,High
9625,1,Heavy Commercial Activity,High
9631,1,Heavy Commercial Activity,High
9599,1,Heavy Commercial Activity,High
9602,1,Heavy Commercial Activity,High
9598,1,Heavy Commercial Activity,High
9597,1,Heavy Commercial Activity,High
9601,1,Heavy Commercial Activity,High
9600,1,Heavy Commercial Activity,High
9603,1,Heavy Commercial Activity,High
9584,1,Heavy Commercial Activity,High
9583,1,Heavy Commercial Activity,High
9586,1,Heavy Commercial Activity,High
9585,1,Heavy Commercial Activity,High
9582,1,Heavy Commercial Activity,High
9587,1,Heavy Commercial Activity,High
9590,1,Heavy Commercial Activity,High
9589,1,Heavy Commercial Activity,High
9588,1,Heavy Commercial Activity,High
9591,1,Heavy Commercial Activity,High
9635,1,Heavy Commercial Activity,High
9629,1,Heavy Commercial Activity,High
9609,1,Heavy Commercial Activity,High
9612,1,Heavy Commercial Activity,High
9634,1,Heavy Commercial Activity,High
9611,1,Heavy Commercial Activity,High
9610,1,Heavy Commercial Activity,High
9628,1,Heavy Commercial Activity,High
9630,1,Heavy Commercial Activity,High
9627,1,Heavy Commercial Activity,High
9606,1,Heavy Commercial Activity,High
9608,1,Heavy Commercial Activity,High
9633,1,Heavy Commercial Activity,High
9605,1,Heavy Commercial Activity,High
9604,1,Heavy Commercial Activity,High
9607,1,Heavy Commercial Activity,High
9637,1,Heavy Commercial Activity,High
9636,1,Heavy Commercial Activity,High
9616,1,Heavy Commercial Activity,High
9615,1,Heavy Commercial Activity,High
9576,1,Heavy Commercial Activity,High
9579,1,Heavy Commercial Activity,High
9577,1,Heavy Commercial Activity,High
9580,1,Heavy Commercial Activity,High
9578,1,Heavy Commercial Activity,High
9581,1,Heavy Commercial Activity,High
9575,1,Heavy Commercial Activity,High
9617,1,Heavy Commercial Activity,High
9620,1,Heavy Commercial Activity,High
9618,1,Heavy Commercial Activity,High
9619,1,Heavy Commercial Activity,High
9532,1,Heavy Commercial Activity,High
9528,1,Heavy Commercial Activity,High
9530,1,Heavy Commercial Activity,High
9529,1,Heavy Commercial Activity,High
9531,1,Heavy Commercial Activity,High
9569,1,Heavy Commercial Activity,High
9551,1,Heavy Commercial Activity,High
9550,1,Heavy Commercial Activity,High
9549,1,Heavy Commercial Activity,High
9559,1,Heavy Commercial Activity,High
9563,1,Heavy Commercial Activity,High
9558,1,Heavy Commercial Activity,High
9560,1,Heavy Commercial Activity,High
9561,1,Heavy Commercial Activity,High
9562,1,Heavy Commercial Activity,High
9568,1,Heavy Commercial Activity,High
9535,1,Heavy Commercial Activity,High
9538,1,Heavy Commercial Activity,High
9534,1,Heavy Commercial Activity,High
9533,1,Heavy Commercial Activity,High
9537,1,Heavy Commercial Activity,High
9536,1,Heavy Commercial Activity,High
9539,1,Heavy Commercial Activity,High
9519,1,Heavy Commercial Activity,High
9521,1,Heavy Commercial Activity,High
9518,1,Heavy Commercial Activity,High
9522,1,Heavy Commercial Activity,High
9520,1,Heavy Commercial Activity,High
9517,1,Heavy Commercial Activity,High
9523,1,Heavy Commercial Activity,High
9526,1,Heavy Commercial Activity,High
9525,1,Heavy Commercial Activity,High
9524,1,Heavy Commercial Activity,High
9527,1,Heavy Commercial Activity,High
9572,1,Heavy Commercial Activity,High
9566,1,Heavy Commercial Activity,High
9545,1,Heavy Commercial Activity,High
9548,1,Heavy Commercial Activity,High
9571,1,Heavy Commercial Activity,High
9547,1,Heavy Commercial Activity,High
9546,1,Heavy Commercial Activity,High
9565,1,Heavy Commercial Activity,High
9567,1,Heavy Commercial Activity,High
9564,1,Heavy Commercial Activity,High
9542,1,Heavy Commercial Activity,High
9544,1,Heavy Commercial Activity,High
9570,1,Heavy Commercial Activity,High
9541,1,Heavy Commercial Activity,High
9540,1,Heavy Commercial Activity,High
9543,1,Heavy Commercial Activity,High
9574,1,Heavy Commercial Activity,High
9573,1,Heavy Commercial Activity,High
9553,1,Heavy Commercial Activity,High
9552,1,Heavy Commercial Activity,High
9511,1,Heavy Commercial Activity,High
9514,1,Heavy Commercial Activity,High
9512,1,Heavy Commercial Activity,High
9515,1,Heavy Commercial Activity,High
9513,1,Heavy Commercial Activity,High
9516,1,Heavy Commercial Activity,High
9510,1,Heavy Commercial Activity,High
9554,1,Heavy Commercial Activity,High
9557,1,Heavy Commercial Activity,High
9555,1,Heavy Commercial Activity,High
9556,1,Heavy Commercial Activity,High
9467,1,Heavy Commercial Activity,High
9463,1,Heavy Commercial Activity,High
9465,1,Heavy Commercial Activity,High
9464,1,Heavy Commercial Activity,High
9466,1,Heavy Commercial Activity,High
9504,1,Heavy Commercial Activity,High
9486,1,Heavy Commercial Activity,High
9485,1,Heavy Commercial Activity,High
9484,1,Heavy Commercial Activity,High
9494,1,Heavy Commercial Activity,High
9498,1,Heavy Commercial Activity,High
9493,1,Heavy Commercial Activity,High
9495,1,Heavy Commercial Activity,High
9496,1,Heavy Commercial Activity,High
9497,1,Heavy Commercial Activity,High
9503,1,Heavy Commercial Activity,High
9470,1,Heavy Commercial Activity,High
9473,1,Heavy Commercial Activity,High
9469,1,Heavy Commercial Activity,High
9468,1,Heavy Commercial Activity,High
9472,1,Heavy Commercial Activity,High
9471,1,Heavy Commercial Activity,High
9474,1,Heavy Commercial Activity,High
9454,1,Heavy Commercial Activity,High
9456,1,Heavy Commercial Activity,High
9453,1,Heavy Commercial Activity,High
9457,1,Heavy Commercial Activity,High
9455,1,Heavy Commercial Activity,High
9452,1,Heavy Commercial Activity,High
9458,1,Heavy Commercial Activity,High
9461,1,Heavy Commercial Activity,High
9460,1,Heavy Commercial Activity,High
9459,1,Heavy Commercial Activity,High
9462,1,Heavy Commercial Activity,High
9507,1,Heavy Commercial Activity,High
9501,1,Heavy Commercial Activity,High
9480,1,Heavy Commercial Activity,High
9483,1,Heavy Commercial Activity,High
9506,1,Heavy Commercial Activity,High
9482,1,Heavy Commercial Activity,High
9481,1,Heavy Commercial Activity,High
9500,1,Heavy Commercial Activity,High
9502,1,Heavy Commercial Activity,High
9499,1,Heavy Commercial Activity,High
9477,1,Heavy Commercial Activity,High
9479,1,Heavy Commercial Activity,High
9505,1,Heavy Commercial Activity,High
9476,1,Heavy Commercial Activity,High
9475,1,Heavy Commercial Activity,High
9478,1,Heavy Commercial Activity,High
9509,1,Heavy Commercial Activity,High
9508,1,Heavy Commercial Activity,High
9488,1,Heavy Commercial Activity,High
9487,1,Heavy Commercial Activity,High
9446,1,Heavy Commercial Activity,High
9449,1,Heavy Commercial Activity,High
9447,1,Heavy Commercial Activity,High
9450,1,Heavy Commercial Activity,High
9448,1,Heavy Commercial Activity,High
9451,1,Heavy Commercial Activity,High
9445,1,Heavy Commercial Activity,High
9489,1,Heavy Commercial Activity,High
9492,1,Heavy Commercial Activity,High
9490,1,Heavy Commercial Activity,High
9491,1,Heavy Commercial Activity,High
9406,1,Market Activity,Medium
9402,1,Market Activity,Medium
9404,1,Market Activity,Medium
9403,1,Market Activity,Medium
9405,1,Market Activity,Medium
9425,1,Market Activity,Medium
9424,1,Market Activity,Medium
9423,1,Market Activity,Medium
9433,1,Market Activity,Medium
9437,1,Market Activity,Medium
9432,1,Market Activity,Medium
9434,1,Market Activity,Medium
9435,1,Market Activity,Medium
9436,1,Market Activity,Medium
9409,1,Market Activity,Medium
9412,1,Market Activity,Medium
9408,1,Market Activity,Medium
9407,1,Market Activity,Medium
9411,1,Market Activity,Medium
9410,1,Market Activity,Medium
9413,1,Market Activity,Medium
9393,1,Market Activity,Medium
9395,1,Market Activity,Medium
9392,1,Market Activity,Medium
9396,1,Market Activity,Medium
9394,1,Market Activity,Medium
9391,1,Market Activity,Medium
9397,1,Market Activity,Medium
9400,1,Market Activity,Medium
9399,1,Market Activity,Medium
9398,1,Market Activity,Medium
9401,1,Market Activity,Medium
9442,1,Market Activity,Medium
9440,1,Market Activity,Medium
9419,1,Market Activity,Medium
9422,1,Market Activity,Medium
9441,1,Market Activity,Medium
9421,1,Market Activity,Medium
9420,1,Market Activity,Medium
9439,1,Market Activity,Medium
9438,1,Market Activity,Medium
9416,1,Market Activity,Medium
9418,1,Market Activity,Medium
9415,1,Market Activity,Medium
9414,1,Market Activity,Medium
9417,1,Market Activity,Medium
9444,1,Market Activity,Medium
9443,1,Market Activity,Medium
9427,1,Market Activity,Medium
9426,1,Market Activity,Medium
9385,1,Market Activity,Medium
9388,1,Market Activity,Medium
9386,1,Market Activity,Medium
9389,1,Market Activity,Medium
9387,1,Market Activity,Medium
9390,1,Market Activity,Medium
9384,1,Market Activity,Medium
9428,1,Market Activity,Medium
9431,1,Market Activity,Medium
9429,1,Market Activity,Medium
9430,1,Market Activity,Medium
9378,1,Market Activity,Medium
9370,1,Market Activity,Medium
9371,1,Market Activity,Medium
9372,1,Market Activity,Medium
9377,1,Market Activity,Medium
9381,1,Market Activity,Medium
9375,1,Market Activity,Medium
9380,1,Market Activity,Medium
9374,1,Market Activity,Medium
9376,1,Market Activity,Medium
9373,1,Market Activity,Medium
9379,1,Market Activity,Medium
9383,1,Market Activity,Medium
9382,1,Market Activity,Medium
9369,1,Market Activity,Medium
9368,1,Market Activity,Medium
9325,1,Market Activity,Medium
9322,1,Market Activity,Medium
9323,1,Market Activity,Medium
9324,1,Market Activity,Medium
9362,1,Market Activity,Medium
9344,1,Market Activity,Medium
9343,1,Market Activity,Medium
9342,1,Market Activity,Medium
9352,1,Market Activity,Medium
9356,1,Market Activity,Medium
9351,1,Market Activity,Medium
9353,1,Market Activity,Medium
9354,1,Market Activity,Medium
9355,1,Market Activity,Medium
9361,1,Market Activity,Medium
9328,1,Market Activity,Medium
9331,1,Market Activity,Medium
9327,1,Market Activity,Medium
9326,1,Market Activity,Medium
9330,1,Market Activity,Medium
9329,1,Market Activity,Medium
9332,1,Market Activity,Medium
9313,1,Market Activity,Medium
9315,1,Market Activity,Medium
9312,1,Market Activity,Medium
9316,1,Market Activity,Medium
9314,1,Market Activity,Medium
9311,1,Market Activity,Medium
9317,1,Market Activity,Medium
9320,1,Market Activity,Medium
9319,1,Market Activity,Medium
9318,1,Market Activity,Medium
9321,1,Market Activity,Medium
9365,1,Market Activity,Medium
9359,1,Market Activity,Medium
9338,1,Market Activity,Medium
9341,1,Market Activity,Medium
9364,1,Market Activity,Medium
9340,1,Market Activity,Medium
9339,1,Market Activity,Medium
9358,1,Market Activity,Medium
9360,1,Market Activity,Medium
9357,1,Market Activity,Medium
9335,1,Market Activity,Medium
9337,1,Market Activity,Medium
9363,1,Market Activity,Medium
9334,1,Market Activity,Medium
9333,1,Market Activity,Medium
9336,1,Market Activity,Medium
9367,1,Market Activity,Medium
9366,1,Market Activity,Medium
9346,1,Market Activity,Medium
9345,1,Market Activity,Medium
9305,1,Market Activity,Medium
9308,1,Market Activity,Medium
9306,1,Market Activity,Medium
9309,1,Market Activity,Medium
9307,1,Market Activity,Medium
9310,1,Market Activity,Medium
9304,1,Market Activity,Medium
9347,1,Market Activity,Medium
9350,1,Market Activity,Medium
9348,1,Market Activity,Medium
9349,1,Market Activity,Medium
9261,0,None,Low
9257,0,None,Low
9259,0,None,Low
9258,0,None,Low
9260,0,None,Low
9298,0,None,Low
9280,0,None,Low
9279,0,None,Low
9278,0,None,Low
9288,0,None,Low
9292,0,None,Low
9287,0,None,Low
9289,0,None,Low
9290,0,None,Low
9291,0,None,Low
9297,0,None,Low
9264,0,None,Low
9267,0,None,Low
9263,0,None,Low
9262,0,None,Low
9266,0,None,Low
9265,0,None,Low
9268,0,None,Low
9248,0,None,Low
9250,0,None,Low
9247,0,None,Low
9251,0,None,Low
9249,0,None,Low
9246,0,None,Low
9252,0,None,Low
9255,0,None,Low
9254,0,None,Low
9253,0,None,Low
9256,0,None,Low
9301,0,None,Low
9295,0,None,Low
9274,0,None,Low
9277,0,None,Low
9300,0,None,Low
9276,0,None,Low
9275,0,None,Low
9294,0,None,Low
9296,0,None,Low
9293,0,None,Low
9271,0,None,Low
9273,0,None,Low
9299,0,None,Low
9270,0,None,Low
9269,0,None,Low
9272,0,None,Low
9303,0,None,Low
9302,0,None,Low
9282,0,None,Low
9281,0,None,Low
9240,0,None,Low
9243,0,None,Low
9241,0,None,Low
9244,0,None,Low
9242,0,None,Low
9245,0,None,Low
9239,0,None,Low
9283,0,None,Low
9286,0,None,Low
9284,0,None,Low
9285,0,None,Low
9198,0,None,Low
9194,0,None,Low
9196,0,None,Low
9195,0,None,Low
9197,0,None,Low
9233,0,None,Low
9215,0,None,Low
9214,0,None,Low
9213,0,None,Low
9223,0,None,Low
9227,0,None,Low
9222,0,None,Low
9224,0,None,Low
9225,0,None,Low
9226,0,None,Low
9232,0,None,Low
9199,0,None,Low
9202,0,None,Low
9201,0,None,Low
9200,0,None,Low
9203,0,None,Low
9185,0,None,Low
9187,0,None,Low
9184,0,None,Low
9188,0,None,Low
9186,0,None,Low
9183,0,None,Low
9189,0,None,Low
9192,0,None,Low
9191,0,None,Low
9190,0,None,Low
9193,0,None,Low
9236,0,None,Low
9230,0,None,Low
9209,0,None,Low
9212,0,None,Low
9235,0,None,Low
9211,0,None,Low
9210,0,None,Low
9229,0,None,Low
9231,0,None,Low
9228,0,None,Low
9206,0,None,Low
9208,0,None,Low
9234,0,None,Low
9205,0,None,Low
9204,0,None,Low
9207,0,None,Low
9238,0,None,Low
9237,0,None,Low
9217,0,None,Low
9216,0,None,Low
9177,0,None,Low
9180,0,None,Low
9178,0,None,Low
9181,0,None,Low
9179,0,None,Low
9182,0,None,Low
9176,0,None,Low
9218,0,None,Low
9221,0,None,Low
9219,0,None,Low
9220,0,None,Low
9133,0,None,Low
9129,0,None,Low
9131,0,None,Low
9130,0,None,Low
9132,0,None,Low
9170,0,None,Low
9152,0,None,Low
9151,0,None,Low
9150,0,None,Low
9160,0,None,Low
9164,0,None,Low
9159,0,None,Low
9161,0,None,Low
9162,0,None,Low
9163,0,None,Low
9169,0,None,Low
9136,0,None,Low
9139,0,None,Low
9135,0,None,Low
9134,0,None,Low
9138,0,None,Low
9137,0,None,Low
9140,0,None,Low
9120,0,None,Low
9122,0,None,Low
9119,0,None,Low
9123,0,None,Low
9121,0,None,Low
9118,0,None,Low
9124,0,None,Low
9127,0,None,Low
9126,0,None,Low
9125,0,None,Low
9128,0,None,Low
9173,0,None,Low
9167,0,None,Low
9146,0,None,Low
9149,0,None,Low
9172,0,None,Low
9148,0,None,Low
9147,0,None,Low
9166,0,None,Low
9168,0,None,Low
9165,0,None,Low
9143,0,None,Low
9145,0,None,Low
9171,0,None,Low
9142,0,None,Low
9141,0,None,Low
9144,0,None,Low
9175,0,None,Low
9174,0,None,Low
9154,0,None,Low
9153,0,None,Low
9112,0,None,Low
9115,0,None,Low
9113,0,None,Low
9116,0,None,Low
9114,0,None,Low
9117,0,None,Low
9111,0,None,Low
9155,0,None,Low
9158,0,None,Low
9156,0,None,Low
9157,0,None,Low
9069,0,None,Low
9065,0,None,Low
9067,0,None,Low
9066,0,None,Low
9068,0,None,Low
9106,0,None,Low
9088,0,None,Low
9087,0,None,Low
9086,0,None,Low
9096,0,None,Low
9100,0,None,Low
9095,0,None,Low
9097,0,None,Low
9098,0,None,Low
9099,0,None,Low
9105,0,None,Low
9072,0,None,Low
9075,0,None,Low
9071,0,None,Low
9070,0,None,Low
9074,0,None,Low
9073,0,None,Low
9076,0,None,Low
9056,0,None,Low
9058,0,None,Low
9055,0,None,Low
9059,0,None,Low
9057,0,None,Low
9054,0,None,Low
9060,0,None,Low
9063,0,None,Low
9062,0,None,Low
9061,0,None,Low
9064,0,None,Low
9109,0,None,Low
9103,0,None,Low
9082,0,None,Low
9085,0,None,Low
9108,0,None,Low
9084,0,None,Low
9083,0,None,Low
9102,0,None,Low
9104,0,None,Low
9101,0,None,Low
9079,0,None,Low
9081,0,None,Low
9107,0,None,Low
9078,0,None,Low
9077,0,None,Low
9080,0,None,Low
9110,0,None,Low
9090,0,None,Low
9089,0,None,Low
9048,0,None,Low
9051,0,None,Low
9049,0,None,Low
9052,0,None,Low
9050,0,None,Low
9053,0,None,Low
9047,0,None,Low
9091,0,None,Low
9094,0,None,Low
9092,0,None,Low
9093,0,None,Low
9004,0,None,Low
9000,0,None,Low
9002,0,None,Low
9001,0,None,Low
9003,0,None,Low
9041,0,None,Low
9023,0,None,Low
9022,0,None,Low
9021,0,None,Low
9031,0,None,Low
9035,0,None,Low
9030,0,None,Low
9032,0,None,Low
9033,0,None,Low
9034,0,None,Low
9040,0,None,Low
9007,0,None,Low
9010,0,None,Low
9006,0,None,Low
9005,0,None,Low
9009,0,None,Low
9008,0,None,Low
9011,0,None,Low
8991,0,None,Low
8993,0,None,Low
8990,0,None,Low
8994,0,None,Low
8992,0,None,Low
8989,0,None,Low
8995,0,None,Low
8998,0,None,Low
8997,0,None,Low
8996,0,None,Low
8999,0,None,Low
9044,0,None,Low
9038,0,None,Low
9017,0,None,Low
9020,0,None,Low
9043,0,None,Low
9019,0,None,Low
9018,0,None,Low
9037,0,None,Low
9039,0,None,Low
9036,0,None,Low
9014,0,None,Low
9016,0,None,Low
9042,0,None,Low
9013,0,None,Low
9012,0,None,Low
9015,0,None,Low
9046,0,None,Low
9045,0,None,Low
9025,0,None,Low
9024,0,None,Low
8983,0,None,Low
8986,0,None,Low
8984,0,None,Low
8987,0,None,Low
8985,0,None,Low
8988,0,None,Low
8982,0,None,Low
9026,0,None,Low
9029,0,None,Low
9027,0,None,Low
9028,0,None,Low
8939,0,None,Low
8935,0,None,Low
8937,0,None,Low
8936,0,None,Low
8938,0,None,Low
8976,0,None,Low
8958,0,None,Low
8957,0,None,Low
8956,0,None,Low
8966,0,None,Low
8970,0,None,Low
8965,0,None,Low
8967,0,None,Low
8968,0,None,Low
8969,0,None,Low
8975,0,None,Low
8942,0,None,Low
8945,0,None,Low
8941,0,None,Low
8940,0,None,Low
8944,0,None,Low
8943,0,None,Low
8946,0,None,Low
8926,0,None,Low
8928,0,None,Low
8925,0,None,Low
8929,0,None,Low
8927,0,None,Low
8924,0,None,Low
8930,0,None,Low
8933,0,None,Low
8932,0,None,Low
8931,0,None,Low
8934,0,None,Low
8979,0,None,Low
8973,0,None,Low
8952,0,None,Low
8955,0,None,Low
8978,0,None,Low
8954,0,None,Low
8953,0,None,Low
8972,0,None,Low
8974,0,None,Low
8971,0,None,Low
8949,0,None,Low
8951,0,None,Low
8977,0,None,Low
8948,0,None,Low
8947,0,None,Low
8950,0,None,Low
8981,0,None,Low
8980,0,None,Low
8960,0,None,Low
8959,0,None,Low
8918,0,None,Low
8921,0,None,Low
8919,0,None,Low
8922,0,None,Low
8920,0,None,Low
8923,0,None,Low
8917,0,None,Low
8961,0,None,Low
8964,0,None,Low
8962,0,None,Low
8963,0,None,Low
8874,0,None,Low
8870,0,None,Low
8872,0,None,Low
8871,0,None,Low
8873,0,None,Low
8911,0,None,Low
8893,0,None,Low
8892,0,None,Low
8891,0,None,Low
8901,0,None,Low
8905,0,None,Low
8900,0,None,Low
8902,0,None,Low
8903,0,None,Low
8904,0,None,Low
8910,0,None,Low
8877,0,None,Low
8880,0,None,Low
8876,0,None,Low
8875,0,None,Low
8879,0,None,Low
8878,0,None,Low
8881,0,None,Low
8861,0,None,Low
8863,0,None,Low
8860,0,None,Low
8864,0,None,Low
8862,0,None,Low
8859,0,None,Low
8865,0,None,Low
8868,0,None,Low
8867,0,None,Low
8866,0,None,Low
8869,0,None,Low
8914,0,None,Low
8908,0,None,Low
8887,0,None,Low
8890,0,None,Low
8913,0,None,Low
8889,0,None,Low
8888,0,None,Low
8907,0,None,Low
8909,0,None,Low
8906,0,None,Low
8884,0,None,Low
8886,0,None,Low
8912,0,None,Low
8883,0,None,Low
8882,0,None,Low
8885,0,None,Low
8916,0,None,Low
8915,0,None,Low
8895,0,None,Low
8894,0,None,Low
8853,0,None,Low
8856,0,None,Low
8854,0,None,Low
8857,0,None,Low
8855,0,None,Low
8858,0,None,Low
8852,0,None,Low
8896,0,None,Low
8899,0,None,Low
8897,0,None,Low
8898,0,None,Low
8809,0,None,Low
8805,0,None,Low
8807,0,None,Low
8806,0,None,Low
8808,0,None,Low
8846,0,None,Low
8828,0,None,Low
8827,0,None,Low
8826,0,None,Low
8836,0,None,Low
8840,0,None,Low
8835,0,None,Low
8837,0,None,Low
8838,0,None,Low
8839,0,None,Low
8845,0,None,Low
8812,0,None,Low
8815,0,None,Low
8811,0,None,Low
8810,0,None,Low
8814,0,None,Low
8813,0,None,Low
8816,0,None,Low
8796,0,None,Low
8798,0,None,Low
8795,0,None,Low
8799,0,None,Low
8797,0,None,Low
8794,0,None,Low
8800,0,None,Low
8803,0,None,Low
8802,0,None,Low
8801,0,None,Low
8804,0,None,Low
8849,0,None,Low
8843,0,None,Low
8822,0,None,Low
8825,0,None,Low
8848,0,None,Low
8824,0,None,Low
8823,0,None,Low
8842,0,None,Low
8844,0,None,Low
8841,0,None,Low
8819,0,None,Low
8821,0,None,Low
8847,0,None,Low
8818,0,None,Low
8817,0,None,Low
8820,0,None,Low
8851,0,None,Low
8850,0,None,Low
8830,0,None,Low
8829,0,None,Low
8788,0,None,Low
8791,0,None,Low
8789,0,None,Low
8792,0,None,Low
8790,0,None,Low
8793,0,None,Low
8787,0,None,Low
8831,0,None,Low
8834,0,None,Low
8832,0,None,Low
8833,0,None,Low
8744,0,None,Low
8740,0,None,Low
8742,0,None,Low
8741,0,None,Low
8743,0,None,Low
8781,0,None,Low
8763,0,None,Low
8762,0,None,Low
8761,0,None,Low
8771,0,None,Low
8775,0,None,Low
8770,0,None,Low
8772,0,None,Low
8773,0,None,Low
8774,0,None,Low
8780,0,None,Low
8747,0,None,Low
8750,0,None,Low
8746,0,None,Low
8745,0,None,Low
8749,0,None,Low
8748,0,None,Low
8751,0,None,Low
8731,0,None,Low
8733,0,None,Low
8730,0,None,Low
8734,0,None,Low
8732,0,None,Low
8729,0,None,Low
8735,0,None,Low
8738,0,None,Low
8737,0,None,Low
8736,0,None,Low
8739,0,None,Low
8784,0,None,Low
8778,0,None,Low
8757,0,None,Low
8760,0,None,Low
8783,0,None,Low
8759,0,None,Low
8758,0,None,Low
8777,0,None,Low
8779,0,None,Low
8776,0,None,Low
8754,0,None,Low
8756,0,None,Low
8782,0,None,Low
8753,0,None,Low
8752,0,None,Low
8755,0,None,Low
8786,0,None,Low
8785,0,None,Low
8765,0,None,Low
8764,0,None,Low
8723,0,None,Low
8726,0,None,Low
8724,0,None,Low
8727,0,None,Low
8725,0,None,Low
8728,0,None,Low
8722,0,None,Low
8766,0,None,Low
8769,0,None,Low
8767,0,None,Low
8768,0,None,Low
8679,0,None,Low
8675,0,None,Low
8677,0,None,Low
8676,0,None,Low
8678,0,None,Low
8716,0,None,Low
8698,0,None,Low
8697,0,None,Low
8696,0,None,Low
8706,0,None,Low
8710,0,None,Low
8705,0,None,Low
8707,0,None,Low
8708,0,None,Low
8709,0,None,Low
8715,0,None,Low
8682,0,None,Low
8685,0,None,Low
8681,0,None,Low
8680,0,None,Low
8684,0,None,Low
8683,0,None,Low
8686,0,None,Low
8666,0,None,Low
8668,0,None,Low
8665,0,None,Low
8669,0,None,Low
8667,0,None,Low
8664,0,None,Low
8670,0,None,Low
8673,0,None,Low
8672,0,None,Low
8671,0,None,Low
8674,0,None,Low
8719,0,None,Low
8713,0,None,Low
8692,0,None,Low
8695,0,None,Low
8718,0,None,Low
8694,0,None,Low
8693,0,None,Low
8712,0,None,Low
8714,0,None,Low
8711,0,None,Low
8689,0,None,Low
8691,0,None,Low
8717,0,None,Low
8688,0,None,Low
8687,0,None,Low
8690,0,None,Low
8721,0,None,Low
8720,0,None,Low
8700,0,None,Low
8699,0,None,Low
8658,0,None,Low
8661,0,None,Low
8659,0,None,Low
8662,0,None,Low
8660,0,None,Low
8663,0,None,Low
8657,0,None,Low
8701,0,None,Low
8704,0,None,Low
8702,0,None,Low
8703,0,None,Low
8616,0,None,Low
8612,0,None,Low
8614,0,None,Low
8613,0,None,Low
8615,0,None,Low
8651,0,None,Low
8633,0,None,Low
8632,0,None,Low
8631,0,None,Low
8641,0,None,Low
8645,0,None,Low
8640,0,None,Low
8642,0,None,Low
8643,0,None,Low
8644,0,None,Low
8650,0,None,Low
8619,0,None,Low
8620,0,None,Low
8618,0,None,Low
8617,0,None,Low
8621,0,None,Low
8603,0,None,Low
8605,0,None,Low
8602,0,None,Low
8606,0,None,Low
8604,0,None,Low
8601,0,None,Low
8607,0,None,Low
8610,0,None,Low
8609,0,None,Low
8608,0,None,Low
8611,0,None,Low
8654,0,None,Low
8648,0,None,Low
8627,0,None,Low
8630,0,None,Low
8653,0,None,Low
8629,0,None,Low
8628,0,None,Low
8647,0,None,Low
8649,0,None,Low
8646,0,None,Low
8624,0,None,Low
8626,0,None,Low
8652,0,None,Low
8623,0,None,Low
8622,0,None,Low
8625,0,None,Low
8656,0,None,Low
8655,0,None,Low
8635,0,None,Low
8634,0,None,Low
8596,0,None,Low
8599,0,None,Low
8597,0,None,Low
8598,0,None,Low
8600,0,None,Low
8595,0,None,Low
8636,0,None,Low
8639,0,None,Low
8637,0,None,Low
8638,0,None,Low
8558,0,None,Low
8554,0,None,Low
8556,0,None,Low
8555,0,None,Low
8557,0,None,Low
8590,0,None,Low
8574,0,None,Low
8573,0,None,Low
8584,0,None,Low
8581,0,None,Low
8582,0,None,Low
8583,0,None,Low
8589,0,None,Low
8562,0,None,Low
8560,0,None,Low
8559,0,None,Low
8561,0,None,Low
8563,0,None,Low
8545,0,None,Low
8547,0,None,Low
8544,0,None,Low
8548,0,None,Low
8546,0,None,Low
8543,0,None,Low
8549,0,None,Low
8552,0,None,Low
8551,0,None,Low
8550,0,None,Low
8553,0,None,Low
8593,0,None,Low
8587,0,None,Low
8569,0,None,Low
8572,0,None,Low
8592,0,None,Low
8571,0,None,Low
8570,0,None,Low
8586,0,None,Low
8588,0,None,Low
8585,0,None,Low
8566,0,None,Low
8568,0,None,Low
8591,0,None,Low
8565,0,None,Low
8564,0,None,Low
8567,0,None,Low
8594,0,None,Low
8576,0,None,Low
8575,0,None,Low
8537,0,None,Low
8540,0,None,Low
8538,0,None,Low
8541,0,None,Low
8539,0,None,Low
8542,0,None,Low
8577,0,None,Low
8580,0,None,Low
8578,0,None,Low
8579,0,None,Low
8501,0,None,Low
8499,0,None,Low
8498,0,None,Low
8500,0,None,Low
8531,0,None,Low
8518,0,None,Low
8517,0,None,Low
8516,0,None,Low
8522,0,None,Low
8525,0,None,Low
8521,0,None,Low
8523,0,None,Low
8524,0,None,Low
8530,0,None,Low
8503,0,None,Low
8506,0,None,Low
8502,0,None,Low
8505,0,None,Low
8504,0,None,Low
8489,0,None,Low
8491,0,None,Low
8488,0,None,Low
8492,0,None,Low
8490,0,None,Low
8487,0,None,Low
8493,0,None,Low
8496,0,None,Low
8495,0,None,Low
8494,0,None,Low
8497,0,None,Low
8534,0,None,Low
8528,0,None,Low
8512,0,None,Low
8515,0,None,Low
8533,0,None,Low
8514,0,None,Low
8513,0,None,Low
8527,0,None,Low
8529,0,None,Low
8526,0,None,Low
8509,0,None,Low
8511,0,None,Low
8532,0,None,Low
8508,0,None,Low
8507,0,None,Low
8510,0,None,Low
8536,0,None,Low
8535,0,None,Low
8481,0,None,Low
8484,0,None,Low
8482,0,None,Low
8485,0,None,Low
8483,0,None,Low
8486,0,None,Low
8480,0,None,Low
8520,0,None,Low
8519,0,None,Low
8438,0,None,Low
8436,0,None,Low
8437,0,None,Low
8474,0,None,Low
8456,0,None,Low
8455,0,None,Low
8454,0,None,Low
8464,0,None,Low
8468,0,None,Low
8463,0,None,Low
8465,0,None,Low
8466,0,None,Low
8467,0,None,Low
8473,0,None,Low
8440,0,None,Low
8443,0,None,Low
8439,0,None,Low
8442,0,None,Low
8441,0,None,Low
8444,0,None,Low
8428,0,None,Low
8429,0,None,Low
8427,0,None,Low
8430,0,None,Low
8426,0,None,Low
8431,0,None,Low
8434,0,None,Low
8433,0,None,Low
8432,0,None,Low
8435,0,None,Low
8477,0,None,Low
8471,0,None,Low
8450,0,None,Low
8453,0,None,Low
8476,0,None,Low
8452,0,None,Low
8451,0,None,Low
8470,0,None,Low
8472,0,None,Low
8469,0,None,Low
8447,0,None,Low
8449,0,None,Low
8475,0,None,Low
8446,0,None,Low
8445,0,None,Low
8448,0,None,Low
8479,0,None,Low
8478,0,None,Low
8458,0,None,Low
8457,0,None,Low
8420,0,None,Low
8423,0,None,Low
8421,0,None,Low
8424,0,None,Low
8422,0,None,Low
8425,0,None,Low
8419,0,None,Low
8459,0,None,Low
8462,0,None,Low
8460,0,None,Low
8461,0,None,Low
8378,0,None,Low
8374,0,None,Low
8376,0,None,Low
8375,0,None,Low
8377,0,None,Low
8414,0,None,Low
8396,0,None,Low
8395,0,None,Low
8394,0,None,Low
8404,0,None,Low
8408,0,None,Low
8403,0,None,Low
8405,0,None,Low
8406,0,None,Low
8407,0,None,Low
8413,0,None,Low
8383,0,None,Low
8380,0,None,Low
8379,0,None,Low
8382,0,None,Low
8381,0,None,Low
8384,0,None,Low
8365,0,None,Low
8367,0,None,Low
8364,0,None,Low
8368,0,None,Low
8366,0,None,Low
8363,0,None,Low
8369,0,None,Low
8372,0,None,Low
8371,0,None,Low
8370,0,None,Low
8373,0,None,Low
8417,0,None,Low
8411,0,None,Low
8390,0,None,Low
8393,0,None,Low
8416,0,None,Low
8392,0,None,Low
8391,0,None,Low
8410,0,None,Low
8412,0,None,Low
8409,0,None,Low
8387,0,None,Low
8389,0,None,Low
8415,0,None,Low
8386,0,None,Low
8385,0,None,Low
8388,0,None,Low
8418,0,None,Low
8398,0,None,Low
8397,0,None,Low
8357,0,None,Low
8360,0,None,Low
8358,0,None,Low
8361,0,None,Low
8359,0,None,Low
8362,0,None,Low
8356,0,None,Low
8399,0,None,Low
8402,0,None,Low
8400,0,None,Low
8401,0,None,Low
8313,0,None,Low
8309,0,None,Low
8311,0,None,Low
8310,0,None,Low
8312,0,None,Low
8350,0,None,Low
8332,0,None,Low
8331,0,None,Low
8330,0,None,Low
8340,0,None,Low
8344,0,None,Low
8339,0,None,Low
8341,0,None,Low
8342,0,None,Low
8343,0,None,Low
8349,0,None,Low
8316,0,None,Low
8319,0,None,Low
8315,0,None,Low
8314,0,None,Low
8318,0,None,Low
8317,0,None,Low
8320,0,None,Low
8300,0,None,Low
8302,0,None,Low
8299,0,None,Low
8303,0,None,Low
8301,0,None,Low
8298,0,None,Low
8304,0,None,Low
8307,0,None,Low
8306,0,None,Low
8305,0,None,Low
8308,0,None,Low
8353,0,None,Low
8347,0,None,Low
8326,0,None,Low
8329,0,None,Low
8352,0,None,Low
8328,0,None,Low
8327,0,None,Low
8346,0,None,Low
8348,0,None,Low
8345,0,None,Low
8323,0,None,Low
8325,0,None,Low
8351,0,None,Low
8322,0,None,Low
8321,0,None,Low
8324,0,None,Low
8355,0,None,Low
8354,0,None,Low
8334,0,None,Low
8333,0,None,Low
8292,0,None,Low
8295,0,None,Low
8293,0,None,Low
8296,0,None,Low
8294,0,None,Low
8297,0,None,Low
8291,0,None,Low
8335,0,None,Low
8338,0,None,Low
8336,0,None,Low
8337,0,None,Low
8248,0,None,Low
8244,0,None,Low
8246,0,None,Low
8245,0,None,Low
8247,0,None,Low
8285,0,None,Low
8267,0,None,Low
8266,0,None,Low
8265,0,None,Low
8275,0,None,Low
8279,0,None,Low
8274,0,None,Low
8276,0,None,Low
8277,0,None,Low
8278,0,None,Low
8284,0,None,Low
8251,0,None,Low
8254,0,None,Low
8250,0,None,Low
8249,0,None,Low
8253,0,None,Low
8252,0,None,Low
8255,0,None,Low
8235,0,None,Low
8237,0,None,Low
8234,0,None,Low
8238,0,None,Low
8236,0,None,Low
8233,0,None,Low
8239,0,None,Low
8242,0,None,Low
8241,0,None,Low
8240,0,None,Low
8243,0,None,Low
8288,0,None,Low
8282,0,None,Low
8261,0,None,Low
8264,0,None,Low
8287,0,None,Low
8263,0,None,Low
8262,0,None,Low
8281,0,None,Low
8283,0,None,Low
8280,0,None,Low
8258,0,None,Low
8260,0,None,Low
8286,0,None,Low
8257,0,None,Low
8256,0,None,Low
8259,0,None,Low
8290,0,None,Low
8289,0,None,Low
8269,0,None,Low
8268,0,None,Low
8227,0,None,Low
8230,0,None,Low
8228,0,None,Low
8231,0,None,Low
8229,0,None,Low
8232,0,None,Low
8226,0,None,Low
8270,0,None,Low
8273,0,None,Low
8271,0,None,Low
8272,0,None,Low
8183,0,None,Low
8179,0,None,Low
8181,0,None,Low
8180,0,None,Low
8182,0,None,Low
8220,0,None,Low
8202,0,None,Low
8201,0,None,Low
8200,0,None,Low
8210,0,None,Low
8214,0,None,Low
8209,0,None,Low
8211,0,None,Low
8212,0,None,Low
8213,0,None,Low
8219,0,None,Low
8186,0,None,Low
8189,0,None,Low
8185,0,None,Low
8184,0,None,Low
8188,0,None,Low
8187,0,None,Low
8190,0,None,Low
8170,0,None,Low
8172,0,None,Low
8169,0,None,Low
8173,0,None,Low
8171,0,None,Low
8168,0,None,Low
8174,0,None,Low
8177,0,None,Low
8176,0,None,Low
8175,0,None,Low
8178,0,None,Low
8223,0,None,Low
8217,0,None,Low
8196,0,None,Low
8199,0,None,Low
8222,0,None,Low
8198,0,None,Low
8197,0,None,Low
8216,0,None,Low
8218,0,None,Low
8215,0,None,Low
8193,0,None,Low
8195,0,None,Low
8221,0,None,Low
8192,0,None,Low
8191,0,None,Low
8194,0,None,Low
8225,0,None,Low
8224,0,None,Low
8204,0,None,Low
8203,0,None,Low
8162,0,None,Low
8165,0,None,Low
8163,0,None,Low
8166,0,None,Low
8164,0,None,Low
8167,0,None,Low
8161,0,None,Low
8205,0,None,Low
8208,0,None,Low
8206,0,None,Low
8207,0,None,Low
8118,0,None,Low
8114,0,None,Low
8116,0,None,Low
8115,0,None,Low
8117,0,None,Low
8155,0,None,Low
8137,0,None,Low
8136,0,None,Low
8135,0,None,Low
8145,0,None,Low
8149,0,None,Low
8144,0,None,Low
8146,0,None,Low
8147,0,None,Low
8148,0,None,Low
8154,0,None,Low
8121,0,None,Low
8124,0,None,Low
8120,0,None,Low
8119,0,None,Low
8123,0,None,Low
8122,0,None,Low
8125,0,None,Low
8105,0,None,Low
8107,0,None,Low
8104,0,None,Low
8108,0,None,Low
8106,0,None,Low
8103,0,None,Low
8109,0,None,Low
8112,0,None,Low
8111,0,None,Low
8110,0,None,Low
8113,0,None,Low
8158,0,None,Low
8152,0,None,Low
8131,0,None,Low
8134,0,None,Low
8157,0,None,Low
8133,0,None,Low
8132,0,None,Low
8151,0,None,Low
8153,0,None,Low
8150,0,None,Low
8128,0,None,Low
8130,0,None,Low
8156,0,None,Low
8127,0,None,Low
8126,0,None,Low
8129,0,None,Low
8160,0,None,Low
8159,0,None,Low
8139,0,None,Low
8138,0,None,Low
8097,0,None,Low
8100,0,None,Low
8098,0,None,Low
8101,0,None,Low
8099,0,None,Low
8102,0,None,Low
8096,0,None,Low
8140,0,None,Low
8143,0,None,Low
8141,0,None,Low
8142,0,None,Low
8053,0,None,Low
8049,0,None,Low
8051,0,None,Low
8050,0,None,Low
8052,0,None,Low
8090,0,None,Low
8072,0,None,Low
8071,0,None,Low
8070,0,None,Low
8080,0,None,Low
8084,0,None,Low
8079,0,None,Low
8081,0,None,Low
8082,0,None,Low
8083,0,None,Low
8089,0,None,Low
8056,0,None,Low
8059,0,None,Low
8055,0,None,Low
8054,0,None,Low
8058,0,None,Low
8057,0,None,Low
8060,0,None,Low
8040,0,None,Low
8042,0,None,Low
8039,0,None,Low
8043,0,None,Low
8041,0,None,Low
8038,0,None,Low
8044,0,None,Low
8047,0,None,Low
8046,0,None,Low
8045,0,None,Low
8048,0,None,Low
8093,0,None,Low
8087,0,None,Low
8066,0,None,Low
8069,0,None,Low
8092,0,None,Low
8068,0,None,Low
8067,0,None,Low
8086,0,None,Low
8088,0,None,Low
8085,0,None,Low
8063,0,None,Low
8065,0,None,Low
8091,0,None,Low
8062,0,None,Low
8061,0,None,Low
8064,0,None,Low
8095,0,None,Low
8094,0,None,Low
8074,0,None,Low
8073,0,None,Low
8032,0,None,Low
8035,0,None,Low
8033,0,None,Low
8036,0,None,Low
8034,0,None,Low
8037,0,None,Low
8031,0,None,Low
8075,0,None,Low
8078,0,None,Low
8076,0,None,Low
8077,0,None,Low
7988,0,None,Low
7984,0,None,Low
7986,0,None,Low
7985,0,None,Low
7987,0,None,Low
8025,0,None,Low
8007,0,None,Low
8006,0,None,Low
8005,0,None,Low
8015,0,None,Low
8019,0,None,Low
8014,0,None,Low
8016,0,None,Low
8017,0,None,Low
8018,0,None,Low
8024,0,None,Low
7991,0,None,Low
7994,0,None,Low
7990,0,None,Low
7989,0,None,Low
7993,0,None,Low
7992,0,None,Low
7995,0,None,Low
7982,0,None,Low
7981,0,None,Low
7983,0,None,Low
8028,0,None,Low
8022,0,None,Low
8001,0,None,Low
8004,0,None,Low
8027,0,None,Low
8003,0,None,Low
8002,0,None,Low
8021,0,None,Low
8023,0,None,Low
8020,0,None,Low
7998,0,None,Low
8000,0,None,Low
8026,0,None,Low
7997,0,None,Low
7996,0,None,Low
7999,0,None,Low
8030,0,None,Low
8029,0,None,Low
8009,0,None,Low
8008,0,None,Low
8010,0,None,Low
8013,0,None,Low
8011,0,None,Low
8012,0,None,Low
7939,0,None,Low
7935,0,None,Low
7937,0,None,Low
7936,0,None,Low
7938,0,None,Low
7975,0,None,Low
7958,0,None,Low
7957,0,None,Low
7956,0,None,Low
7966,0,None,Low
7969,0,None,Low
7965,0,None,Low
7967,0,None,Low
7968,0,None,Low
7974,0,None,Low
7942,0,None,Low
7945,0,None,Low
7941,0,None,Low
7940,0,None,Low
7944,0,None,Low
7943,0,None,Low
7946,0,None,Low
7926,0,None,Low
7928,0,None,Low
7925,0,None,Low
7929,0,None,Low
7927,0,None,Low
7924,0,None,Low
7930,0,None,Low
7933,0,None,Low
7932,0,None,Low
7931,0,None,Low
7934,0,None,Low
7978,0,None,Low
7972,0,None,Low
7952,0,None,Low
7955,0,None,Low
7977,0,None,Low
7954,0,None,Low
7953,0,None,Low
7971,0,None,Low
7973,0,None,Low
7970,0,None,Low
7949,0,None,Low
7951,0,None,Low
7976,0,None,Low
7948,0,None,Low
7947,0,None,Low
7950,0,None,Low
7980,0,None,Low
7979,0,None,Low
7960,0,None,Low
7959,0,None,Low
7918,0,None,Low
7921,0,None,Low
7919,0,None,Low
7922,0,None,Low
7920,0,None,Low
7923,0,None,Low
7917,0,None,Low
7961,0,None,Low
7964,0,None,Low
7962,0,None,Low
7963,0,None,Low
7874,0,None,Low
7870,0,None,Low
7872,0,None,Low
7871,0,None,Low
7873,0,None,Low
7911,0,None,Low
7893,0,None,Low
7892,0,None,Low
7891,0,None,Low
7901,0,None,Low
7905,0,None,Low
7900,0,None,Low
7902,0,None,Low
7903,0,None,Low
7904,0,None,Low
7910,0,None,Low
7877,0,None,Low
7880,0,None,Low
7876,0,None,Low
7875,0,None,Low
7879,0,None,Low
7878,0,None,Low
7881,0,None,Low
7861,0,None,Low
7863,0,None,Low
7860,0,None,Low
7864,0,None,Low
7862,0,None,Low
7859,0,None,Low
7865,0,None,Low
7868,0,None,Low
7867,0,None,Low
7866,0,None,Low
7869,0,None,Low
7914,0,None,Low
7908,0,None,Low
7887,0,None,Low
7890,0,None,Low
7913,0,None,Low
7889,0,None,Low
7888,0,None,Low
7907,0,None,Low
7909,0,None,Low
7906,0,None,Low
7884,0,None,Low
7886,0,None,Low
7912,0,None,Low
7883,0,None,Low
7882,0,None,Low
7885,0,None,Low
7916,0,None,Low
7915,0,None,Low
7895,0,None,Low
7894,0,None,Low
7853,0,None,Low
7856,0,None,Low
7854,0,None,Low
7857,0,None,Low
7855,0,None,Low
7858,0,None,Low
7852,0,None,Low
7896,0,None,Low
7899,0,None,Low
7897,0,None,Low
7898,0,None,Low
7809,0,None,Low
7805,0,None,Low
7807,0,None,Low
7806,0,None,Low
7808,0,None,Low
7846,0,None,Low
7828,0,None,Low
7827,0,None,Low
7826,0,None,Low
7836,0,None,Low
7840,0,None,Low
7835,0,None,Low
7837,0,None,Low
7838,0,None,Low
7839,0,None,Low
7845,0,None,Low
7812,0,None,Low
7815,0,None,Low
7811,0,None,Low
7810,0,None,Low
7814,0,None,Low
7813,0,None,Low
7816,0,None,Low
7796,0,None,Low
7798,0,None,Low
7795,0,None,Low
7799,0,None,Low
7797,0,None,Low
7794,0,None,Low
7800,0,None,Low
7803,0,None,Low
7802,0,None,Low
7801,0,None,Low
7804,0,None,Low
7849,0,None,Low
7843,0,None,Low
7822,0,None,Low
7825,0,None,Low
7848,0,None,Low
7824,0,None,Low
7823,0,None,Low
7842,0,None,Low
7844,0,None,Low
7841,0,None,Low
7819,0,None,Low
7821,0,None,Low
7847,0,None,Low
7818,0,None,Low
7817,0,None,Low
7820,0,None,Low
7851,0,None,Low
7850,0,None,Low
7830,0,None,Low
7829,0,None,Low
7788,0,None,Low
7791,0,None,Low
7789,0,None,Low
7792,0,None,Low
7790,0,None,Low
7793,0,None,Low
7787,0,None,Low
7831,0,None,Low
7834,0,None,Low
7832,0,None,Low
7833,0,None,Low
7744,0,None,Low
7740,0,None,Low
7742,0,None,Low
7741,0,None,Low
7743,0,None,Low
7781,0,None,Low
7763,0,None,Low
7762,0,None,Low
7761,0,None,Low
7771,0,None,Low
7775,0,None,Low
7770,0,None,Low
7772,0,None,Low
7773,0,None,Low
7774,0,None,Low
7780,0,None,Low
7747,0,None,Low
7750,0,None,Low
7746,0,None,Low
7745,0,None,Low
7749,0,None,Low
7748,0,None,Low
7751,0,None,Low
7731,0,None,Low
7733,0,None,Low
7730,0,None,Low
7734,0,None,Low
7732,0,None,Low
7729,0,None,Low
7735,0,None,Low
7738,0,None,Low
7737,0,None,Low
7736,0,None,Low
7739,0,None,Low
7784,0,None,Low
7778,0,None,Low
7757,0,None,Low
7760,0,None,Low
7783,0,None,Low
7759,0,None,Low
7758,0,None,Low
7777,0,None,Low
7779,0,None,Low
7776,0,None,Low
7754,0,None,Low
7756,0,None,Low
7782,0,None,Low
7753,0,None,Low
7752,0,None,Low
7755,0,None,Low
7786,0,None,Low
7785,0,None,Low
7765,0,None,Low
7764,0,None,Low
7723,0,None,Low
7726,0,None,Low
7724,0,None,Low
7727,0,None,Low
7725,0,None,Low
7728,0,None,Low
7722,0,None,Low
7766,0,None,Low
7769,0,None,Low
7767,0,None,Low
7768,0,None,Low
7679,0,None,Low
7675,0,None,Low
7677,0,None,Low
7676,0,None,Low
7678,0,None,Low
7716,0,None,Low
7698,0,None,Low
7697,0,None,Low
7696,0,None,Low
7706,0,None,Low
7710,0,None,Low
7705,0,None,Low
7707,0,None,Low
7708,0,None,Low
7709,0,None,Low
7715,0,None,Low
7682,0,None,Low
7685,0,None,Low
7681,0,None,Low
7680,0,None,Low
7684,0,None,Low
7683,0,None,Low
7686,0,None,Low
7666,0,None,Low
7668,0,None,Low
7665,0,None,Low
7669,0,None,Low
7667,0,None,Low
7664,0,None,Low
7670,0,None,Low
7673,0,None,Low
7672,0,None,Low
7671,0,None,Low
7674,0,None,Low
7719,0,None,Low
7713,0,None,Low
7692,0,None,Low
7695,0,None,Low
7718,0,None,Low
7694,0,None,Low
7693,0,None,Low
7712,0,None,Low
7714,0,None,Low
7711,0,None,Low
7689,0,None,Low
7691,0,None,Low
7717,0,None,Low
7688,0,None,Low
7687,0,None,Low
7690,0,None,Low
7721,0,None,Low
7720,0,None,Low
7700,0,None,Low
7699,0,None,Low
7658,0,None,Low
7661,0,None,Low
7659,0,None,Low
7662,0,None,Low
7660,0,None,Low
7663,0,None,Low
7657,0,None,Low
7701,0,None,Low
7704,0,None,Low
7702,0,None,Low
7703,0,None,Low
7614,0,None,Low
7610,0,None,Low
7612,0,None,Low
7611,0,None,Low
7613,0,None,Low
7651,0,None,Low
7633,0,None,Low
7632,0,None,Low
7631,0,None,Low
7641,0,None,Low
7645,0,None,Low
7640,0,None,Low
7642,0,None,Low
7643,0,None,Low
7644,0,None,Low
7650,0,None,Low
7617,0,None,Low
7620,0,None,Low
7616,0,None,Low
7615,0,None,Low
7619,0,None,Low
7618,0,None,Low
7621,0,None,Low
7601,0,None,Low
7603,0,None,Low
7600,0,None,Low
7604,0,None,Low
7602,0,None,Low
7599,0,None,Low
7605,0,None,Low
7608,0,None,Low
7607,0,None,Low
7606,0,None,Low
7609,0,None,Low
7654,0,None,Low
7648,0,None,Low
7627,0,None,Low
7630,0,None,Low
7653,0,None,Low
7629,0,None,Low
7628,0,None,Low
7647,0,None,Low
7649,0,None,Low
7646,0,None,Low
7624,0,None,Low
7626,0,None,Low
7652,0,None,Low
7623,0,None,Low
7622,0,None,Low
7625,0,None,Low
7656,0,None,Low
7655,0,None,Low
7635,0,None,Low
7634,0,None,Low
7593,0,None,Low
7596,0,None,Low
7594,0,None,Low
7597,0,None,Low
7595,0,None,Low
7598,0,None,Low
7592,0,None,Low
7636,0,None,Low
7639,0,None,Low
7637,0,None,Low
7638,0,None,Low
7549,0,None,Low
7545,0,None,Low
7547,0,None,Low
7546,0,None,Low
7548,0,None,Low
7586,0,None,Low
7568,0,None,Low
7567,0,None,Low
7566,0,None,Low
7576,0,None,Low
7580,0,None,Low
7575,0,None,Low
7577,0,None,Low
7578,0,None,Low
7579,0,None,Low
7585,0,None,Low
7552,0,None,Low
7555,0,None,Low
7551,0,None,Low
7550,0,None,Low
7554,0,None,Low
7553,0,None,Low
7556,0,None,Low
7536,0,None,Low
7538,0,None,Low
7535,0,None,Low
7539,0,None,Low
7537,0,None,Low
7534,0,None,Low
7540,0,None,Low
7543,0,None,Low
7542,0,None,Low
7541,0,None,Low
7544,0,None,Low
7589,0,None,Low
7583,0,None,Low
7562,0,None,Low
7565,0,None,Low
7588,0,None,Low
7564,0,None,Low
7563,0,None,Low
7582,0,None,Low
7584,0,None,Low
7581,0,None,Low
7559,0,None,Low
7561,0,None,Low
7587,0,None,Low
7558,0,None,Low
7557,0,None,Low
7560,0,None,Low
7591,0,None,Low
7590,0,None,Low
7570,0,None,Low
7569,0,None,Low
7528,0,None,Low
7531,0,None,Low
7529,0,None,Low
7532,0,None,Low
7530,0,None,Low
7533,0,None,Low
7527,0,None,Low
7571,0,None,Low
7574,0,None,Low
7572,0,None,Low
7573,0,None,Low
7484,0,None,Low
7480,0,None,Low
7482,0,None,Low
7481,0,None,Low
7483,0,None,Low
7521,0,None,Low
7503,0,None,Low
7502,0,None,Low
7501,0,None,Low
7511,0,None,Low
7515,0,None,Low
7510,0,None,Low
7512,0,None,Low
7513,0,None,Low
7514,0,None,Low
7520,0,None,Low
7487,0,None,Low
7490,0,None,Low
7486,0,None,Low
7485,0,None,Low
7489,0,None,Low
7488,0,None,Low
7491,0,None,Low
7471,0,None,Low
7473,0,None,Low
7470,0,None,Low
7474,0,None,Low
7472,0,None,Low
7469,0,None,Low
7475,0,None,Low
7478,0,None,Low
7477,0,None,Low
7476,0,None,Low
7479,0,None,Low
7524,0,None,Low
7518,0,None,Low
7497,0,None,Low
7500,0,None,Low
7523,0,None,Low
7499,0,None,Low
7498,0,None,Low
7517,0,None,Low
7519,0,None,Low
7516,0,None,Low
7494,0,None,Low
7496,0,None,Low
7522,0,None,Low
7493,0,None,Low
7492,0,None,Low
7495,0,None,Low
7526,0,None,Low
7525,0,None,Low
7505,0,None,Low
7504,0,None,Low
7467,0,None,Low
7468,0,None,Low
7506,0,None,Low
7509,0,None,Low
7507,0,None,Low
7508,0,None,Low
7424,0,None,Low
7420,0,None,Low
7422,0,None,Low
7421,0,None,Low
7423,0,None,Low
7461,0,None,Low
7443,0,None,Low
7442,0,None,Low
7441,0,None,Low
7451,0,None,Low
7455,0,None,Low
7450,0,None,Low
7452,0,None,Low
7453,0,None,Low
7454,0,None,Low
7460,0,None,Low
7427,0,None,Low
7430,0,None,Low
7426,0,None,Low
7425,0,None,Low
7429,0,None,Low
7428,0,None,Low
7431,0,None,Low
7411,0,None,Low
7413,0,None,Low
7410,0,None,Low
7414,0,None,Low
7412,0,None,Low
7409,0,None,Low
7415,0,None,Low
7418,0,None,Low
7417,0,None,Low
7416,0,None,Low
7419,0,None,Low
7464,0,None,Low
7458,0,None,Low
7437,0,None,Low
7440,0,None,Low
7463,0,None,Low
7439,0,None,Low
7438,0,None,Low
7457,0,None,Low
7459,0,None,Low
7456,0,None,Low
7434,0,None,Low
7436,0,None,Low
7462,0,None,Low
7433,0,None,Low
7432,0,None,Low
7435,0,None,Low
7466,0,None,Low
7465,0,None,Low
7445,0,None,Low
7444,0,None,Low
7403,0,None,Low
7406,0,None,Low
7404,0,None,Low
7407,0,None,Low
7405,0,None,Low
7408,0,None,Low
7402,0,None,Low
7446,0,None,Low
7449,0,None,Low
7447,0,None,Low
7448,0,None,Low
7359,0,None,Low
7355,0,None,Low
7357,0,None,Low
7356,0,None,Low
7358,0,None,Low
7396,0,None,Low
7378,0,None,Low
7377,0,None,Low
7376,0,None,Low
7386,0,None,Low
7390,0,None,Low
7385,0,None,Low
7387,0,None,Low
7388,0,None,Low
7389,0,None,Low
7395,0,None,Low
7362,0,None,Low
7365,0,None,Low
7361,0,None,Low
7360,0,None,Low
7364,0,None,Low
7363,0,None,Low
7366,0,None,Low
7346,0,None,Low
7348,0,None,Low
7345,0,None,Low
7349,0,None,Low
7347,0,None,Low
7344,0,None,Low
7350,0,None,Low
7353,0,None,Low
7352,0,None,Low
7351,0,None,Low
7354,0,None,Low
7399,0,None,Low
7393,0,None,Low
7372,0,None,Low
7375,0,None,Low
7398,0,None,Low
7374,0,None,Low
7373,0,None,Low
7392,0,None,Low
7394,0,None,Low
7391,0,None,Low
7369,0,None,Low
7371,0,None,Low
7397,0,None,Low
7368,0,None,Low
7367,0,None,Low
7370,0,None,Low
7401,0,None,Low
7400,0,None,Low
7380,0,None,Low
7379,0,None,Low
7338,0,None,Low
7341,0,None,Low
7339,0,None,Low
7342,0,None,Low
7340,0,None,Low
7343,0,None,Low
7337,0,None,Low
7381,0,None,Low
7384,0,None,Low
7382,0,None,Low
7383,0,None,Low
7294,0,None,Low
7290,0,None,Low
7292,0,None,Low
7291,0,None,Low
7293,0,None,Low
7331,0,None,Low
7313,0,None,Low
7312,0,None,Low
7311,0,None,Low
7321,0,None,Low
7325,0,None,Low
7320,0,None,Low
7322,0,None,Low
7323,0,None,Low
7324,0,None,Low
7330,0,None,Low
7297,0,None,Low
7300,0,None,Low
7296,0,None,Low
7295,0,None,Low
7299,0,None,Low
7298,0,None,Low
7301,0,None,Low
7281,0,None,Low
7283,0,None,Low
7280,0,None,Low
7284,0,None,Low
7282,0,None,Low
7279,0,None,Low
7285,0,None,Low
7288,0,None,Low
7287,0,None,Low
7286,0,None,Low
7289,0,None,Low
7334,0,None,Low
7328,0,None,Low
7307,0,None,Low
7310,0,None,Low
7333,0,None,Low
7309,0,None,Low
7308,0,None,Low
7327,0,None,Low
7329,0,None,Low
7326,0,None,Low
7304,0,None,Low
7306,0,None,Low
7332,0,None,Low
7303,0,None,Low
7302,0,None,Low
7305,0,None,Low
7336,0,None,Low
7335,0,None,Low
7315,0,None,Low
7314,0,None,Low
7273,0,None,Low
7276,0,None,Low
7274,0,None,Low
7277,0,None,Low
7275,0,None,Low
7278,0,None,Low
7272,0,None,Low
7316,0,None,Low
7319,0,None,Low
7317,0,None,Low
7318,0,None,Low
7229,0,None,Low
7225,0,None,Low
7227,0,None,Low
7226,0,None,Low
7228,0,None,Low
7266,0,None,Low
7248,0,None,Low
7247,0,None,Low
7246,0,None,Low
7256,0,None,Low
7260,0,None,Low
7255,0,None,Low
7257,0,None,Low
7258,0,None,Low
7259,0,None,Low
7265,0,None,Low
7232,0,None,Low
7235,0,None,Low
7231,0,None,Low
7230,0,None,Low
7234,0,None,Low
7233,0,None,Low
7236,0,None,Low
7216,0,None,Low
7218,0,None,Low
7215,0,None,Low
7219,0,None,Low
7217,0,None,Low
7214,0,None,Low
7220,0,None,Low
7223,0,None,Low
7222,0,None,Low
7221,0,None,Low
7224,0,None,Low
7269,0,None,Low
7263,0,None,Low
7242,0,None,Low
7245,0,None,Low
7268,0,None,Low
7244,0,None,Low
7243,0,None,Low
7262,0,None,Low
7264,0,None,Low
7261,0,None,Low
7239,0,None,Low
7241,0,None,Low
7267,0,None,Low
7238,0,None,Low
7237,0,None,Low
7240,0,None,Low
7271,0,None,Low
7270,0,None,Low
7250,0,None,Low
7249,0,None,Low
7208,0,None,Low
7211,0,None,Low
7209,0,None,Low
7212,0,None,Low
7210,0,None,Low
7213,0,None,Low
7207,0,None,Low
7251,0,None,Low
7254,0,None,Low
7252,0,None,Low
7253,0,None,Low
7164,0,None,Low
7160,0,None,Low
7162,0,None,Low
7161,0,None,Low
7163,0,None,Low
7201,0,None,Low
7183,0,None,Low
7182,0,None,Low
7181,0,None,Low
7191,0,None,Low
7195,0,None,Low
7190,0,None,Low
7192,0,None,Low
7193,0,None,Low
7194,0,None,Low
7200,0,None,Low
7167,0,None,Low
7170,0,None,Low
7166,0,None,Low
7165,0,None,Low
7169,0,None,Low
7168,0,None,Low
7171,0,None,Low
7151,0,None,Low
7153,0,None,Low
7150,0,None,Low
7154,0,None,Low
7152,0,None,Low
7149,0,None,Low
7155,0,None,Low
7158,0,None,Low
7157,0,None,Low
7156,0,None,Low
7159,0,None,Low
7204,0,None,Low
7198,0,None,Low
7177,0,None,Low
7180,0,None,Low
7203,0,None,Low
7179,0,None,Low
7178,0,None,Low
7197,0,None,Low
7199,0,None,Low
7196,0,None,Low
7174,0,None,Low
7176,0,None,Low
7202,0,None,Low
7173,0,None,Low
7172,0,None,Low
7175,0,None,Low
7206,0,None,Low
7205,0,None,Low
7185,0,None,Low
7184,0,None,Low
7143,0,None,Low
7146,0,None,Low
7144,0,None,Low
7147,0,None,Low
7145,0,None,Low
7148,0,None,Low
7142,0,None,Low
7186,0,None,Low
7189,0,None,Low
7187,0,None,Low
7188,0,None,Low
7099,0,None,Low
7095,0,None,Low
7097,0,None,Low
7096,0,None,Low
7098,0,None,Low
7136,0,None,Low
7118,0,None,Low
7117,0,None,Low
7116,0,None,Low
7126,0,None,Low
7130,0,None,Low
7125,0,None,Low
7127,0,None,Low
7128,0,None,Low
7129,0,None,Low
7135,0,None,Low
7102,0,None,Low
7105,0,None,Low
7101,0,None,Low
7100,0,None,Low
7104,0,None,Low
7103,0,None,Low
7106,0,None,Low
7086,0,None,Low
7088,0,None,Low
7085,0,None,Low
7089,0,None,Low
7087,0,None,Low
7084,0,None,Low
7090,0,None,Low
7093,0,None,Low
7092,0,None,Low
7091,0,None,Low
7094,0,None,Low
7139,0,None,Low
7133,0,None,Low
7112,0,None,Low
7115,0,None,Low
7138,0,None,Low
7114,0,None,Low
7113,0,None,Low
7132,0,None,Low
7134,0,None,Low
7131,0,None,Low
7109,0,None,Low
7111,0,None,Low
7137,0,None,Low
7108,0,None,Low
7107,0,None,Low
7110,0,None,Low
7141,0,None,Low
7140,0,None,Low
7120,0,None,Low
7119,0,None,Low
7082,0,None,Low
7083,0,None,Low
7121,0,None,Low
7124,0,None,Low
7122,0,None,Low
7123,0,None,Low
7039,0,None,Low
7035,0,None,Low
7037,0,None,Low
7036,0,None,Low
7038,0,None,Low
7076,0,None,Low
7058,0,None,Low
7057,0,None,Low
7056,0,None,Low
7066,0,None,Low
7070,0,None,Low
7065,0,None,Low
7067,0,None,Low
7068,0,None,Low
7069,0,None,Low
7075,0,None,Low
7042,0,None,Low
7045,0,None,Low
7041,0,None,Low
7040,0,None,Low
7044,0,None,Low
7043,0,None,Low
7046,0,None,Low
7026,0,None,Low
7028,0,None,Low
7025,0,None,Low
7029,0,None,Low
7027,0,None,Low
7024,0,None,Low
7030,0,None,Low
7033,0,None,Low
7032,0,None,Low
7031,0,None,Low
7034,0,None,Low
7079,0,None,Low
7073,0,None,Low
7052,0,None,Low
7055,0,None,Low
7078,0,None,Low
7054,0,None,Low
7053,0,None,Low
7072,0,None,Low
7074,0,None,Low
7071,0,None,Low
7049,0,None,Low
7051,0,None,Low
7077,0,None,Low
7048,0,None,Low
7047,0,None,Low
7050,0,None,Low
7081,0,None,Low
7080,0,None,Low
7060,0,None,Low
7059,0,None,Low
7018,0,None,Low
7021,0,None,Low
7019,0,None,Low
7022,0,None,Low
7020,0,None,Low
7023,0,None,Low
7061,0,None,Low
7064,0,None,Low
7062,0,None,Low
7063,0,None,Low
6990,0,None,Low
6986,0,None,Low
6988,0,None,Low
6987,0,None,Low
6989,0,None,Low
7009,0,None,Low
7008,0,None,Low
7007,0,None,Low
7017,0,None,Low
7016,0,None,Low
6993,0,None,Low
6996,0,None,Low
6992,0,None,Low
6991,0,None,Low
6995,0,None,Low
6994,0,None,Low
6997,0,None,Low
6977,0,None,Low
6979,0,None,Low
6976,0,None,Low
6980,0,None,Low
6978,0,None,Low
6975,0,None,Low
6981,0,None,Low
6984,0,None,Low
6983,0,None,Low
6982,0,None,Low
6985,0,None,Low
7003,0,None,Low
7006,0,None,Low
7005,0,None,Low
7004,0,None,Low
7000,0,None,Low
7002,0,None,Low
6999,0,None,Low
6998,0,None,Low
7001,0,None,Low
7011,0,None,Low
7010,0,None,Low
6969,0,None,Low
6972,0,None,Low
6970,0,None,Low
6973,0,None,Low
6971,0,None,Low
6974,0,None,Low
6968,0,None,Low
7012,0,None,Low
7015,0,None,Low
7013,0,None,Low
7014,0,None,Low
6925,0,None,Low
6921,0,None,Low
6923,0,None,Low
6922,0,None,Low
6924,0,None,Low
6962,0,None,Low
6944,0,None,Low
6943,0,None,Low
6942,0,None,Low
6952,0,None,Low
6956,0,None,Low
6951,0,None,Low
6953,0,None,Low
6954,0,None,Low
6955,0,None,Low
6961,0,None,Low
6928,0,None,Low
6931,0,None,Low
6927,0,None,Low
6926,0,None,Low
6930,0,None,Low
6929,0,None,Low
6932,0,None,Low
6912,0,None,Low
6914,0,None,Low
6911,0,None,Low
6915,0,None,Low
6913,0,None,Low
6910,0,None,Low
6916,0,None,Low
6919,0,None,Low
6918,0,None,Low
6917,0,None,Low
6920,0,None,Low
6965,0,None,Low
6959,0,None,Low
6938,0,None,Low
6941,0,None,Low
6964,0,None,Low
6940,0,None,Low
6939,0,None,Low
6958,0,None,Low
6960,0,None,Low
6957,0,None,Low
6935,0,None,Low
6937,0,None,Low
6963,0,None,Low
6934,0,None,Low
6933,0,None,Low
6936,0,None,Low
6967,0,None,Low
6966,0,None,Low
6946,0,None,Low
6945,0,None,Low
6904,0,None,Low
6907,0,None,Low
6905,0,None,Low
6908,0,None,Low
6906,0,None,Low
6909,0,None,Low
6903,0,None,Low
6947,0,None,Low
6950,0,None,Low
6948,0,None,Low
6949,0,None,Low
6860,0,None,Low
6856,0,None,Low
6858,0,None,Low
6857,0,None,Low
6859,0,None,Low
6897,0,None,Low
6879,0,None,Low
6878,0,None,Low
6877,0,None,Low
6887,0,None,Low
6891,0,None,Low
6886,0,None,Low
6888,0,None,Low
6889,0,None,Low
6890,0,None,Low
6896,0,None,Low
6863,0,None,Low
6866,0,None,Low
6862,0,None,Low
6861,0,None,Low
6865,0,None,Low
6864,0,None,Low
6867,0,None,Low
6848,0,None,Low
6850,0,None,Low
6847,0,None,Low
6849,0,None,Low
6846,0,None,Low
6851,0,None,Low
6854,0,None,Low
6853,0,None,Low
6852,0,None,Low
6855,0,None,Low
6900,0,None,Low
6894,0,None,Low
6873,0,None,Low
6876,0,None,Low
6899,0,None,Low
6875,0,None,Low
6874,0,None,Low
6893,0,None,Low
6895,0,None,Low
6892,0,None,Low
6870,0,None,Low
6872,0,None,Low
6898,0,None,Low
6869,0,None,Low
6868,0,None,Low
6871,0,None,Low
6902,0,None,Low
6901,0,None,Low
6881,0,None,Low
6880,0,None,Low
6840,0,None,Low
6843,0,None,Low
6841,0,None,Low
6844,0,None,Low
6842,0,None,Low
6845,0,None,Low
6839,0,None,Low
6882,0,None,Low
6885,0,None,Low
6883,0,None,Low
6884,0,None,Low
6832,1,Heavy Commercial Activity,High
6831,1,Heavy Commercial Activity,High
6830,1,Heavy Commercial Activity,High
6826,1,Heavy Commercial Activity,High
6829,1,Heavy Commercial Activity,High
6828,1,Heavy Commercial Activity,High
6827,1,Heavy Commercial Activity,High
6825,1,Heavy Commercial Activity,High
6824,1,Heavy Commercial Activity,High
6834,1,Heavy Commercial Activity,High
6833,1,Heavy Commercial Activity,High
6835,1,Heavy Commercial Activity,High
6838,1,Heavy Commercial Activity,High
6836,1,Heavy Commercial Activity,High
6837,1,Heavy Commercial Activity,High
6794,1,Heavy Commercial Activity,High
6790,1,Heavy Commercial Activity,High
6792,1,Heavy Commercial Activity,High
6791,1,Heavy Commercial Activity,High
6793,1,Heavy Commercial Activity,High
6813,1,Heavy Commercial Activity,High
6812,1,Heavy Commercial Activity,High
6811,1,Heavy Commercial Activity,High
6821,1,Heavy Commercial Activity,High
6820,1,Heavy Commercial Activity,High
6822,1,Heavy Commercial Activity,High
6823,1,Heavy Commercial Activity,High
6797,1,Heavy Commercial Activity,High
6800,1,Heavy Commercial Activity,High
6796,1,Heavy Commercial Activity,High
6795,1,Heavy Commercial Activity,High
6799,1,Heavy Commercial Activity,High
6798,1,Heavy Commercial Activity,High
6801,1,Heavy Commercial Activity,High
6781,1,Heavy Commercial Activity,High
6783,1,Heavy Commercial Activity,High
6780,1,Heavy Commercial Activity,High
6784,1,Heavy Commercial Activity,High
6782,1,Heavy Commercial Activity,High
6779,1,Heavy Commercial Activity,High
6785,1,Heavy Commercial Activity,High
6788,1,Heavy Commercial Activity,High
6787,1,Heavy Commercial Activity,High
6786,1,Heavy Commercial Activity,High
6789,1,Heavy Commercial Activity,High
6807,1,Heavy Commercial Activity,High
6810,1,Heavy Commercial Activity,High
6809,1,Heavy Commercial Activity,High
6808,1,Heavy Commercial Activity,High
6804,1,Heavy Commercial Activity,High
6806,1,Heavy Commercial Activity,High
6803,1,Heavy Commercial Activity,High
6802,1,Heavy Commercial Activity,High
6805,1,Heavy Commercial Activity,High
6815,1,Heavy Commercial Activity,High
6814,1,Heavy Commercial Activity,High
6773,1,Heavy Commercial Activity,High
6776,1,Heavy Commercial Activity,High
6774,1,Heavy Commercial Activity,High
6777,1,Heavy Commercial Activity,High
6775,1,Heavy Commercial Activity,High
6778,1,Heavy Commercial Activity,High
6772,1,Heavy Commercial Activity,High
6816,1,Heavy Commercial Activity,High
6819,1,Heavy Commercial Activity,High
6817,1,Heavy Commercial Activity,High
6818,1,Heavy Commercial Activity,High
6729,1,Heavy Commercial Activity,High
6725,1,Heavy Commercial Activity,High
6727,1,Heavy Commercial Activity,High
6726,1,Heavy Commercial Activity,High
6728,1,Heavy Commercial Activity,High
6766,1,Heavy Commercial Activity,High
6748,1,Heavy Commercial Activity,High
6747,1,Heavy Commercial Activity,High
6746,1,Heavy Commercial Activity,High
6756,1,Heavy Commercial Activity,High
6760,1,Heavy Commercial Activity,High
6755,1,Heavy Commercial Activity,High
6757,1,Heavy Commercial Activity,High
6758,1,Heavy Commercial Activity,High
6759,1,Heavy Commercial Activity,High
6765,1,Heavy Commercial Activity,High
6732,1,Heavy Commercial Activity,High
6735,1,Heavy Commercial Activity,High
6731,1,Heavy Commercial Activity,High
6730,1,Heavy Commercial Activity,High
6734,1,Heavy Commercial Activity,High
6733,1,Heavy Commercial Activity,High
6736,1,Heavy Commercial Activity,High
6716,1,Heavy Commercial Activity,High
6718,1,Heavy Commercial Activity,High
6715,1,Heavy Commercial Activity,High
6719,1,Heavy Commercial Activity,High
6717,1,Heavy Commercial Activity,High
6714,1,Heavy Commercial Activity,High
6720,1,Heavy Commercial Activity,High
6723,1,Heavy Commercial Activity,High
6722,1,Heavy Commercial Activity,High
6721,1,Heavy Commercial Activity,High
6724,1,Heavy Commercial Activity,High
6769,1,Heavy Commercial Activity,High
6763,1,Heavy Commercial Activity,High
6742,1,Heavy Commercial Activity,High
6745,1,Heavy Commercial Activity,High
6768,1,Heavy Commercial Activity,High
6744,1,Heavy Commercial Activity,High
6743,1,Heavy Commercial Activity,High
6762,1,Heavy Commercial Activity,High
6764,1,Heavy Commercial Activity,High
6761,1,Heavy Commercial Activity,High
6739,1,Heavy Commercial Activity,High
6741,1,Heavy Commercial Activity,High
6767,1,Heavy Commercial Activity,High
6738,1,Heavy Commercial Activity,High
6737,1,Heavy Commercial Activity,High
6740,1,Heavy Commercial Activity,High
6771,1,Heavy Commercial Activity,High
6770,1,Heavy Commercial Activity,High
6750,1,Heavy Commercial Activity,High
6749,1,Heavy Commercial Activity,High
6708,1,Heavy Commercial Activity,High
6711,1,Heavy Commercial Activity,High
6709,1,Heavy Commercial Activity,High
6712,1,Heavy Commercial Activity,High
6710,1,Heavy Commercial Activity,High
6713,1,Heavy Commercial Activity,High
6707,1,Heavy Commercial Activity,High
6751,1,Heavy Commercial Activity,High
6754,1,Heavy Commercial Activity,High
6752,1,Heavy Commercial Activity,High
6753,1,Heavy Commercial Activity,High
6666,1,Heavy Commercial Activity,High
6662,1,Heavy Commercial Activity,High
6664,1,Heavy Commercial Activity,High
6663,1,Heavy Commercial Activity,High
6665,1,Heavy Commercial Activity,High
6701,1,Heavy Commercial Activity,High
6685,1,Heavy Commercial Activity,High
6684,1,Heavy Commercial Activity,High
6683,1,Heavy Commercial Activity,High
6692,1,Heavy Commercial Activity,High
6696,1,Heavy Commercial Activity,High
6691,1,Heavy Commercial Activity,High
6693,1,Heavy Commercial Activity,High
6694,1,Heavy Commercial Activity,High
6695,1,Heavy Commercial Activity,High
6700,1,Heavy Commercial Activity,High
6669,1,Heavy Commercial Activity,High
6672,1,Heavy Commercial Activity,High
6668,1,Heavy Commercial Activity,High
6667,1,Heavy Commercial Activity,High
6671,1,Heavy Commercial Activity,High
6670,1,Heavy Commercial Activity,High
6673,1,Heavy Commercial Activity,High
6653,1,Heavy Commercial Activity,High
6655,1,Heavy Commercial Activity,High
6652,1,Heavy Commercial Activity,High
6656,1,Heavy Commercial Activity,High
6654,1,Heavy Commercial Activity,High
6651,1,Heavy Commercial Activity,High
6657,1,Heavy Commercial Activity,High
6660,1,Heavy Commercial Activity,High
6659,1,Heavy Commercial Activity,High
6658,1,Heavy Commercial Activity,High
6661,1,Heavy Commercial Activity,High
6704,1,Heavy Commercial Activity,High
6699,1,Heavy Commercial Activity,High
6679,1,Heavy Commercial Activity,High
6682,1,Heavy Commercial Activity,High
6703,1,Heavy Commercial Activity,High
6681,1,Heavy Commercial Activity,High
6680,1,Heavy Commercial Activity,High
6698,1,Heavy Commercial Activity,High
6697,1,Heavy Commercial Activity,High
6676,1,Heavy Commercial Activity,High
6678,1,Heavy Commercial Activity,High
6702,1,Heavy Commercial Activity,High
6675,1,Heavy Commercial Activity,High
6674,1,Heavy Commercial Activity,High
6677,1,Heavy Commercial Activity,High
6706,1,Heavy Commercial Activity,High
6705,1,Heavy Commercial Activity,High
6687,1,Heavy Commercial Activity,High
6686,1,Heavy Commercial Activity,High
6645,1,Heavy Commercial Activity,High
6648,1,Heavy Commercial Activity,High
6646,1,Heavy Commercial Activity,High
6649,1,Heavy Commercial Activity,High
6647,1,Heavy Commercial Activity,High
6650,1,Heavy Commercial Activity,High
6644,1,Heavy Commercial Activity,High
6688,1,Heavy Commercial Activity,High
6689,1,Heavy Commercial Activity,High
6690,1,Heavy Commercial Activity,High
6601,1,Heavy Commercial Activity,High
6597,1,Heavy Commercial Activity,High
6599,1,Heavy Commercial Activity,High
6598,1,Heavy Commercial Activity,High
6600,1,Heavy Commercial Activity,High
6638,1,Heavy Commercial Activity,High
6620,1,Heavy Commercial Activity,High
6619,1,Heavy Commercial Activity,High
6618,1,Heavy Commercial Activity,High
6628,1,Heavy Commercial Activity,High
6632,1,Heavy Commercial Activity,High
6627,1,Heavy Commercial Activity,High
6629,1,Heavy Commercial Activity,High
6630,1,Heavy Commercial Activity,High
6631,1,Heavy Commercial Activity,High
6637,1,Heavy Commercial Activity,High
6604,1,Heavy Commercial Activity,High
6607,1,Heavy Commercial Activity,High
6603,1,Heavy Commercial Activity,High
6602,1,Heavy Commercial Activity,High
6606,1,Heavy Commercial Activity,High
6605,1,Heavy Commercial Activity,High
6608,1,Heavy Commercial Activity,High
6588,1,Heavy Commercial Activity,High
6590,1,Heavy Commercial Activity,High
6587,1,Heavy Commercial Activity,High
6591,1,Heavy Commercial Activity,High
6589,1,Heavy Commercial Activity,High
6586,1,Heavy Commercial Activity,High
6592,1,Heavy Commercial Activity,High
6595,1,Heavy Commercial Activity,High
6594,1,Heavy Commercial Activity,High
6593,1,Heavy Commercial Activity,High
6596,1,Heavy Commercial Activity,High
6641,1,Heavy Commercial Activity,High
6635,1,Heavy Commercial Activity,High
6614,1,Heavy Commercial Activity,High
6617,1,Heavy Commercial Activity,High
6640,1,Heavy Commercial Activity,High
6616,1,Heavy Commercial Activity,High
6615,1,Heavy Commercial Activity,High
6634,1,Heavy Commercial Activity,High
6636,1,Heavy Commercial Activity,High
6633,1,Heavy Commercial Activity,High
6611,1,Heavy Commercial Activity,High
6613,1,Heavy Commercial Activity,High
6639,1,Heavy Commercial Activity,High
6610,1,Heavy Commercial Activity,High
6609,1,Heavy Commercial Activity,High
6612,1,Heavy Commercial Activity,High
6643,1,Heavy Commercial Activity,High
6642,1,Heavy Commercial Activity,High
6622,1,Heavy Commercial Activity,High
6621,1,Heavy Commercial Activity,High
6580,1,Heavy Commercial Activity,High
6583,1,Heavy Commercial Activity,High
6581,1,Heavy Commercial Activity,High
6584,1,Heavy Commercial Activity,High
6582,1,Heavy Commercial Activity,High
6585,1,Heavy Commercial Activity,High
6579,1,Heavy Commercial Activity,High
6623,1,Heavy Commercial Activity,High
6626,1,Heavy Commercial Activity,High
6624,1,Heavy Commercial Activity,High
6625,1,Heavy Commercial Activity,High
6536,1,Heavy Commercial Activity,High
6532,1,Heavy Commercial Activity,High
6534,1,Heavy Commercial Activity,High
6533,1,Heavy Commercial Activity,High
6535,1,Heavy Commercial Activity,High
6573,1,Heavy Commercial Activity,High
6555,1,Heavy Commercial Activity,High
6554,1,Heavy Commercial Activity,High
6553,1,Heavy Commercial Activity,High
6563,1,Heavy Commercial Activity,High
6567,1,Heavy Commercial Activity,High
6562,1,Heavy Commercial Activity,High
6564,1,Heavy Commercial Activity,High
6565,1,Heavy Commercial Activity,High
6566,1,Heavy Commercial Activity,High
6572,1,Heavy Commercial Activity,High
6539,1,Heavy Commercial Activity,High
6542,1,Heavy Commercial Activity,High
6538,1,Heavy Commercial Activity,High
6537,1,Heavy Commercial Activity,High
6541,1,Heavy Commercial Activity,High
6540,1,Heavy Commercial Activity,High
6543,1,Heavy Commercial Activity,High
6524,1,Heavy Commercial Activity,High
6526,1,Heavy Commercial Activity,High
6523,1,Heavy Commercial Activity,High
6527,1,Heavy Commercial Activity,High
6525,1,Heavy Commercial Activity,High
6522,1,Heavy Commercial Activity,High
6528,1,Heavy Commercial Activity,High
6531,1,Heavy Commercial Activity,High
6530,1,Heavy Commercial Activity,High
6529,1,Heavy Commercial Activity,High
6576,1,Heavy Commercial Activity,High
6570,1,Heavy Commercial Activity,High
6549,1,Heavy Commercial Activity,High
6552,1,Heavy Commercial Activity,High
6575,1,Heavy Commercial Activity,High
6551,1,Heavy Commercial Activity,High
6550,1,Heavy Commercial Activity,High
6569,1,Heavy Commercial Activity,High
6571,1,Heavy Commercial Activity,High
6568,1,Heavy Commercial Activity,High
6546,1,Heavy Commercial Activity,High
6548,1,Heavy Commercial Activity,High
6574,1,Heavy Commercial Activity,High
6545,1,Heavy Commercial Activity,High
6544,1,Heavy Commercial Activity,High
6547,1,Heavy Commercial Activity,High
6578,1,Heavy Commercial Activity,High
6577,1,Heavy Commercial Activity,High
6557,1,Heavy Commercial Activity,High
6556,1,Heavy Commercial Activity,High
6516,1,Heavy Commercial Activity,High
6519,1,Heavy Commercial Activity,High
6517,1,Heavy Commercial Activity,High
6520,1,Heavy Commercial Activity,High
6518,1,Heavy Commercial Activity,High
6521,1,Heavy Commercial Activity,High
6515,1,Heavy Commercial Activity,High
6558,1,Heavy Commercial Activity,High
6561,1,Heavy Commercial Activity,High
6559,1,Heavy Commercial Activity,High
6560,1,Heavy Commercial Activity,High
6472,1,Heavy Commercial Activity,High
6468,1,Heavy Commercial Activity,High
6470,1,Heavy Commercial Activity,High
6469,1,Heavy Commercial Activity,High
6471,1,Heavy Commercial Activity,High
6509,1,Heavy Commercial Activity,High
6491,1,Heavy Commercial Activity,High
6490,1,Heavy Commercial Activity,High
6489,1,Heavy Commercial Activity,High
6499,1,Heavy Commercial Activity,High
6503,1,Heavy Commercial Activity,High
6498,1,Heavy Commercial Activity,High
6500,1,Heavy Commercial Activity,High
6501,1,Heavy Commercial Activity,High
6502,1,Heavy Commercial Activity,High
6508,1,Heavy Commercial Activity,High
6475,1,Heavy Commercial Activity,High
6478,1,Heavy Commercial Activity,High
6474,1,Heavy Commercial Activity,High
6473,1,Heavy Commercial Activity,High
6477,1,Heavy Commercial Activity,High
6476,1,Heavy Commercial Activity,High
6479,1,Heavy Commercial Activity,High
6459,1,Heavy Commercial Activity,High
6461,1,Heavy Commercial Activity,High
6458,1,Heavy Commercial Activity,High
6462,1,Heavy Commercial Activity,High
6460,1,Heavy Commercial Activity,High
6457,1,Heavy Commercial Activity,High
6463,1,Heavy Commercial Activity,High
6466,1,Heavy Commercial Activity,High
6465,1,Heavy Commercial Activity,High
6464,1,Heavy Commercial Activity,High
6467,1,Heavy Commercial Activity,High
6512,1,Heavy Commercial Activity,High
6506,1,Heavy Commercial Activity,High
6485,1,Heavy Commercial Activity,High
6488,1,Heavy Commercial Activity,High
6511,1,Heavy Commercial Activity,High
6487,1,Heavy Commercial Activity,High
6486,1,Heavy Commercial Activity,High
6505,1,Heavy Commercial Activity,High
6507,1,Heavy Commercial Activity,High
6504,1,Heavy Commercial Activity,High
6482,1,Heavy Commercial Activity,High
6484,1,Heavy Commercial Activity,High
6510,1,Heavy Commercial Activity,High
6481,1,Heavy Commercial Activity,High
6480,1,Heavy Commercial Activity,High
6483,1,Heavy Commercial Activity,High
6514,1,Heavy Commercial Activity,High
6513,1,Heavy Commercial Activity,High
6493,1,Heavy Commercial Activity,High
6492,1,Heavy Commercial Activity,High
6451,1,Heavy Commercial Activity,High
6454,1,Heavy Commercial Activity,High
6452,1,Heavy Commercial Activity,High
6455,1,Heavy Commercial Activity,High
6453,1,Heavy Commercial Activity,High
6456,1,Heavy Commercial Activity,High
6450,1,Heavy Commercial Activity,High
6494,1,Heavy Commercial Activity,High
6497,1,Heavy Commercial Activity,High
6495,1,Heavy Commercial Activity,High
6496,1,Heavy Commercial Activity,High
6407,1,Heavy Commercial Activity,High
6403,1,Heavy Commercial Activity,High
6405,1,Heavy Commercial Activity,High
6404,1,Heavy Commercial Activity,High
6406,1,Heavy Commercial Activity,High
6444,1,Heavy Commercial Activity,High
6426,1,Heavy Commercial Activity,High
6425,1,Heavy Commercial Activity,High
6424,1,Heavy Commercial Activity,High
6434,1,Heavy Commercial Activity,High
6438,1,Heavy Commercial Activity,High
6433,1,Heavy Commercial Activity,High
6435,1,Heavy Commercial Activity,High
6436,1,Heavy Commercial Activity,High
6437,1,Heavy Commercial Activity,High
6443,1,Heavy Commercial Activity,High
6410,1,Heavy Commercial Activity,High
6413,1,Heavy Commercial Activity,High
6409,1,Heavy Commercial Activity,High
6408,1,Heavy Commercial Activity,High
6412,1,Heavy Commercial Activity,High
6411,1,Heavy Commercial Activity,High
6414,1,Heavy Commercial Activity,High
6394,1,Heavy Commercial Activity,High
6396,1,Heavy Commercial Activity,High
6393,1,Heavy Commercial Activity,High
6397,1,Heavy Commercial Activity,High
6395,1,Heavy Commercial Activity,High
6392,1,Heavy Commercial Activity,High
6398,1,Heavy Commercial Activity,High
6401,1,Heavy Commercial Activity,High
6400,1,Heavy Commercial Activity,High
6399,1,Heavy Commercial Activity,High
6402,1,Heavy Commercial Activity,High
6447,1,Heavy Commercial Activity,High
6441,1,Heavy Commercial Activity,High
6420,1,Heavy Commercial Activity,High
6423,1,Heavy Commercial Activity,High
6446,1,Heavy Commercial Activity,High
6422,1,Heavy Commercial Activity,High
6421,1,Heavy Commercial Activity,High
6440,1,Heavy Commercial Activity,High
6442,1,Heavy Commercial Activity,High
6439,1,Heavy Commercial Activity,High
6417,1,Heavy Commercial Activity,High
6419,1,Heavy Commercial Activity,High
6445,1,Heavy Commercial Activity,High
6416,1,Heavy Commercial Activity,High
6415,1,Heavy Commercial Activity,High
6418,1,Heavy Commercial Activity,High
6449,1,Heavy Commercial Activity,High
6448,1,Heavy Commercial Activity,High
6428,1,Heavy Commercial Activity,High
6427,1,Heavy Commercial Activity,High
6386,1,Heavy Commercial Activity,High
6389,1,Heavy Commercial Activity,High
6387,1,Heavy Commercial Activity,High
6390,1,Heavy Commercial Activity,High
6388,1,Heavy Commercial Activity,High
6391,1,Heavy Commercial Activity,High
6385,1,Heavy Commercial Activity,High
6429,1,Heavy Commercial Activity,High
6432,1,Heavy Commercial Activity,High
6430,1,Heavy Commercial Activity,High
6431,1,Heavy Commercial Activity,High
6342,1,Heavy Commercial Activity,High
6338,1,Heavy Commercial Activity,High
6340,1,Heavy Commercial Activity,High
6339,1,Heavy Commercial Activity,High
6341,1,Heavy Commercial Activity,High
6379,1,Heavy Commercial Activity,High
6361,1,Heavy Commercial Activity,High
6360,1,Heavy Commercial Activity,High
6359,1,Heavy Commercial Activity,High
6369,1,Heavy Commercial Activity,High
6373,1,Heavy Commercial Activity,High
6368,1,Heavy Commercial Activity,High
6370,1,Heavy Commercial Activity,High
6371,1,Heavy Commercial Activity,High
6372,1,Heavy Commercial Activity,High
6378,1,Heavy Commercial Activity,High
6345,1,Heavy Commercial Activity,High
6348,1,Heavy Commercial Activity,High
6344,1,Heavy Commercial Activity,High
6343,1,Heavy Commercial Activity,High
6347,1,Heavy Commercial Activity,High
6346,1,Heavy Commercial Activity,High
6349,1,Heavy Commercial Activity,High
6329,1,Heavy Commercial Activity,High
6331,1,Heavy Commercial Activity,High
6328,1,Heavy Commercial Activity,High
6332,1,Heavy Commercial Activity,High
6330,1,Heavy Commercial Activity,High
6327,1,Heavy Commercial Activity,High
6333,1,Heavy Commercial Activity,High
6336,1,Heavy Commercial Activity,High
6335,1,Heavy Commercial Activity,High
6334,1,Heavy Commercial Activity,High
6337,1,Heavy Commercial Activity,High
6382,1,Heavy Commercial Activity,High
6376,1,Heavy Commercial Activity,High
6355,1,Heavy Commercial Activity,High
6358,1,Heavy Commercial Activity,High
6381,1,Heavy Commercial Activity,High
6357,1,Heavy Commercial Activity,High
6356,1,Heavy Commercial Activity,High
6375,1,Heavy Commercial Activity,High
6377,1,Heavy Commercial Activity,High
6374,1,Heavy Commercial Activity,High
6352,1,Heavy Commercial Activity,High
6354,1,Heavy Commercial Activity,High
6380,1,Heavy Commercial Activity,High
6351,1,Heavy Commercial Activity,High
6350,1,Heavy Commercial Activity,High
6353,1,Heavy Commercial Activity,High
6384,1,Heavy Commercial Activity,High
6383,1,Heavy Commercial Activity,High
6363,1,Heavy Commercial Activity,High
6362,1,Heavy Commercial Activity,High
6321,1,Heavy Commercial Activity,High
6324,1,Heavy Commercial Activity,High
6322,1,Heavy Commercial Activity,High
6325,1,Heavy Commercial Activity,High
6323,1,Heavy Commercial Activity,High
6326,1,Heavy Commercial Activity,High
6320,1,Heavy Commercial Activity,High
6364,1,Heavy Commercial Activity,High
6367,1,Heavy Commercial Activity,High
6365,1,Heavy Commercial Activity,High
6366,1,Heavy Commercial Activity,High
6277,1,Heavy Commercial Activity,High
6273,1,Heavy Commercial Activity,High
6275,1,Heavy Commercial Activity,High
6274,1,Heavy Commercial Activity,High
6276,1,Heavy Commercial Activity,High
6314,1,Heavy Commercial Activity,High
6296,1,Heavy Commercial Activity,High
6295,1,Heavy Commercial Activity,High
6294,1,Heavy Commercial Activity,High
6304,1,Heavy Commercial Activity,High
6308,1,Heavy Commercial Activity,High
6303,1,Heavy Commercial Activity,High
6305,1,Heavy Commercial Activity,High
6306,1,Heavy Commercial Activity,High
6307,1,Heavy Commercial Activity,High
6313,1,Heavy Commercial Activity,High
6280,1,Heavy Commercial Activity,High
6283,1,Heavy Commercial Activity,High
6279,1,Heavy Commercial Activity,High
6278,1,Heavy Commercial Activity,High
6282,1,Heavy Commercial Activity,High
6281,1,Heavy Commercial Activity,High
6284,1,Heavy Commercial Activity,High
6264,1,Heavy Commercial Activity,High
6266,1,Heavy Commercial Activity,High
6263,1,Heavy Commercial Activity,High
6267,1,Heavy Commercial Activity,High
6265,1,Heavy Commercial Activity,High
6262,1,Heavy Commercial Activity,High
6268,1,Heavy Commercial Activity,High
6271,1,Heavy Commercial Activity,High
6270,1,Heavy Commercial Activity,High
6269,1,Heavy Commercial Activity,High
6272,1,Heavy Commercial Activity,High
6317,1,Heavy Commercial Activity,High
6311,1,Heavy Commercial Activity,High
6290,1,Heavy Commercial Activity,High
6293,1,Heavy Commercial Activity,High
6316,1,Heavy Commercial Activity,High
6292,1,Heavy Commercial Activity,High
6291,1,Heavy Commercial Activity,High
6310,1,Heavy Commercial Activity,High
6312,1,Heavy Commercial Activity,High
6309,1,Heavy Commercial Activity,High
6287,1,Heavy Commercial Activity,High
6289,1,Heavy Commercial Activity,High
6315,1,Heavy Commercial Activity,High
6286,1,Heavy Commercial Activity,High
6285,1,Heavy Commercial Activity,High
6288,1,Heavy Commercial Activity,High
6319,1,Heavy Commercial Activity,High
6318,1,Heavy Commercial Activity,High
6298,1,Heavy Commercial Activity,High
6297,1,Heavy Commercial Activity,High
6256,1,Heavy Commercial Activity,High
6259,1,Heavy Commercial Activity,High
6257,1,Heavy Commercial Activity,High
6260,1,Heavy Commercial Activity,High
6258,1,Heavy Commercial Activity,High
6261,1,Heavy Commercial Activity,High
6255,1,Heavy Commercial Activity,High
6299,1,Heavy Commercial Activity,High
6302,1,Heavy Commercial Activity,High
6300,1,Heavy Commercial Activity,High
6301,1,Heavy Commercial Activity,High
6212,1,Heavy Commercial Activity,High
6208,1,Heavy Commercial Activity,High
6210,1,Heavy Commercial Activity,High
6209,1,Heavy Commercial Activity,High
6211,1,Heavy Commercial Activity,High
6249,1,Heavy Commercial Activity,High
6231,1,Heavy Commercial Activity,High
6230,1,Heavy Commercial Activity,High
6229,1,Heavy Commercial Activity,High
6239,1,Heavy Commercial Activity,High
6243,1,Heavy Commercial Activity,High
6238,1,Heavy Commercial Activity,High
6240,1,Heavy Commercial Activity,High
6241,1,Heavy Commercial Activity,High
6242,1,Heavy Commercial Activity,High
6248,1,Heavy Commercial Activity,High
6215,1,Heavy Commercial Activity,High
6218,1,Heavy Commercial Activity,High
6214,1,Heavy Commercial Activity,High
6213,1,Heavy Commercial Activity,High
6217,1,Heavy Commercial Activity,High
6216,1,Heavy Commercial Activity,High
6219,1,Heavy Commercial Activity,High
6199,1,Heavy Commercial Activity,High
6201,1,Heavy Commercial Activity,High
6198,1,Heavy Commercial Activity,High
6202,1,Heavy Commercial Activity,High
6200,1,Heavy Commercial Activity,High
6197,1,Heavy Commercial Activity,High
6203,1,Heavy Commercial Activity,High
6206,1,Heavy Commercial Activity,High
6205,1,Heavy Commercial Activity,High
6204,1,Heavy Commercial Activity,High
6207,1,Heavy Commercial Activity,High
6252,1,Heavy Commercial Activity,High
6246,1,Heavy Commercial Activity,High
6225,1,Heavy Commercial Activity,High
6228,1,Heavy Commercial Activity,High
6251,1,Heavy Commercial Activity,High
6227,1,Heavy Commercial Activity,High
6226,1,Heavy Commercial Activity,High
6245,1,Heavy Commercial Activity,High
6247,1,Heavy Commercial Activity,High
6244,1,Heavy Commercial Activity,High
6222,1,Heavy Commercial Activity,High
6224,1,Heavy Commercial Activity,High
6250,1,Heavy Commercial Activity,High
6221,1,Heavy Commercial Activity,High
6220,1,Heavy Commercial Activity,High
6223,1,Heavy Commercial Activity,High
6254,1,Heavy Commercial Activity,High
6253,1,Heavy Commercial Activity,High
6233,1,Heavy Commercial Activity,High
6232,1,Heavy Commercial Activity,High
6191,1,Heavy Commercial Activity,High
6194,1,Heavy Commercial Activity,High
6192,1,Heavy Commercial Activity,High
6195,1,Heavy Commercial Activity,High
6193,1,Heavy Commercial Activity,High
6196,1,Heavy Commercial Activity,High
6190,1,Heavy Commercial Activity,High
6234,1,Heavy Commercial Activity,High
6237,1,Heavy Commercial Activity,High
6235,1,Heavy Commercial Activity,High
6236,1,Heavy Commercial Activity,High
6147,1,Heavy Commercial Activity,High
6143,1,Heavy Commercial Activity,High
6145,1,Heavy Commercial Activity,High
6144,1,Heavy Commercial Activity,High
6146,1,Heavy Commercial Activity,High
6184,1,Heavy Commercial Activity,High
6166,1,Heavy Commercial Activity,High
6165,1,Heavy Commercial Activity,High
6164,1,Heavy Commercial Activity,High
6174,1,Heavy Commercial Activity,High
6178,1,Heavy Commercial Activity,High
6173,1,Heavy Commercial Activity,High
6175,1,Heavy Commercial Activity,High
6176,1,Heavy Commercial Activity,High
6177,1,Heavy Commercial Activity,High
6183,1,Heavy Commercial Activity,High
6150,1,Heavy Commercial Activity,High
6153,1,Heavy Commercial Activity,High
6149,1,Heavy Commercial Activity,High
6148,1,Heavy Commercial Activity,High
6152,1,Heavy Commercial Activity,High
6151,1,Heavy Commercial Activity,High
6154,1,Heavy Commercial Activity,High
6134,1,Heavy Commercial Activity,High
6136,1,Heavy Commercial Activity,High
6133,1,Heavy Commercial Activity,High
6137,1,Heavy Commercial Activity,High
6135,1,Heavy Commercial Activity,High
6138,1,Heavy Commercial Activity,High
6141,1,Heavy Commercial Activity,High
6140,1,Heavy Commercial Activity,High
6139,1,Heavy Commercial Activity,High
6142,1,Heavy Commercial Activity,High
6187,1,Heavy Commercial Activity,High
6181,1,Heavy Commercial Activity,High
6160,1,Heavy Commercial Activity,High
6163,1,Heavy Commercial Activity,High
6186,1,Heavy Commercial Activity,High
6162,1,Heavy Commercial Activity,High
6161,1,Heavy Commercial Activity,High
6180,1,Heavy Commercial Activity,High
6182,1,Heavy Commercial Activity,High
6179,1,Heavy Commercial Activity,High
6157,1,Heavy Commercial Activity,High
6159,1,Heavy Commercial Activity,High
6185,1,Heavy Commercial Activity,High
6156,1,Heavy Commercial Activity,High
6155,1,Heavy Commercial Activity,High
6158,1,Heavy Commercial Activity,High
6189,1,Heavy Commercial Activity,High
6188,1,Heavy Commercial Activity,High
6168,1,Heavy Commercial Activity,High
6167,1,Heavy Commercial Activity,High
6169,1,Heavy Commercial Activity,High
6172,1,Heavy Commercial Activity,High
6170,1,Heavy Commercial Activity,High
6171,1,Heavy Commercial Activity,High
6090,1,Heavy Commercial Activity,High
6086,1,Heavy Commercial Activity,High
6088,1,Heavy Commercial Activity,High
6087,1,Heavy Commercial Activity,High
6089,1,Heavy Commercial Activity,High
6127,1,Heavy Commercial Activity,High
6109,1,Heavy Commercial Activity,High
6108,1,Heavy Commercial Activity,High
6107,1,Heavy Commercial Activity,High
6117,1,Heavy Commercial Activity,High
6121,1,Heavy Commercial Activity,High
6116,1,Heavy Commercial Activity,High
6118,1,Heavy Commercial Activity,High
6119,1,Heavy Commercial Activity,High
6120,1,Heavy Commercial Activity,High
6126,1,Heavy Commercial Activity,High
6093,1,Heavy Commercial Activity,High
6096,1,Heavy Commercial Activity,High
6092,1,Heavy Commercial Activity,High
6091,1,Heavy Commercial Activity,High
6095,1,Heavy Commercial Activity,High
6094,1,Heavy Commercial Activity,High
6097,1,Heavy Commercial Activity,High
6077,1,Heavy Commercial Activity,High
6079,1,Heavy Commercial Activity,High
6076,1,Heavy Commercial Activity,High
6080,1,Heavy Commercial Activity,High
6078,1,Heavy Commercial Activity,High
6075,1,Heavy Commercial Activity,High
6081,1,Heavy Commercial Activity,High
6084,1,Heavy Commercial Activity,High
6083,1,Heavy Commercial Activity,High
6082,1,Heavy Commercial Activity,High
6085,1,Heavy Commercial Activity,High
6130,1,Heavy Commercial Activity,High
6124,1,Heavy Commercial Activity,High
6103,1,Heavy Commercial Activity,High
6106,1,Heavy Commercial Activity,High
6129,1,Heavy Commercial Activity,High
6105,1,Heavy Commercial Activity,High
6104,1,Heavy Commercial Activity,High
6123,1,Heavy Commercial Activity,High
6125,1,Heavy Commercial Activity,High
6122,1,Heavy Commercial Activity,High
6100,1,Heavy Commercial Activity,High
6102,1,Heavy Commercial Activity,High
6128,1,Heavy Commercial Activity,High
6099,1,Heavy Commercial Activity,High
6098,1,Heavy Commercial Activity,High
6101,1,Heavy Commercial Activity,High
6132,1,Heavy Commercial Activity,High
6131,1,Heavy Commercial Activity,High
6111,1,Heavy Commercial Activity,High
6110,1,Heavy Commercial Activity,High
6069,1,Heavy Commercial Activity,High
6072,1,Heavy Commercial Activity,High
6070,1,Heavy Commercial Activity,High
6073,1,Heavy Commercial Activity,High
6071,1,Heavy Commercial Activity,High
6074,1,Heavy Commercial Activity,High
6068,1,Heavy Commercial Activity,High
6112,1,Heavy Commercial Activity,High
6115,1,Heavy Commercial Activity,High
6113,1,Heavy Commercial Activity,High
6114,1,Heavy Commercial Activity,High
6025,1,Heavy Commercial Activity,High
6021,1,Heavy Commercial Activity,High
6023,1,Heavy Commercial Activity,High
6022,1,Heavy Commercial Activity,High
6024,1,Heavy Commercial Activity,High
6062,1,Heavy Commercial Activity,High
6044,1,Heavy Commercial Activity,High
6043,1,Heavy Commercial Activity,High
6042,1,Heavy Commercial Activity,High
6052,1,Heavy Commercial Activity,High
6056,1,Heavy Commercial Activity,High
6051,1,Heavy Commercial Activity,High
6053,1,Heavy Commercial Activity,High
6054,1,Heavy Commercial Activity,High
6055,1,Heavy Commercial Activity,High
6061,1,Heavy Commercial Activity,High
6028,1,Heavy Commercial Activity,High
6031,1,Heavy Commercial Activity,High
6027,1,Heavy Commercial Activity,High
6026,1,Heavy Commercial Activity,High
6030,1,Heavy Commercial Activity,High
6029,1,Heavy Commercial Activity,High
6032,1,Heavy Commercial Activity,High
6012,1,Heavy Commercial Activity,High
6014,1,Heavy Commercial Activity,High
6011,1,Heavy Commercial Activity,High
6015,1,Heavy Commercial Activity,High
6013,1,Heavy Commercial Activity,High
6010,1,Heavy Commercial Activity,High
6016,1,Heavy Commercial Activity,High
6019,1,Heavy Commercial Activity,High
6018,1,Heavy Commercial Activity,High
6017,1,Heavy Commercial Activity,High
6020,1,Heavy Commercial Activity,High
6065,1,Heavy Commercial Activity,High
6059,1,Heavy Commercial Activity,High
6038,1,Heavy Commercial Activity,High
6041,1,Heavy Commercial Activity,High
6064,1,Heavy Commercial Activity,High
6040,1,Heavy Commercial Activity,High
6039,1,Heavy Commercial Activity,High
6058,1,Heavy Commercial Activity,High
6060,1,Heavy Commercial Activity,High
6057,1,Heavy Commercial Activity,High
6035,1,Heavy Commercial Activity,High
6037,1,Heavy Commercial Activity,High
6063,1,Heavy Commercial Activity,High
6034,1,Heavy Commercial Activity,High
6033,1,Heavy Commercial Activity,High
6036,1,Heavy Commercial Activity,High
6067,1,Heavy Commercial Activity,High
6066,1,Heavy Commercial Activity,High
6046,1,Heavy Commercial Activity,High
6045,1,Heavy Commercial Activity,High
6004,1,Heavy Commercial Activity,High
6007,1,Heavy Commercial Activity,High
6005,1,Heavy Commercial Activity,High
6008,1,Heavy Commercial Activity,High
6006,1,Heavy Commercial Activity,High
6009,1,Heavy Commercial Activity,High
6003,1,Heavy Commercial Activity,High
6047,1,Heavy Commercial Activity,High
6050,1,Heavy Commercial Activity,High
6048,1,Heavy Commercial Activity,High
6049,1,Heavy Commercial Activity,High
5961,1,Heavy Commercial Activity,High
5957,1,Heavy Commercial Activity,High
5959,1,Heavy Commercial Activity,High
5958,1,Heavy Commercial Activity,High
5960,1,Heavy Commercial Activity,High
5997,1,Heavy Commercial Activity,High
5980,1,Heavy Commercial Activity,High
5979,1,Heavy Commercial Activity,High
5978,1,Heavy Commercial Activity,High
5987,1,Heavy Commercial Activity,High
5991,1,Heavy Commercial Activity,High
5986,1,Heavy Commercial Activity,High
5988,1,Heavy Commercial Activity,High
5989,1,Heavy Commercial Activity,High
5990,1,Heavy Commercial Activity,High
5996,1,Heavy Commercial Activity,High
5964,1,Heavy Commercial Activity,High
5967,1,Heavy Commercial Activity,High
5963,1,Heavy Commercial Activity,High
5962,1,Heavy Commercial Activity,High
5966,1,Heavy Commercial Activity,High
5965,1,Heavy Commercial Activity,High
5968,1,Heavy Commercial Activity,High
5948,1,Heavy Commercial Activity,High
5950,1,Heavy Commercial Activity,High
5947,1,Heavy Commercial Activity,High
5951,1,Heavy Commercial Activity,High
5949,1,Heavy Commercial Activity,High
5946,1,Heavy Commercial Activity,High
5952,1,Heavy Commercial Activity,High
5955,1,Heavy Commercial Activity,High
5954,1,Heavy Commercial Activity,High
5953,1,Heavy Commercial Activity,High
5956,1,Heavy Commercial Activity,High
6000,1,Heavy Commercial Activity,High
5994,1,Heavy Commercial Activity,High
5974,1,Heavy Commercial Activity,High
5977,1,Heavy Commercial Activity,High
5999,1,Heavy Commercial Activity,High
5976,1,Heavy Commercial Activity,High
5975,1,Heavy Commercial Activity,High
5993,1,Heavy Commercial Activity,High
5995,1,Heavy Commercial Activity,High
5992,1,Heavy Commercial Activity,High
5971,1,Heavy Commercial Activity,High
5973,1,Heavy Commercial Activity,High
5998,1,Heavy Commercial Activity,High
5970,1,Heavy Commercial Activity,High
5969,1,Heavy Commercial Activity,High
5972,1,Heavy Commercial Activity,High
6002,1,Heavy Commercial Activity,High
6001,1,Heavy Commercial Activity,High
5982,1,Heavy Commercial Activity,High
5981,1,Heavy Commercial Activity,High
5940,1,Heavy Commercial Activity,High
5943,1,Heavy Commercial Activity,High
5941,1,Heavy Commercial Activity,High
5944,1,Heavy Commercial Activity,High
5942,1,Heavy Commercial Activity,High
5945,1,Heavy Commercial Activity,High
5939,1,Heavy Commercial Activity,High
5983,1,Heavy Commercial Activity,High
5985,1,Heavy Commercial Activity,High
5984,1,Heavy Commercial Activity,High
5896,1,Heavy Commercial Activity,High
5892,1,Heavy Commercial Activity,High
5894,1,Heavy Commercial Activity,High
5893,1,Heavy Commercial Activity,High
5895,1,Heavy Commercial Activity,High
5933,1,Heavy Commercial Activity,High
5915,1,Heavy Commercial Activity,High
5914,1,Heavy Commercial Activity,High
5913,1,Heavy Commercial Activity,High
5923,1,Heavy Commercial Activity,High
5927,1,Heavy Commercial Activity,High
5922,1,Heavy Commercial Activity,High
5924,1,Heavy Commercial Activity,High
5925,1,Heavy Commercial Activity,High
5926,1,Heavy Commercial Activity,High
5932,1,Heavy Commercial Activity,High
5899,1,Heavy Commercial Activity,High
5902,1,Heavy Commercial Activity,High
5898,1,Heavy Commercial Activity,High
5897,1,Heavy Commercial Activity,High
5901,1,Heavy Commercial Activity,High
5900,1,Heavy Commercial Activity,High
5903,1,Heavy Commercial Activity,High
5883,1,Heavy Commercial Activity,High
5885,1,Heavy Commercial Activity,High
5882,1,Heavy Commercial Activity,High
5886,1,Heavy Commercial Activity,High
5884,1,Heavy Commercial Activity,High
5881,1,Heavy Commercial Activity,High
5887,1,Heavy Commercial Activity,High
5890,1,Heavy Commercial Activity,High
5889,1,Heavy Commercial Activity,High
5888,1,Heavy Commercial Activity,High
5891,1,Heavy Commercial Activity,High
5936,1,Heavy Commercial Activity,High
5930,1,Heavy Commercial Activity,High
5909,1,Heavy Commercial Activity,High
5912,1,Heavy Commercial Activity,High
5935,1,Heavy Commercial Activity,High
5911,1,Heavy Commercial Activity,High
5910,1,Heavy Commercial Activity,High
5929,1,Heavy Commercial Activity,High
5931,1,Heavy Commercial Activity,High
5928,1,Heavy Commercial Activity,High
5906,1,Heavy Commercial Activity,High
5908,1,Heavy Commercial Activity,High
5934,1,Heavy Commercial Activity,High
5905,1,Heavy Commercial Activity,High
5904,1,Heavy Commercial Activity,High
5907,1,Heavy Commercial Activity,High
5938,1,Heavy Commercial Activity,High
5937,1,Heavy Commercial Activity,High
5917,1,Heavy Commercial Activity,High
5916,1,Heavy Commercial Activity,High
5875,1,Heavy Commercial Activity,High
5878,1,Heavy Commercial Activity,High
5876,1,Heavy Commercial Activity,High
5879,1,Heavy Commercial Activity,High
5877,1,Heavy Commercial Activity,High
5880,1,Heavy Commercial Activity,High
5874,1,Heavy Commercial Activity,High
5918,1,Heavy Commercial Activity,High
5921,1,Heavy Commercial Activity,High
5919,1,Heavy Commercial Activity,High
5920,1,Heavy Commercial Activity,High
5831,1,Heavy Commercial Activity,High
5827,1,Heavy Commercial Activity,High
5829,1,Heavy Commercial Activity,High
5828,1,Heavy Commercial Activity,High
5830,1,Heavy Commercial Activity,High
5868,1,Heavy Commercial Activity,High
5850,1,Heavy Commercial Activity,High
5849,1,Heavy Commercial Activity,High
5848,1,Heavy Commercial Activity,High
5858,1,Heavy Commercial Activity,High
5862,1,Heavy Commercial Activity,High
5857,1,Heavy Commercial Activity,High
5859,1,Heavy Commercial Activity,High
5860,1,Heavy Commercial Activity,High
5861,1,Heavy Commercial Activity,High
5867,1,Heavy Commercial Activity,High
5834,1,Heavy Commercial Activity,High
5837,1,Heavy Commercial Activity,High
5833,1,Heavy Commercial Activity,High
5832,1,Heavy Commercial Activity,High
5836,1,Heavy Commercial Activity,High
5835,1,Heavy Commercial Activity,High
5838,1,Heavy Commercial Activity,High
5818,1,Heavy Commercial Activity,High
5820,1,Heavy Commercial Activity,High
5817,1,Heavy Commercial Activity,High
5821,1,Heavy Commercial Activity,High
5819,1,Heavy Commercial Activity,High
5816,1,Heavy Commercial Activity,High
5822,1,Heavy Commercial Activity,High
5825,1,Heavy Commercial Activity,High
5824,1,Heavy Commercial Activity,High
5823,1,Heavy Commercial Activity,High
5826,1,Heavy Commercial Activity,High
5871,1,Heavy Commercial Activity,High
5865,1,Heavy Commercial Activity,High
5844,1,Heavy Commercial Activity,High
5847,1,Heavy Commercial Activity,High
5870,1,Heavy Commercial Activity,High
5846,1,Heavy Commercial Activity,High
5845,1,Heavy Commercial Activity,High
5864,1,Heavy Commercial Activity,High
5866,1,Heavy Commercial Activity,High
5863,1,Heavy Commercial Activity,High
5841,1,Heavy Commercial Activity,High
5843,1,Heavy Commercial Activity,High
5869,1,Heavy Commercial Activity,High
5840,1,Heavy Commercial Activity,High
5839,1,Heavy Commercial Activity,High
5842,1,Heavy Commercial Activity,High
5873,1,Heavy Commercial Activity,High
5872,1,Heavy Commercial Activity,High
5852,1,Heavy Commercial Activity,High
5851,1,Heavy Commercial Activity,High
5810,1,Heavy Commercial Activity,High
5813,1,Heavy Commercial Activity,High
5811,1,Heavy Commercial Activity,High
5814,1,Heavy Commercial Activity,High
5812,1,Heavy Commercial Activity,High
5815,1,Heavy Commercial Activity,High
5809,1,Heavy Commercial Activity,High
5853,1,Heavy Commercial Activity,High
5856,1,Heavy Commercial Activity,High
5854,1,Heavy Commercial Activity,High
5855,1,Heavy Commercial Activity,High
5768,1,Heavy Commercial Activity,High
5764,1,Heavy Commercial Activity,High
5766,1,Heavy Commercial Activity,High
5765,1,Heavy Commercial Activity,High
5767,1,Heavy Commercial Activity,High
5803,1,Heavy Commercial Activity,High
5785,1,Heavy Commercial Activity,High
5784,1,Heavy Commercial Activity,High
5783,1,Heavy Commercial Activity,High
5793,1,Heavy Commercial Activity,High
5797,1,Heavy Commercial Activity,High
5792,1,Heavy Commercial Activity,High
5794,1,Heavy Commercial Activity,High
5795,1,Heavy Commercial Activity,High
5796,1,Heavy Commercial Activity,High
5802,1,Heavy Commercial Activity,High
5771,1,Heavy Commercial Activity,High
5773,1,Heavy Commercial Activity,High
5770,1,Heavy Commercial Activity,High
5769,1,Heavy Commercial Activity,High
5772,1,Heavy Commercial Activity,High
5774,1,Heavy Commercial Activity,High
5755,1,Heavy Commercial Activity,High
5757,1,Heavy Commercial Activity,High
5754,1,Heavy Commercial Activity,High
5758,1,Heavy Commercial Activity,High
5756,1,Heavy Commercial Activity,High
5753,1,Heavy Commercial Activity,High
5759,1,Heavy Commercial Activity,High
5762,1,Heavy Commercial Activity,High
5761,1,Heavy Commercial Activity,High
5760,1,Heavy Commercial Activity,High
5763,1,Heavy Commercial Activity,High
5806,1,Heavy Commercial Activity,High
5800,1,Heavy Commercial Activity,High
5779,1,Heavy Commercial Activity,High
5782,1,Heavy Commercial Activity,High
5805,1,Heavy Commercial Activity,High
5781,1,Heavy Commercial Activity,High
5780,1,Heavy Commercial Activity,High
5799,1,Heavy Commercial Activity,High
5801,1,Heavy Commercial Activity,High
5798,1,Heavy Commercial Activity,High
5776,1,Heavy Commercial Activity,High
5778,1,Heavy Commercial Activity,High
5804,1,Heavy Commercial Activity,High
5775,1,Heavy Commercial Activity,High
5777,1,Heavy Commercial Activity,High
5808,1,Heavy Commercial Activity,High
5807,1,Heavy Commercial Activity,High
5787,1,Heavy Commercial Activity,High
5786,1,Heavy Commercial Activity,High
5747,1,Heavy Commercial Activity,High
5750,1,Heavy Commercial Activity,High
5748,1,Heavy Commercial Activity,High
5751,1,Heavy Commercial Activity,High
5749,1,Heavy Commercial Activity,High
5752,1,Heavy Commercial Activity,High
5746,1,Heavy Commercial Activity,High
5788,1,Heavy Commercial Activity,High
5791,1,Heavy Commercial Activity,High
5789,1,Heavy Commercial Activity,High
5790,1,Heavy Commercial Activity,High
5710,1,Heavy Commercial Activity,High
5706,1,Heavy Commercial Activity,High
5708,1,Heavy Commercial Activity,High
5707,1,Heavy Commercial Activity,High
5709,1,Heavy Commercial Activity,High
5740,1,Heavy Commercial Activity,High
5730,1,Heavy Commercial Activity,High
5734,1,Heavy Commercial Activity,High
5729,1,Heavy Commercial Activity,High
5731,1,Heavy Commercial Activity,High
5732,1,Heavy Commercial Activity,High
5733,1,Heavy Commercial Activity,High
5739,1,Heavy Commercial Activity,High
5713,1,Heavy Commercial Activity,High
5716,1,Heavy Commercial Activity,High
5712,1,Heavy Commercial Activity,High
5711,1,Heavy Commercial Activity,High
5715,1,Heavy Commercial Activity,High
5714,1,Heavy Commercial Activity,High
5717,1,Heavy Commercial Activity,High
5697,1,Heavy Commercial Activity,High
5699,1,Heavy Commercial Activity,High
5696,1,Heavy Commercial Activity,High
5700,1,Heavy Commercial Activity,High
5698,1,Heavy Commercial Activity,High
5695,1,Heavy Commercial Activity,High
5701,1,Heavy Commercial Activity,High
5704,1,Heavy Commercial Activity,High
5703,1,Heavy Commercial Activity,High
5702,1,Heavy Commercial Activity,High
5705,1,Heavy Commercial Activity,High
5743,1,Heavy Commercial Activity,High
5737,1,Heavy Commercial Activity,High
5723,1,Heavy Commercial Activity,High
5726,1,Heavy Commercial Activity,High
5742,1,Heavy Commercial Activity,High
5725,1,Heavy Commercial Activity,High
5724,1,Heavy Commercial Activity,High
5736,1,Heavy Commercial Activity,High
5738,1,Heavy Commercial Activity,High
5735,1,Heavy Commercial Activity,High
5720,1,Heavy Commercial Activity,High
5722,1,Heavy Commercial Activity,High
5741,1,Heavy Commercial Activity,High
5719,1,Heavy Commercial Activity,High
5718,1,Heavy Commercial Activity,High
5721,1,Heavy Commercial Activity,High
5745,1,Heavy Commercial Activity,High
5744,1,Heavy Commercial Activity,High
5689,1,Heavy Commercial Activity,High
5692,1,Heavy Commercial Activity,High
5690,1,Heavy Commercial Activity,High
5693,1,Heavy Commercial Activity,High
5691,1,Heavy Commercial Activity,High
5694,1,Heavy Commercial Activity,High
5728,1,Heavy Commercial Activity,High
5727,1,Heavy Commercial Activity,High
5646,1,Heavy Commercial Activity,High
5642,1,Heavy Commercial Activity,High
5644,1,Heavy Commercial Activity,High
5643,1,Heavy Commercial Activity,High
5645,1,Heavy Commercial Activity,High
5683,1,Heavy Commercial Activity,High
5665,1,Heavy Commercial Activity,High
5664,1,Heavy Commercial Activity,High
5663,1,Heavy Commercial Activity,High
5673,1,Heavy Commercial Activity,High
5677,1,Heavy Commercial Activity,High
5672,1,Heavy Commercial Activity,High
5674,1,Heavy Commercial Activity,High
5675,1,Heavy Commercial Activity,High
5676,1,Heavy Commercial Activity,High
5682,1,Heavy Commercial Activity,High
5649,1,Heavy Commercial Activity,High
5652,1,Heavy Commercial Activity,High
5648,1,Heavy Commercial Activity,High
5647,1,Heavy Commercial Activity,High
5651,1,Heavy Commercial Activity,High
5650,1,Heavy Commercial Activity,High
5653,1,Heavy Commercial Activity,High
5633,1,Heavy Commercial Activity,High
5635,1,Heavy Commercial Activity,High
5632,1,Heavy Commercial Activity,High
5636,1,Heavy Commercial Activity,High
5634,1,Heavy Commercial Activity,High
5631,1,Heavy Commercial Activity,High
5637,1,Heavy Commercial Activity,High
5640,1,Heavy Commercial Activity,High
5639,1,Heavy Commercial Activity,High
5638,1,Heavy Commercial Activity,High
5641,1,Heavy Commercial Activity,High
5686,1,Heavy Commercial Activity,High
5680,1,Heavy Commercial Activity,High
5659,1,Heavy Commercial Activity,High
5662,1,Heavy Commercial Activity,High
5685,1,Heavy Commercial Activity,High
5661,1,Heavy Commercial Activity,High
5660,1,Heavy Commercial Activity,High
5679,1,Heavy Commercial Activity,High
5681,1,Heavy Commercial Activity,High
5678,1,Heavy Commercial Activity,High
5656,1,Heavy Commercial Activity,High
5658,1,Heavy Commercial Activity,High
5684,1,Heavy Commercial Activity,High
5655,1,Heavy Commercial Activity,High
5654,1,Heavy Commercial Activity,High
5657,1,Heavy Commercial Activity,High
5688,1,Heavy Commercial Activity,High
5687,1,Heavy Commercial Activity,High
5667,1,Heavy Commercial Activity,High
5666,1,Heavy Commercial Activity,High
5625,1,Heavy Commercial Activity,High
5628,1,Heavy Commercial Activity,High
5626,1,Heavy Commercial Activity,High
5629,1,Heavy Commercial Activity,High
5627,1,Heavy Commercial Activity,High
5630,1,Heavy Commercial Activity,High
5624,1,Heavy Commercial Activity,High
5668,1,Heavy Commercial Activity,High
5671,1,Heavy Commercial Activity,High
5669,1,Heavy Commercial Activity,High
5670,1,Heavy Commercial Activity,High
5581,1,Heavy Commercial Activity,High
5577,1,Heavy Commercial Activity,High
5579,1,Heavy Commercial Activity,High
5578,1,Heavy Commercial Activity,High
5580,1,Heavy Commercial Activity,High
5618,1,Heavy Commercial Activity,High
5600,1,Heavy Commercial Activity,High
5599,1,Heavy Commercial Activity,High
5598,1,Heavy Commercial Activity,High
5608,1,Heavy Commercial Activity,High
5612,1,Heavy Commercial Activity,High
5607,1,Heavy Commercial Activity,High
5609,1,Heavy Commercial Activity,High
5610,1,Heavy Commercial Activity,High
5611,1,Heavy Commercial Activity,High
5617,1,Heavy Commercial Activity,High
5584,1,Heavy Commercial Activity,High
5587,1,Heavy Commercial Activity,High
5583,1,Heavy Commercial Activity,High
5582,1,Heavy Commercial Activity,High
5586,1,Heavy Commercial Activity,High
5585,1,Heavy Commercial Activity,High
5588,1,Heavy Commercial Activity,High
5568,1,Heavy Commercial Activity,High
5570,1,Heavy Commercial Activity,High
5567,1,Heavy Commercial Activity,High
5571,1,Heavy Commercial Activity,High
5569,1,Heavy Commercial Activity,High
5566,1,Heavy Commercial Activity,High
5572,1,Heavy Commercial Activity,High
5575,1,Heavy Commercial Activity,High
5574,1,Heavy Commercial Activity,High
5573,1,Heavy Commercial Activity,High
5576,1,Heavy Commercial Activity,High
5621,1,Heavy Commercial Activity,High
5615,1,Heavy Commercial Activity,High
5594,1,Heavy Commercial Activity,High
5597,1,Heavy Commercial Activity,High
5620,1,Heavy Commercial Activity,High
5596,1,Heavy Commercial Activity,High
5595,1,Heavy Commercial Activity,High
5614,1,Heavy Commercial Activity,High
5616,1,Heavy Commercial Activity,High
5613,1,Heavy Commercial Activity,High
5591,1,Heavy Commercial Activity,High
5593,1,Heavy Commercial Activity,High
5619,1,Heavy Commercial Activity,High
5590,1,Heavy Commercial Activity,High
5589,1,Heavy Commercial Activity,High
5592,1,Heavy Commercial Activity,High
5623,1,Heavy Commercial Activity,High
5622,1,Heavy Commercial Activity,High
5602,1,Heavy Commercial Activity,High
5601,1,Heavy Commercial Activity,High
5560,1,Heavy Commercial Activity,High
5563,1,Heavy Commercial Activity,High
5561,1,Heavy Commercial Activity,High
5564,1,Heavy Commercial Activity,High
5562,1,Heavy Commercial Activity,High
5565,1,Heavy Commercial Activity,High
5559,1,Heavy Commercial Activity,High
5603,1,Heavy Commercial Activity,High
5606,1,Heavy Commercial Activity,High
5604,1,Heavy Commercial Activity,High
5605,1,Heavy Commercial Activity,High
5516,1,Heavy Commercial Activity,High
5512,1,Heavy Commercial Activity,High
5514,1,Heavy Commercial Activity,High
5513,1,Heavy Commercial Activity,High
5515,1,Heavy Commercial Activity,High
5553,1,Heavy Commercial Activity,High
5535,1,Heavy Commercial Activity,High
5534,1,Heavy Commercial Activity,High
5533,1,Heavy Commercial Activity,High
5543,1,Heavy Commercial Activity,High
5547,1,Heavy Commercial Activity,High
5542,1,Heavy Commercial Activity,High
5544,1,Heavy Commercial Activity,High
5545,1,Heavy Commercial Activity,High
5546,1,Heavy Commercial Activity,High
5552,1,Heavy Commercial Activity,High
5519,1,Heavy Commercial Activity,High
5522,1,Heavy Commercial Activity,High
5518,1,Heavy Commercial Activity,High
5517,1,Heavy Commercial Activity,High
5521,1,Heavy Commercial Activity,High
5520,1,Heavy Commercial Activity,High
5523,1,Heavy Commercial Activity,High
5503,1,Heavy Commercial Activity,High
5505,1,Heavy Commercial Activity,High
5502,1,Heavy Commercial Activity,High
5506,1,Heavy Commercial Activity,High
5504,1,Heavy Commercial Activity,High
5501,1,Heavy Commercial Activity,High
5507,1,Heavy Commercial Activity,High
5510,1,Heavy Commercial Activity,High
5509,1,Heavy Commercial Activity,High
5508,1,Heavy Commercial Activity,High
5511,1,Heavy Commercial Activity,High
5556,1,Heavy Commercial Activity,High
5550,1,Heavy Commercial Activity,High
5529,1,Heavy Commercial Activity,High
5532,1,Heavy Commercial Activity,High
5555,1,Heavy Commercial Activity,High
5531,1,Heavy Commercial Activity,High
5530,1,Heavy Commercial Activity,High
5549,1,Heavy Commercial Activity,High
5551,1,Heavy Commercial Activity,High
5548,1,Heavy Commercial Activity,High
5526,1,Heavy Commercial Activity,High
5528,1,Heavy Commercial Activity,High
5554,1,Heavy Commercial Activity,High
5525,1,Heavy Commercial Activity,High
5524,1,Heavy Commercial Activity,High
5527,1,Heavy Commercial Activity,High
5558,1,Heavy Commercial Activity,High
5557,1,Heavy Commercial Activity,High
5537,1,Heavy Commercial Activity,High
5536,1,Heavy Commercial Activity,High
5495,1,Heavy Commercial Activity,High
5498,1,Heavy Commercial Activity,High
5496,1,Heavy Commercial Activity,High
5499,1,Heavy Commercial Activity,High
5497,1,Heavy Commercial Activity,High
5500,1,Heavy Commercial Activity,High
5494,1,Heavy Commercial Activity,High
5538,1,Heavy Commercial Activity,High
5541,1,Heavy Commercial Activity,High
5539,1,Heavy Commercial Activity,High
5540,1,Heavy Commercial Activity,High
5451,1,Heavy Commercial Activity,High
5447,1,Heavy Commercial Activity,High
5449,1,Heavy Commercial Activity,High
5448,1,Heavy Commercial Activity,High
5450,1,Heavy Commercial Activity,High
5488,1,Heavy Commercial Activity,High
5470,1,Heavy Commercial Activity,High
5469,1,Heavy Commercial Activity,High
5468,1,Heavy Commercial Activity,High
5478,1,Heavy Commercial Activity,High
5482,1,Heavy Commercial Activity,High
5477,1,Heavy Commercial Activity,High
5479,1,Heavy Commercial Activity,High
5480,1,Heavy Commercial Activity,High
5481,1,Heavy Commercial Activity,High
5487,1,Heavy Commercial Activity,High
5454,1,Heavy Commercial Activity,High
5457,1,Heavy Commercial Activity,High
5453,1,Heavy Commercial Activity,High
5452,1,Heavy Commercial Activity,High
5456,1,Heavy Commercial Activity,High
5455,1,Heavy Commercial Activity,High
5458,1,Heavy Commercial Activity,High
5438,1,Heavy Commercial Activity,High
5440,1,Heavy Commercial Activity,High
5437,1,Heavy Commercial Activity,High
5441,1,Heavy Commercial Activity,High
5439,1,Heavy Commercial Activity,High
5436,1,Heavy Commercial Activity,High
5442,1,Heavy Commercial Activity,High
5445,1,Heavy Commercial Activity,High
5444,1,Heavy Commercial Activity,High
5443,1,Heavy Commercial Activity,High
5446,1,Heavy Commercial Activity,High
5491,1,Heavy Commercial Activity,High
5485,1,Heavy Commercial Activity,High
5464,1,Heavy Commercial Activity,High
5467,1,Heavy Commercial Activity,High
5490,1,Heavy Commercial Activity,High
5466,1,Heavy Commercial Activity,High
5465,1,Heavy Commercial Activity,High
5484,1,Heavy Commercial Activity,High
5486,1,Heavy Commercial Activity,High
5483,1,Heavy Commercial Activity,High
5461,1,Heavy Commercial Activity,High
5463,1,Heavy Commercial Activity,High
5489,1,Heavy Commercial Activity,High
5460,1,Heavy Commercial Activity,High
5459,1,Heavy Commercial Activity,High
5462,1,Heavy Commercial Activity,High
5493,1,Heavy Commercial Activity,High
5492,1,Heavy Commercial Activity,High
5472,1,Heavy Commercial Activity,High
5471,1,Heavy Commercial Activity,High
5430,1,Heavy Commercial Activity,High
5433,1,Heavy Commercial Activity,High
5431,1,Heavy Commercial Activity,High
5434,1,Heavy Commercial Activity,High
5432,1,Heavy Commercial Activity,High
5435,1,Heavy Commercial Activity,High
5429,1,Heavy Commercial Activity,High
5473,1,Heavy Commercial Activity,High
5476,1,Heavy Commercial Activity,High
5474,1,Heavy Commercial Activity,High
5475,1,Heavy Commercial Activity,High
5386,1,Heavy Commercial Activity,High
5382,1,Heavy Commercial Activity,High
5384,1,Heavy Commercial Activity,High
5383,1,Heavy Commercial Activity,High
5385,1,Heavy Commercial Activity,High
5423,1,Heavy Commercial Activity,High
5405,1,Heavy Commercial Activity,High
5404,1,Heavy Commercial Activity,High
5403,1,Heavy Commercial Activity,High
5413,1,Heavy Commercial Activity,High
5417,1,Heavy Commercial Activity,High
5412,1,Heavy Commercial Activity,High
5414,1,Heavy Commercial Activity,High
5415,1,Heavy Commercial Activity,High
5416,1,Heavy Commercial Activity,High
5422,1,Heavy Commercial Activity,High
5389,1,Heavy Commercial Activity,High
5392,1,Heavy Commercial Activity,High
5388,1,Heavy Commercial Activity,High
5387,1,Heavy Commercial Activity,High
5391,1,Heavy Commercial Activity,High
5390,1,Heavy Commercial Activity,High
5393,1,Heavy Commercial Activity,High
5373,1,Heavy Commercial Activity,High
5375,1,Heavy Commercial Activity,High
5372,1,Heavy Commercial Activity,High
5376,1,Heavy Commercial Activity,High
5374,1,Heavy Commercial Activity,High
5371,1,Heavy Commercial Activity,High
5377,1,Heavy Commercial Activity,High
5380,1,Heavy Commercial Activity,High
5379,1,Heavy Commercial Activity,High
5378,1,Heavy Commercial Activity,High
5381,1,Heavy Commercial Activity,High
5426,1,Heavy Commercial Activity,High
5420,1,Heavy Commercial Activity,High
5399,1,Heavy Commercial Activity,High
5402,1,Heavy Commercial Activity,High
5425,1,Heavy Commercial Activity,High
5401,1,Heavy Commercial Activity,High
5400,1,Heavy Commercial Activity,High
5419,1,Heavy Commercial Activity,High
5421,1,Heavy Commercial Activity,High
5418,1,Heavy Commercial Activity,High
5396,1,Heavy Commercial Activity,High
5398,1,Heavy Commercial Activity,High
5424,1,Heavy Commercial Activity,High
5395,1,Heavy Commercial Activity,High
5394,1,Heavy Commercial Activity,High
5397,1,Heavy Commercial Activity,High
5428,1,Heavy Commercial Activity,High
5427,1,Heavy Commercial Activity,High
5407,1,Heavy Commercial Activity,High
5406,1,Heavy Commercial Activity,High
5365,1,Heavy Commercial Activity,High
5368,1,Heavy Commercial Activity,High
5366,1,Heavy Commercial Activity,High
5369,1,Heavy Commercial Activity,High
5367,1,Heavy Commercial Activity,High
5370,1,Heavy Commercial Activity,High
5364,1,Heavy Commercial Activity,High
5408,1,Heavy Commercial Activity,High
5411,1,Heavy Commercial Activity,High
5409,1,Heavy Commercial Activity,High
5410,1,Heavy Commercial Activity,High
5321,1,Heavy Commercial Activity,High
5317,1,Heavy Commercial Activity,High
5319,1,Heavy Commercial Activity,High
5318,1,Heavy Commercial Activity,High
5320,1,Heavy Commercial Activity,High
5358,1,Heavy Commercial Activity,High
5340,1,Heavy Commercial Activity,High
5339,1,Heavy Commercial Activity,High
5338,1,Heavy Commercial Activity,High
5348,1,Heavy Commercial Activity,High
5352,1,Heavy Commercial Activity,High
5347,1,Heavy Commercial Activity,High
5349,1,Heavy Commercial Activity,High
5350,1,Heavy Commercial Activity,High
5351,1,Heavy Commercial Activity,High
5357,1,Heavy Commercial Activity,High
5324,1,Heavy Commercial Activity,High
5327,1,Heavy Commercial Activity,High
5323,1,Heavy Commercial Activity,High
5322,1,Heavy Commercial Activity,High
5326,1,Heavy Commercial Activity,High
5325,1,Heavy Commercial Activity,High
5328,1,Heavy Commercial Activity,High
5308,1,Heavy Commercial Activity,High
5310,1,Heavy Commercial Activity,High
5307,1,Heavy Commercial Activity,High
5311,1,Heavy Commercial Activity,High
5309,1,Heavy Commercial Activity,High
5306,1,Heavy Commercial Activity,High
5312,1,Heavy Commercial Activity,High
5315,1,Heavy Commercial Activity,High
5314,1,Heavy Commercial Activity,High
5313,1,Heavy Commercial Activity,High
5316,1,Heavy Commercial Activity,High
5361,1,Heavy Commercial Activity,High
5355,1,Heavy Commercial Activity,High
5334,1,Heavy Commercial Activity,High
5337,1,Heavy Commercial Activity,High
5360,1,Heavy Commercial Activity,High
5336,1,Heavy Commercial Activity,High
5335,1,Heavy Commercial Activity,High
5354,1,Heavy Commercial Activity,High
5356,1,Heavy Commercial Activity,High
5353,1,Heavy Commercial Activity,High
5331,1,Heavy Commercial Activity,High
5333,1,Heavy Commercial Activity,High
5359,1,Heavy Commercial Activity,High
5330,1,Heavy Commercial Activity,High
5329,1,Heavy Commercial Activity,High
5332,1,Heavy Commercial Activity,High
5363,1,Heavy Commercial Activity,High
5362,1,Heavy Commercial Activity,High
5342,1,Heavy Commercial Activity,High
5341,1,Heavy Commercial Activity,High
5300,1,Heavy Commercial Activity,High
5303,1,Heavy Commercial Activity,High
5301,1,Heavy Commercial Activity,High
5304,1,Heavy Commercial Activity,High
5302,1,Heavy Commercial Activity,High
5305,1,Heavy Commercial Activity,High
5299,1,Heavy Commercial Activity,High
5343,1,Heavy Commercial Activity,High
5346,1,Heavy Commercial Activity,High
5344,1,Heavy Commercial Activity,High
5345,1,Heavy Commercial Activity,High
5256,1,Heavy Commercial Activity,High
5252,1,Heavy Commercial Activity,High
5254,1,Heavy Commercial Activity,High
5253,1,Heavy Commercial Activity,High
5255,1,Heavy Commercial Activity,High
5293,1,Heavy Commercial Activity,High
5275,1,Heavy Commercial Activity,High
5274,1,Heavy Commercial Activity,High
5273,1,Heavy Commercial Activity,High
5283,1,Heavy Commercial Activity,High
5287,1,Heavy Commercial Activity,High
5282,1,Heavy Commercial Activity,High
5284,1,Heavy Commercial Activity,High
5285,1,Heavy Commercial Activity,High
5286,1,Heavy Commercial Activity,High
5292,1,Heavy Commercial Activity,High
5259,1,Heavy Commercial Activity,High
5262,1,Heavy Commercial Activity,High
5258,1,Heavy Commercial Activity,High
5257,1,Heavy Commercial Activity,High
5261,1,Heavy Commercial Activity,High
5260,1,Heavy Commercial Activity,High
5263,1,Heavy Commercial Activity,High
5243,1,Heavy Commercial Activity,High
5245,1,Heavy Commercial Activity,High
5242,1,Heavy Commercial Activity,High
5246,1,Heavy Commercial Activity,High
5244,1,Heavy Commercial Activity,High
5241,1,Heavy Commercial Activity,High
5247,1,Heavy Commercial Activity,High
5250,1,Heavy Commercial Activity,High
5249,1,Heavy Commercial Activity,High
5248,1,Heavy Commercial Activity,High
5251,1,Heavy Commercial Activity,High
5296,1,Heavy Commercial Activity,High
5290,1,Heavy Commercial Activity,High
5269,1,Heavy Commercial Activity,High
5272,1,Heavy Commercial Activity,High
5295,1,Heavy Commercial Activity,High
5271,1,Heavy Commercial Activity,High
5270,1,Heavy Commercial Activity,High
5289,1,Heavy Commercial Activity,High
5291,1,Heavy Commercial Activity,High
5288,1,Heavy Commercial Activity,High
5266,1,Heavy Commercial Activity,High
5268,1,Heavy Commercial Activity,High
5294,1,Heavy Commercial Activity,High
5265,1,Heavy Commercial Activity,High
5264,1,Heavy Commercial Activity,High
5267,1,Heavy Commercial Activity,High
5298,1,Heavy Commercial Activity,High
5297,1,Heavy Commercial Activity,High
5277,1,Heavy Commercial Activity,High
5276,1,Heavy Commercial Activity,High
5235,1,Heavy Commercial Activity,High
5238,1,Heavy Commercial Activity,High
5236,1,Heavy Commercial Activity,High
5239,1,Heavy Commercial Activity,High
5237,1,Heavy Commercial Activity,High
5240,1,Heavy Commercial Activity,High
5234,1,Heavy Commercial Activity,High
5278,1,Heavy Commercial Activity,High
5281,1,Heavy Commercial Activity,High
5279,1,Heavy Commercial Activity,High
5280,1,Heavy Commercial Activity,High
5191,1,Heavy Commercial Activity,High
5187,1,Heavy Commercial Activity,High
5189,1,Heavy Commercial Activity,High
5188,1,Heavy Commercial Activity,High
5190,1,Heavy Commercial Activity,High
5228,1,Heavy Commercial Activity,High
5210,1,Heavy Commercial Activity,High
5209,1,Heavy Commercial Activity,High
5208,1,Heavy Commercial Activity,High
5218,1,Heavy Commercial Activity,High
5222,1,Heavy Commercial Activity,High
5217,1,Heavy Commercial Activity,High
5219,1,Heavy Commercial Activity,High
5220,1,Heavy Commercial Activity,High
5221,1,Heavy Commercial Activity,High
5227,1,Heavy Commercial Activity,High
5194,1,Heavy Commercial Activity,High
5197,1,Heavy Commercial Activity,High
5193,1,Heavy Commercial Activity,High
5192,1,Heavy Commercial Activity,High
5196,1,Heavy Commercial Activity,High
5195,1,Heavy Commercial Activity,High
5198,1,Heavy Commercial Activity,High
5178,1,Heavy Commercial Activity,High
5180,1,Heavy Commercial Activity,High
5177,1,Heavy Commercial Activity,High
5181,1,Heavy Commercial Activity,High
5179,1,Heavy Commercial Activity,High
5176,1,Heavy Commercial Activity,High
5182,1,Heavy Commercial Activity,High
5185,1,Heavy Commercial Activity,High
5184,1,Heavy Commercial Activity,High
5183,1,Heavy Commercial Activity,High
5186,1,Heavy Commercial Activity,High
5231,1,Heavy Commercial Activity,High
5225,1,Heavy Commercial Activity,High
5204,1,Heavy Commercial Activity,High
5207,1,Heavy Commercial Activity,High
5230,1,Heavy Commercial Activity,High
5206,1,Heavy Commercial Activity,High
5205,1,Heavy Commercial Activity,High
5224,1,Heavy Commercial Activity,High
5226,1,Heavy Commercial Activity,High
5223,1,Heavy Commercial Activity,High
5201,1,Heavy Commercial Activity,High
5203,1,Heavy Commercial Activity,High
5229,1,Heavy Commercial Activity,High
5200,1,Heavy Commercial Activity,High
5199,1,Heavy Commercial Activity,High
5202,1,Heavy Commercial Activity,High
5233,1,Heavy Commercial Activity,High
5232,1,Heavy Commercial Activity,High
5212,1,Heavy Commercial Activity,High
5211,1,Heavy Commercial Activity,High
5170,1,Heavy Commercial Activity,High
5173,1,Heavy Commercial Activity,High
5171,1,Heavy Commercial Activity,High
5174,1,Heavy Commercial Activity,High
5172,1,Heavy Commercial Activity,High
5175,1,Heavy Commercial Activity,High
5169,1,Heavy Commercial Activity,High
5213,1,Heavy Commercial Activity,High
5216,1,Heavy Commercial Activity,High
5214,1,Heavy Commercial Activity,High
5215,1,Heavy Commercial Activity,High
5126,1,Heavy Commercial Activity,High
5122,1,Heavy Commercial Activity,High
5124,1,Heavy Commercial Activity,High
5123,1,Heavy Commercial Activity,High
5125,1,Heavy Commercial Activity,High
5163,1,Heavy Commercial Activity,High
5145,1,Heavy Commercial Activity,High
5144,1,Heavy Commercial Activity,High
5143,1,Heavy Commercial Activity,High
5153,1,Heavy Commercial Activity,High
5157,1,Heavy Commercial Activity,High
5152,1,Heavy Commercial Activity,High
5154,1,Heavy Commercial Activity,High
5155,1,Heavy Commercial Activity,High
5156,1,Heavy Commercial Activity,High
5162,1,Heavy Commercial Activity,High
5129,1,Heavy Commercial Activity,High
5132,1,Heavy Commercial Activity,High
5128,1,Heavy Commercial Activity,High
5127,1,Heavy Commercial Activity,High
5131,1,Heavy Commercial Activity,High
5130,1,Heavy Commercial Activity,High
5133,1,Heavy Commercial Activity,High
5113,1,Heavy Commercial Activity,High
5115,1,Heavy Commercial Activity,High
5112,1,Heavy Commercial Activity,High
5116,1,Heavy Commercial Activity,High
5114,1,Heavy Commercial Activity,High
5111,1,Heavy Commercial Activity,High
5117,1,Heavy Commercial Activity,High
5120,1,Heavy Commercial Activity,High
5119,1,Heavy Commercial Activity,High
5118,1,Heavy Commercial Activity,High
5121,1,Heavy Commercial Activity,High
5166,1,Heavy Commercial Activity,High
5160,1,Heavy Commercial Activity,High
5139,1,Heavy Commercial Activity,High
5142,1,Heavy Commercial Activity,High
5165,1,Heavy Commercial Activity,High
5141,1,Heavy Commercial Activity,High
5140,1,Heavy Commercial Activity,High
5159,1,Heavy Commercial Activity,High
5161,1,Heavy Commercial Activity,High
5158,1,Heavy Commercial Activity,High
5136,1,Heavy Commercial Activity,High
5138,1,Heavy Commercial Activity,High
5164,1,Heavy Commercial Activity,High
5135,1,Heavy Commercial Activity,High
5134,1,Heavy Commercial Activity,High
5137,1,Heavy Commercial Activity,High
5168,1,Heavy Commercial Activity,High
5167,1,Heavy Commercial Activity,High
5147,1,Heavy Commercial Activity,High
5146,1,Heavy Commercial Activity,High
5105,1,Heavy Commercial Activity,High
5108,1,Heavy Commercial Activity,High
5106,1,Heavy Commercial Activity,High
5109,1,Heavy Commercial Activity,High
5107,1,Heavy Commercial Activity,High
5110,1,Heavy Commercial Activity,High
5104,1,Heavy Commercial Activity,High
5148,1,Heavy Commercial Activity,High
5151,1,Heavy Commercial Activity,High
5149,1,Heavy Commercial Activity,High
5150,1,Heavy Commercial Activity,High
5061,1,Heavy Commercial Activity,High
5057,1,Heavy Commercial Activity,High
5059,1,Heavy Commercial Activity,High
5058,1,Heavy Commercial Activity,High
5060,1,Heavy Commercial Activity,High
5098,1,Heavy Commercial Activity,High
5080,1,Heavy Commercial Activity,High
5079,1,Heavy Commercial Activity,High
5078,1,Heavy Commercial Activity,High
5088,1,Heavy Commercial Activity,High
5092,1,Heavy Commercial Activity,High
5087,1,Heavy Commercial Activity,High
5089,1,Heavy Commercial Activity,High
5090,1,Heavy Commercial Activity,High
5091,1,Heavy Commercial Activity,High
5097,1,Heavy Commercial Activity,High
5064,1,Heavy Commercial Activity,High
5067,1,Heavy Commercial Activity,High
5063,1,Heavy Commercial Activity,High
5062,1,Heavy Commercial Activity,High
5066,1,Heavy Commercial Activity,High
5065,1,Heavy Commercial Activity,High
5068,1,Heavy Commercial Activity,High
5048,1,Heavy Commercial Activity,High
5050,1,Heavy Commercial Activity,High
5047,1,Heavy Commercial Activity,High
5051,1,Heavy Commercial Activity,High
5049,1,Heavy Commercial Activity,High
5046,1,Heavy Commercial Activity,High
5052,1,Heavy Commercial Activity,High
5055,1,Heavy Commercial Activity,High
5054,1,Heavy Commercial Activity,High
5053,1,Heavy Commercial Activity,High
5056,1,Heavy Commercial Activity,High
5101,1,Heavy Commercial Activity,High
5095,1,Heavy Commercial Activity,High
5074,1,Heavy Commercial Activity,High
5077,1,Heavy Commercial Activity,High
5100,1,Heavy Commercial Activity,High
5076,1,Heavy Commercial Activity,High
5075,1,Heavy Commercial Activity,High
5094,1,Heavy Commercial Activity,High
5096,1,Heavy Commercial Activity,High
5093,1,Heavy Commercial Activity,High
5071,1,Heavy Commercial Activity,High
5073,1,Heavy Commercial Activity,High
5099,1,Heavy Commercial Activity,High
5070,1,Heavy Commercial Activity,High
5069,1,Heavy Commercial Activity,High
5072,1,Heavy Commercial Activity,High
5103,1,Heavy Commercial Activity,High
5102,1,Heavy Commercial Activity,High
5082,1,Heavy Commercial Activity,High
5081,1,Heavy Commercial Activity,High
5040,1,Heavy Commercial Activity,High
5043,1,Heavy Commercial Activity,High
5041,1,Heavy Commercial Activity,High
5044,1,Heavy Commercial Activity,High
5042,1,Heavy Commercial Activity,High
5045,1,Heavy Commercial Activity,High
5039,1,Heavy Commercial Activity,High
5083,1,Heavy Commercial Activity,High
5086,1,Heavy Commercial Activity,High
5084,1,Heavy Commercial Activity,High
5085,1,Heavy Commercial Activity,High
4996,1,Heavy Commercial Activity,High
4992,1,Heavy Commercial Activity,High
4994,1,Heavy Commercial Activity,High
4993,1,Heavy Commercial Activity,High
4995,1,Heavy Commercial Activity,High
5033,1,Heavy Commercial Activity,High
5015,1,Heavy Commercial Activity,High
5014,1,Heavy Commercial Activity,High
5013,1,Heavy Commercial Activity,High
5023,1,Heavy Commercial Activity,High
5027,1,Heavy Commercial Activity,High
5022,1,Heavy Commercial Activity,High
5024,1,Heavy Commercial Activity,High
5025,1,Heavy Commercial Activity,High
5026,1,Heavy Commercial Activity,High
5032,1,Heavy Commercial Activity,High
4999,1,Heavy Commercial Activity,High
5002,1,Heavy Commercial Activity,High
4998,1,Heavy Commercial Activity,High
4997,1,Heavy Commercial Activity,High
5001,1,Heavy Commercial Activity,High
5000,1,Heavy Commercial Activity,High
5003,1,Heavy Commercial Activity,High
4983,1,Heavy Commercial Activity,High
4985,1,Heavy Commercial Activity,High
4982,1,Heavy Commercial Activity,High
4986,1,Heavy Commercial Activity,High
4984,1,Heavy Commercial Activity,High
4981,1,Heavy Commercial Activity,High
4987,1,Heavy Commercial Activity,High
4990,1,Heavy Commercial Activity,High
4989,1,Heavy Commercial Activity,High
4988,1,Heavy Commercial Activity,High
4991,1,Heavy Commercial Activity,High
5036,1,Heavy Commercial Activity,High
5030,1,Heavy Commercial Activity,High
5009,1,Heavy Commercial Activity,High
5012,1,Heavy Commercial Activity,High
5035,1,Heavy Commercial Activity,High
5011,1,Heavy Commercial Activity,High
5010,1,Heavy Commercial Activity,High
5029,1,Heavy Commercial Activity,High
5031,1,Heavy Commercial Activity,High
5028,1,Heavy Commercial Activity,High
5006,1,Heavy Commercial Activity,High
5008,1,Heavy Commercial Activity,High
5034,1,Heavy Commercial Activity,High
5005,1,Heavy Commercial Activity,High
5004,1,Heavy Commercial Activity,High
5007,1,Heavy Commercial Activity,High
5038,1,Heavy Commercial Activity,High
5037,1,Heavy Commercial Activity,High
5017,1,Heavy Commercial Activity,High
5016,1,Heavy Commercial Activity,High
4975,1,Heavy Commercial Activity,High
4978,1,Heavy Commercial Activity,High
4976,1,Heavy Commercial Activity,High
4979,1,Heavy Commercial Activity,High
4977,1,Heavy Commercial Activity,High
4980,1,Heavy Commercial Activity,High
4974,1,Heavy Commercial Activity,High
5018,1,Heavy Commercial Activity,High
5021,1,Heavy Commercial Activity,High
5019,1,Heavy Commercial Activity,High
5020,1,Heavy Commercial Activity,High
4931,1,Heavy Commercial Activity,High
4927,1,Heavy Commercial Activity,High
4929,1,Heavy Commercial Activity,High
4928,1,Heavy Commercial Activity,High
4930,1,Heavy Commercial Activity,High
4968,1,Heavy Commercial Activity,High
4950,1,Heavy Commercial Activity,High
4949,1,Heavy Commercial Activity,High
4948,1,Heavy Commercial Activity,High
4958,1,Heavy Commercial Activity,High
4962,1,Heavy Commercial Activity,High
4957,1,Heavy Commercial Activity,High
4959,1,Heavy Commercial Activity,High
4960,1,Heavy Commercial Activity,High
4961,1,Heavy Commercial Activity,High
4967,1,Heavy Commercial Activity,High
4934,1,Heavy Commercial Activity,High
4937,1,Heavy Commercial Activity,High
4933,1,Heavy Commercial Activity,High
4932,1,Heavy Commercial Activity,High
4936,1,Heavy Commercial Activity,High
4935,1,Heavy Commercial Activity,High
4938,1,Heavy Commercial Activity,High
4918,1,Heavy Commercial Activity,High
4920,1,Heavy Commercial Activity,High
4917,1,Heavy Commercial Activity,High
4921,1,Heavy Commercial Activity,High
4919,1,Heavy Commercial Activity,High
4916,1,Heavy Commercial Activity,High
4922,1,Heavy Commercial Activity,High
4925,1,Heavy Commercial Activity,High
4924,1,Heavy Commercial Activity,High
4923,1,Heavy Commercial Activity,High
4926,1,Heavy Commercial Activity,High
4971,1,Heavy Commercial Activity,High
4965,1,Heavy Commercial Activity,High
4944,1,Heavy Commercial Activity,High
4947,1,Heavy Commercial Activity,High
4970,1,Heavy Commercial Activity,High
4946,1,Heavy Commercial Activity,High
4945,1,Heavy Commercial Activity,High
4964,1,Heavy Commercial Activity,High
4966,1,Heavy Commercial Activity,High
4963,1,Heavy Commercial Activity,High
4941,1,Heavy Commercial Activity,High
4943,1,Heavy Commercial Activity,High
4969,1,Heavy Commercial Activity,High
4940,1,Heavy Commercial Activity,High
4939,1,Heavy Commercial Activity,High
4942,1,Heavy Commercial Activity,High
4973,1,Heavy Commercial Activity,High
4972,1,Heavy Commercial Activity,High
4952,1,Heavy Commercial Activity,High
4951,1,Heavy Commercial Activity,High
4910,1,Heavy Commercial Activity,High
4913,1,Heavy Commercial Activity,High
4911,1,Heavy Commercial Activity,High
4914,1,Heavy Commercial Activity,High
4912,1,Heavy Commercial Activity,High
4915,1,Heavy Commercial Activity,High
4909,1,Heavy Commercial Activity,High
4953,1,Heavy Commercial Activity,High
4956,1,Heavy Commercial Activity,High
4954,1,Heavy Commercial Activity,High
4955,1,Heavy Commercial Activity,High
4903,1,Market Activity,Medium
4893,1,Market Activity,Medium
4897,1,Market Activity,Medium
4892,1,Market Activity,Medium
4894,1,Market Activity,Medium
4895,1,Market Activity,Medium
4896,1,Market Activity,Medium
4902,1,Market Activity,Medium
4906,1,Market Activity,Medium
4900,1,Market Activity,Medium
4905,1,Market Activity,Medium
4899,1,Market Activity,Medium
4901,1,Market Activity,Medium
4898,1,Market Activity,Medium
4904,1,Market Activity,Medium
4908,1,Market Activity,Medium
4907,1,Market Activity,Medium
4891,1,Market Activity,Medium
4890,1,Market Activity,Medium
4887,1,Market Activity,Medium
4883,1,Market Activity,Medium
4885,1,Market Activity,Medium
4884,1,Market Activity,Medium
4886,1,Market Activity,Medium
4889,1,Market Activity,Medium
4888,1,Market Activity,Medium
4874,1,Market Activity,Medium
4876,1,Market Activity,Medium
4873,1,Market Activity,Medium
4877,1,Market Activity,Medium
4875,1,Market Activity,Medium
4872,1,Market Activity,Medium
4878,1,Market Activity,Medium
4881,1,Market Activity,Medium
4880,1,Market Activity,Medium
4879,1,Market Activity,Medium
4882,1,Market Activity,Medium
4866,1,Market Activity,Medium
4869,1,Market Activity,Medium
4867,1,Market Activity,Medium
4870,1,Market Activity,Medium
4868,1,Market Activity,Medium
4871,1,Market Activity,Medium
4865,1,Market Activity,Medium
4822,1,Market Activity,Medium
4818,1,Market Activity,Medium
4820,1,Market Activity,Medium
4819,1,Market Activity,Medium
4821,1,Market Activity,Medium
4859,1,Market Activity,Medium
4841,1,Market Activity,Medium
4840,1,Market Activity,Medium
4839,1,Market Activity,Medium
4849,1,Market Activity,Medium
4853,1,Market Activity,Medium
4848,1,Market Activity,Medium
4850,1,Market Activity,Medium
4851,1,Market Activity,Medium
4852,1,Market Activity,Medium
4858,1,Market Activity,Medium
4825,1,Market Activity,Medium
4828,1,Market Activity,Medium
4824,1,Market Activity,Medium
4823,1,Market Activity,Medium
4827,1,Market Activity,Medium
4826,1,Market Activity,Medium
4829,1,Market Activity,Medium
4809,1,Market Activity,Medium
4811,1,Market Activity,Medium
4808,1,Market Activity,Medium
4812,1,Market Activity,Medium
4810,1,Market Activity,Medium
4807,1,Market Activity,Medium
4813,1,Market Activity,Medium
4816,1,Market Activity,Medium
4815,1,Market Activity,Medium
4814,1,Market Activity,Medium
4817,1,Market Activity,Medium
4862,1,Market Activity,Medium
4856,1,Market Activity,Medium
4835,1,Market Activity,Medium
4838,1,Market Activity,Medium
4861,1,Market Activity,Medium
4837,1,Market Activity,Medium
4836,1,Market Activity,Medium
4855,1,Market Activity,Medium
4857,1,Market Activity,Medium
4854,1,Market Activity,Medium
4832,1,Market Activity,Medium
4834,1,Market Activity,Medium
4860,1,Market Activity,Medium
4831,1,Market Activity,Medium
4830,1,Market Activity,Medium
4833,1,Market Activity,Medium
4864,1,Market Activity,Medium
4863,1,Market Activity,Medium
4843,1,Market Activity,Medium
4842,1,Market Activity,Medium
4801,1,Market Activity,Medium
4804,1,Market Activity,Medium
4802,1,Market Activity,Medium
4805,1,Market Activity,Medium
4803,1,Market Activity,Medium
4806,1,Market Activity,Medium
4800,1,Market Activity,Medium
4844,1,Market Activity,Medium
4847,1,Market Activity,Medium
4845,1,Market Activity,Medium
4846,1,Market Activity,Medium
4757,1,Market Activity,Medium
4753,1,Market Activity,Medium
4755,1,Market Activity,Medium
4754,1,Market Activity,Medium
4756,1,Market Activity,Medium
4794,1,Market Activity,Medium
4776,1,Market Activity,Medium
4775,1,Market Activity,Medium
4774,1,Market Activity,Medium
4784,1,Market Activity,Medium
4788,1,Market Activity,Medium
4783,1,Market Activity,Medium
4785,1,Market Activity,Medium
4786,1,Market Activity,Medium
4787,1,Market Activity,Medium
4793,1,Market Activity,Medium
4760,1,Market Activity,Medium
4763,1,Market Activity,Medium
4759,1,Market Activity,Medium
4758,1,Market Activity,Medium
4762,1,Market Activity,Medium
4761,1,Market Activity,Medium
4764,1,Market Activity,Medium
4744,1,Market Activity,Medium
4746,1,Market Activity,Medium
4743,1,Market Activity,Medium
4747,1,Market Activity,Medium
4745,1,Market Activity,Medium
4742,1,Market Activity,Medium
4748,1,Market Activity,Medium
4751,1,Market Activity,Medium
4750,1,Market Activity,Medium
4749,1,Market Activity,Medium
4752,1,Market Activity,Medium
4797,1,Market Activity,Medium
4791,1,Market Activity,Medium
4770,1,Market Activity,Medium
4773,1,Market Activity,Medium
4796,1,Market Activity,Medium
4772,1,Market Activity,Medium
4771,1,Market Activity,Medium
4790,1,Market Activity,Medium
4792,1,Market Activity,Medium
4789,1,Market Activity,Medium
4767,1,Market Activity,Medium
4769,1,Market Activity,Medium
4795,1,Market Activity,Medium
4766,1,Market Activity,Medium
4765,1,Market Activity,Medium
4768,1,Market Activity,Medium
4799,1,Market Activity,Medium
4798,1,Market Activity,Medium
4778,1,Market Activity,Medium
4777,1,Market Activity,Medium
4736,1,Market Activity,Medium
4739,1,Market Activity,Medium
4737,1,Market Activity,Medium
4740,1,Market Activity,Medium
4738,1,Market Activity,Medium
4741,1,Market Activity,Medium
4735,1,Market Activity,Medium
4779,1,Market Activity,Medium
4782,1,Market Activity,Medium
4780,1,Market Activity,Medium
4781,1,Market Activity,Medium
4692,1,Market Activity,Medium
4688,1,Market Activity,Medium
4690,1,Market Activity,Medium
4689,1,Market Activity,Medium
4691,1,Market Activity,Medium
4729,1,Market Activity,Medium
4711,1,Market Activity,Medium
4710,1,Market Activity,Medium
4709,1,Market Activity,Medium
4719,1,Market Activity,Medium
4723,1,Market Activity,Medium
4718,1,Market Activity,Medium
4720,1,Market Activity,Medium
4721,1,Market Activity,Medium
4722,1,Market Activity,Medium
4728,1,Market Activity,Medium
4695,1,Market Activity,Medium
4698,1,Market Activity,Medium
4694,1,Market Activity,Medium
4693,1,Market Activity,Medium
4697,1,Market Activity,Medium
4696,1,Market Activity,Medium
4699,1,Market Activity,Medium
4679,1,Market Activity,Medium
4681,1,Market Activity,Medium
4678,1,Market Activity,Medium
4682,1,Market Activity,Medium
4680,1,Market Activity,Medium
4677,1,Market Activity,Medium
4683,1,Market Activity,Medium
4686,1,Market Activity,Medium
4685,1,Market Activity,Medium
4684,1,Market Activity,Medium
4687,1,Market Activity,Medium
4732,1,Market Activity,Medium
4726,1,Market Activity,Medium
4705,1,Market Activity,Medium
4708,1,Market Activity,Medium
4731,1,Market Activity,Medium
4707,1,Market Activity,Medium
4706,1,Market Activity,Medium
4725,1,Market Activity,Medium
4727,1,Market Activity,Medium
4724,1,Market Activity,Medium
4702,1,Market Activity,Medium
4704,1,Market Activity,Medium
4730,1,Market Activity,Medium
4701,1,Market Activity,Medium
4700,1,Market Activity,Medium
4703,1,Market Activity,Medium
4734,1,Market Activity,Medium
4733,1,Market Activity,Medium
4713,1,Market Activity,Medium
4712,1,Market Activity,Medium
4671,1,Market Activity,Medium
4674,1,Market Activity,Medium
4672,1,Market Activity,Medium
4675,1,Market Activity,Medium
4673,1,Market Activity,Medium
4676,1,Market Activity,Medium
4670,1,Market Activity,Medium
4714,1,Market Activity,Medium
4717,1,Market Activity,Medium
4715,1,Market Activity,Medium
4716,1,Market Activity,Medium
4627,1,Market Activity,Medium
4623,1,Market Activity,Medium
4625,1,Market Activity,Medium
4624,1,Market Activity,Medium
4626,1,Market Activity,Medium
4664,1,Market Activity,Medium
4646,1,Market Activity,Medium
4645,1,Market Activity,Medium
4644,1,Market Activity,Medium
4654,1,Market Activity,Medium
4658,1,Market Activity,Medium
4653,1,Market Activity,Medium
4655,1,Market Activity,Medium
4656,1,Market Activity,Medium
4657,1,Market Activity,Medium
4663,1,Market Activity,Medium
4630,1,Market Activity,Medium
4633,1,Market Activity,Medium
4629,1,Market Activity,Medium
4628,1,Market Activity,Medium
4632,1,Market Activity,Medium
4631,1,Market Activity,Medium
4634,1,Market Activity,Medium
4614,1,Market Activity,Medium
4616,1,Market Activity,Medium
4613,1,Market Activity,Medium
4617,1,Market Activity,Medium
4615,1,Market Activity,Medium
4612,1,Market Activity,Medium
4618,1,Market Activity,Medium
4621,1,Market Activity,Medium
4620,1,Market Activity,Medium
4619,1,Market Activity,Medium
4622,1,Market Activity,Medium
4667,1,Market Activity,Medium
4661,1,Market Activity,Medium
4640,1,Market Activity,Medium
4643,1,Market Activity,Medium
4666,1,Market Activity,Medium
4642,1,Market Activity,Medium
4641,1,Market Activity,Medium
4660,1,Market Activity,Medium
4662,1,Market Activity,Medium
4659,1,Market Activity,Medium
4637,1,Market Activity,Medium
4639,1,Market Activity,Medium
4665,1,Market Activity,Medium
4636,1,Market Activity,Medium
4635,1,Market Activity,Medium
4638,1,Market Activity,Medium
4669,1,Market Activity,Medium
4668,1,Market Activity,Medium
4648,1,Market Activity,Medium
4647,1,Market Activity,Medium
4606,1,Market Activity,Medium
4609,1,Market Activity,Medium
4607,1,Market Activity,Medium
4610,1,Market Activity,Medium
4608,1,Market Activity,Medium
4611,1,Market Activity,Medium
4605,1,Market Activity,Medium
4649,1,Market Activity,Medium
4652,1,Market Activity,Medium
4650,1,Market Activity,Medium
4651,1,Market Activity,Medium
4562,1,Market Activity,Medium
4558,1,Market Activity,Medium
4560,1,Market Activity,Medium
4559,1,Market Activity,Medium
4561,1,Market Activity,Medium
4599,1,Market Activity,Medium
4581,1,Market Activity,Medium
4580,1,Market Activity,Medium
4579,1,Market Activity,Medium
4589,1,Market Activity,Medium
4593,1,Market Activity,Medium
4588,1,Market Activity,Medium
4590,1,Market Activity,Medium
4591,1,Market Activity,Medium
4592,1,Market Activity,Medium
4598,1,Market Activity,Medium
4565,1,Market Activity,Medium
4568,1,Market Activity,Medium
4564,1,Market Activity,Medium
4563,1,Market Activity,Medium
4567,1,Market Activity,Medium
4566,1,Market Activity,Medium
4569,1,Market Activity,Medium
4549,1,Market Activity,Medium
4551,1,Market Activity,Medium
4548,1,Market Activity,Medium
4552,1,Market Activity,Medium
4550,1,Market Activity,Medium
4547,1,Market Activity,Medium
4553,1,Market Activity,Medium
4556,1,Market Activity,Medium
4555,1,Market Activity,Medium
4554,1,Market Activity,Medium
4557,1,Market Activity,Medium
4602,1,Market Activity,Medium
4596,1,Market Activity,Medium
4575,1,Market Activity,Medium
4578,1,Market Activity,Medium
4601,1,Market Activity,Medium
4577,1,Market Activity,Medium
4576,1,Market Activity,Medium
4595,1,Market Activity,Medium
4597,1,Market Activity,Medium
4594,1,Market Activity,Medium
4572,1,Market Activity,Medium
4574,1,Market Activity,Medium
4600,1,Market Activity,Medium
4571,1,Market Activity,Medium
4570,1,Market Activity,Medium
4573,1,Market Activity,Medium
4604,1,Market Activity,Medium
4603,1,Market Activity,Medium
4583,1,Market Activity,Medium
4582,1,Market Activity,Medium
4541,1,Market Activity,Medium
4544,1,Market Activity,Medium
4542,1,Market Activity,Medium
4545,1,Market Activity,Medium
4543,1,Market Activity,Medium
4546,1,Market Activity,Medium
4584,1,Market Activity,Medium
4587,1,Market Activity,Medium
4585,1,Market Activity,Medium
4586,1,Market Activity,Medium
4537,1,Market Activity,Medium
4533,1,Market Activity,Medium
4535,1,Market Activity,Medium
4534,1,Market Activity,Medium
4536,1,Market Activity,Medium
4540,1,Market Activity,Medium
4539,1,Market Activity,Medium
4538,1,Market Activity,Medium
4524,1,Market Activity,Medium
4526,1,Market Activity,Medium
4523,1,Market Activity,Medium
4527,1,Market Activity,Medium
4525,1,Market Activity,Medium
4522,1,Market Activity,Medium
4528,1,Market Activity,Medium
4531,1,Market Activity,Medium
4530,1,Market Activity,Medium
4529,1,Market Activity,Medium
4532,1,Market Activity,Medium
4516,1,Market Activity,Medium
4519,1,Market Activity,Medium
4517,1,Market Activity,Medium
4520,1,Market Activity,Medium
4518,1,Market Activity,Medium
4521,1,Market Activity,Medium
4515,1,Market Activity,Medium
4473,1,Market Activity,Medium
4469,1,Market Activity,Medium
4471,1,Market Activity,Medium
4470,1,Market Activity,Medium
4472,1,Market Activity,Medium
4509,1,Market Activity,Medium
4491,1,Market Activity,Medium
4490,1,Market Activity,Medium
4489,1,Market Activity,Medium
4499,1,Market Activity,Medium
4503,1,Market Activity,Medium
4498,1,Market Activity,Medium
4500,1,Market Activity,Medium
4501,1,Market Activity,Medium
4502,1,Market Activity,Medium
4508,1,Market Activity,Medium
4476,1,Market Activity,Medium
4479,1,Market Activity,Medium
4475,1,Market Activity,Medium
4474,1,Market Activity,Medium
4478,1,Market Activity,Medium
4477,1,Market Activity,Medium
4460,1,Market Activity,Medium
4462,1,Market Activity,Medium
4459,1,Market Activity,Medium
4463,1,Market Activity,Medium
4461,1,Market Activity,Medium
4458,1,Market Activity,Medium
4464,1,Market Activity,Medium
4467,1,Market Activity,Medium
4466,1,Market Activity,Medium
4465,1,Market Activity,Medium
4468,1,Market Activity,Medium
4512,1,Market Activity,Medium
4506,1,Market Activity,Medium
4485,1,Market Activity,Medium
4488,1,Market Activity,Medium
4511,1,Market Activity,Medium
4487,1,Market Activity,Medium
4486,1,Market Activity,Medium
4505,1,Market Activity,Medium
4507,1,Market Activity,Medium
4504,1,Market Activity,Medium
4482,1,Market Activity,Medium
4484,1,Market Activity,Medium
4510,1,Market Activity,Medium
4481,1,Market Activity,Medium
4480,1,Market Activity,Medium
4483,1,Market Activity,Medium
4514,1,Market Activity,Medium
4513,1,Market Activity,Medium
4493,1,Market Activity,Medium
4492,1,Market Activity,Medium
4452,1,Market Activity,Medium
4455,1,Market Activity,Medium
4453,1,Market Activity,Medium
4456,1,Market Activity,Medium
4454,1,Market Activity,Medium
4457,1,Market Activity,Medium
4451,1,Market Activity,Medium
4494,1,Market Activity,Medium
4497,1,Market Activity,Medium
4495,1,Market Activity,Medium
4496,1,Market Activity,Medium
4408,1,Market Activity,Medium
4404,1,Market Activity,Medium
4406,1,Market Activity,Medium
4405,1,Market Activity,Medium
4407,1,Market Activity,Medium
4445,1,Market Activity,Medium
4427,1,Market Activity,Medium
4426,1,Market Activity,Medium
4425,1,Market Activity,Medium
4435,1,Market Activity,Medium
4439,1,Market Activity,Medium
4434,1,Market Activity,Medium
4436,1,Market Activity,Medium
4437,1,Market Activity,Medium
4438,1,Market Activity,Medium
4444,1,Market Activity,Medium
4411,1,Market Activity,Medium
4414,1,Market Activity,Medium
4410,1,Market Activity,Medium
4409,1,Market Activity,Medium
4413,1,Market Activity,Medium
4412,1,Market Activity,Medium
4415,1,Market Activity,Medium
4395,1,Market Activity,Medium
4397,1,Market Activity,Medium
4394,1,Market Activity,Medium
4398,1,Market Activity,Medium
4396,1,Market Activity,Medium
4393,1,Market Activity,Medium
4399,1,Market Activity,Medium
4402,1,Market Activity,Medium
4401,1,Market Activity,Medium
4400,1,Market Activity,Medium
4403,1,Market Activity,Medium
4448,1,Market Activity,Medium
4442,1,Market Activity,Medium
4421,1,Market Activity,Medium
4424,1,Market Activity,Medium
4447,1,Market Activity,Medium
4423,1,Market Activity,Medium
4422,1,Market Activity,Medium
4441,1,Market Activity,Medium
4443,1,Market Activity,Medium
4440,1,Market Activity,Medium
4418,1,Market Activity,Medium
4420,1,Market Activity,Medium
4446,1,Market Activity,Medium
4417,1,Market Activity,Medium
4416,1,Market Activity,Medium
4419,1,Market Activity,Medium
4450,1,Market Activity,Medium
4449,1,Market Activity,Medium
4429,1,Market Activity,Medium
4428,1,Market Activity,Medium
4387,1,Market Activity,Medium
4390,1,Market Activity,Medium
4388,1,Market Activity,Medium
4391,1,Market Activity,Medium
4389,1,Market Activity,Medium
4392,1,Market Activity,Medium
4386,1,Market Activity,Medium
4430,1,Market Activity,Medium
4433,1,Market Activity,Medium
4431,1,Market Activity,Medium
4432,1,Market Activity,Medium
4343,1,Market Activity,Medium
4339,1,Market Activity,Medium
4341,1,Market Activity,Medium
4340,1,Market Activity,Medium
4342,1,Market Activity,Medium
4380,1,Market Activity,Medium
4362,1,Market Activity,Medium
4361,1,Market Activity,Medium
4360,1,Market Activity,Medium
4370,1,Market Activity,Medium
4374,1,Market Activity,Medium
4369,1,Market Activity,Medium
4371,1,Market Activity,Medium
4372,1,Market Activity,Medium
4373,1,Market Activity,Medium
4379,1,Market Activity,Medium
4346,1,Market Activity,Medium
4349,1,Market Activity,Medium
4345,1,Market Activity,Medium
4344,1,Market Activity,Medium
4348,1,Market Activity,Medium
4347,1,Market Activity,Medium
4350,1,Market Activity,Medium
4330,1,Market Activity,Medium
4332,1,Market Activity,Medium
4329,1,Market Activity,Medium
4333,1,Market Activity,Medium
4331,1,Market Activity,Medium
4328,1,Market Activity,Medium
4334,1,Market Activity,Medium
4337,1,Market Activity,Medium
4336,1,Market Activity,Medium
4335,1,Market Activity,Medium
4338,1,Market Activity,Medium
4383,1,Market Activity,Medium
4377,1,Market Activity,Medium
4356,1,Market Activity,Medium
4359,1,Market Activity,Medium
4382,1,Market Activity,Medium
4358,1,Market Activity,Medium
4357,1,Market Activity,Medium
4376,1,Market Activity,Medium
4378,1,Market Activity,Medium
4375,1,Market Activity,Medium
4353,1,Market Activity,Medium
4355,1,Market Activity,Medium
4381,1,Market Activity,Medium
4352,1,Market Activity,Medium
4351,1,Market Activity,Medium
4354,1,Market Activity,Medium
4385,1,Market Activity,Medium
4384,1,Market Activity,Medium
4364,1,Market Activity,Medium
4363,1,Market Activity,Medium
4322,1,Market Activity,Medium
4325,1,Market Activity,Medium
4323,1,Market Activity,Medium
4326,1,Market Activity,Medium
4324,1,Market Activity,Medium
4327,1,Market Activity,Medium
4321,1,Market Activity,Medium
4365,1,Market Activity,Medium
4368,1,Market Activity,Medium
4366,1,Market Activity,Medium
4367,1,Market Activity,Medium
4278,1,Market Activity,Medium
4274,1,Market Activity,Medium
4276,1,Market Activity,Medium
4275,1,Market Activity,Medium
4277,1,Market Activity,Medium
4315,1,Market Activity,Medium
4297,1,Market Activity,Medium
4296,1,Market Activity,Medium
4295,1,Market Activity,Medium
4305,1,Market Activity,Medium
4309,1,Market Activity,Medium
4304,1,Market Activity,Medium
4306,1,Market Activity,Medium
4307,1,Market Activity,Medium
4308,1,Market Activity,Medium
4314,1,Market Activity,Medium
4281,1,Market Activity,Medium
4284,1,Market Activity,Medium
4280,1,Market Activity,Medium
4279,1,Market Activity,Medium
4283,1,Market Activity,Medium
4282,1,Market Activity,Medium
4285,1,Market Activity,Medium
4265,1,Market Activity,Medium
4267,1,Market Activity,Medium
4264,1,Market Activity,Medium
4268,1,Market Activity,Medium
4266,1,Market Activity,Medium
4263,1,Market Activity,Medium
4269,1,Market Activity,Medium
4272,1,Market Activity,Medium
4271,1,Market Activity,Medium
4270,1,Market Activity,Medium
4273,1,Market Activity,Medium
4318,1,Market Activity,Medium
4312,1,Market Activity,Medium
4291,1,Market Activity,Medium
4294,1,Market Activity,Medium
4317,1,Market Activity,Medium
4293,1,Market Activity,Medium
4292,1,Market Activity,Medium
4311,1,Market Activity,Medium
4313,1,Market Activity,Medium
4310,1,Market Activity,Medium
4288,1,Market Activity,Medium
4290,1,Market Activity,Medium
4316,1,Market Activity,Medium
4287,1,Market Activity,Medium
4286,1,Market Activity,Medium
4289,1,Market Activity,Medium
4320,1,Market Activity,Medium
4319,1,Market Activity,Medium
4299,1,Market Activity,Medium
4298,1,Market Activity,Medium
4257,1,Market Activity,Medium
4260,1,Market Activity,Medium
4258,1,Market Activity,Medium
4261,1,Market Activity,Medium
4259,1,Market Activity,Medium
4262,1,Market Activity,Medium
4256,1,Market Activity,Medium
4300,1,Market Activity,Medium
4303,1,Market Activity,Medium
4301,1,Market Activity,Medium
4302,1,Market Activity,Medium
4213,1,Market Activity,Medium
4209,1,Market Activity,Medium
4211,1,Market Activity,Medium
4210,1,Market Activity,Medium
4212,1,Market Activity,Medium
4250,1,Market Activity,Medium
4232,1,Market Activity,Medium
4231,1,Market Activity,Medium
4230,1,Market Activity,Medium
4240,1,Market Activity,Medium
4244,1,Market Activity,Medium
4239,1,Market Activity,Medium
4241,1,Market Activity,Medium
4242,1,Market Activity,Medium
4243,1,Market Activity,Medium
4249,1,Market Activity,Medium
4216,1,Market Activity,Medium
4219,1,Market Activity,Medium
4215,1,Market Activity,Medium
4214,1,Market Activity,Medium
4218,1,Market Activity,Medium
4217,1,Market Activity,Medium
4220,1,Market Activity,Medium
4200,1,Market Activity,Medium
4202,1,Market Activity,Medium
4199,1,Market Activity,Medium
4203,1,Market Activity,Medium
4201,1,Market Activity,Medium
4198,1,Market Activity,Medium
4204,1,Market Activity,Medium
4207,1,Market Activity,Medium
4206,1,Market Activity,Medium
4205,1,Market Activity,Medium
4208,1,Market Activity,Medium
4253,1,Market Activity,Medium
4247,1,Market Activity,Medium
4226,1,Market Activity,Medium
4229,1,Market Activity,Medium
4252,1,Market Activity,Medium
4228,1,Market Activity,Medium
4227,1,Market Activity,Medium
4246,1,Market Activity,Medium
4248,1,Market Activity,Medium
4245,1,Market Activity,Medium
4223,1,Market Activity,Medium
4225,1,Market Activity,Medium
4251,1,Market Activity,Medium
4222,1,Market Activity,Medium
4221,1,Market Activity,Medium
4224,1,Market Activity,Medium
4255,1,Market Activity,Medium
4254,1,Market Activity,Medium
4234,1,Market Activity,Medium
4233,1,Market Activity,Medium
4192,1,Market Activity,Medium
4195,1,Market Activity,Medium
4193,1,Market Activity,Medium
4196,1,Market Activity,Medium
4194,1,Market Activity,Medium
4197,1,Market Activity,Medium
4235,1,Market Activity,Medium
4238,1,Market Activity,Medium
4236,1,Market Activity,Medium
4237,1,Market Activity,Medium
4182,1,Market Activity,Medium
4178,1,Market Activity,Medium
4180,1,Market Activity,Medium
4179,1,Market Activity,Medium
4181,1,Market Activity,Medium
4185,1,Market Activity,Medium
4188,1,Market Activity,Medium
4184,1,Market Activity,Medium
4183,1,Market Activity,Medium
4187,1,Market Activity,Medium
4186,1,Market Activity,Medium
4189,1,Market Activity,Medium
4169,1,Market Activity,Medium
4171,1,Market Activity,Medium
4168,1,Market Activity,Medium
4172,1,Market Activity,Medium
4170,1,Market Activity,Medium
4167,1,Market Activity,Medium
4173,1,Market Activity,Medium
4176,1,Market Activity,Medium
4175,1,Market Activity,Medium
4174,1,Market Activity,Medium
4177,1,Market Activity,Medium
4191,1,Market Activity,Medium
4190,1,Market Activity,Medium
4161,1,Market Activity,Medium
4164,1,Market Activity,Medium
4162,1,Market Activity,Medium
4165,1,Market Activity,Medium
4163,1,Market Activity,Medium
4166,1,Market Activity,Medium
4160,1,Market Activity,Medium
4118,1,Market Activity,Medium
4114,1,Market Activity,Medium
4116,1,Market Activity,Medium
4115,1,Market Activity,Medium
4117,1,Market Activity,Medium
4154,1,Market Activity,Medium
4137,1,Market Activity,Medium
4136,1,Market Activity,Medium
4135,1,Market Activity,Medium
4144,1,Market Activity,Medium
4148,1,Market Activity,Medium
4143,1,Market Activity,Medium
4145,1,Market Activity,Medium
4146,1,Market Activity,Medium
4147,1,Market Activity,Medium
4153,1,Market Activity,Medium
4121,1,Market Activity,Medium
4124,1,Market Activity,Medium
4120,1,Market Activity,Medium
4119,1,Market Activity,Medium
4123,1,Market Activity,Medium
4122,1,Market Activity,Medium
4125,1,Market Activity,Medium
4105,1,Market Activity,Medium
4107,1,Market Activity,Medium
4104,1,Market Activity,Medium
4108,1,Market Activity,Medium
4106,1,Market Activity,Medium
4103,1,Market Activity,Medium
4109,1,Market Activity,Medium
4112,1,Market Activity,Medium
4111,1,Market Activity,Medium
4110,1,Market Activity,Medium
4113,1,Market Activity,Medium
4157,1,Market Activity,Medium
4151,1,Market Activity,Medium
4131,1,Market Activity,Medium
4134,1,Market Activity,Medium
4156,1,Market Activity,Medium
4133,1,Market Activity,Medium
4132,1,Market Activity,Medium
4150,1,Market Activity,Medium
4152,1,Market Activity,Medium
4149,1,Market Activity,Medium
4128,1,Market Activity,Medium
4130,1,Market Activity,Medium
4155,1,Market Activity,Medium
4127,1,Market Activity,Medium
4126,1,Market Activity,Medium
4129,1,Market Activity,Medium
4159,1,Market Activity,Medium
4158,1,Market Activity,Medium
4139,1,Market Activity,Medium
4138,1,Market Activity,Medium
4097,1,Market Activity,Medium
4100,1,Market Activity,Medium
4098,1,Market Activity,Medium
4101,1,Market Activity,Medium
4099,1,Market Activity,Medium
4102,1,Market Activity,Medium
4096,1,Market Activity,Medium
4140,1,Market Activity,Medium
4142,1,Market Activity,Medium
4141,1,Market Activity,Medium
4053,1,Market Activity,Medium
4051,1,Market Activity,Medium
4050,1,Market Activity,Medium
4052,1,Market Activity,Medium
4090,1,Market Activity,Medium
4072,1,Market Activity,Medium
4071,1,Market Activity,Medium
4070,1,Market Activity,Medium
4080,1,Market Activity,Medium
4084,1,Market Activity,Medium
4079,1,Market Activity,Medium
4081,1,Market Activity,Medium
4082,1,Market Activity,Medium
4083,1,Market Activity,Medium
4089,1,Market Activity,Medium
4056,1,Market Activity,Medium
4059,1,Market Activity,Medium
4055,1,Market Activity,Medium
4054,1,Market Activity,Medium
4058,1,Market Activity,Medium
4057,1,Market Activity,Medium
4060,1,Market Activity,Medium
4041,1,Market Activity,Medium
4043,1,Market Activity,Medium
4040,1,Market Activity,Medium
4044,1,Market Activity,Medium
4042,1,Market Activity,Medium
4039,1,Market Activity,Medium
4045,1,Market Activity,Medium
4048,1,Market Activity,Medium
4047,1,Market Activity,Medium
4046,1,Market Activity,Medium
4049,1,Market Activity,Medium
4093,1,Market Activity,Medium
4087,1,Market Activity,Medium
4066,1,Market Activity,Medium
4069,1,Market Activity,Medium
4092,1,Market Activity,Medium
4068,1,Market Activity,Medium
4067,1,Market Activity,Medium
4086,1,Market Activity,Medium
4088,1,Market Activity,Medium
4085,1,Market Activity,Medium
4063,1,Market Activity,Medium
4065,1,Market Activity,Medium
4091,1,Market Activity,Medium
4062,1,Market Activity,Medium
4061,1,Market Activity,Medium
4064,1,Market Activity,Medium
4095,1,Market Activity,Medium
4094,1,Market Activity,Medium
4074,1,Market Activity,Medium
4073,1,Market Activity,Medium
4033,1,Market Activity,Medium
4036,1,Market Activity,Medium
4034,1,Market Activity,Medium
4037,1,Market Activity,Medium
4035,1,Market Activity,Medium
4038,1,Market Activity,Medium
4032,1,Market Activity,Medium
4075,1,Market Activity,Medium
4078,1,Market Activity,Medium
4076,1,Market Activity,Medium
4077,1,Market Activity,Medium
3992,1,Market Activity,Medium
3988,1,Market Activity,Medium
3990,1,Market Activity,Medium
3989,1,Market Activity,Medium
3991,1,Market Activity,Medium
4026,1,Market Activity,Medium
4010,1,Market Activity,Medium
4009,1,Market Activity,Medium
4008,1,Market Activity,Medium
4021,1,Market Activity,Medium
4017,1,Market Activity,Medium
4018,1,Market Activity,Medium
4019,1,Market Activity,Medium
4020,1,Market Activity,Medium
4025,1,Market Activity,Medium
3995,1,Market Activity,Medium
3998,1,Market Activity,Medium
3994,1,Market Activity,Medium
3993,1,Market Activity,Medium
3997,1,Market Activity,Medium
3996,1,Market Activity,Medium
3999,1,Market Activity,Medium
3979,1,Market Activity,Medium
3981,1,Market Activity,Medium
3978,1,Market Activity,Medium
3982,1,Market Activity,Medium
3980,1,Market Activity,Medium
3977,1,Market Activity,Medium
3983,1,Market Activity,Medium
3986,1,Market Activity,Medium
3985,1,Market Activity,Medium
3984,1,Market Activity,Medium
3987,1,Market Activity,Medium
4029,1,Market Activity,Medium
4023,1,Market Activity,Medium
4004,1,Market Activity,Medium
4007,1,Market Activity,Medium
4028,1,Market Activity,Medium
4006,1,Market Activity,Medium
4005,1,Market Activity,Medium
4024,1,Market Activity,Medium
4022,1,Market Activity,Medium
4001,1,Market Activity,Medium
4003,1,Market Activity,Medium
4027,1,Market Activity,Medium
4000,1,Market Activity,Medium
4002,1,Market Activity,Medium
4031,1,Market Activity,Medium
4030,1,Market Activity,Medium
4012,1,Market Activity,Medium
4011,1,Market Activity,Medium
3971,1,Market Activity,Medium
3974,1,Market Activity,Medium
3972,1,Market Activity,Medium
3975,1,Market Activity,Medium
3973,1,Market Activity,Medium
3976,1,Market Activity,Medium
3970,1,Market Activity,Medium
4013,1,Market Activity,Medium
4016,1,Market Activity,Medium
4014,1,Market Activity,Medium
4015,1,Market Activity,Medium
3927,1,Market Activity,Medium
3923,1,Market Activity,Medium
3925,1,Market Activity,Medium
3924,1,Market Activity,Medium
3926,1,Market Activity,Medium
3964,1,Market Activity,Medium
3946,1,Market Activity,Medium
3945,1,Market Activity,Medium
3944,1,Market Activity,Medium
3954,1,Market Activity,Medium
3958,1,Market Activity,Medium
3953,1,Market Activity,Medium
3955,1,Market Activity,Medium
3956,1,Market Activity,Medium
3957,1,Market Activity,Medium
3963,1,Market Activity,Medium
3930,1,Market Activity,Medium
3933,1,Market Activity,Medium
3929,1,Market Activity,Medium
3928,1,Market Activity,Medium
3932,1,Market Activity,Medium
3931,1,Market Activity,Medium
3934,1,Market Activity,Medium
3914,1,Market Activity,Medium
3916,1,Market Activity,Medium
3913,1,Market Activity,Medium
3917,1,Market Activity,Medium
3915,1,Market Activity,Medium
3912,1,Market Activity,Medium
3918,1,Market Activity,Medium
3921,1,Market Activity,Medium
3920,1,Market Activity,Medium
3919,1,Market Activity,Medium
3922,1,Market Activity,Medium
3967,1,Market Activity,Medium
3961,1,Market Activity,Medium
3940,1,Market Activity,Medium
3943,1,Market Activity,Medium
3966,1,Market Activity,Medium
3942,1,Market Activity,Medium
3941,1,Market Activity,Medium
3960,1,Market Activity,Medium
3962,1,Market Activity,Medium
3959,1,Market Activity,Medium
3937,1,Market Activity,Medium
3939,1,Market Activity,Medium
3965,1,Market Activity,Medium
3936,1,Market Activity,Medium
3935,1,Market Activity,Medium
3938,1,Market Activity,Medium
3969,1,Market Activity,Medium
3968,1,Market Activity,Medium
3948,1,Market Activity,Medium
3947,1,Market Activity,Medium
3906,1,Market Activity,Medium
3909,1,Market Activity,Medium
3907,1,Market Activity,Medium
3910,1,Market Activity,Medium
3908,1,Market Activity,Medium
3911,1,Market Activity,Medium
3905,1,Market Activity,Medium
3949,1,Market Activity,Medium
3952,1,Market Activity,Medium
3950,1,Market Activity,Medium
3951,1,Market Activity,Medium
3862,1,Market Activity,Medium
3858,1,Market Activity,Medium
3860,1,Market Activity,Medium
3859,1,Market Activity,Medium
3861,1,Market Activity,Medium
3899,1,Market Activity,Medium
3881,1,Market Activity,Medium
3880,1,Market Activity,Medium
3879,1,Market Activity,Medium
3889,1,Market Activity,Medium
3893,1,Market Activity,Medium
3888,1,Market Activity,Medium
3890,1,Market Activity,Medium
3891,1,Market Activity,Medium
3892,1,Market Activity,Medium
3898,1,Market Activity,Medium
3865,1,Market Activity,Medium
3868,1,Market Activity,Medium
3864,1,Market Activity,Medium
3863,1,Market Activity,Medium
3867,1,Market Activity,Medium
3866,1,Market Activity,Medium
3869,1,Market Activity,Medium
3850,1,Market Activity,Medium
3852,1,Market Activity,Medium
3849,1,Market Activity,Medium
3853,1,Market Activity,Medium
3851,1,Market Activity,Medium
3848,1,Market Activity,Medium
3854,1,Market Activity,Medium
3856,1,Market Activity,Medium
3855,1,Market Activity,Medium
3857,1,Market Activity,Medium
3902,1,Market Activity,Medium
3896,1,Market Activity,Medium
3875,1,Market Activity,Medium
3878,1,Market Activity,Medium
3901,1,Market Activity,Medium
3877,1,Market Activity,Medium
3876,1,Market Activity,Medium
3895,1,Market Activity,Medium
3897,1,Market Activity,Medium
3894,1,Market Activity,Medium
3872,1,Market Activity,Medium
3874,1,Market Activity,Medium
3900,1,Market Activity,Medium
3871,1,Market Activity,Medium
3870,1,Market Activity,Medium
3873,1,Market Activity,Medium
3904,1,Market Activity,Medium
3903,1,Market Activity,Medium
3883,1,Market Activity,Medium
3882,1,Market Activity,Medium
3842,1,Market Activity,Medium
3845,1,Market Activity,Medium
3843,1,Market Activity,Medium
3846,1,Market Activity,Medium
3844,1,Market Activity,Medium
3847,1,Market Activity,Medium
3884,1,Market Activity,Medium
3887,1,Market Activity,Medium
3885,1,Market Activity,Medium
3886,1,Market Activity,Medium
3837,1,Market Activity,Medium
3833,1,Market Activity,Medium
3835,1,Market Activity,Medium
3834,1,Market Activity,Medium
3836,1,Market Activity,Medium
3840,1,Market Activity,Medium
3839,1,Market Activity,Medium
3838,1,Market Activity,Medium
3841,1,Market Activity,Medium
3824,1,Market Activity,Medium
3826,1,Market Activity,Medium
3823,1,Market Activity,Medium
3827,1,Market Activity,Medium
3825,1,Market Activity,Medium
3822,1,Market Activity,Medium
3828,1,Market Activity,Medium
3831,1,Market Activity,Medium
3830,1,Market Activity,Medium
3829,1,Market Activity,Medium
3832,1,Market Activity,Medium
3817,1,Market Activity,Medium
3819,1,Market Activity,Medium
3820,1,Market Activity,Medium
3818,1,Market Activity,Medium
3821,1,Market Activity,Medium
3816,1,Market Activity,Medium
3773,1,Market Activity,Medium
3769,1,Market Activity,Medium
3771,1,Market Activity,Medium
3770,1,Market Activity,Medium
3772,1,Market Activity,Medium
3810,1,Market Activity,Medium
3792,1,Market Activity,Medium
3791,1,Market Activity,Medium
3790,1,Market Activity,Medium
3800,1,Market Activity,Medium
3804,1,Market Activity,Medium
3799,1,Market Activity,Medium
3801,1,Market Activity,Medium
3802,1,Market Activity,Medium
3803,1,Market Activity,Medium
3809,1,Market Activity,Medium
3776,1,Market Activity,Medium
3779,1,Market Activity,Medium
3775,1,Market Activity,Medium
3774,1,Market Activity,Medium
3778,1,Market Activity,Medium
3777,1,Market Activity,Medium
3780,1,Market Activity,Medium
3760,1,Market Activity,Medium
3762,1,Market Activity,Medium
3759,1,Market Activity,Medium
3763,1,Market Activity,Medium
3761,1,Market Activity,Medium
3758,1,Market Activity,Medium
3764,1,Market Activity,Medium
3767,1,Market Activity,Medium
3766,1,Market Activity,Medium
3765,1,Market Activity,Medium
3768,1,Market Activity,Medium
3813,1,Market Activity,Medium
3807,1,Market Activity,Medium
3786,1,Market Activity,Medium
3789,1,Market Activity,Medium
3812,1,Market Activity,Medium
3788,1,Market Activity,Medium
3787,1,Market Activity,Medium
3806,1,Market Activity,Medium
3808,1,Market Activity,Medium
3805,1,Market Activity,Medium
3783,1,Market Activity,Medium
3785,1,Market Activity,Medium
3811,1,Market Activity,Medium
3782,1,Market Activity,Medium
3781,1,Market Activity,Medium
3784,1,Market Activity,Medium
3815,1,Market Activity,Medium
3814,1,Market Activity,Medium
3794,1,Market Activity,Medium
3793,1,Market Activity,Medium
3752,1,Market Activity,Medium
3755,1,Market Activity,Medium
3753,1,Market Activity,Medium
3756,1,Market Activity,Medium
3754,1,Market Activity,Medium
3757,1,Market Activity,Medium
3751,1,Market Activity,Medium
3795,1,Market Activity,Medium
3798,1,Market Activity,Medium
3796,1,Market Activity,Medium
3797,1,Market Activity,Medium
3708,1,Market Activity,Medium
3704,1,Market Activity,Medium
3706,1,Market Activity,Medium
3705,1,Market Activity,Medium
3707,1,Market Activity,Medium
3745,1,Market Activity,Medium
3727,1,Market Activity,Medium
3726,1,Market Activity,Medium
3725,1,Market Activity,Medium
3735,1,Market Activity,Medium
3739,1,Market Activity,Medium
3734,1,Market Activity,Medium
3736,1,Market Activity,Medium
3737,1,Market Activity,Medium
3738,1,Market Activity,Medium
3744,1,Market Activity,Medium
3711,1,Market Activity,Medium
3714,1,Market Activity,Medium
3710,1,Market Activity,Medium
3709,1,Market Activity,Medium
3713,1,Market Activity,Medium
3712,1,Market Activity,Medium
3715,1,Market Activity,Medium
3695,1,Market Activity,Medium
3697,1,Market Activity,Medium
3694,1,Market Activity,Medium
3698,1,Market Activity,Medium
3696,1,Market Activity,Medium
3693,1,Market Activity,Medium
3699,1,Market Activity,Medium
3702,1,Market Activity,Medium
3701,1,Market Activity,Medium
3700,1,Market Activity,Medium
3703,1,Market Activity,Medium
3748,1,Market Activity,Medium
3742,1,Market Activity,Medium
3721,1,Market Activity,Medium
3724,1,Market Activity,Medium
3747,1,Market Activity,Medium
3723,1,Market Activity,Medium
3722,1,Market Activity,Medium
3741,1,Market Activity,Medium
3743,1,Market Activity,Medium
3740,1,Market Activity,Medium
3718,1,Market Activity,Medium
3720,1,Market Activity,Medium
3746,1,Market Activity,Medium
3717,1,Market Activity,Medium
3716,1,Market Activity,Medium
3719,1,Market Activity,Medium
3750,1,Market Activity,Medium
3749,1,Market Activity,Medium
3729,1,Market Activity,Medium
3728,1,Market Activity,Medium
3687,1,Market Activity,Medium
3690,1,Market Activity,Medium
3688,1,Market Activity,Medium
3691,1,Market Activity,Medium
3689,1,Market Activity,Medium
3692,1,Market Activity,Medium
3686,1,Market Activity,Medium
3730,1,Market Activity,Medium
3733,1,Market Activity,Medium
3731,1,Market Activity,Medium
3732,1,Market Activity,Medium
3643,1,Market Activity,Medium
3639,1,Market Activity,Medium
3641,1,Market Activity,Medium
3640,1,Market Activity,Medium
3642,1,Market Activity,Medium
3680,1,Market Activity,Medium
3662,1,Market Activity,Medium
3661,1,Market Activity,Medium
3660,1,Market Activity,Medium
3670,1,Market Activity,Medium
3674,1,Market Activity,Medium
3669,1,Market Activity,Medium
3671,1,Market Activity,Medium
3672,1,Market Activity,Medium
3673,1,Market Activity,Medium
3679,1,Market Activity,Medium
3646,1,Market Activity,Medium
3649,1,Market Activity,Medium
3645,1,Market Activity,Medium
3644,1,Market Activity,Medium
3648,1,Market Activity,Medium
3647,1,Market Activity,Medium
3650,1,Market Activity,Medium
3630,1,Market Activity,Medium
3632,1,Market Activity,Medium
3629,1,Market Activity,Medium
3633,1,Market Activity,Medium
3631,1,Market Activity,Medium
3628,1,Market Activity,Medium
3634,1,Market Activity,Medium
3637,1,Market Activity,Medium
3636,1,Market Activity,Medium
3635,1,Market Activity,Medium
3638,1,Market Activity,Medium
3683,1,Market Activity,Medium
3677,1,Market Activity,Medium
3656,1,Market Activity,Medium
3659,1,Market Activity,Medium
3682,1,Market Activity,Medium
3658,1,Market Activity,Medium
3657,1,Market Activity,Medium
3676,1,Market Activity,Medium
3678,1,Market Activity,Medium
3675,1,Market Activity,Medium
3653,1,Market Activity,Medium
3655,1,Market Activity,Medium
3681,1,Market Activity,Medium
3652,1,Market Activity,Medium
3651,1,Market Activity,Medium
3654,1,Market Activity,Medium
3685,1,Market Activity,Medium
3684,1,Market Activity,Medium
3664,1,Market Activity,Medium
3663,1,Market Activity,Medium
3622,1,Market Activity,Medium
3625,1,Market Activity,Medium
3623,1,Market Activity,Medium
3626,1,Market Activity,Medium
3624,1,Market Activity,Medium
3627,1,Market Activity,Medium
3621,1,Market Activity,Medium
3665,1,Market Activity,Medium
3668,1,Market Activity,Medium
3666,1,Market Activity,Medium
3667,1,Market Activity,Medium
3578,1,Market Activity,Medium
3574,1,Market Activity,Medium
3576,1,Market Activity,Medium
3575,1,Market Activity,Medium
3577,1,Market Activity,Medium
3615,1,Market Activity,Medium
3597,1,Market Activity,Medium
3596,1,Market Activity,Medium
3595,1,Market Activity,Medium
3605,1,Market Activity,Medium
3609,1,Market Activity,Medium
3604,1,Market Activity,Medium
3606,1,Market Activity,Medium
3607,1,Market Activity,Medium
3608,1,Market Activity,Medium
3614,1,Market Activity,Medium
3581,1,Market Activity,Medium
3584,1,Market Activity,Medium
3580,1,Market Activity,Medium
3579,1,Market Activity,Medium
3583,1,Market Activity,Medium
3582,1,Market Activity,Medium
3585,1,Market Activity,Medium
3565,1,Market Activity,Medium
3567,1,Market Activity,Medium
3564,1,Market Activity,Medium
3568,1,Market Activity,Medium
3566,1,Market Activity,Medium
3563,1,Market Activity,Medium
3569,1,Market Activity,Medium
3572,1,Market Activity,Medium
3571,1,Market Activity,Medium
3570,1,Market Activity,Medium
3573,1,Market Activity,Medium
3618,1,Market Activity,Medium
3612,1,Market Activity,Medium
3591,1,Market Activity,Medium
3594,1,Market Activity,Medium
3617,1,Market Activity,Medium
3593,1,Market Activity,Medium
3592,1,Market Activity,Medium
3611,1,Market Activity,Medium
3613,1,Market Activity,Medium
3610,1,Market Activity,Medium
3588,1,Market Activity,Medium
3590,1,Market Activity,Medium
3616,1,Market Activity,Medium
3587,1,Market Activity,Medium
3586,1,Market Activity,Medium
3589,1,Market Activity,Medium
3620,1,Market Activity,Medium
3619,1,Market Activity,Medium
3599,1,Market Activity,Medium
3598,1,Market Activity,Medium
3557,1,Market Activity,Medium
3560,1,Market Activity,Medium
3558,1,Market Activity,Medium
3561,1,Market Activity,Medium
3559,1,Market Activity,Medium
3562,1,Market Activity,Medium
3556,1,Market Activity,Medium
3600,1,Market Activity,Medium
3603,1,Market Activity,Medium
3601,1,Market Activity,Medium
3602,1,Market Activity,Medium
3513,1,Market Activity,Medium
3509,1,Market Activity,Medium
3511,1,Market Activity,Medium
3510,1,Market Activity,Medium
3512,1,Market Activity,Medium
3550,1,Market Activity,Medium
3532,1,Market Activity,Medium
3531,1,Market Activity,Medium
3530,1,Market Activity,Medium
3540,1,Market Activity,Medium
3544,1,Market Activity,Medium
3539,1,Market Activity,Medium
3541,1,Market Activity,Medium
3542,1,Market Activity,Medium
3543,1,Market Activity,Medium
3549,1,Market Activity,Medium
3516,1,Market Activity,Medium
3519,1,Market Activity,Medium
3515,1,Market Activity,Medium
3514,1,Market Activity,Medium
3518,1,Market Activity,Medium
3517,1,Market Activity,Medium
3520,1,Market Activity,Medium
3500,1,Market Activity,Medium
3502,1,Market Activity,Medium
3503,1,Market Activity,Medium
3501,1,Market Activity,Medium
3499,1,Market Activity,Medium
3504,1,Market Activity,Medium
3507,1,Market Activity,Medium
3506,1,Market Activity,Medium
3505,1,Market Activity,Medium
3508,1,Market Activity,Medium
3553,1,Market Activity,Medium
3547,1,Market Activity,Medium
3526,1,Market Activity,Medium
3529,1,Market Activity,Medium
3552,1,Market Activity,Medium
3528,1,Market Activity,Medium
3527,1,Market Activity,Medium
3546,1,Market Activity,Medium
3548,1,Market Activity,Medium
3545,1,Market Activity,Medium
3523,1,Market Activity,Medium
3525,1,Market Activity,Medium
3551,1,Market Activity,Medium
3522,1,Market Activity,Medium
3521,1,Market Activity,Medium
3524,1,Market Activity,Medium
3555,1,Market Activity,Medium
3554,1,Market Activity,Medium
3534,1,Market Activity,Medium
3533,1,Market Activity,Medium
3493,1,Market Activity,Medium
3496,1,Market Activity,Medium
3494,1,Market Activity,Medium
3497,1,Market Activity,Medium
3495,1,Market Activity,Medium
3498,1,Market Activity,Medium
3535,1,Market Activity,Medium
3538,1,Market Activity,Medium
3536,1,Market Activity,Medium
3537,1,Market Activity,Medium
3481,1,Market Activity,Medium
3477,1,Market Activity,Medium
3479,1,Market Activity,Medium
3478,1,Market Activity,Medium
3480,1,Market Activity,Medium
3484,1,Market Activity,Medium
3487,1,Market Activity,Medium
3483,1,Market Activity,Medium
3482,1,Market Activity,Medium
3486,1,Market Activity,Medium
3485,1,Market Activity,Medium
3488,1,Market Activity,Medium
3468,1,Market Activity,Medium
3470,1,Market Activity,Medium
3467,1,Market Activity,Medium
3471,1,Market Activity,Medium
3469,1,Market Activity,Medium
3466,1,Market Activity,Medium
3472,1,Market Activity,Medium
3475,1,Market Activity,Medium
3474,1,Market Activity,Medium
3473,1,Market Activity,Medium
3476,1,Market Activity,Medium
3491,1,Market Activity,Medium
3490,1,Market Activity,Medium
3489,1,Market Activity,Medium
3492,1,Market Activity,Medium
3460,1,Market Activity,Medium
3463,1,Market Activity,Medium
3461,1,Market Activity,Medium
3464,1,Market Activity,Medium
3462,1,Market Activity,Medium
3465,1,Market Activity,Medium
3459,1,Market Activity,Medium
3420,1,Market Activity,Medium
3416,1,Market Activity,Medium
3418,1,Market Activity,Medium
3417,1,Market Activity,Medium
3419,1,Market Activity,Medium
3457,1,Market Activity,Medium
3439,1,Market Activity,Medium
3438,1,Market Activity,Medium
3437,1,Market Activity,Medium
3447,1,Market Activity,Medium
3451,1,Market Activity,Medium
3446,1,Market Activity,Medium
3448,1,Market Activity,Medium
3449,1,Market Activity,Medium
3450,1,Market Activity,Medium
3456,1,Market Activity,Medium
3423,1,Market Activity,Medium
3426,1,Market Activity,Medium
3422,1,Market Activity,Medium
3421,1,Market Activity,Medium
3425,1,Market Activity,Medium
3424,1,Market Activity,Medium
3427,1,Market Activity,Medium
3407,1,Market Activity,Medium
3409,1,Market Activity,Medium
3406,1,Market Activity,Medium
3410,1,Market Activity,Medium
3408,1,Market Activity,Medium
3405,1,Market Activity,Medium
3411,1,Market Activity,Medium
3414,1,Market Activity,Medium
3413,1,Market Activity,Medium
3412,1,Market Activity,Medium
3415,1,Market Activity,Medium
3454,1,Market Activity,Medium
3433,1,Market Activity,Medium
3436,1,Market Activity,Medium
3435,1,Market Activity,Medium
3434,1,Market Activity,Medium
3453,1,Market Activity,Medium
3455,1,Market Activity,Medium
3452,1,Market Activity,Medium
3430,1,Market Activity,Medium
3432,1,Market Activity,Medium
3458,1,Market Activity,Medium
3429,1,Market Activity,Medium
3428,1,Market Activity,Medium
3431,1,Market Activity,Medium
3441,1,Market Activity,Medium
3440,1,Market Activity,Medium
3399,1,Market Activity,Medium
3402,1,Market Activity,Medium
3400,1,Market Activity,Medium
3403,1,Market Activity,Medium
3401,1,Market Activity,Medium
3404,1,Market Activity,Medium
3398,1,Market Activity,Medium
3442,1,Market Activity,Medium
3445,1,Market Activity,Medium
3443,1,Market Activity,Medium
3444,1,Market Activity,Medium
3355,1,Market Activity,Medium
3351,1,Market Activity,Medium
3353,1,Market Activity,Medium
3352,1,Market Activity,Medium
3354,1,Market Activity,Medium
3392,1,Market Activity,Medium
3374,1,Market Activity,Medium
3373,1,Market Activity,Medium
3372,1,Market Activity,Medium
3382,1,Market Activity,Medium
3386,1,Market Activity,Medium
3381,1,Market Activity,Medium
3383,1,Market Activity,Medium
3384,1,Market Activity,Medium
3385,1,Market Activity,Medium
3391,1,Market Activity,Medium
3358,1,Market Activity,Medium
3361,1,Market Activity,Medium
3357,1,Market Activity,Medium
3356,1,Market Activity,Medium
3360,1,Market Activity,Medium
3359,1,Market Activity,Medium
3362,1,Market Activity,Medium
3342,1,Market Activity,Medium
3344,1,Market Activity,Medium
3341,1,Market Activity,Medium
3345,1,Market Activity,Medium
3343,1,Market Activity,Medium
3340,1,Market Activity,Medium
3346,1,Market Activity,Medium
3349,1,Market Activity,Medium
3348,1,Market Activity,Medium
3347,1,Market Activity,Medium
3350,1,Market Activity,Medium
3395,1,Market Activity,Medium
3389,1,Market Activity,Medium
3368,1,Market Activity,Medium
3371,1,Market Activity,Medium
3394,1,Market Activity,Medium
3370,1,Market Activity,Medium
3369,1,Market Activity,Medium
3388,1,Market Activity,Medium
3390,1,Market Activity,Medium
3387,1,Market Activity,Medium
3365,1,Market Activity,Medium
3367,1,Market Activity,Medium
3393,1,Market Activity,Medium
3364,1,Market Activity,Medium
3363,1,Market Activity,Medium
3366,1,Market Activity,Medium
3397,1,Market Activity,Medium
3396,1,Market Activity,Medium
3376,1,Market Activity,Medium
3375,1,Market Activity,Medium
3334,1,Market Activity,Medium
3337,1,Market Activity,Medium
3335,1,Market Activity,Medium
3338,1,Market Activity,Medium
3336,1,Market Activity,Medium
3339,1,Market Activity,Medium
3333,1,Market Activity,Medium
3377,1,Market Activity,Medium
3380,1,Market Activity,Medium
3378,1,Market Activity,Medium
3379,1,Market Activity,Medium
3294,1,Market Activity,Medium
3290,1,Market Activity,Medium
3292,1,Market Activity,Medium
3291,1,Market Activity,Medium
3293,1,Market Activity,Medium
3327,1,Market Activity,Medium
3309,1,Market Activity,Medium
3308,1,Market Activity,Medium
3307,1,Market Activity,Medium
3317,1,Market Activity,Medium
3321,1,Market Activity,Medium
3316,1,Market Activity,Medium
3318,1,Market Activity,Medium
3319,1,Market Activity,Medium
3320,1,Market Activity,Medium
3326,1,Market Activity,Medium
3297,1,Market Activity,Medium
3300,1,Market Activity,Medium
3296,1,Market Activity,Medium
3295,1,Market Activity,Medium
3299,1,Market Activity,Medium
3298,1,Market Activity,Medium
3301,1,Market Activity,Medium
3281,1,Market Activity,Medium
3283,1,Market Activity,Medium
3280,1,Market Activity,Medium
3284,1,Market Activity,Medium
3282,1,Market Activity,Medium
3279,1,Market Activity,Medium
3285,1,Market Activity,Medium
3288,1,Market Activity,Medium
3287,1,Market Activity,Medium
3286,1,Market Activity,Medium
3289,1,Market Activity,Medium
3330,1,Market Activity,Medium
3324,1,Market Activity,Medium
3329,1,Market Activity,Medium
3323,1,Market Activity,Medium
3325,1,Market Activity,Medium
3322,1,Market Activity,Medium
3304,1,Market Activity,Medium
3306,1,Market Activity,Medium
3328,1,Market Activity,Medium
3303,1,Market Activity,Medium
3302,1,Market Activity,Medium
3305,1,Market Activity,Medium
3332,1,Market Activity,Medium
3331,1,Market Activity,Medium
3311,1,Market Activity,Medium
3310,1,Market Activity,Medium
3273,1,Market Activity,Medium
3276,1,Market Activity,Medium
3274,1,Market Activity,Medium
3277,1,Market Activity,Medium
3275,1,Market Activity,Medium
3278,1,Market Activity,Medium
3272,1,Market Activity,Medium
3312,1,Market Activity,Medium
3315,1,Market Activity,Medium
3313,1,Market Activity,Medium
3314,1,Market Activity,Medium
3229,1,Market Activity,Medium
3225,1,Market Activity,Medium
3227,1,Market Activity,Medium
3226,1,Market Activity,Medium
3228,1,Market Activity,Medium
3266,1,Market Activity,Medium
3248,1,Market Activity,Medium
3247,1,Market Activity,Medium
3246,1,Market Activity,Medium
3256,1,Market Activity,Medium
3260,1,Market Activity,Medium
3255,1,Market Activity,Medium
3257,1,Market Activity,Medium
3258,1,Market Activity,Medium
3259,1,Market Activity,Medium
3265,1,Market Activity,Medium
3232,1,Market Activity,Medium
3235,1,Market Activity,Medium
3231,1,Market Activity,Medium
3230,1,Market Activity,Medium
3234,1,Market Activity,Medium
3233,1,Market Activity,Medium
3236,1,Market Activity,Medium
3216,1,Market Activity,Medium
3218,1,Market Activity,Medium
3215,1,Market Activity,Medium
3219,1,Market Activity,Medium
3217,1,Market Activity,Medium
3214,1,Market Activity,Medium
3220,1,Market Activity,Medium
3223,1,Market Activity,Medium
3222,1,Market Activity,Medium
3221,1,Market Activity,Medium
3224,1,Market Activity,Medium
3269,1,Market Activity,Medium
3263,1,Market Activity,Medium
3242,1,Market Activity,Medium
3245,1,Market Activity,Medium
3268,1,Market Activity,Medium
3244,1,Market Activity,Medium
3243,1,Market Activity,Medium
3262,1,Market Activity,Medium
3264,1,Market Activity,Medium
3261,1,Market Activity,Medium
3239,1,Market Activity,Medium
3241,1,Market Activity,Medium
3267,1,Market Activity,Medium
3238,1,Market Activity,Medium
3237,1,Market Activity,Medium
3240,1,Market Activity,Medium
3271,1,Market Activity,Medium
3270,1,Market Activity,Medium
3250,1,Market Activity,Medium
3249,1,Market Activity,Medium
3208,1,Market Activity,Medium
3211,1,Market Activity,Medium
3209,1,Market Activity,Medium
3212,1,Market Activity,Medium
3210,1,Market Activity,Medium
3213,1,Market Activity,Medium
3207,1,Market Activity,Medium
3251,1,Market Activity,Medium
3254,1,Market Activity,Medium
3252,1,Market Activity,Medium
3253,1,Market Activity,Medium
3164,1,Market Activity,Medium
3160,1,Market Activity,Medium
3162,1,Market Activity,Medium
3161,1,Market Activity,Medium
3163,1,Market Activity,Medium
3201,1,Market Activity,Medium
3183,1,Market Activity,Medium
3182,1,Market Activity,Medium
3181,1,Market Activity,Medium
3191,1,Market Activity,Medium
3195,1,Market Activity,Medium
3190,1,Market Activity,Medium
3192,1,Market Activity,Medium
3193,1,Market Activity,Medium
3194,1,Market Activity,Medium
3200,1,Market Activity,Medium
3167,1,Market Activity,Medium
3170,1,Market Activity,Medium
3166,1,Market Activity,Medium
3165,1,Market Activity,Medium
3169,1,Market Activity,Medium
3168,1,Market Activity,Medium
3171,1,Market Activity,Medium
3151,1,Market Activity,Medium
3153,1,Market Activity,Medium
3150,1,Market Activity,Medium
3154,1,Market Activity,Medium
3152,1,Market Activity,Medium
3149,1,Market Activity,Medium
3155,1,Market Activity,Medium
3158,1,Market Activity,Medium
3157,1,Market Activity,Medium
3156,1,Market Activity,Medium
3159,1,Market Activity,Medium
3204,1,Market Activity,Medium
3198,1,Market Activity,Medium
3177,1,Market Activity,Medium
3180,1,Market Activity,Medium
3203,1,Market Activity,Medium
3179,1,Market Activity,Medium
3178,1,Market Activity,Medium
3197,1,Market Activity,Medium
3199,1,Market Activity,Medium
3196,1,Market Activity,Medium
3174,1,Market Activity,Medium
3176,1,Market Activity,Medium
3202,1,Market Activity,Medium
3173,1,Market Activity,Medium
3172,1,Market Activity,Medium
3175,1,Market Activity,Medium
3206,1,Market Activity,Medium
3205,1,Market Activity,Medium
3185,1,Market Activity,Medium
3184,1,Market Activity,Medium
3143,1,Market Activity,Medium
3146,1,Market Activity,Medium
3144,1,Market Activity,Medium
3147,1,Market Activity,Medium
3145,1,Market Activity,Medium
3148,1,Market Activity,Medium
3186,1,Market Activity,Medium
3189,1,Market Activity,Medium
3187,1,Market Activity,Medium
3188,1,Market Activity,Medium
3102,1,Market Activity,Medium
3098,1,Market Activity,Medium
3100,1,Market Activity,Medium
3099,1,Market Activity,Medium
3101,1,Market Activity,Medium
3139,1,Market Activity,Medium
3121,1,Market Activity,Medium
3120,1,Market Activity,Medium
3119,1,Market Activity,Medium
3129,1,Market Activity,Medium
3133,1,Market Activity,Medium
3128,1,Market Activity,Medium
3130,1,Market Activity,Medium
3131,1,Market Activity,Medium
3132,1,Market Activity,Medium
3138,1,Market Activity,Medium
3105,1,Market Activity,Medium
3108,1,Market Activity,Medium
3104,1,Market Activity,Medium
3103,1,Market Activity,Medium
3107,1,Market Activity,Medium
3106,1,Market Activity,Medium
3109,1,Market Activity,Medium
3089,1,Market Activity,Medium
3091,1,Market Activity,Medium
3088,1,Market Activity,Medium
3092,1,Market Activity,Medium
3090,1,Market Activity,Medium
3087,1,Market Activity,Medium
3093,1,Market Activity,Medium
3096,1,Market Activity,Medium
3095,1,Market Activity,Medium
3094,1,Market Activity,Medium
3097,1,Market Activity,Medium
3142,1,Market Activity,Medium
3136,1,Market Activity,Medium
3115,1,Market Activity,Medium
3118,1,Market Activity,Medium
3141,1,Market Activity,Medium
3117,1,Market Activity,Medium
3116,1,Market Activity,Medium
3135,1,Market Activity,Medium
3137,1,Market Activity,Medium
3134,1,Market Activity,Medium
3112,1,Market Activity,Medium
3114,1,Market Activity,Medium
3140,1,Market Activity,Medium
3111,1,Market Activity,Medium
3110,1,Market Activity,Medium
3113,1,Market Activity,Medium
3123,1,Market Activity,Medium
3122,1,Market Activity,Medium
3081,1,Market Activity,Medium
3084,1,Market Activity,Medium
3082,1,Market Activity,Medium
3085,1,Market Activity,Medium
3083,1,Market Activity,Medium
3086,1,Market Activity,Medium
3124,1,Market Activity,Medium
3127,1,Market Activity,Medium
3125,1,Market Activity,Medium
3126,1,Market Activity,Medium
3079,1,Market Activity,Medium
3080,1,Market Activity,Medium
3077,1,Market Activity,Medium
3078,1,Market Activity,Medium
3076,1,Market Activity,Medium
3075,1,Market Activity,Medium
3070,1,Market Activity,Medium
3072,1,Market Activity,Medium
3073,1,Market Activity,Medium
3071,1,Market Activity,Medium
3074,1,Market Activity,Medium
3069,1,Market Activity,Medium
3067,1,Market Activity,Medium
3068,1,Market Activity,Medium
3058,1,Market Activity,Medium
3060,1,Market Activity,Medium
3057,1,Market Activity,Medium
3061,1,Market Activity,Medium
3059,1,Market Activity,Medium
3056,1,Market Activity,Medium
3062,1,Market Activity,Medium
3065,1,Market Activity,Medium
3064,1,Market Activity,Medium
3063,1,Market Activity,Medium
3066,1,Market Activity,Medium
3050,1,Market Activity,Medium
3053,1,Market Activity,Medium
3051,1,Market Activity,Medium
3054,1,Market Activity,Medium
3052,1,Market Activity,Medium
3055,1,Market Activity,Medium
3049,1,Market Activity,Medium
3006,0,None,Low
3002,0,None,Low
3004,0,None,Low
3003,0,None,Low
3005,0,None,Low
3043,0,None,Low
3025,0,None,Low
3024,0,None,Low
3023,0,None,Low
3033,0,None,Low
3037,0,None,Low
3032,0,None,Low
3034,0,None,Low
3035,0,None,Low
3036,0,None,Low
3042,0,None,Low
3009,0,None,Low
3012,0,None,Low
3008,0,None,Low
3007,0,None,Low
3011,0,None,Low
3010,0,None,Low
3013,0,None,Low
2993,0,None,Low
2995,0,None,Low
2992,0,None,Low
2996,0,None,Low
2994,0,None,Low
2991,0,None,Low
2997,0,None,Low
3000,0,None,Low
2999,0,None,Low
2998,0,None,Low
3001,0,None,Low
3046,0,None,Low
3040,0,None,Low
3019,0,None,Low
3022,0,None,Low
3045,0,None,Low
3021,0,None,Low
3020,0,None,Low
3039,0,None,Low
3041,0,None,Low
3038,0,None,Low
3016,0,None,Low
3018,0,None,Low
3044,0,None,Low
3015,0,None,Low
3014,0,None,Low
3017,0,None,Low
3048,0,None,Low
3047,0,None,Low
3027,0,None,Low
3026,0,None,Low
2985,0,None,Low
2988,0,None,Low
2986,0,None,Low
2989,0,None,Low
2987,0,None,Low
2990,0,None,Low
2984,0,None,Low
3028,0,None,Low
3031,0,None,Low
3029,0,None,Low
3030,0,None,Low
2943,0,None,Low
2939,0,None,Low
2941,0,None,Low
2940,0,None,Low
2942,0,None,Low
2978,0,None,Low
2960,0,None,Low
2959,0,None,Low
2958,0,None,Low
2968,0,None,Low
2972,0,None,Low
2967,0,None,Low
2969,0,None,Low
2970,0,None,Low
2971,0,None,Low
2977,0,None,Low
2946,0,None,Low
2949,0,None,Low
2945,0,None,Low
2944,0,None,Low
2948,0,None,Low
2947,0,None,Low
2950,0,None,Low
2930,0,None,Low
2932,0,None,Low
2929,0,None,Low
2933,0,None,Low
2931,0,None,Low
2928,0,None,Low
2934,0,None,Low
2937,0,None,Low
2936,0,None,Low
2935,0,None,Low
2938,0,None,Low
2981,0,None,Low
2975,0,None,Low
2955,0,None,Low
2957,0,None,Low
2980,0,None,Low
2956,0,None,Low
2974,0,None,Low
2976,0,None,Low
2973,0,None,Low
2953,0,None,Low
2954,0,None,Low
2979,0,None,Low
2952,0,None,Low
2951,0,None,Low
2983,0,None,Low
2982,0,None,Low
2962,0,None,Low
2961,0,None,Low
2922,0,None,Low
2925,0,None,Low
2923,0,None,Low
2926,0,None,Low
2924,0,None,Low
2927,0,None,Low
2921,0,None,Low
2963,0,None,Low
2966,0,None,Low
2964,0,None,Low
2965,0,None,Low
2878,0,None,Low
2874,0,None,Low
2876,0,None,Low
2875,0,None,Low
2877,0,None,Low
2915,0,None,Low
2897,0,None,Low
2896,0,None,Low
2895,0,None,Low
2905,0,None,Low
2909,0,None,Low
2904,0,None,Low
2906,0,None,Low
2907,0,None,Low
2908,0,None,Low
2914,0,None,Low
2881,0,None,Low
2884,0,None,Low
2880,0,None,Low
2879,0,None,Low
2883,0,None,Low
2882,0,None,Low
2885,0,None,Low
2865,0,None,Low
2867,0,None,Low
2864,0,None,Low
2868,0,None,Low
2866,0,None,Low
2863,0,None,Low
2869,0,None,Low
2872,0,None,Low
2871,0,None,Low
2870,0,None,Low
2873,0,None,Low
2918,0,None,Low
2912,0,None,Low
2891,0,None,Low
2894,0,None,Low
2917,0,None,Low
2893,0,None,Low
2892,0,None,Low
2911,0,None,Low
2913,0,None,Low
2910,0,None,Low
2888,0,None,Low
2890,0,None,Low
2916,0,None,Low
2887,0,None,Low
2886,0,None,Low
2889,0,None,Low
2920,0,None,Low
2919,0,None,Low
2899,0,None,Low
2898,0,None,Low
2857,0,None,Low
2860,0,None,Low
2858,0,None,Low
2861,0,None,Low
2859,0,None,Low
2862,0,None,Low
2856,0,None,Low
2900,0,None,Low
2903,0,None,Low
2901,0,None,Low
2902,0,None,Low
2813,0,None,Low
2809,0,None,Low
2811,0,None,Low
2810,0,None,Low
2812,0,None,Low
2850,0,None,Low
2832,0,None,Low
2831,0,None,Low
2830,0,None,Low
2840,0,None,Low
2844,0,None,Low
2839,0,None,Low
2841,0,None,Low
2842,0,None,Low
2843,0,None,Low
2849,0,None,Low
2816,0,None,Low
2819,0,None,Low
2815,0,None,Low
2814,0,None,Low
2818,0,None,Low
2817,0,None,Low
2820,0,None,Low
2800,0,None,Low
2802,0,None,Low
2799,0,None,Low
2803,0,None,Low
2801,0,None,Low
2798,0,None,Low
2804,0,None,Low
2807,0,None,Low
2806,0,None,Low
2805,0,None,Low
2808,0,None,Low
2853,0,None,Low
2847,0,None,Low
2826,0,None,Low
2829,0,None,Low
2852,0,None,Low
2828,0,None,Low
2827,0,None,Low
2846,0,None,Low
2848,0,None,Low
2845,0,None,Low
2823,0,None,Low
2825,0,None,Low
2851,0,None,Low
2822,0,None,Low
2821,0,None,Low
2824,0,None,Low
2855,0,None,Low
2854,0,None,Low
2834,0,None,Low
2833,0,None,Low
2792,0,None,Low
2795,0,None,Low
2793,0,None,Low
2796,0,None,Low
2794,0,None,Low
2797,0,None,Low
2791,0,None,Low
2835,0,None,Low
2838,0,None,Low
2836,0,None,Low
2837,0,None,Low
2748,0,None,Low
2744,0,None,Low
2746,0,None,Low
2745,0,None,Low
2747,0,None,Low
2785,0,None,Low
2767,0,None,Low
2766,0,None,Low
2765,0,None,Low
2775,0,None,Low
2779,0,None,Low
2774,0,None,Low
2776,0,None,Low
2777,0,None,Low
2778,0,None,Low
2784,0,None,Low
2751,0,None,Low
2754,0,None,Low
2750,0,None,Low
2749,0,None,Low
2753,0,None,Low
2752,0,None,Low
2755,0,None,Low
2735,0,None,Low
2737,0,None,Low
2734,0,None,Low
2738,0,None,Low
2736,0,None,Low
2733,0,None,Low
2739,0,None,Low
2742,0,None,Low
2741,0,None,Low
2740,0,None,Low
2743,0,None,Low
2788,0,None,Low
2782,0,None,Low
2761,0,None,Low
2764,0,None,Low
2787,0,None,Low
2763,0,None,Low
2762,0,None,Low
2781,0,None,Low
2783,0,None,Low
2780,0,None,Low
2758,0,None,Low
2760,0,None,Low
2786,0,None,Low
2757,0,None,Low
2756,0,None,Low
2759,0,None,Low
2790,0,None,Low
2789,0,None,Low
2769,0,None,Low
2768,0,None,Low
2727,0,None,Low
2730,0,None,Low
2728,0,None,Low
2731,0,None,Low
2729,0,None,Low
2732,0,None,Low
2726,0,None,Low
2770,0,None,Low
2773,0,None,Low
2771,0,None,Low
2772,0,None,Low
2683,0,None,Low
2679,0,None,Low
2681,0,None,Low
2680,0,None,Low
2682,0,None,Low
2720,0,None,Low
2702,0,None,Low
2701,0,None,Low
2700,0,None,Low
2710,0,None,Low
2714,0,None,Low
2709,0,None,Low
2711,0,None,Low
2712,0,None,Low
2713,0,None,Low
2719,0,None,Low
2686,0,None,Low
2689,0,None,Low
2685,0,None,Low
2684,0,None,Low
2688,0,None,Low
2687,0,None,Low
2690,0,None,Low
2670,0,None,Low
2672,0,None,Low
2669,0,None,Low
2673,0,None,Low
2671,0,None,Low
2668,0,None,Low
2674,0,None,Low
2677,0,None,Low
2676,0,None,Low
2675,0,None,Low
2678,0,None,Low
2723,0,None,Low
2717,0,None,Low
2696,0,None,Low
2699,0,None,Low
2722,0,None,Low
2698,0,None,Low
2697,0,None,Low
2716,0,None,Low
2718,0,None,Low
2715,0,None,Low
2693,0,None,Low
2695,0,None,Low
2721,0,None,Low
2692,0,None,Low
2691,0,None,Low
2694,0,None,Low
2725,0,None,Low
2724,0,None,Low
2704,0,None,Low
2703,0,None,Low
2662,0,None,Low
2665,0,None,Low
2663,0,None,Low
2666,0,None,Low
2664,0,None,Low
2667,0,None,Low
2661,0,None,Low
2705,0,None,Low
2708,0,None,Low
2706,0,None,Low
2707,0,None,Low
2618,0,None,Low
2614,0,None,Low
2616,0,None,Low
2615,0,None,Low
2617,0,None,Low
2655,0,None,Low
2637,0,None,Low
2636,0,None,Low
2635,0,None,Low
2645,0,None,Low
2649,0,None,Low
2644,0,None,Low
2646,0,None,Low
2647,0,None,Low
2648,0,None,Low
2654,0,None,Low
2621,0,None,Low
2624,0,None,Low
2620,0,None,Low
2619,0,None,Low
2623,0,None,Low
2622,0,None,Low
2625,0,None,Low
2605,0,None,Low
2607,0,None,Low
2604,0,None,Low
2608,0,None,Low
2606,0,None,Low
2603,0,None,Low
2609,0,None,Low
2612,0,None,Low
2611,0,None,Low
2610,0,None,Low
2613,0,None,Low
2658,0,None,Low
2652,0,None,Low
2631,0,None,Low
2634,0,None,Low
2657,0,None,Low
2633,0,None,Low
2632,0,None,Low
2651,0,None,Low
2653,0,None,Low
2650,0,None,Low
2628,0,None,Low
2630,0,None,Low
2656,0,None,Low
2627,0,None,Low
2626,0,None,Low
2629,0,None,Low
2660,0,None,Low
2659,0,None,Low
2639,0,None,Low
2638,0,None,Low
2597,0,None,Low
2600,0,None,Low
2598,0,None,Low
2601,0,None,Low
2599,0,None,Low
2602,0,None,Low
2596,0,None,Low
2640,0,None,Low
2643,0,None,Low
2641,0,None,Low
2642,0,None,Low
2553,0,None,Low
2549,0,None,Low
2551,0,None,Low
2550,0,None,Low
2552,0,None,Low
2590,0,None,Low
2572,0,None,Low
2571,0,None,Low
2570,0,None,Low
2580,0,None,Low
2584,0,None,Low
2579,0,None,Low
2581,0,None,Low
2582,0,None,Low
2583,0,None,Low
2589,0,None,Low
2556,0,None,Low
2559,0,None,Low
2555,0,None,Low
2554,0,None,Low
2558,0,None,Low
2557,0,None,Low
2560,0,None,Low
2540,0,None,Low
2542,0,None,Low
2539,0,None,Low
2543,0,None,Low
2541,0,None,Low
2538,0,None,Low
2544,0,None,Low
2547,0,None,Low
2546,0,None,Low
2545,0,None,Low
2548,0,None,Low
2593,0,None,Low
2587,0,None,Low
2566,0,None,Low
2569,0,None,Low
2592,0,None,Low
2568,0,None,Low
2567,0,None,Low
2586,0,None,Low
2588,0,None,Low
2585,0,None,Low
2563,0,None,Low
2565,0,None,Low
2591,0,None,Low
2562,0,None,Low
2561,0,None,Low
2564,0,None,Low
2595,0,None,Low
2594,0,None,Low
2574,0,None,Low
2573,0,None,Low
2532,0,None,Low
2535,0,None,Low
2533,0,None,Low
2536,0,None,Low
2534,0,None,Low
2537,0,None,Low
2531,0,None,Low
2575,0,None,Low
2578,0,None,Low
2576,0,None,Low
2577,0,None,Low
2488,0,None,Low
2484,0,None,Low
2486,0,None,Low
2485,0,None,Low
2487,0,None,Low
2525,0,None,Low
2507,0,None,Low
2506,0,None,Low
2505,0,None,Low
2515,0,None,Low
2519,0,None,Low
2514,0,None,Low
2516,0,None,Low
2517,0,None,Low
2518,0,None,Low
2524,0,None,Low
2491,0,None,Low
2494,0,None,Low
2490,0,None,Low
2489,0,None,Low
2493,0,None,Low
2492,0,None,Low
2495,0,None,Low
2475,0,None,Low
2477,0,None,Low
2474,0,None,Low
2478,0,None,Low
2476,0,None,Low
2473,0,None,Low
2479,0,None,Low
2482,0,None,Low
2481,0,None,Low
2480,0,None,Low
2483,0,None,Low
2528,0,None,Low
2522,0,None,Low
2501,0,None,Low
2504,0,None,Low
2527,0,None,Low
2503,0,None,Low
2502,0,None,Low
2521,0,None,Low
2523,0,None,Low
2520,0,None,Low
2498,0,None,Low
2500,0,None,Low
2526,0,None,Low
2497,0,None,Low
2496,0,None,Low
2499,0,None,Low
2530,0,None,Low
2529,0,None,Low
2509,0,None,Low
2508,0,None,Low
2467,0,None,Low
2470,0,None,Low
2468,0,None,Low
2471,0,None,Low
2469,0,None,Low
2472,0,None,Low
2466,0,None,Low
2510,0,None,Low
2513,0,None,Low
2511,0,None,Low
2512,0,None,Low
2423,0,None,Low
2419,0,None,Low
2421,0,None,Low
2420,0,None,Low
2422,0,None,Low
2460,0,None,Low
2442,0,None,Low
2441,0,None,Low
2440,0,None,Low
2450,0,None,Low
2454,0,None,Low
2449,0,None,Low
2451,0,None,Low
2452,0,None,Low
2453,0,None,Low
2459,0,None,Low
2426,0,None,Low
2429,0,None,Low
2425,0,None,Low
2424,0,None,Low
2428,0,None,Low
2427,0,None,Low
2430,0,None,Low
2410,0,None,Low
2412,0,None,Low
2409,0,None,Low
2413,0,None,Low
2411,0,None,Low
2408,0,None,Low
2414,0,None,Low
2417,0,None,Low
2416,0,None,Low
2415,0,None,Low
2418,0,None,Low
2463,0,None,Low
2457,0,None,Low
2436,0,None,Low
2439,0,None,Low
2462,0,None,Low
2438,0,None,Low
2437,0,None,Low
2456,0,None,Low
2458,0,None,Low
2455,0,None,Low
2433,0,None,Low
2435,0,None,Low
2461,0,None,Low
2432,0,None,Low
2431,0,None,Low
2434,0,None,Low
2465,0,None,Low
2464,0,None,Low
2444,0,None,Low
2443,0,None,Low
2403,0,None,Low
2406,0,None,Low
2404,0,None,Low
2407,0,None,Low
2405,0,None,Low
2402,0,None,Low
2445,0,None,Low
2448,0,None,Low
2446,0,None,Low
2447,0,None,Low
2359,0,None,Low
2355,0,None,Low
2357,0,None,Low
2356,0,None,Low
2358,0,None,Low
2396,0,None,Low
2378,0,None,Low
2377,0,None,Low
2376,0,None,Low
2386,0,None,Low
2390,0,None,Low
2385,0,None,Low
2387,0,None,Low
2388,0,None,Low
2389,0,None,Low
2395,0,None,Low
2362,0,None,Low
2365,0,None,Low
2361,0,None,Low
2360,0,None,Low
2364,0,None,Low
2363,0,None,Low
2366,0,None,Low
2346,0,None,Low
2348,0,None,Low
2345,0,None,Low
2349,0,None,Low
2347,0,None,Low
2344,0,None,Low
2350,0,None,Low
2353,0,None,Low
2352,0,None,Low
2351,0,None,Low
2354,0,None,Low
2399,0,None,Low
2393,0,None,Low
2372,0,None,Low
2375,0,None,Low
2398,0,None,Low
2374,0,None,Low
2373,0,None,Low
2392,0,None,Low
2394,0,None,Low
2391,0,None,Low
2369,0,None,Low
2371,0,None,Low
2397,0,None,Low
2368,0,None,Low
2367,0,None,Low
2370,0,None,Low
2401,0,None,Low
2400,0,None,Low
2380,0,None,Low
2379,0,None,Low
2338,0,None,Low
2341,0,None,Low
2339,0,None,Low
2342,0,None,Low
2340,0,None,Low
2343,0,None,Low
2337,0,None,Low
2381,0,None,Low
2384,0,None,Low
2382,0,None,Low
2383,0,None,Low
2298,0,None,Low
2294,0,None,Low
2296,0,None,Low
2295,0,None,Low
2297,0,None,Low
2317,0,None,Low
2316,0,None,Low
2315,0,None,Low
2325,0,None,Low
2329,0,None,Low
2324,0,None,Low
2326,0,None,Low
2327,0,None,Low
2328,0,None,Low
2301,0,None,Low
2304,0,None,Low
2300,0,None,Low
2299,0,None,Low
2303,0,None,Low
2302,0,None,Low
2305,0,None,Low
2285,0,None,Low
2287,0,None,Low
2284,0,None,Low
2288,0,None,Low
2286,0,None,Low
2283,0,None,Low
2289,0,None,Low
2292,0,None,Low
2291,0,None,Low
2290,0,None,Low
2293,0,None,Low
2332,0,None,Low
2311,0,None,Low
2314,0,None,Low
2334,0,None,Low
2313,0,None,Low
2312,0,None,Low
2331,0,None,Low
2333,0,None,Low
2330,0,None,Low
2308,0,None,Low
2310,0,None,Low
2307,0,None,Low
2306,0,None,Low
2309,0,None,Low
2336,0,None,Low
2335,0,None,Low
2319,0,None,Low
2318,0,None,Low
2277,0,None,Low
2280,0,None,Low
2278,0,None,Low
2281,0,None,Low
2279,0,None,Low
2282,0,None,Low
2276,0,None,Low
2320,0,None,Low
2323,0,None,Low
2321,0,None,Low
2322,0,None,Low
2235,0,None,Low
2231,0,None,Low
2233,0,None,Low
2232,0,None,Low
2234,0,None,Low
2270,0,None,Low
2253,0,None,Low
2252,0,None,Low
2251,0,None,Low
2261,0,None,Low
2260,0,None,Low
2262,0,None,Low
2263,0,None,Low
2264,0,None,Low
2269,0,None,Low
2237,0,None,Low
2240,0,None,Low
2236,0,None,Low
2239,0,None,Low
2238,0,None,Low
2241,0,None,Low
2222,0,None,Low
2224,0,None,Low
2221,0,None,Low
2225,0,None,Low
2223,0,None,Low
2220,0,None,Low
2226,0,None,Low
2229,0,None,Low
2228,0,None,Low
2227,0,None,Low
2230,0,None,Low
2273,0,None,Low
2267,0,None,Low
2247,0,None,Low
2250,0,None,Low
2272,0,None,Low
2249,0,None,Low
2248,0,None,Low
2266,0,None,Low
2268,0,None,Low
2265,0,None,Low
2244,0,None,Low
2246,0,None,Low
2271,0,None,Low
2243,0,None,Low
2242,0,None,Low
2245,0,None,Low
2275,0,None,Low
2274,0,None,Low
2255,0,None,Low
2254,0,None,Low
2214,0,None,Low
2217,0,None,Low
2215,0,None,Low
2218,0,None,Low
2216,0,None,Low
2219,0,None,Low
2213,0,None,Low
2256,0,None,Low
2259,0,None,Low
2257,0,None,Low
2258,0,None,Low
2170,0,None,Low
2166,0,None,Low
2168,0,None,Low
2167,0,None,Low
2169,0,None,Low
2207,0,None,Low
2189,0,None,Low
2188,0,None,Low
2187,0,None,Low
2197,0,None,Low
2201,0,None,Low
2196,0,None,Low
2198,0,None,Low
2199,0,None,Low
2200,0,None,Low
2206,0,None,Low
2173,0,None,Low
2176,0,None,Low
2172,0,None,Low
2171,0,None,Low
2175,0,None,Low
2174,0,None,Low
2177,0,None,Low
2157,0,None,Low
2159,0,None,Low
2156,0,None,Low
2160,0,None,Low
2158,0,None,Low
2155,0,None,Low
2161,0,None,Low
2164,0,None,Low
2163,0,None,Low
2162,0,None,Low
2165,0,None,Low
2210,0,None,Low
2204,0,None,Low
2183,0,None,Low
2186,0,None,Low
2209,0,None,Low
2185,0,None,Low
2184,0,None,Low
2203,0,None,Low
2205,0,None,Low
2202,0,None,Low
2180,0,None,Low
2182,0,None,Low
2208,0,None,Low
2179,0,None,Low
2178,0,None,Low
2181,0,None,Low
2212,0,None,Low
2211,0,None,Low
2191,0,None,Low
2190,0,None,Low
2149,0,None,Low
2152,0,None,Low
2150,0,None,Low
2153,0,None,Low
2151,0,None,Low
2154,0,None,Low
2148,0,None,Low
2192,0,None,Low
2195,0,None,Low
2193,0,None,Low
2194,0,None,Low
2105,0,None,Low
2101,0,None,Low
2103,0,None,Low
2102,0,None,Low
2104,0,None,Low
2142,0,None,Low
2124,0,None,Low
2123,0,None,Low
2122,0,None,Low
2132,0,None,Low
2136,0,None,Low
2131,0,None,Low
2133,0,None,Low
2134,0,None,Low
2135,0,None,Low
2141,0,None,Low
2108,0,None,Low
2111,0,None,Low
2107,0,None,Low
2106,0,None,Low
2110,0,None,Low
2109,0,None,Low
2112,0,None,Low
2092,0,None,Low
2094,0,None,Low
2091,0,None,Low
2095,0,None,Low
2093,0,None,Low
2090,0,None,Low
2096,0,None,Low
2099,0,None,Low
2098,0,None,Low
2097,0,None,Low
2100,0,None,Low
2145,0,None,Low
2139,0,None,Low
2118,0,None,Low
2121,0,None,Low
2144,0,None,Low
2120,0,None,Low
2119,0,None,Low
2138,0,None,Low
2140,0,None,Low
2137,0,None,Low
2115,0,None,Low
2117,0,None,Low
2143,0,None,Low
2114,0,None,Low
2113,0,None,Low
2116,0,None,Low
2147,0,None,Low
2146,0,None,Low
2126,0,None,Low
2125,0,None,Low
2084,0,None,Low
2087,0,None,Low
2085,0,None,Low
2088,0,None,Low
2086,0,None,Low
2089,0,None,Low
2083,0,None,Low
2127,0,None,Low
2130,0,None,Low
2128,0,None,Low
2129,0,None,Low
2040,0,None,Low
2036,0,None,Low
2038,0,None,Low
2037,0,None,Low
2039,0,None,Low
2077,0,None,Low
2059,0,None,Low
2058,0,None,Low
2057,0,None,Low
2067,0,None,Low
2071,0,None,Low
2066,0,None,Low
2068,0,None,Low
2069,0,None,Low
2070,0,None,Low
2076,0,None,Low
2043,0,None,Low
2046,0,None,Low
2042,0,None,Low
2041,0,None,Low
2045,0,None,Low
2044,0,None,Low
2047,0,None,Low
2027,0,None,Low
2029,0,None,Low
2026,0,None,Low
2030,0,None,Low
2028,0,None,Low
2025,0,None,Low
2031,0,None,Low
2034,0,None,Low
2033,0,None,Low
2032,0,None,Low
2035,0,None,Low
2080,0,None,Low
2074,0,None,Low
2053,0,None,Low
2056,0,None,Low
2079,0,None,Low
2055,0,None,Low
2054,0,None,Low
2073,0,None,Low
2075,0,None,Low
2072,0,None,Low
2050,0,None,Low
2052,0,None,Low
2078,0,None,Low
2049,0,None,Low
2048,0,None,Low
2051,0,None,Low
2082,0,None,Low
2081,0,None,Low
2061,0,None,Low
2060,0,None,Low
2019,0,None,Low
2022,0,None,Low
2020,0,None,Low
2023,0,None,Low
2021,0,None,Low
2024,0,None,Low
2018,0,None,Low
2062,0,None,Low
2065,0,None,Low
2063,0,None,Low
2064,0,None,Low
1975,0,None,Low
1971,0,None,Low
1973,0,None,Low
1972,0,None,Low
1974,0,None,Low
2012,0,None,Low
1994,0,None,Low
1993,0,None,Low
1992,0,None,Low
2002,0,None,Low
2006,0,None,Low
2001,0,None,Low
2003,0,None,Low
2004,0,None,Low
2005,0,None,Low
2011,0,None,Low
1978,0,None,Low
1981,0,None,Low
1977,0,None,Low
1976,0,None,Low
1980,0,None,Low
1979,0,None,Low
1982,0,None,Low
1962,0,None,Low
1964,0,None,Low
1961,0,None,Low
1965,0,None,Low
1963,0,None,Low
1960,0,None,Low
1966,0,None,Low
1969,0,None,Low
1968,0,None,Low
1967,0,None,Low
1970,0,None,Low
2015,0,None,Low
2009,0,None,Low
1988,0,None,Low
1991,0,None,Low
2014,0,None,Low
1990,0,None,Low
1989,0,None,Low
2008,0,None,Low
2010,0,None,Low
2007,0,None,Low
1985,0,None,Low
1987,0,None,Low
2013,0,None,Low
1984,0,None,Low
1983,0,None,Low
1986,0,None,Low
2017,0,None,Low
2016,0,None,Low
1996,0,None,Low
1995,0,None,Low
1954,0,None,Low
1957,0,None,Low
1955,0,None,Low
1958,0,None,Low
1956,0,None,Low
1959,0,None,Low
1953,0,None,Low
1997,0,None,Low
2000,0,None,Low
1998,0,None,Low
1999,0,None,Low
1910,0,None,Low
1906,0,None,Low
1908,0,None,Low
1907,0,None,Low
1909,0,None,Low
1947,0,None,Low
1929,0,None,Low
1928,0,None,Low
1927,0,None,Low
1937,0,None,Low
1941,0,None,Low
1936,0,None,Low
1938,0,None,Low
1939,0,None,Low
1940,0,None,Low
1946,0,None,Low
1913,0,None,Low
1916,0,None,Low
1912,0,None,Low
1911,0,None,Low
1915,0,None,Low
1914,0,None,Low
1917,0,None,Low
1899,0,None,Low
1900,0,None,Low
1898,0,None,Low
1901,0,None,Low
1904,0,None,Low
1903,0,None,Low
1902,0,None,Low
1905,0,None,Low
1950,0,None,Low
1944,0,None,Low
1923,0,None,Low
1926,0,None,Low
1949,0,None,Low
1925,0,None,Low
1924,0,None,Low
1943,0,None,Low
1945,0,None,Low
1942,0,None,Low
1920,0,None,Low
1922,0,None,Low
1948,0,None,Low
1919,0,None,Low
1918,0,None,Low
1921,0,None,Low
1952,0,None,Low
1951,0,None,Low
1931,0,None,Low
1930,0,None,Low
1932,0,None,Low
1935,0,None,Low
1933,0,None,Low
1934,0,None,Low
1855,0,None,Low
1851,0,None,Low
1853,0,None,Low
1852,0,None,Low
1854,0,None,Low
1892,0,None,Low
1874,0,None,Low
1873,0,None,Low
1872,0,None,Low
1882,0,None,Low
1886,0,None,Low
1881,0,None,Low
1883,0,None,Low
1884,0,None,Low
1885,0,None,Low
1891,0,None,Low
1858,0,None,Low
1861,0,None,Low
1857,0,None,Low
1856,0,None,Low
1860,0,None,Low
1859,0,None,Low
1862,0,None,Low
1842,0,None,Low
1844,0,None,Low
1841,0,None,Low
1845,0,None,Low
1843,0,None,Low
1840,0,None,Low
1846,0,None,Low
1849,0,None,Low
1848,0,None,Low
1847,0,None,Low
1850,0,None,Low
1895,0,None,Low
1889,0,None,Low
1868,0,None,Low
1871,0,None,Low
1894,0,None,Low
1870,0,None,Low
1869,0,None,Low
1888,0,None,Low
1890,0,None,Low
1887,0,None,Low
1865,0,None,Low
1867,0,None,Low
1893,0,None,Low
1864,0,None,Low
1863,0,None,Low
1866,0,None,Low
1897,0,None,Low
1896,0,None,Low
1876,0,None,Low
1875,0,None,Low
1834,0,None,Low
1837,0,None,Low
1835,0,None,Low
1838,0,None,Low
1836,0,None,Low
1839,0,None,Low
1833,0,None,Low
1877,0,None,Low
1880,0,None,Low
1878,0,None,Low
1879,0,None,Low
1790,0,None,Low
1786,0,None,Low
1788,0,None,Low
1787,0,None,Low
1789,0,None,Low
1827,0,None,Low
1809,0,None,Low
1808,0,None,Low
1807,0,None,Low
1817,0,None,Low
1821,0,None,Low
1816,0,None,Low
1818,0,None,Low
1819,0,None,Low
1820,0,None,Low
1826,0,None,Low
1793,0,None,Low
1796,0,None,Low
1792,0,None,Low
1791,0,None,Low
1795,0,None,Low
1794,0,None,Low
1797,0,None,Low
1777,0,None,Low
1779,0,None,Low
1776,0,None,Low
1780,0,None,Low
1778,0,None,Low
1775,0,None,Low
1781,0,None,Low
1784,0,None,Low
1783,0,None,Low
1782,0,None,Low
1785,0,None,Low
1830,0,None,Low
1824,0,None,Low
1803,0,None,Low
1806,0,None,Low
1829,0,None,Low
1805,0,None,Low
1804,0,None,Low
1823,0,None,Low
1825,0,None,Low
1822,0,None,Low
1800,0,None,Low
1802,0,None,Low
1828,0,None,Low
1799,0,None,Low
1798,0,None,Low
1801,0,None,Low
1832,0,None,Low
1831,0,None,Low
1811,0,None,Low
1810,0,None,Low
1769,0,None,Low
1772,0,None,Low
1770,0,None,Low
1773,0,None,Low
1771,0,None,Low
1774,0,None,Low
1768,0,None,Low
1812,0,None,Low
1815,0,None,Low
1813,0,None,Low
1814,0,None,Low
1725,0,None,Low
1721,0,None,Low
1723,0,None,Low
1722,0,None,Low
1724,0,None,Low
1762,0,None,Low
1744,0,None,Low
1743,0,None,Low
1742,0,None,Low
1752,0,None,Low
1756,0,None,Low
1751,0,None,Low
1753,0,None,Low
1754,0,None,Low
1755,0,None,Low
1761,0,None,Low
1728,0,None,Low
1731,0,None,Low
1727,0,None,Low
1726,0,None,Low
1730,0,None,Low
1729,0,None,Low
1732,0,None,Low
1712,0,None,Low
1714,0,None,Low
1711,0,None,Low
1715,0,None,Low
1713,0,None,Low
1710,0,None,Low
1716,0,None,Low
1719,0,None,Low
1718,0,None,Low
1717,0,None,Low
1720,0,None,Low
1765,0,None,Low
1759,0,None,Low
1738,0,None,Low
1741,0,None,Low
1764,0,None,Low
1740,0,None,Low
1739,0,None,Low
1758,0,None,Low
1760,0,None,Low
1757,0,None,Low
1735,0,None,Low
1737,0,None,Low
1763,0,None,Low
1734,0,None,Low
1733,0,None,Low
1736,0,None,Low
1767,0,None,Low
1766,0,None,Low
1746,0,None,Low
1745,0,None,Low
1704,0,None,Low
1707,0,None,Low
1705,0,None,Low
1708,0,None,Low
1706,0,None,Low
1709,0,None,Low
1703,0,None,Low
1747,0,None,Low
1750,0,None,Low
1748,0,None,Low
1749,0,None,Low
1660,0,None,Low
1656,0,None,Low
1658,0,None,Low
1657,0,None,Low
1659,0,None,Low
1697,0,None,Low
1679,0,None,Low
1678,0,None,Low
1677,0,None,Low
1687,0,None,Low
1691,0,None,Low
1686,0,None,Low
1688,0,None,Low
1689,0,None,Low
1690,0,None,Low
1696,0,None,Low
1663,0,None,Low
1666,0,None,Low
1662,0,None,Low
1661,0,None,Low
1665,0,None,Low
1664,0,None,Low
1667,0,None,Low
1647,0,None,Low
1649,0,None,Low
1646,0,None,Low
1650,0,None,Low
1648,0,None,Low
1645,0,None,Low
1651,0,None,Low
1654,0,None,Low
1653,0,None,Low
1652,0,None,Low
1655,0,None,Low
1700,0,None,Low
1694,0,None,Low
1673,0,None,Low
1676,0,None,Low
1699,0,None,Low
1675,0,None,Low
1674,0,None,Low
1693,0,None,Low
1695,0,None,Low
1692,0,None,Low
1670,0,None,Low
1672,0,None,Low
1698,0,None,Low
1669,0,None,Low
1668,0,None,Low
1671,0,None,Low
1702,0,None,Low
1701,0,None,Low
1681,0,None,Low
1680,0,None,Low
1639,0,None,Low
1642,0,None,Low
1640,0,None,Low
1643,0,None,Low
1641,0,None,Low
1644,0,None,Low
1638,0,None,Low
1682,0,None,Low
1685,0,None,Low
1683,0,None,Low
1684,0,None,Low
1595,0,None,Low
1591,0,None,Low
1593,0,None,Low
1592,0,None,Low
1594,0,None,Low
1632,0,None,Low
1614,0,None,Low
1613,0,None,Low
1612,0,None,Low
1622,0,None,Low
1626,0,None,Low
1621,0,None,Low
1623,0,None,Low
1624,0,None,Low
1625,0,None,Low
1631,0,None,Low
1598,0,None,Low
1601,0,None,Low
1597,0,None,Low
1596,0,None,Low
1600,0,None,Low
1599,0,None,Low
1602,0,None,Low
1582,0,None,Low
1584,0,None,Low
1581,0,None,Low
1585,0,None,Low
1583,0,None,Low
1580,0,None,Low
1586,0,None,Low
1589,0,None,Low
1588,0,None,Low
1587,0,None,Low
1590,0,None,Low
1635,0,None,Low
1629,0,None,Low
1608,0,None,Low
1611,0,None,Low
1634,0,None,Low
1610,0,None,Low
1609,0,None,Low
1628,0,None,Low
1630,0,None,Low
1627,0,None,Low
1605,0,None,Low
1607,0,None,Low
1633,0,None,Low
1604,0,None,Low
1603,0,None,Low
1606,0,None,Low
1637,0,None,Low
1636,0,None,Low
1616,0,None,Low
1615,0,None,Low
1574,0,None,Low
1577,0,None,Low
1575,0,None,Low
1578,0,None,Low
1576,0,None,Low
1579,0,None,Low
1573,0,None,Low
1617,0,None,Low
1620,0,None,Low
1618,0,None,Low
1619,0,None,Low
1530,0,None,Low
1526,0,None,Low
1528,0,None,Low
1527,0,None,Low
1529,0,None,Low
1567,0,None,Low
1549,0,None,Low
1548,0,None,Low
1547,0,None,Low
1557,0,None,Low
1561,0,None,Low
1556,0,None,Low
1558,0,None,Low
1559,0,None,Low
1560,0,None,Low
1566,0,None,Low
1533,0,None,Low
1536,0,None,Low
1532,0,None,Low
1531,0,None,Low
1535,0,None,Low
1534,0,None,Low
1537,0,None,Low
1517,0,None,Low
1519,0,None,Low
1516,0,None,Low
1520,0,None,Low
1518,0,None,Low
1515,0,None,Low
1521,0,None,Low
1524,0,None,Low
1523,0,None,Low
1522,0,None,Low
1525,0,None,Low
1570,0,None,Low
1564,0,None,Low
1543,0,None,Low
1546,0,None,Low
1569,0,None,Low
1545,0,None,Low
1544,0,None,Low
1563,0,None,Low
1565,0,None,Low
1562,0,None,Low
1540,0,None,Low
1542,0,None,Low
1568,0,None,Low
1539,0,None,Low
1538,0,None,Low
1541,0,None,Low
1572,0,None,Low
1571,0,None,Low
1551,0,None,Low
1550,0,None,Low
1509,0,None,Low
1512,0,None,Low
1510,0,None,Low
1513,0,None,Low
1511,0,None,Low
1514,0,None,Low
1508,0,None,Low
1552,0,None,Low
1555,0,None,Low
1553,0,None,Low
1554,0,None,Low
1465,0,None,Low
1461,0,None,Low
1463,0,None,Low
1462,0,None,Low
1464,0,None,Low
1502,0,None,Low
1484,0,None,Low
1483,0,None,Low
1482,0,None,Low
1492,0,None,Low
1496,0,None,Low
1491,0,None,Low
1493,0,None,Low
1494,0,None,Low
1495,0,None,Low
1501,0,None,Low
1468,0,None,Low
1471,0,None,Low
1467,0,None,Low
1466,0,None,Low
1470,0,None,Low
1469,0,None,Low
1472,0,None,Low
1452,0,None,Low
1454,0,None,Low
1451,0,None,Low
1455,0,None,Low
1453,0,None,Low
1450,0,None,Low
1456,0,None,Low
1459,0,None,Low
1458,0,None,Low
1457,0,None,Low
1460,0,None,Low
1505,0,None,Low
1499,0,None,Low
1478,0,None,Low
1481,0,None,Low
1504,0,None,Low
1480,0,None,Low
1479,0,None,Low
1498,0,None,Low
1500,0,None,Low
1497,0,None,Low
1475,0,None,Low
1477,0,None,Low
1503,0,None,Low
1474,0,None,Low
1473,0,None,Low
1476,0,None,Low
1507,0,None,Low
1506,0,None,Low
1486,0,None,Low
1485,0,None,Low
1444,0,None,Low
1447,0,None,Low
1445,0,None,Low
1448,0,None,Low
1446,0,None,Low
1449,0,None,Low
1443,0,None,Low
1487,0,None,Low
1490,0,None,Low
1488,0,None,Low
1489,0,None,Low
1400,0,None,Low
1396,0,None,Low
1398,0,None,Low
1397,0,None,Low
1399,0,None,Low
1437,0,None,Low
1419,0,None,Low
1418,0,None,Low
1417,0,None,Low
1427,0,None,Low
1431,0,None,Low
1426,0,None,Low
1428,0,None,Low
1429,0,None,Low
1430,0,None,Low
1436,0,None,Low
1403,0,None,Low
1406,0,None,Low
1402,0,None,Low
1401,0,None,Low
1405,0,None,Low
1404,0,None,Low
1407,0,None,Low
1387,0,None,Low
1389,0,None,Low
1386,0,None,Low
1390,0,None,Low
1388,0,None,Low
1385,0,None,Low
1391,0,None,Low
1394,0,None,Low
1393,0,None,Low
1392,0,None,Low
1395,0,None,Low
1440,0,None,Low
1434,0,None,Low
1413,0,None,Low
1416,0,None,Low
1439,0,None,Low
1415,0,None,Low
1414,0,None,Low
1433,0,None,Low
1435,0,None,Low
1432,0,None,Low
1410,0,None,Low
1412,0,None,Low
1438,0,None,Low
1409,0,None,Low
1408,0,None,Low
1411,0,None,Low
1442,0,None,Low
1441,0,None,Low
1421,0,None,Low
1420,0,None,Low
1379,0,None,Low
1382,0,None,Low
1380,0,None,Low
1383,0,None,Low
1381,0,None,Low
1384,0,None,Low
1378,0,None,Low
1422,0,None,Low
1425,0,None,Low
1423,0,None,Low
1424,0,None,Low
1357,0,None,Low
1370,0,None,Low
1377,0,None,Low
1361,0,None,Low
1362,0,None,Low
1359,0,None,Low
1373,0,None,Low
1371,0,None,Low
1363,0,None,Low
1355,0,None,Low
1366,0,None,Low
1365,0,None,Low
1356,0,None,Low
1376,0,None,Low
1369,0,None,Low
1360,0,None,Low
1368,0,None,Low
1367,0,None,Low
1372,0,None,Low
1358,0,None,Low
1374,0,None,Low
1375,0,None,Low
1354,0,None,Low
1364,0,None,Low
1346,0,None,Low
1353,0,None,Low
1337,0,None,Low
1338,0,None,Low
1349,0,None,Low
1347,0,None,Low
1339,0,None,Low
1335,0,None,Low
1342,0,None,Low
1341,0,None,Low
1352,0,None,Low
1345,0,None,Low
1336,0,None,Low
1344,0,None,Low
1343,0,None,Low
1348,0,None,Low
1350,0,None,Low
1351,0,None,Low
1334,0,None,Low
1340,0,None,Low
1313,0,None,Low
1326,0,None,Low
1333,0,None,Low
1317,0,None,Low
1318,0,None,Low
1315,0,None,Low
1329,0,None,Low
1327,0,None,Low
1319,0,None,Low
1311,0,None,Low
1322,0,None,Low
1321,0,None,Low
1312,0,None,Low
1332,0,None,Low
1325,0,None,Low
1316,0,None,Low
1324,0,None,Low
1323,0,None,Low
1328,0,None,Low
1314,0,None,Low
1330,0,None,Low
1331,0,None,Low
1310,0,None,Low
1320,0,None,Low
1289,0,None,Low
1302,0,None,Low
1309,0,None,Low
1293,0,None,Low
1294,0,None,Low
1291,0,None,Low
1305,0,None,Low
1303,0,None,Low
1295,0,None,Low
1287,0,None,Low
1298,0,None,Low
1297,0,None,Low
1288,0,None,Low
1308,0,None,Low
1301,0,None,Low
1292,0,None,Low
1300,0,None,Low
1299,0,None,Low
1304,0,None,Low
1290,0,None,Low
1306,0,None,Low
1307,0,None,Low
1286,0,None,Low
1296,0,None,Low
1243,0,None,Low
1239,0,None,Low
1241,0,None,Low
1240,0,None,Low
1242,0,None,Low
1280,0,None,Low
1262,0,None,Low
1261,0,None,Low
1260,0,None,Low
1270,0,None,Low
1274,0,None,Low
1269,0,None,Low
1271,0,None,Low
1272,0,None,Low
1273,0,None,Low
1279,0,None,Low
1246,0,None,Low
1249,0,None,Low
1245,0,None,Low
1244,0,None,Low
1248,0,None,Low
1247,0,None,Low
1250,0,None,Low
1230,0,None,Low
1232,0,None,Low
1229,0,None,Low
1233,0,None,Low
1231,0,None,Low
1228,0,None,Low
1234,0,None,Low
1237,0,None,Low
1236,0,None,Low
1235,0,None,Low
1238,0,None,Low
1283,0,None,Low
1277,0,None,Low
1256,0,None,Low
1259,0,None,Low
1282,0,None,Low
1258,0,None,Low
1257,0,None,Low
1276,0,None,Low
1278,0,None,Low
1275,0,None,Low
1253,0,None,Low
1255,0,None,Low
1281,0,None,Low
1252,0,None,Low
1251,0,None,Low
1254,0,None,Low
1285,0,None,Low
1284,0,None,Low
1264,0,None,Low
1263,0,None,Low
1222,0,None,Low
1225,0,None,Low
1223,0,None,Low
1226,0,None,Low
1224,0,None,Low
1227,0,None,Low
1221,0,None,Low
1265,0,None,Low
1268,0,None,Low
1266,0,None,Low
1267,0,None,Low
1200,0,None,Low
1213,0,None,Low
1220,0,None,Low
1204,0,None,Low
1205,0,None,Low
1202,0,None,Low
1216,0,None,Low
1214,0,None,Low
1206,0,None,Low
1198,0,None,Low
1209,0,None,Low
1208,0,None,Low
1199,0,None,Low
1219,0,None,Low
1212,0,None,Low
1203,0,None,Low
1211,0,None,Low
1210,0,None,Low
1215,0,None,Low
1201,0,None,Low
1217,0,None,Low
1218,0,None,Low
1197,0,None,Low
1207,0,None,Low
1154,0,None,Low
1150,0,None,Low
1152,0,None,Low
1151,0,None,Low
1153,0,None,Low
1191,0,None,Low
1173,0,None,Low
1172,0,None,Low
1171,0,None,Low
1181,0,None,Low
1185,0,None,Low
1180,0,None,Low
1182,0,None,Low
1183,0,None,Low
1184,0,None,Low
1190,0,None,Low
1157,0,None,Low
1160,0,None,Low
1156,0,None,Low
1155,0,None,Low
1159,0,None,Low
1158,0,None,Low
1161,0,None,Low
1141,0,None,Low
1143,0,None,Low
1140,0,None,Low
1144,0,None,Low
1142,0,None,Low
1139,0,None,Low
1145,0,None,Low
1148,0,None,Low
1147,0,None,Low
1146,0,None,Low
1149,0,None,Low
1194,0,None,Low
1188,0,None,Low
1167,0,None,Low
1170,0,None,Low
1193,0,None,Low
1169,0,None,Low
1168,0,None,Low
1187,0,None,Low
1189,0,None,Low
1186,0,None,Low
1164,0,None,Low
1166,0,None,Low
1192,0,None,Low
1163,0,None,Low
1162,0,None,Low
1165,0,None,Low
1196,0,None,Low
1195,0,None,Low
1175,0,None,Low
1174,0,None,Low
1133,0,None,Low
1136,0,None,Low
1134,0,None,Low
1137,0,None,Low
1135,0,None,Low
1138,0,None,Low
1132,0,None,Low
1176,0,None,Low
1179,0,None,Low
1177,0,None,Low
1178,0,None,Low
1111,0,None,Low
1124,0,None,Low
1131,0,None,Low
1115,0,None,Low
1116,0,None,Low
1113,0,None,Low
1127,0,None,Low
1125,0,None,Low
1117,0,None,Low
1109,0,None,Low
1120,0,None,Low
1119,0,None,Low
1110,0,None,Low
1130,0,None,Low
1123,0,None,Low
1114,0,None,Low
1122,0,None,Low
1121,0,None,Low
1126,0,None,Low
1112,0,None,Low
1128,0,None,Low
1129,0,None,Low
1108,0,None,Low
1118,0,None,Low
1090,0,None,Low
1100,0,None,Low
1107,0,None,Low
1092,0,None,Low
1103,0,None,Low
1101,0,None,Low
1093,0,None,Low
1088,0,None,Low
1096,0,None,Low
1095,0,None,Low
1089,0,None,Low
1106,0,None,Low
1099,0,None,Low
1098,0,None,Low
1097,0,None,Low
1102,0,None,Low
1091,0,None,Low
1104,0,None,Low
1105,0,None,Low
1087,0,None,Low
1094,0,None,Low
1066,0,None,Low
1079,0,None,Low
1086,0,None,Low
1070,0,None,Low
1071,0,None,Low
1068,0,None,Low
1082,0,None,Low
1080,0,None,Low
1072,0,None,Low
1064,0,None,Low
1075,0,None,Low
1074,0,None,Low
1065,0,None,Low
1085,0,None,Low
1078,0,None,Low
1069,0,None,Low
1077,0,None,Low
1076,0,None,Low
1081,0,None,Low
1067,0,None,Low
1083,0,None,Low
1084,0,None,Low
1063,0,None,Low
1073,0,None,Low
1044,0,None,Low
1057,0,None,Low
1048,0,None,Low
1049,0,None,Low
1046,0,None,Low
1060,0,None,Low
1058,0,None,Low
1050,0,None,Low
1042,0,None,Low
1053,0,None,Low
1052,0,None,Low
1043,0,None,Low
1056,0,None,Low
1047,0,None,Low
1055,0,None,Low
1054,0,None,Low
1059,0,None,Low
1045,0,None,Low
1061,0,None,Low
1062,0,None,Low
1041,0,None,Low
1051,0,None,Low
