timestamp,route,distance_km,hour,day,day_of_week,travel_time_mins,speed_kmh,congestion,weather_condition,rainfall_status,holiday_indicator,school_holiday_indicator,school_hours_indicator,working_hours_indicator,office_rush_hour_indicator,event_indicator,event_type,event_severity,traffic_pressure_score
2026-05-07 13:41:47,Bonduma Gate to Mile 17,3.81,13,Thursday,3,10.9,20.99,Low,Clouds,No Rain,0,0,1,1,0,0,None,Low,25
2026-05-07 13:41:47,Mile 17 to Malingo,1.54,13,Thursday,3,4.95,18.7,Low,Clouds,No Rain,0,0,1,1,0,0,None,Low,25
2026-05-07 13:41:47,Malingo to UB Junction,3.47,13,Thursday,3,11.77,17.69,Low,Clouds,No Rain,0,0,1,1,0,0,None,Low,25
2026-05-07 13:41:47,UB Junction to Check Point,2.15,13,Thursday,3,9.2,14.05,Low,Clouds,No Rain,0,0,1,1,0,0,None,Low,25
2026-05-07 13:41:47,Check Point to Buea Town,3.12,13,Thursday,3,8.03,23.32,Low,Clouds,No Rain,0,0,1,1,0,0,None,Low,25
2026-05-07 13:41:47,Muea to Great Soppo,0.89,13,Thursday,3,3.23,16.5,Low,Clouds,No Rain,0,0,1,1,0,0,None,Low,25
2026-05-07 13:41:47,Great Soppo to Small Soppo,1.54,13,Thursday,3,6.05,15.32,Low,Clouds,No Rain,0,0,1,1,0,0,None,Low,25
2026-05-07 13:41:47,Small Soppo to Bongo Square,1.07,13,Thursday,3,3.6,17.8,Low,Clouds,No Rain,0,0,1,1,0,0,None,Low,25
2026-05-07 13:41:47,Muea to Molyko,2.92,13,Thursday,3,8.87,19.75,Low,Clouds,No Rain,0,0,1,1,0,0,None,Low,25
2026-05-07 13:41:47,Molyko to Bokwango,6.15,13,Thursday,3,22.13,16.68,Low,Clouds,No Rain,0,0,1,1,0,0,None,Low,25
2026-05-07 13:41:47,Bokwango to Buea Town,8.38,13,Thursday,3,28.12,17.89,Low,Clouds,No Rain,0,0,1,1,0,0,None,Low,25
2026-05-07 13:41:47,Mile 16 to Mile 17,4.4,13,Thursday,3,12.12,21.8,Low,Clouds,No Rain,0,0,1,1,0,0,None,Low,25
2026-05-07 13:41:47,Mile 17 to Bonduma,4.2,13,Thursday,3,13.87,18.19,Low,Clouds,No Rain,0,0,1,1,0,0,None,Low,25
2026-05-07 13:41:47,Clerks Quarters to Governor Junction,1.33,13,Thursday,3,2.62,30.54,Low,Clouds,No Rain,0,0,1,1,0,0,None,Low,25
2026-05-07 13:41:47,Governor Junction to Long Street,0.0,13,Thursday,3,0.0,0,Low,Clouds,No Rain,0,0,1,1,0,0,None,Low,25
2026-05-07 13:41:47,Long Street to Bongo Square,1.24,13,Thursday,3,2.18,33.94,Low,Clouds,No Rain,0,0,1,1,0,0,None,Low,25
2026-05-07 13:41:47,UB Junction to Bonduma,3.88,13,Thursday,3,14.17,16.45,Low,Clouds,No Rain,0,0,1,1,0,0,None,Low,25
2026-05-07 13:41:47,Molyko to UB Junction,6.39,13,Thursday,3,19.53,19.62,Low,Clouds,No Rain,0,0,1,1,0,0,None,Low,25
2026-05-07 13:41:47,Check Point to Molyko,4.17,13,Thursday,3,11.68,21.43,Low,Clouds,No Rain,0,0,1,1,0,0,None,Low,25
2026-05-07 13:41:47,Muea to Bonduma,2.06,13,Thursday,3,6.18,20.0,Low,Clouds,No Rain,0,0,1,1,0,0,None,Low,25
2026-05-07 13:41:47,Buea Town to Malingo,5.04,13,Thursday,3,14.65,20.66,Low,Clouds,No Rain,0,0,1,1,0,0,None,Low,25
2026-05-07 13:41:47,Bongo Square to Great Soppo,2.12,13,Thursday,3,5.53,23.03,Low,Clouds,No Rain,0,0,1,1,0,0,None,Low,25
2026-05-07 14:11:47,Bonduma Gate to Mile 17,3.81,14,Thursday,3,10.92,20.96,Low,Clouds,No Rain,0,0,1,1,0,0,None,Low,25
2026-05-07 14:11:47,Mile 17 to Malingo,1.54,14,Thursday,3,5.0,18.52,Low,Clouds,No Rain,0,0,1,1,0,0,None,Low,25
2026-05-07 14:11:47,Malingo to UB Junction,3.47,14,Thursday,3,11.68,17.82,Low,Clouds,No Rain,0,0,1,1,0,0,None,Low,25
2026-05-07 14:11:47,UB Junction to Check Point,2.15,14,Thursday,3,10.43,12.39,Low,Clouds,No Rain,0,0,1,1,0,0,None,Low,25
2026-05-07 14:11:47,Check Point to Buea Town,3.12,14,Thursday,3,8.02,23.37,Low,Clouds,No Rain,0,0,1,1,0,0,None,Low,25
2026-05-07 14:11:47,Muea to Great Soppo,0.89,14,Thursday,3,3.23,16.5,Low,Clouds,No Rain,0,0,1,1,0,0,None,Low,25
2026-05-07 14:11:47,Great Soppo to Small Soppo,1.54,14,Thursday,3,5.9,15.71,Low,Clouds,No Rain,0,0,1,1,0,0,None,Low,25
2026-05-07 14:11:47,Small Soppo to Bongo Square,1.07,14,Thursday,3,3.55,18.05,Low,Clouds,No Rain,0,0,1,1,0,0,None,Low,25
2026-05-07 14:11:47,Muea to Molyko,2.92,14,Thursday,3,8.87,19.75,Low,Clouds,No Rain,0,0,1,1,0,0,None,Low,25
2026-05-07 14:11:47,Molyko to Bokwango,6.15,14,Thursday,3,22.18,16.64,Low,Clouds,No Rain,0,0,1,1,0,0,None,Low,25
2026-05-07 14:11:47,Bokwango to Buea Town,8.38,14,Thursday,3,28.13,17.88,Low,Clouds,No Rain,0,0,1,1,0,0,None,Low,25
2026-05-07 14:11:47,Mile 16 to Mile 17,4.4,14,Thursday,3,12.2,21.65,Low,Clouds,No Rain,0,0,1,1,0,0,None,Low,25
2026-05-07 14:11:47,Mile 17 to Bonduma,4.2,14,Thursday,3,15.2,16.59,Low,Clouds,No Rain,0,0,1,1,0,0,None,Low,25
2026-05-07 14:11:47,Clerks Quarters to Governor Junction,1.33,14,Thursday,3,2.67,29.97,Low,Clouds,No Rain,0,0,1,1,0,0,None,Low,25
2026-05-07 14:11:47,Governor Junction to Long Street,0.0,14,Thursday,3,0.0,0,Low,Clouds,No Rain,0,0,1,1,0,0,None,Low,25
2026-05-07 14:11:47,Long Street to Bongo Square,1.24,14,Thursday,3,2.08,35.57,Low,Clouds,No Rain,0,0,1,1,0,0,None,Low,25
2026-05-07 14:11:47,UB Junction to Bonduma,3.88,14,Thursday,3,15.5,15.04,Low,Clouds,No Rain,0,0,1,1,0,0,None,Low,25
2026-05-07 14:11:47,Molyko to UB Junction,6.39,14,Thursday,3,19.73,19.42,Low,Clouds,No Rain,0,0,1,1,0,0,None,Low,25
2026-05-07 14:11:47,Check Point to Molyko,4.17,14,Thursday,3,11.73,21.33,Low,Clouds,No Rain,0,0,1,1,0,0,None,Low,25
2026-05-07 14:11:47,Muea to Bonduma,2.06,14,Thursday,3,6.47,19.12,Low,Clouds,No Rain,0,0,1,1,0,0,None,Low,25
2026-05-07 14:11:47,Buea Town to Malingo,5.04,14,Thursday,3,14.98,20.2,Low,Clouds,No Rain,0,0,1,1,0,0,None,Low,25
2026-05-07 14:11:47,Bongo Square to Great Soppo,2.12,14,Thursday,3,5.57,22.89,Low,Clouds,No Rain,0,0,1,1,0,0,None,Low,25
2026-05-07 14:11:47,Malingo to Muea,5.04,14,Thursday,3,15.05,20.11,Low,Clouds,No Rain,0,0,1,1,0,0,None,Low,25
2026-05-07 14:11:47,Small Soppo to Check Point,3.64,14,Thursday,3,10.93,19.95,Low,Clouds,No Rain,0,0,1,1,0,0,None,Low,25
2026-05-07 14:41:47,Bonduma Gate to Mile 17,3.81,14,Thursday,3,10.57,21.65,Low,Clouds,No Rain,0,0,1,1,0,0,None,Low,25
2026-05-07 14:41:47,Mile 17 to Malingo,1.54,14,Thursday,3,5.18,17.86,Low,Clouds,No Rain,0,0,1,1,0,0,None,Low,25
2026-05-07 14:41:47,Malingo to UB Junction,3.47,14,Thursday,3,11.6,17.94,Low,Clouds,No Rain,0,0,1,1,0,0,None,Low,25
2026-05-07 14:41:47,UB Junction to Check Point,2.15,14,Thursday,3,8.3,15.58,Low,Clouds,No Rain,0,0,1,1,0,0,None,Low,25
2026-05-07 14:41:47,Check Point to Buea Town,3.12,14,Thursday,3,9.07,20.66,Medium,Clouds,No Rain,0,0,1,1,0,0,None,Low,45
2026-05-07 14:41:47,Muea to Molyko,2.92,14,Thursday,3,8.87,19.75,Low,Clouds,No Rain,0,0,1,1,0,0,None,Low,25
2026-05-07 14:41:47,Molyko to Bokwango,6.15,14,Thursday,3,22.18,16.64,Low,Clouds,No Rain,0,0,1,1,0,0,None,Low,25
2026-05-07 14:41:47,Bokwango to Buea Town,8.38,14,Thursday,3,27.72,18.15,Low,Clouds,No Rain,0,0,1,1,0,0,None,Low,25
2026-05-07 14:41:47,Mile 16 to Mile 17,4.4,14,Thursday,3,12.03,21.95,Low,Clouds,No Rain,0,0,1,1,0,0,None,Low,25
2026-05-07 14:41:47,Mile 17 to Bonduma,4.2,14,Thursday,3,13.52,18.66,Low,Clouds,No Rain,0,0,1,1,0,0,None,Low,25
2026-05-07 14:41:47,Clerks Quarters to Governor Junction,1.33,14,Thursday,3,2.62,30.54,Low,Clouds,No Rain,0,0,1,1,0,0,None,Low,25
2026-05-07 14:41:47,Governor Junction to Long Street,0.0,14,Thursday,3,0.0,0,Low,Clouds,No Rain,0,0,1,1,0,0,None,Low,25
2026-05-07 14:41:47,Long Street to Bongo Square,1.24,14,Thursday,3,2.07,35.85,Low,Clouds,No Rain,0,0,1,1,0,0,None,Low,25
2026-05-07 14:41:47,UB Junction to Bonduma,3.88,14,Thursday,3,13.8,16.89,Low,Clouds,No Rain,0,0,1,1,0,0,None,Low,25
2026-05-07 14:41:47,Molyko to UB Junction,6.39,14,Thursday,3,19.68,19.47,Low,Clouds,No Rain,0,0,1,1,0,0,None,Low,25
2026-05-07 14:41:47,Check Point to Molyko,4.17,14,Thursday,3,12.1,20.69,Low,Clouds,No Rain,0,0,1,1,0,0,None,Low,25
2026-05-07 14:41:47,Muea to Bonduma,2.06,14,Thursday,3,6.58,18.78,Low,Clouds,No Rain,0,0,1,1,0,0,None,Low,25
2026-05-07 14:41:47,Buea Town to Malingo,5.04,14,Thursday,3,14.98,20.2,Low,Clouds,No Rain,0,0,1,1,0,0,None,Low,25
2026-05-07 14:41:47,Bongo Square to Great Soppo,2.12,14,Thursday,3,5.53,23.03,Low,Clouds,No Rain,0,0,1,1,0,0,None,Low,25
2026-05-07 14:41:47,Malingo to Muea,5.04,14,Thursday,3,15.63,19.36,Low,Clouds,No Rain,0,0,1,1,0,0,None,Low,25
2026-05-07 14:41:47,Small Soppo to Check Point,3.64,14,Thursday,3,10.93,19.95,Low,Clouds,No Rain,0,0,1,1,0,0,None,Low,25
2026-05-07 15:11:47,Bonduma Gate to Mile 17,3.81,15,Thursday,3,10.77,21.25,Low,Clouds,No Rain,0,0,0,1,0,0,None,Low,10
2026-05-07 15:11:47,Mile 17 to Malingo,1.54,15,Thursday,3,4.83,19.15,Low,Clouds,No Rain,0,0,0,1,0,0,None,Low,10
2026-05-07 15:11:47,Malingo to UB Junction,3.47,15,Thursday,3,11.63,17.89,Low,Clouds,No Rain,0,0,0,1,0,0,None,Low,10
2026-05-07 15:11:47,UB Junction to Check Point,2.15,15,Thursday,3,9.52,13.59,Low,Clouds,No Rain,0,0,0,1,0,0,None,Low,10
2026-05-07 15:11:47,Check Point to Buea Town,3.12,15,Thursday,3,8.72,21.49,Low,Clouds,No Rain,0,0,0,1,0,0,None,Low,10
2026-05-07 15:11:47,Muea to Great Soppo,0.89,15,Thursday,3,3.23,16.5,Low,Clouds,No Rain,0,0,0,1,0,0,None,Low,10
2026-05-07 15:11:47,Great Soppo to Small Soppo,1.54,15,Thursday,3,5.92,15.67,Low,Clouds,No Rain,0,0,0,1,0,0,None,Low,10
2026-05-07 15:11:47,Small Soppo to Bongo Square,1.07,15,Thursday,3,3.6,17.8,Low,Clouds,No Rain,0,0,0,1,0,0,None,Low,10
2026-05-07 15:11:47,Muea to Molyko,2.92,15,Thursday,3,8.87,19.75,Low,Clouds,No Rain,0,0,0,1,0,0,None,Low,10
2026-05-07 15:11:47,Molyko to Bokwango,6.15,15,Thursday,3,22.27,16.58,Low,Clouds,No Rain,0,0,0,1,0,0,None,Low,10
2026-05-07 15:11:47,Bokwango to Buea Town,8.38,15,Thursday,3,28.7,17.53,Low,Clouds,No Rain,0,0,0,1,0,0,None,Low,10
2026-05-07 15:11:47,Mile 16 to Mile 17,4.4,15,Thursday,3,12.08,21.86,Low,Clouds,No Rain,0,0,0,1,0,0,None,Low,10
2026-05-07 15:11:47,Mile 17 to Bonduma,4.2,15,Thursday,3,14.58,17.29,Low,Clouds,No Rain,0,0,0,1,0,0,None,Low,10
2026-05-07 15:11:47,Clerks Quarters to Governor Junction,1.33,15,Thursday,3,2.57,31.14,Low,Clouds,No Rain,0,0,0,1,0,0,None,Low,10
2026-05-07 15:11:47,Governor Junction to Long Street,0.0,15,Thursday,3,0.0,0,Low,Clouds,No Rain,0,0,0,1,0,0,None,Low,10
2026-05-07 15:11:47,Long Street to Bongo Square,1.24,15,Thursday,3,2.17,34.2,Low,Clouds,No Rain,0,0,0,1,0,0,None,Low,10
2026-05-07 15:11:47,UB Junction to Bonduma,3.88,15,Thursday,3,14.95,15.59,Low,Clouds,No Rain,0,0,0,1,0,0,None,Low,10
2026-05-07 15:11:47,Molyko to UB Junction,6.39,15,Thursday,3,19.47,19.69,Low,Clouds,No Rain,0,0,0,1,0,0,None,Low,10
2026-05-07 15:11:47,Check Point to Molyko,4.17,15,Thursday,3,11.97,20.92,Low,Clouds,No Rain,0,0,0,1,0,0,None,Low,10
2026-05-07 15:11:47,Muea to Bonduma,2.06,15,Thursday,3,6.47,19.12,Low,Clouds,No Rain,0,0,0,1,0,0,None,Low,10
2026-05-07 15:11:47,Buea Town to Malingo,5.04,15,Thursday,3,14.8,20.45,Low,Clouds,No Rain,0,0,0,1,0,0,None,Low,10
2026-05-07 15:11:47,Bongo Square to Great Soppo,2.12,15,Thursday,3,5.47,23.31,Low,Clouds,No Rain,0,0,0,1,0,0,None,Low,10
2026-05-07 15:11:47,Malingo to Muea,5.04,15,Thursday,3,15.83,19.12,Low,Clouds,No Rain,0,0,0,1,0,0,None,Low,10
2026-05-07 15:11:47,Small Soppo to Check Point,3.64,15,Thursday,3,10.75,20.29,Low,Clouds,No Rain,0,0,0,1,0,0,None,Low,10
2026-05-07 15:27:23,Bonduma Gate to Mile 17,3.81,15,Thursday,3,10.92,20.96,Low,Clouds,No Rain,0,0,0,1,0,0,None,Low,10
2026-05-07 15:27:23,Bonduma to UB Junction,3.95,15,Thursday,3,13.62,17.39,Low,Clouds,No Rain,0,0,0,1,0,0,None,Low,10
2026-05-07 15:27:23,Bonduma to Molyko,3.11,15,Thursday,3,9.88,18.89,Low,Clouds,No Rain,0,0,0,1,0,0,None,Low,10
2026-05-07 15:27:23,Bonduma to Check Point,1.73,15,Thursday,3,4.98,20.84,Low,Clouds,No Rain,0,0,0,1,0,0,None,Low,10
2026-05-07 15:27:23,Bonduma to Muea,2.06,15,Thursday,3,6.88,17.97,Low,Clouds,No Rain,0,0,0,1,0,0,None,Low,10
2026-05-07 15:27:23,Bonduma to Great Soppo,2.95,15,Thursday,3,10.13,17.47,Low,Clouds,No Rain,0,0,0,1,0,0,None,Low,10
2026-05-07 15:27:23,Bonduma to Buea Town,2.06,15,Thursday,3,6.88,17.97,Low,Clouds,No Rain,0,0,0,1,0,0,None,Low,10
2026-05-07 15:27:23,Mile 16 to Mile 17,4.4,15,Thursday,3,12.2,21.65,Low,Clouds,No Rain,0,0,0,1,0,0,None,Low,10
2026-05-07 15:27:23,Mile 17 to Malingo,1.54,15,Thursday,3,5.0,18.52,Low,Clouds,No Rain,0,0,0,1,0,0,None,Low,10
2026-05-07 15:27:23,Mile 17 to UB Junction,2.05,15,Thursday,3,7.33,16.8,Low,Clouds,No Rain,0,0,0,1,0,0,None,Low,10
2026-05-07 15:27:23,Mile 17 to Check Point,2.47,15,Thursday,3,8.62,17.21,Low,Clouds,No Rain,0,0,0,1,0,0,None,Low,10
2026-05-07 15:27:23,Mile 17 to Muea,5.59,15,Thursday,3,17.27,19.44,Low,Clouds,No Rain,0,0,0,1,0,0,None,Low,10
2026-05-07 15:27:23,Mile 17 to Great Soppo,6.48,15,Thursday,3,20.5,18.97,Low,Clouds,No Rain,0,0,0,1,0,0,None,Low,10
2026-05-07 15:27:23,Malingo to UB Junction,3.47,15,Thursday,3,11.6,17.94,Low,Clouds,No Rain,0,0,0,1,0,0,None,Low,10
2026-05-07 15:27:23,Malingo to Check Point,2.02,15,Thursday,3,7.17,16.93,Low,Clouds,No Rain,0,0,0,1,0,0,None,Low,10
2026-05-07 15:27:23,Malingo to Molyko,6.09,15,Thursday,3,18.65,19.61,Low,Clouds,No Rain,0,0,0,1,0,0,None,Low,10
2026-05-07 15:27:23,Malingo to Muea,5.04,15,Thursday,3,15.67,19.32,Low,Clouds,No Rain,0,0,0,1,0,0,None,Low,10
2026-05-07 15:27:23,Malingo to Buea Town,5.04,15,Thursday,3,15.67,19.32,Low,Clouds,No Rain,0,0,0,1,0,0,None,Low,10
2026-05-07 15:27:23,UB Junction to Molyko,6.33,15,Thursday,3,20.15,18.84,Low,Clouds,No Rain,0,0,0,1,0,0,None,Low,10
2026-05-07 15:27:23,UB Junction to Check Point,2.15,15,Thursday,3,8.93,14.47,Low,Clouds,No Rain,0,0,0,1,0,0,None,Low,10
2026-05-07 15:27:23,UB Junction to Great Soppo,6.17,15,Thursday,3,20.83,17.76,Low,Clouds,No Rain,0,0,0,1,0,0,None,Low,10
2026-05-07 15:27:23,UB Junction to Buea Town,5.28,15,Thursday,3,17.6,17.99,Low,Clouds,No Rain,0,0,0,1,0,0,None,Low,10
2026-05-07 15:27:23,UB Junction to Muea,5.28,15,Thursday,3,17.6,17.99,Low,Clouds,No Rain,0,0,0,1,0,0,None,Low,10
2026-05-07 15:27:23,Molyko to Check Point,4.17,15,Thursday,3,11.43,21.89,Low,Clouds,No Rain,0,0,0,1,0,0,None,Low,10
2026-05-07 15:27:23,Molyko to Great Soppo,2.03,15,Thursday,3,5.93,20.52,Low,Clouds,No Rain,0,0,0,1,0,0,None,Low,10
2026-05-07 15:27:23,Molyko to Small Soppo,3.57,15,Thursday,3,12.23,17.53,Low,Clouds,No Rain,0,0,0,1,0,0,None,Low,10
2026-05-07 15:27:23,Molyko to Bongo Square,4.15,15,Thursday,3,11.98,20.79,Low,Clouds,No Rain,0,0,0,1,0,0,None,Low,10
2026-05-07 15:27:23,Molyko to Buea Town,2.92,15,Thursday,3,9.17,19.1,Low,Clouds,No Rain,0,0,0,1,0,0,None,Low,10
2026-05-07 15:27:23,Molyko to Muea,2.92,15,Thursday,3,9.17,19.1,Low,Clouds,No Rain,0,0,0,1,0,0,None,Low,10
2026-05-07 15:27:23,Molyko to Bokwango,6.15,15,Thursday,3,22.23,16.6,Low,Clouds,No Rain,0,0,0,1,0,0,None,Low,10
2026-05-07 15:27:23,Check Point to Buea Town,3.12,15,Thursday,3,8.75,21.41,Low,Clouds,No Rain,0,0,0,1,0,0,None,Low,10
2026-05-07 15:27:23,Check Point to Great Soppo,4.01,15,Thursday,3,11.98,20.08,Low,Clouds,No Rain,0,0,0,1,0,0,None,Low,10
2026-05-07 15:27:23,Check Point to Small Soppo,3.78,15,Thursday,3,11.23,20.18,Low,Clouds,No Rain,0,0,0,1,0,0,None,Low,10
2026-05-07 15:27:23,Check Point to Bongo Square,4.36,15,Thursday,3,10.85,24.09,Low,Clouds,No Rain,0,0,0,1,0,0,None,Low,10
2026-05-07 15:27:23,Check Point to Muea,3.12,15,Thursday,3,8.75,21.41,Low,Clouds,No Rain,0,0,0,1,0,0,None,Low,10
2026-05-07 15:27:23,Great Soppo to Small Soppo,1.54,15,Thursday,3,6.08,15.24,Low,Clouds,No Rain,0,0,0,1,0,0,None,Low,10
2026-05-07 15:27:23,Great Soppo to Bongo Square,2.12,15,Thursday,3,5.73,22.23,Low,Clouds,No Rain,0,0,0,1,0,0,None,Low,10
2026-05-07 15:27:23,Great Soppo to Buea Town,0.89,15,Thursday,3,3.23,16.5,Low,Clouds,No Rain,0,0,0,1,0,0,None,Low,10
2026-05-07 15:27:23,Great Soppo to Muea,0.89,15,Thursday,3,3.23,16.5,Low,Clouds,No Rain,0,0,0,1,0,0,None,Low,10
2026-05-07 15:27:23,Small Soppo to Bongo Square,1.07,15,Thursday,3,3.58,17.88,Low,Clouds,No Rain,0,0,0,1,0,0,None,Low,10
2026-05-07 15:27:23,Small Soppo to Buea Town,0.52,15,Thursday,3,2.73,11.3,Low,Clouds,No Rain,0,0,0,1,0,0,None,Low,10
2026-05-07 15:27:23,Small Soppo to Muea,0.52,15,Thursday,3,2.87,10.78,Low,Clouds,No Rain,0,0,0,1,0,0,None,Low,10
2026-05-07 15:27:23,Bongo Square to Buea Town,1.24,15,Thursday,3,2.2,33.68,Low,Clouds,No Rain,0,0,0,1,0,0,None,Low,10
2026-05-07 15:27:23,Bongo Square to Muea,1.24,15,Thursday,3,2.2,33.68,Low,Clouds,No Rain,0,0,0,1,0,0,None,Low,10
2026-05-07 15:27:23,Bokwango to Molyko,6.15,15,Thursday,3,22.37,16.51,Low,Clouds,No Rain,0,0,0,1,0,0,None,Low,10
2026-05-07 15:27:23,Bokwango to Check Point,5.26,15,Thursday,3,19.05,16.58,Low,Clouds,No Rain,0,0,0,1,0,0,None,Low,10
2026-05-07 15:27:23,Bokwango to Buea Town,8.38,15,Thursday,3,28.0,17.97,Low,Clouds,No Rain,0,0,0,1,0,0,None,Low,10
2026-05-07 15:27:23,Bokwango to Great Soppo,9.27,15,Thursday,3,31.25,17.81,Low,Clouds,No Rain,0,0,0,1,0,0,None,Low,10
2026-05-07 15:27:23,Muea to Great Soppo,0.89,15,Thursday,3,3.23,16.5,Low,Clouds,No Rain,0,0,0,1,0,0,None,Low,10
2026-05-07 15:27:23,Muea to Molyko,2.92,15,Thursday,3,8.87,19.75,Low,Clouds,No Rain,0,0,0,1,0,0,None,Low,10
2026-05-07 15:27:23,Muea to Check Point,3.12,15,Thursday,3,8.02,23.37,Low,Clouds,No Rain,0,0,0,1,0,0,None,Low,10
2026-05-07 15:27:23,Muea to Buea Town,0.0,15,Thursday,3,0.0,0,Low,Clouds,No Rain,0,0,0,1,0,0,None,Low,10
2026-05-07 15:27:23,Muea to Bonduma,2.06,15,Thursday,3,6.48,19.07,Low,Clouds,No Rain,0,0,0,1,0,0,None,Low,10
2026-05-07 15:27:23,Muea to Malingo,5.04,15,Thursday,3,14.85,20.38,Low,Clouds,No Rain,0,0,0,1,0,0,None,Low,10
2026-05-07 15:27:23,Clerks Quarters to Governor Junction,1.33,15,Thursday,3,2.55,31.34,Low,Clouds,No Rain,0,0,0,1,0,0,None,Low,10
2026-05-07 15:27:23,Governor Junction to Long Street,0.0,15,Thursday,3,0.0,0,Low,Clouds,No Rain,0,0,0,1,0,0,None,Low,10
2026-05-07 15:27:23,Long Street to Bongo Square,1.24,15,Thursday,3,2.15,34.47,Low,Clouds,No Rain,0,0,0,1,0,0,None,Low,10
2026-05-07 15:27:23,Governor Junction to Buea Town,0.0,15,Thursday,3,0.0,0,Low,Clouds,No Rain,0,0,0,1,0,0,None,Low,10
2026-05-07 15:27:23,Molyko to UB Junction,6.39,15,Thursday,3,19.53,19.62,Low,Clouds,No Rain,0,0,0,1,0,0,None,Low,10
2026-05-07 15:27:23,UB Junction to Bonduma,3.88,15,Thursday,3,14.12,16.51,Low,Clouds,No Rain,0,0,0,1,0,0,None,Low,10
2026-05-07 15:27:23,Check Point to Molyko,4.17,15,Thursday,3,11.82,21.18,Low,Clouds,No Rain,0,0,0,1,0,0,None,Low,10
2026-05-07 15:27:23,Great Soppo to Check Point,4.01,15,Thursday,3,11.97,20.11,Low,Clouds,No Rain,0,0,0,1,0,0,None,Low,10
2026-05-07 15:27:23,Malingo to Bonduma,3.65,15,Thursday,3,12.2,17.97,Low,Clouds,No Rain,0,0,0,1,0,0,None,Low,10
2026-05-07 15:27:23,Buea Town to Malingo,5.04,15,Thursday,3,14.83,20.41,Low,Clouds,No Rain,0,0,0,1,0,0,None,Low,10
2026-05-07 15:27:23,Buea Town to Muea,0.0,15,Thursday,3,0.0,0,Low,Clouds,No Rain,0,0,0,1,0,0,None,Low,10
2026-05-07 15:41:47,Bonduma Gate to Mile 17,3.81,15,Thursday,3,10.73,21.31,Low,Clouds,No Rain,0,0,0,1,0,0,None,Low,10
2026-05-07 15:41:47,Mile 17 to Malingo,1.54,15,Thursday,3,4.9,18.89,Low,Clouds,No Rain,0,0,0,1,0,0,None,Low,10
2026-05-07 15:41:47,Malingo to UB Junction,3.47,15,Thursday,3,11.52,18.07,Low,Clouds,No Rain,0,0,0,1,0,0,None,Low,10
2026-05-07 15:41:47,UB Junction to Check Point,2.15,15,Thursday,3,8.73,14.81,Low,Clouds,No Rain,0,0,0,1,0,0,None,Low,10
2026-05-07 15:41:47,Check Point to Buea Town,3.12,15,Thursday,3,8.72,21.49,Low,Clouds,No Rain,0,0,0,1,0,0,None,Low,10
2026-05-07 15:41:47,Muea to Great Soppo,0.89,15,Thursday,3,3.23,16.5,Low,Clouds,No Rain,0,0,0,1,0,0,None,Low,10
2026-05-07 15:41:47,Great Soppo to Small Soppo,1.54,15,Thursday,3,5.92,15.67,Low,Clouds,No Rain,0,0,0,1,0,0,None,Low,10
2026-05-07 15:41:47,Small Soppo to Bongo Square,1.07,15,Thursday,3,3.55,18.05,Low,Clouds,No Rain,0,0,0,1,0,0,None,Low,10
2026-05-07 15:41:47,Muea to Molyko,2.92,15,Thursday,3,8.87,19.75,Low,Clouds,No Rain,0,0,0,1,0,0,None,Low,10
2026-05-07 15:41:47,Molyko to Bokwango,6.15,15,Thursday,3,22.3,16.56,Low,Clouds,No Rain,0,0,0,1,0,0,None,Low,10
2026-05-07 15:41:47,Bokwango to Buea Town,8.38,15,Thursday,3,27.95,18.0,Low,Clouds,No Rain,0,0,0,1,0,0,None,Low,10
2026-05-07 15:41:47,Mile 16 to Mile 17,4.4,15,Thursday,3,12.38,21.33,Low,Clouds,No Rain,0,0,0,1,0,0,None,Low,10
2026-05-07 15:41:47,Mile 17 to Bonduma,4.2,15,Thursday,3,13.45,18.75,Low,Clouds,No Rain,0,0,0,1,0,0,None,Low,10
2026-05-07 15:41:47,Clerks Quarters to Governor Junction,1.33,15,Thursday,3,2.5,31.97,Low,Clouds,No Rain,0,0,0,1,0,0,None,Low,10
2026-05-07 15:41:47,Governor Junction to Long Street,0.0,15,Thursday,3,0.0,0,Low,Clouds,No Rain,0,0,0,1,0,0,None,Low,10
2026-05-07 15:41:47,Long Street to Bongo Square,1.24,15,Thursday,3,2.08,35.57,Low,Clouds,No Rain,0,0,0,1,0,0,None,Low,10
2026-05-07 15:41:47,UB Junction to Bonduma,3.88,15,Thursday,3,13.93,16.73,Low,Clouds,No Rain,0,0,0,1,0,0,None,Low,10
2026-05-07 15:41:47,Molyko to UB Junction,6.39,15,Thursday,3,19.53,19.62,Low,Clouds,No Rain,0,0,0,1,0,0,None,Low,10
2026-05-07 15:41:47,Check Point to Molyko,4.17,15,Thursday,3,11.88,21.06,Low,Clouds,No Rain,0,0,0,1,0,0,None,Low,10
2026-05-07 15:41:47,Muea to Bonduma,2.06,15,Thursday,3,7.37,16.79,Medium,Clouds,No Rain,0,0,0,1,0,0,None,Low,30
2026-05-07 15:41:47,Buea Town to Malingo,5.04,15,Thursday,3,15.75,19.22,Low,Clouds,No Rain,0,0,0,1,0,0,None,Low,10
2026-05-07 15:41:47,Bongo Square to Great Soppo,2.12,15,Thursday,3,5.4,23.6,Low,Clouds,No Rain,0,0,0,1,0,0,None,Low,10
2026-05-07 15:41:47,Malingo to Muea,5.04,15,Thursday,3,15.98,18.94,Low,Clouds,No Rain,0,0,0,1,0,0,None,Low,10
2026-05-07 15:41:47,Small Soppo to Check Point,3.64,15,Thursday,3,11.73,18.59,Medium,Clouds,No Rain,0,0,0,1,0,0,None,Low,30
2026-05-07 15:48:40,Bonduma Gate to Mile 17,3.81,15,Thursday,3,10.73,21.31,Low,Clouds,No Rain,0,0,0,1,0,0,None,Low,10
2026-05-07 15:48:40,Bonduma to UB Junction,3.95,15,Thursday,3,13.65,17.35,Low,Clouds,No Rain,0,0,0,1,0,0,None,Low,10
2026-05-07 15:48:40,Bonduma to Molyko,3.11,15,Thursday,3,9.88,18.89,Low,Clouds,No Rain,0,0,0,1,0,0,None,Low,10
2026-05-07 15:48:40,Bonduma to Check Point,1.73,15,Thursday,3,4.97,20.91,Low,Clouds,No Rain,0,0,0,1,0,0,None,Low,10
2026-05-07 15:48:40,Bonduma to Muea,2.06,15,Thursday,3,7.42,16.67,Medium,Clouds,No Rain,0,0,0,1,0,0,None,Low,30
2026-05-07 15:48:40,Bonduma to Great Soppo,2.95,15,Thursday,3,10.67,16.59,Low,Clouds,No Rain,0,0,0,1,0,0,None,Low,10
2026-05-07 15:48:40,Bonduma to Buea Town,2.06,15,Thursday,3,7.42,16.67,Medium,Clouds,No Rain,0,0,0,1,0,0,None,Low,30
2026-05-07 15:48:40,Mile 16 to Mile 17,4.4,15,Thursday,3,12.6,20.96,Low,Clouds,No Rain,0,0,0,1,0,0,None,Low,10
2026-05-07 15:48:40,Mile 17 to Malingo,1.54,15,Thursday,3,4.88,18.96,Low,Clouds,No Rain,0,0,0,1,0,0,None,Low,10
2026-05-07 15:48:40,Mile 17 to UB Junction,2.05,15,Thursday,3,7.2,17.11,Low,Clouds,No Rain,0,0,0,1,0,0,None,Low,10
2026-05-07 15:48:40,Mile 17 to Check Point,2.47,15,Thursday,3,8.37,17.73,Low,Clouds,No Rain,0,0,0,1,0,0,None,Low,10
2026-05-07 15:48:40,Mile 17 to Muea,5.59,15,Thursday,3,17.22,19.5,Low,Clouds,No Rain,0,0,0,1,0,0,None,Low,10
2026-05-07 15:48:40,Mile 17 to Great Soppo,6.48,15,Thursday,3,20.45,19.02,Low,Clouds,No Rain,0,0,0,1,0,0,None,Low,10
2026-05-07 15:48:40,Malingo to UB Junction,3.47,15,Thursday,3,11.52,18.07,Low,Clouds,No Rain,0,0,0,1,0,0,None,Low,10
2026-05-07 15:48:40,Malingo to Check Point,2.02,15,Thursday,3,6.88,17.63,Low,Clouds,No Rain,0,0,0,1,0,0,None,Low,10
2026-05-07 15:48:40,Malingo to Molyko,6.09,15,Thursday,3,18.72,19.54,Low,Clouds,No Rain,0,0,0,1,0,0,None,Low,10
2026-05-07 15:48:40,Malingo to Muea,5.04,15,Thursday,3,15.92,19.02,Low,Clouds,No Rain,0,0,0,1,0,0,None,Low,10
2026-05-07 15:48:40,Malingo to Buea Town,5.04,15,Thursday,3,15.92,19.02,Low,Clouds,No Rain,0,0,0,1,0,0,None,Low,10
2026-05-07 15:48:40,UB Junction to Molyko,6.33,15,Thursday,3,20.27,18.73,Low,Clouds,No Rain,0,0,0,1,0,0,None,Low,10
2026-05-07 15:48:40,UB Junction to Check Point,2.15,15,Thursday,3,8.83,14.64,Low,Clouds,No Rain,0,0,0,1,0,0,None,Low,10
2026-05-07 15:48:40,UB Junction to Great Soppo,6.17,15,Thursday,3,20.92,17.68,Low,Clouds,No Rain,0,0,0,1,0,0,None,Low,10
2026-05-07 15:48:40,UB Junction to Buea Town,5.28,15,Thursday,3,17.67,17.92,Low,Clouds,No Rain,0,0,0,1,0,0,None,Low,10
2026-05-07 15:48:40,UB Junction to Muea,5.28,15,Thursday,3,17.67,17.92,Low,Clouds,No Rain,0,0,0,1,0,0,None,Low,10
2026-05-07 15:48:40,Molyko to Check Point,4.17,15,Thursday,3,11.53,21.7,Low,Clouds,No Rain,0,0,0,1,0,0,None,Low,10
2026-05-07 15:48:40,Molyko to Great Soppo,2.03,15,Thursday,3,5.93,20.52,Low,Clouds,No Rain,0,0,0,1,0,0,None,Low,10
2026-05-07 15:48:40,Molyko to Small Soppo,3.57,15,Thursday,3,12.27,17.48,Low,Clouds,No Rain,0,0,0,1,0,0,None,Low,10
2026-05-07 15:48:40,Molyko to Bongo Square,4.15,15,Thursday,3,11.98,20.79,Low,Clouds,No Rain,0,0,0,1,0,0,None,Low,10
2026-05-07 15:48:40,Molyko to Buea Town,2.92,15,Thursday,3,9.17,19.1,Low,Clouds,No Rain,0,0,0,1,0,0,None,Low,10
2026-05-07 15:48:40,Molyko to Muea,2.92,15,Thursday,3,9.17,19.1,Low,Clouds,No Rain,0,0,0,1,0,0,None,Low,10
2026-05-07 15:48:40,Molyko to Bokwango,6.15,15,Thursday,3,22.33,16.53,Low,Clouds,No Rain,0,0,0,1,0,0,None,Low,10
2026-05-07 15:48:40,Check Point to Buea Town,3.12,15,Thursday,3,8.98,20.85,Medium,Clouds,No Rain,0,0,0,1,0,0,None,Low,30
2026-05-07 15:48:40,Check Point to Great Soppo,4.01,15,Thursday,3,12.23,19.67,Low,Clouds,No Rain,0,0,0,1,0,0,None,Low,10
2026-05-07 15:48:40,Check Point to Small Soppo,3.78,15,Thursday,3,11.48,19.74,Low,Clouds,No Rain,0,0,0,1,0,0,None,Low,10
2026-05-07 15:48:40,Check Point to Bongo Square,4.36,15,Thursday,3,11.13,23.48,Low,Clouds,No Rain,0,0,0,1,0,0,None,Low,10
2026-05-07 15:48:40,Check Point to Muea,3.12,15,Thursday,3,8.98,20.85,Medium,Clouds,No Rain,0,0,0,1,0,0,None,Low,30
2026-05-07 15:48:40,Great Soppo to Small Soppo,1.54,15,Thursday,3,5.93,15.62,Low,Clouds,No Rain,0,0,0,1,0,0,None,Low,10
2026-05-07 15:48:40,Great Soppo to Bongo Square,2.12,15,Thursday,3,5.68,22.42,Low,Clouds,No Rain,0,0,0,1,0,0,None,Low,10
2026-05-07 15:48:40,Great Soppo to Buea Town,0.89,15,Thursday,3,3.23,16.5,Low,Clouds,No Rain,0,0,0,1,0,0,None,Low,10
2026-05-07 15:48:40,Great Soppo to Muea,0.89,15,Thursday,3,3.23,16.5,Low,Clouds,No Rain,0,0,0,1,0,0,None,Low,10
2026-05-07 15:48:40,Small Soppo to Bongo Square,1.07,15,Thursday,3,3.57,17.97,Low,Clouds,No Rain,0,0,0,1,0,0,None,Low,10
2026-05-07 15:48:40,Small Soppo to Buea Town,0.52,15,Thursday,3,2.85,10.84,Low,Clouds,No Rain,0,0,0,1,0,0,None,Low,10
2026-05-07 15:48:40,Small Soppo to Muea,0.52,15,Thursday,3,2.85,10.84,Low,Clouds,No Rain,0,0,0,1,0,0,None,Low,10
2026-05-07 15:48:40,Bongo Square to Buea Town,1.24,15,Thursday,3,2.18,33.94,Low,Clouds,No Rain,0,0,0,1,0,0,None,Low,10
2026-05-07 15:48:40,Bongo Square to Muea,1.24,15,Thursday,3,2.18,33.94,Low,Clouds,No Rain,0,0,0,1,0,0,None,Low,10
2026-05-07 15:48:40,Bokwango to Molyko,6.15,15,Thursday,3,22.38,16.49,Low,Clouds,No Rain,0,0,0,1,0,0,None,Low,10
2026-05-07 15:48:40,Bokwango to Check Point,5.26,15,Thursday,3,19.27,16.39,Low,Clouds,No Rain,0,0,0,1,0,0,None,Low,10
2026-05-07 15:48:40,Bokwango to Buea Town,8.38,15,Thursday,3,28.08,17.91,Low,Clouds,No Rain,0,0,0,1,0,0,None,Low,10
2026-05-07 15:48:40,Bokwango to Great Soppo,9.27,15,Thursday,3,31.33,17.76,Low,Clouds,No Rain,0,0,0,1,0,0,None,Low,10
2026-05-07 15:48:40,Muea to Great Soppo,0.89,15,Thursday,3,3.23,16.5,Low,Clouds,No Rain,0,0,0,1,0,0,None,Low,10
2026-05-07 15:48:40,Muea to Molyko,2.92,15,Thursday,3,8.87,19.75,Low,Clouds,No Rain,0,0,0,1,0,0,None,Low,10
2026-05-07 15:48:40,Muea to Check Point,3.12,15,Thursday,3,9.32,20.11,Medium,Clouds,No Rain,0,0,0,1,0,0,None,Low,30
2026-05-07 15:48:40,Muea to Buea Town,0.0,15,Thursday,3,0.0,0,Low,Clouds,No Rain,0,0,0,1,0,0,None,Low,10
2026-05-07 15:48:40,Muea to Bonduma,2.06,15,Thursday,3,7.82,15.82,Medium,Clouds,No Rain,0,0,0,1,0,0,None,Low,30
2026-05-07 15:48:40,Muea to Malingo,5.04,15,Thursday,3,16.13,18.76,Low,Clouds,No Rain,0,0,0,1,0,0,None,Low,10
2026-05-07 15:48:40,Clerks Quarters to Governor Junction,1.33,15,Thursday,3,2.55,31.34,Low,Clouds,No Rain,0,0,0,1,0,0,None,Low,10
2026-05-07 15:48:40,Governor Junction to Long Street,0.0,15,Thursday,3,0.0,0,Low,Clouds,No Rain,0,0,0,1,0,0,None,Low,10
2026-05-07 15:48:40,Long Street to Bongo Square,1.24,15,Thursday,3,2.08,35.57,Low,Clouds,No Rain,0,0,0,1,0,0,None,Low,10
2026-05-07 15:48:40,Governor Junction to Buea Town,0.0,15,Thursday,3,0.0,0,Low,Clouds,No Rain,0,0,0,1,0,0,None,Low,10
2026-05-07 15:48:40,Molyko to UB Junction,6.39,15,Thursday,3,19.6,19.55,Low,Clouds,No Rain,0,0,0,1,0,0,None,Low,10
2026-05-07 15:48:40,UB Junction to Bonduma,3.88,15,Thursday,3,14.02,16.63,Low,Clouds,No Rain,0,0,0,1,0,0,None,Low,10
2026-05-07 15:48:40,Check Point to Molyko,4.17,15,Thursday,3,11.95,20.95,Low,Clouds,No Rain,0,0,0,1,0,0,None,Low,10
2026-05-07 15:48:40,Great Soppo to Check Point,4.01,15,Thursday,3,13.0,18.51,Medium,Clouds,No Rain,0,0,0,1,0,0,None,Low,30
2026-05-07 15:48:40,Malingo to Bonduma,3.65,15,Thursday,3,12.33,17.78,Low,Clouds,No Rain,0,0,0,1,0,0,None,Low,10
2026-05-07 15:48:40,Buea Town to Malingo,5.04,15,Thursday,3,16.15,18.74,Low,Clouds,No Rain,0,0,0,1,0,0,None,Low,10
2026-05-07 15:48:40,Buea Town to Muea,0.0,15,Thursday,3,0.0,0,Low,Clouds,No Rain,0,0,0,1,0,0,None,Low,10
2026-05-07 16:11:47,Bonduma Gate to Mile 17,3.81,16,Thursday,3,11.07,20.67,Low,Clouds,No Rain,0,0,0,1,1,0,None,Low,25
2026-05-07 16:11:47,Mile 17 to Malingo,1.54,16,Thursday,3,4.95,18.7,Low,Clouds,No Rain,0,0,0,1,1,0,None,Low,25
2026-05-07 16:11:47,Malingo to UB Junction,3.47,16,Thursday,3,11.6,17.94,Low,Clouds,No Rain,0,0,0,1,1,0,None,Low,25
2026-05-07 16:11:47,UB Junction to Check Point,2.15,16,Thursday,3,8.9,14.53,Low,Clouds,No Rain,0,0,0,1,1,0,None,Low,25
2026-05-07 16:11:47,Check Point to Buea Town,3.12,16,Thursday,3,8.77,21.37,Low,Clouds,No Rain,0,0,0,1,1,0,None,Low,25
2026-05-07 16:11:47,Muea to Great Soppo,0.89,16,Thursday,3,3.23,16.5,Low,Clouds,No Rain,0,0,0,1,1,0,None,Low,25
2026-05-07 16:11:47,Great Soppo to Small Soppo,1.54,16,Thursday,3,6.12,15.16,Low,Clouds,No Rain,0,0,0,1,1,0,None,Low,25
2026-05-07 16:11:47,Small Soppo to Bongo Square,1.07,16,Thursday,3,3.58,17.88,Low,Clouds,No Rain,0,0,0,1,1,0,None,Low,25
2026-05-07 16:11:47,Muea to Molyko,2.92,16,Thursday,3,8.87,19.75,Low,Clouds,No Rain,0,0,0,1,1,0,None,Low,25
2026-05-07 16:11:47,Molyko to Bokwango,6.15,16,Thursday,3,22.28,16.57,Low,Clouds,No Rain,0,0,0,1,1,0,None,Low,25
2026-05-07 16:11:47,Bokwango to Buea Town,8.38,16,Thursday,3,28.15,17.87,Low,Clouds,No Rain,0,0,0,1,1,0,None,Low,25
2026-05-07 16:11:47,Mile 16 to Mile 17,4.4,16,Thursday,3,12.67,20.85,Low,Clouds,No Rain,0,0,0,1,1,0,None,Low,25
2026-05-07 16:11:47,Mile 17 to Bonduma,4.2,16,Thursday,3,13.48,18.7,Low,Clouds,No Rain,0,0,0,1,1,0,None,Low,25
2026-05-07 16:11:47,Clerks Quarters to Governor Junction,1.33,16,Thursday,3,2.65,30.16,Low,Clouds,No Rain,0,0,0,1,1,0,None,Low,25
2026-05-07 16:11:47,Governor Junction to Long Street,0.0,16,Thursday,3,0.0,0,Low,Clouds,No Rain,0,0,0,1,1,0,None,Low,25
2026-05-07 16:11:47,Long Street to Bongo Square,1.24,16,Thursday,3,2.12,35.01,Low,Clouds,No Rain,0,0,0,1,1,0,None,Low,25
2026-05-07 16:11:47,UB Junction to Bonduma,3.88,16,Thursday,3,13.92,16.75,Low,Clouds,No Rain,0,0,0,1,1,0,None,Low,25
2026-05-07 16:11:47,Molyko to UB Junction,6.39,16,Thursday,3,20.0,19.16,Low,Clouds,No Rain,0,0,0,1,1,0,None,Low,25
2026-05-07 16:11:47,Check Point to Molyko,4.17,16,Thursday,3,11.9,21.04,Low,Clouds,No Rain,0,0,0,1,1,0,None,Low,25
2026-05-07 16:11:47,Muea to Bonduma,2.06,16,Thursday,3,7.2,17.17,Medium,Clouds,No Rain,0,0,0,1,1,0,None,Low,45
2026-05-07 16:11:47,Buea Town to Malingo,5.04,16,Thursday,3,15.87,19.08,Low,Clouds,No Rain,0,0,0,1,1,0,None,Low,25
2026-05-07 16:11:47,Bongo Square to Great Soppo,2.12,16,Thursday,3,5.5,23.17,Low,Clouds,No Rain,0,0,0,1,1,0,None,Low,25
2026-05-07 16:11:47,Malingo to Muea,5.04,16,Thursday,3,15.67,19.32,Low,Clouds,No Rain,0,0,0,1,1,0,None,Low,25
2026-05-07 16:11:47,Small Soppo to Check Point,3.64,16,Thursday,3,11.73,18.59,Medium,Clouds,No Rain,0,0,0,1,1,0,None,Low,45
2026-05-07 16:12:38,Bonduma Gate to Mile 17,3.81,16,Thursday,3,11.07,20.67,Low,Clouds,No Rain,0,0,0,1,1,0,None,Low,25
2026-05-07 16:12:38,Mile 17 to Malingo,1.54,16,Thursday,3,4.95,18.7,Low,Clouds,No Rain,0,0,0,1,1,0,None,Low,25
2026-05-07 16:12:38,Malingo to UB Junction,3.47,16,Thursday,3,11.55,18.02,Low,Clouds,No Rain,0,0,0,1,1,0,None,Low,25
2026-05-07 16:12:38,UB Junction to Check Point,2.15,16,Thursday,3,8.97,14.42,Low,Clouds,No Rain,0,0,0,1,1,0,None,Low,25
2026-05-07 16:12:38,Check Point to Buea Town,3.12,16,Thursday,3,8.7,21.53,Low,Clouds,No Rain,0,0,0,1,1,0,None,Low,25
2026-05-07 16:12:38,Muea to Great Soppo,0.89,16,Thursday,3,3.23,16.5,Low,Clouds,No Rain,0,0,0,1,1,0,None,Low,25
2026-05-07 16:12:38,Great Soppo to Small Soppo,1.54,16,Thursday,3,6.02,15.41,Low,Clouds,No Rain,0,0,0,1,1,0,None,Low,25
2026-05-07 16:12:38,Small Soppo to Bongo Square,1.07,16,Thursday,3,3.58,17.88,Low,Clouds,No Rain,0,0,0,1,1,0,None,Low,25
2026-05-07 16:12:38,Muea to Molyko,2.92,16,Thursday,3,8.87,19.75,Low,Clouds,No Rain,0,0,0,1,1,0,None,Low,25
2026-05-07 16:12:38,Molyko to Bokwango,6.15,16,Thursday,3,22.37,16.51,Low,Clouds,No Rain,0,0,0,1,1,0,None,Low,25
2026-05-07 16:12:38,Bokwango to Buea Town,8.38,16,Thursday,3,28.4,17.71,Low,Clouds,No Rain,0,0,0,1,1,0,None,Low,25
2026-05-07 16:12:38,Mile 16 to Mile 17,4.4,16,Thursday,3,12.62,20.93,Low,Clouds,No Rain,0,0,0,1,1,0,None,Low,25
2026-05-07 16:12:38,Mile 17 to Bonduma,4.2,16,Thursday,3,13.57,18.59,Low,Clouds,No Rain,0,0,0,1,1,0,None,Low,25
2026-05-07 16:12:38,Clerks Quarters to Governor Junction,1.33,16,Thursday,3,2.67,29.97,Low,Clouds,No Rain,0,0,0,1,1,0,None,Low,25
2026-05-07 16:12:38,Governor Junction to Long Street,0.0,16,Thursday,3,0.0,0,Low,Clouds,No Rain,0,0,0,1,1,0,None,Low,25
2026-05-07 16:12:38,Long Street to Bongo Square,1.24,16,Thursday,3,2.12,35.01,Low,Clouds,No Rain,0,0,0,1,1,0,None,Low,25
2026-05-07 16:12:38,UB Junction to Bonduma,3.88,16,Thursday,3,13.98,16.67,Low,Clouds,No Rain,0,0,0,1,1,0,None,Low,25
2026-05-07 16:12:38,Molyko to UB Junction,6.39,16,Thursday,3,19.92,19.24,Low,Clouds,No Rain,0,0,0,1,1,0,None,Low,25
2026-05-07 16:12:38,Check Point to Molyko,4.17,16,Thursday,3,11.9,21.04,Low,Clouds,No Rain,0,0,0,1,1,0,None,Low,25
2026-05-07 16:12:38,Muea to Bonduma,2.06,16,Thursday,3,7.15,17.3,Medium,Clouds,No Rain,0,0,0,1,1,0,None,Low,45
2026-05-07 16:12:38,Buea Town to Malingo,5.04,16,Thursday,3,15.8,19.16,Low,Clouds,No Rain,0,0,0,1,1,0,None,Low,25
2026-05-07 16:12:38,Bongo Square to Great Soppo,2.12,16,Thursday,3,5.52,23.1,Low,Clouds,No Rain,0,0,0,1,1,0,None,Low,25
2026-05-07 16:12:38,Malingo to Muea,5.04,16,Thursday,3,15.45,19.59,Low,Clouds,No Rain,0,0,0,1,1,0,None,Low,25
2026-05-07 16:12:38,Small Soppo to Check Point,3.64,16,Thursday,3,11.65,18.73,Low,Clouds,No Rain,0,0,0,1,1,0,None,Low,25
2026-05-07 16:22:38,Bonduma Gate to Mile 17,3.81,16,Thursday,3,10.92,20.96,Low,Clouds,No Rain,0,0,0,1,1,0,None,Low,25
2026-05-07 16:22:38,Mile 17 to Malingo,1.54,16,Thursday,3,4.93,18.77,Low,Clouds,No Rain,0,0,0,1,1,0,None,Low,25
2026-05-07 16:22:38,Great Soppo to Small Soppo,1.54,16,Thursday,3,6.18,14.99,Low,Clouds,No Rain,0,0,0,1,1,0,None,Low,25
2026-05-07 16:22:38,Small Soppo to Bongo Square,1.07,16,Thursday,3,3.58,17.88,Low,Clouds,No Rain,0,0,0,1,1,0,None,Low,25
2026-05-07 16:22:38,Muea to Molyko,2.92,16,Thursday,3,8.87,19.75,Low,Clouds,No Rain,0,0,0,1,1,0,None,Low,25
2026-05-07 16:22:38,Molyko to Bokwango,6.15,16,Thursday,3,22.3,16.56,Low,Clouds,No Rain,0,0,0,1,1,0,None,Low,25
2026-05-07 16:22:38,Bokwango to Buea Town,8.38,16,Thursday,3,29.13,17.27,Low,Clouds,No Rain,0,0,0,1,1,0,None,Low,25
2026-05-07 16:22:38,Mile 16 to Mile 17,4.4,16,Thursday,3,12.58,20.99,Low,Clouds,No Rain,0,0,0,1,1,0,None,Low,25
2026-05-07 16:22:38,Mile 17 to Bonduma,4.2,16,Thursday,3,13.88,18.16,Low,Clouds,No Rain,0,0,0,1,1,0,None,Low,25
2026-05-07 16:22:38,Clerks Quarters to Governor Junction,1.33,16,Thursday,3,2.88,27.72,Low,Clouds,No Rain,0,0,0,1,1,0,None,Low,25
2026-05-07 16:22:38,Governor Junction to Long Street,0.0,16,Thursday,3,0.0,0,Low,Clouds,No Rain,0,0,0,1,1,0,None,Low,25
2026-05-07 16:22:38,Long Street to Bongo Square,1.24,16,Thursday,3,2.12,35.01,Low,Clouds,No Rain,0,0,0,1,1,0,None,Low,25
2026-05-07 16:22:38,UB Junction to Bonduma,3.88,16,Thursday,3,14.22,16.4,Low,Clouds,No Rain,0,0,0,1,1,0,None,Low,25
2026-05-07 16:22:38,Molyko to UB Junction,6.39,16,Thursday,3,20.03,19.13,Low,Clouds,No Rain,0,0,0,1,1,0,None,Low,25
2026-05-07 16:22:38,Check Point to Molyko,4.17,16,Thursday,3,11.72,21.36,Low,Clouds,No Rain,0,0,0,1,1,0,None,Low,25
2026-05-07 16:22:38,Muea to Bonduma,2.06,16,Thursday,3,7.22,17.14,Medium,Clouds,No Rain,0,0,0,1,1,0,None,Low,45
2026-05-07 16:22:38,Buea Town to Malingo,5.04,16,Thursday,3,15.8,19.16,Low,Clouds,No Rain,0,0,0,1,1,0,None,Low,25
2026-05-07 16:22:38,Bongo Square to Great Soppo,2.12,16,Thursday,3,5.73,22.23,Low,Clouds,No Rain,0,0,0,1,1,0,None,Low,25
2026-05-07 16:22:38,Malingo to Muea,5.04,16,Thursday,3,15.48,19.55,Low,Clouds,No Rain,0,0,0,1,1,0,None,Low,25
2026-05-07 16:22:38,Small Soppo to Check Point,3.64,16,Thursday,3,11.77,18.54,Medium,Clouds,No Rain,0,0,0,1,1,0,None,Low,45
2026-05-07 16:32:38,Bonduma Gate to Mile 17,3.81,16,Thursday,3,11.15,20.52,Low,Clouds,No Rain,0,0,0,1,1,0,None,Low,25
2026-05-07 16:32:38,Mile 17 to Malingo,1.54,16,Thursday,3,4.93,18.77,Low,Clouds,No Rain,0,0,0,1,1,0,None,Low,25
2026-05-07 16:32:38,Malingo to UB Junction,3.47,16,Thursday,3,11.87,17.54,Low,Clouds,No Rain,0,0,0,1,1,0,None,Low,25
2026-05-07 16:32:38,UB Junction to Check Point,2.15,16,Thursday,3,9.38,13.78,Low,Clouds,No Rain,0,0,0,1,1,0,None,Low,25
2026-05-07 16:32:38,Check Point to Buea Town,3.12,16,Thursday,3,8.58,21.82,Low,Clouds,No Rain,0,0,0,1,1,0,None,Low,25
2026-05-07 16:32:38,Muea to Great Soppo,0.89,16,Thursday,3,3.23,16.5,Low,Clouds,No Rain,0,0,0,1,1,0,None,Low,25
2026-05-07 16:32:38,Great Soppo to Small Soppo,1.54,16,Thursday,3,6.25,14.83,Low,Clouds,No Rain,0,0,0,1,1,0,None,Low,25
2026-05-07 16:32:38,Small Soppo to Bongo Square,1.07,16,Thursday,3,3.57,17.97,Low,Clouds,No Rain,0,0,0,1,1,0,None,Low,25
2026-05-07 16:32:38,Muea to Molyko,2.92,16,Thursday,3,8.87,19.75,Low,Clouds,No Rain,0,0,0,1,1,0,None,Low,25
2026-05-07 16:32:38,Molyko to Bokwango,6.15,16,Thursday,3,22.33,16.53,Low,Clouds,No Rain,0,0,0,1,1,0,None,Low,25
2026-05-07 16:32:38,Bokwango to Buea Town,8.38,16,Thursday,3,29.15,17.26,Low,Clouds,No Rain,0,0,0,1,1,0,None,Low,25
2026-05-07 16:32:38,Mile 16 to Mile 17,4.4,16,Thursday,3,12.53,21.07,Low,Clouds,No Rain,0,0,0,1,1,0,None,Low,25
2026-05-07 16:32:38,Mile 17 to Bonduma,4.2,16,Thursday,3,14.42,17.49,Low,Clouds,No Rain,0,0,0,1,1,0,None,Low,25
2026-05-07 16:32:38,Clerks Quarters to Governor Junction,1.33,16,Thursday,3,3.07,26.06,Medium,Clouds,No Rain,0,0,0,1,1,0,None,Low,45
2026-05-07 16:32:38,Governor Junction to Long Street,0.0,16,Thursday,3,0.0,0,Low,Clouds,No Rain,0,0,0,1,1,0,None,Low,25
2026-05-07 16:32:38,Long Street to Bongo Square,1.24,16,Thursday,3,2.1,35.29,Low,Clouds,No Rain,0,0,0,1,1,0,None,Low,25
2026-05-07 16:32:38,UB Junction to Bonduma,3.88,16,Thursday,3,14.53,16.04,Low,Clouds,No Rain,0,0,0,1,1,0,None,Low,25
2026-05-07 16:32:38,Molyko to UB Junction,6.39,16,Thursday,3,20.08,19.08,Low,Clouds,No Rain,0,0,0,1,1,0,None,Low,25
2026-05-07 16:32:38,Check Point to Molyko,4.17,16,Thursday,3,11.9,21.04,Low,Clouds,No Rain,0,0,0,1,1,0,None,Low,25
2026-05-07 16:32:38,Muea to Bonduma,2.06,16,Thursday,3,7.03,17.58,Medium,Clouds,No Rain,0,0,0,1,1,0,None,Low,45
2026-05-07 16:32:38,Buea Town to Malingo,5.04,16,Thursday,3,15.6,19.4,Low,Clouds,No Rain,0,0,0,1,1,0,None,Low,25
2026-05-07 16:32:38,Bongo Square to Great Soppo,2.12,16,Thursday,3,5.93,21.48,Low,Clouds,No Rain,0,0,0,1,1,0,None,Low,25
2026-05-07 16:32:38,Malingo to Muea,5.04,16,Thursday,3,15.6,19.4,Low,Clouds,No Rain,0,0,0,1,1,0,None,Low,25
2026-05-07 16:32:38,Small Soppo to Check Point,3.64,16,Thursday,3,11.75,18.57,Medium,Clouds,No Rain,0,0,0,1,1,0,None,Low,45
2026-05-07 17:01:57,Bonduma Gate to Mile 17,3.81,17,Thursday,3,11.1,20.61,Low,Clouds,No Rain,0,0,0,0,1,0,None,Low,25
2026-05-07 17:01:57,Bonduma to UB Junction,3.95,17,Thursday,3,14.1,16.79,Low,Clouds,No Rain,0,0,0,0,1,0,None,Low,25
2026-05-07 17:01:57,Bonduma to Molyko,3.11,17,Thursday,3,9.88,18.89,Low,Clouds,No Rain,0,0,0,0,1,0,None,Low,25
2026-05-07 17:01:57,Bonduma to Check Point,1.73,17,Thursday,3,5.22,19.91,Low,Clouds,No Rain,0,0,0,0,1,0,None,Low,25
2026-05-07 17:01:57,Bonduma to Muea,2.06,17,Thursday,3,7.33,16.86,Medium,Clouds,No Rain,0,0,0,0,1,0,None,Low,45
2026-05-07 17:01:57,Bonduma to Great Soppo,2.95,17,Thursday,3,10.57,16.75,Low,Clouds,No Rain,0,0,0,0,1,0,None,Low,25
2026-05-07 17:01:57,Bonduma to Buea Town,2.06,17,Thursday,3,7.33,16.86,Medium,Clouds,No Rain,0,0,0,0,1,0,None,Low,45
2026-05-07 17:01:57,Mile 16 to Mile 17,4.4,17,Thursday,3,12.47,21.19,Low,Clouds,No Rain,0,0,0,0,1,0,None,Low,25
2026-05-07 17:01:57,Mile 17 to Malingo,1.54,17,Thursday,3,5.08,18.21,Low,Clouds,No Rain,0,0,0,0,1,0,None,Low,25
2026-05-07 17:01:57,Mile 17 to UB Junction,2.05,17,Thursday,3,7.5,16.42,Low,Clouds,No Rain,0,0,0,0,1,0,None,Low,25
2026-05-07 17:01:57,Mile 17 to Check Point,2.47,17,Thursday,3,9.73,15.24,Low,Clouds,No Rain,0,0,0,0,1,0,None,Low,25
2026-05-07 17:01:57,Mile 17 to Muea,5.59,17,Thursday,3,19.2,17.48,Medium,Clouds,No Rain,0,0,0,0,1,0,None,Low,45
2026-05-07 17:01:57,Mile 17 to Great Soppo,6.48,17,Thursday,3,22.43,17.34,Low,Clouds,No Rain,0,0,0,0,1,0,None,Low,25
2026-05-07 17:01:57,Malingo to UB Junction,3.47,17,Thursday,3,11.83,17.59,Low,Clouds,No Rain,0,0,0,0,1,0,None,Low,25
2026-05-07 17:01:57,Malingo to Check Point,1.92,17,Thursday,3,7.23,15.95,Low,Clouds,No Rain,0,0,0,0,1,0,None,Low,25
2026-05-07 17:01:57,Malingo to Molyko,6.09,17,Thursday,3,18.85,19.4,Low,Clouds,No Rain,0,0,0,0,1,0,None,Low,25
2026-05-07 17:01:57,Malingo to Muea,5.04,17,Thursday,3,16.42,18.44,Low,Clouds,No Rain,0,0,0,0,1,0,None,Low,25
2026-05-07 17:01:57,Malingo to Buea Town,5.04,17,Thursday,3,16.42,18.44,Low,Clouds,No Rain,0,0,0,0,1,0,None,Low,25
2026-05-07 17:01:57,UB Junction to Molyko,6.33,17,Thursday,3,21.32,17.81,Low,Clouds,No Rain,0,0,0,0,1,0,None,Low,25
2026-05-07 17:01:57,UB Junction to Check Point,2.15,17,Thursday,3,9.48,13.63,Low,Clouds,No Rain,0,0,0,0,1,0,None,Low,25
2026-05-07 17:01:57,UB Junction to Great Soppo,6.17,17,Thursday,3,21.98,16.83,Low,Clouds,No Rain,0,0,0,0,1,0,None,Low,25
2026-05-07 17:01:57,UB Junction to Buea Town,5.28,17,Thursday,3,18.73,16.9,Low,Clouds,No Rain,0,0,0,0,1,0,None,Low,25
2026-05-07 17:01:57,UB Junction to Muea,5.28,17,Thursday,3,18.72,16.91,Low,Clouds,No Rain,0,0,0,0,1,0,None,Low,25
2026-05-07 17:01:57,Molyko to Check Point,4.17,17,Thursday,3,11.7,21.39,Low,Clouds,No Rain,0,0,0,0,1,0,None,Low,25
2026-05-07 17:01:57,Molyko to Great Soppo,2.03,17,Thursday,3,5.93,20.52,Low,Clouds,No Rain,0,0,0,0,1,0,None,Low,25
2026-05-07 17:01:57,Molyko to Small Soppo,3.57,17,Thursday,3,12.38,17.32,Low,Clouds,No Rain,0,0,0,0,1,0,None,Low,25
2026-05-07 17:01:57,Molyko to Bongo Square,4.15,17,Thursday,3,12.0,20.76,Low,Clouds,No Rain,0,0,0,0,1,0,None,Low,25
2026-05-07 17:01:57,Molyko to Buea Town,2.92,17,Thursday,3,9.17,19.1,Low,Clouds,No Rain,0,0,0,0,1,0,None,Low,25
2026-05-07 17:01:57,Molyko to Muea,2.92,17,Thursday,3,9.17,19.1,Low,Clouds,No Rain,0,0,0,0,1,0,None,Low,25
2026-05-07 17:01:57,Molyko to Bokwango,6.15,17,Thursday,3,22.33,16.53,Low,Clouds,No Rain,0,0,0,0,1,0,None,Low,25
2026-05-07 17:01:57,Check Point to Buea Town,3.12,17,Thursday,3,9.38,19.96,Medium,Clouds,No Rain,0,0,0,0,1,0,None,Low,45
2026-05-07 17:01:57,Check Point to Great Soppo,4.01,17,Thursday,3,12.63,19.05,Low,Clouds,No Rain,0,0,0,0,1,0,None,Low,25
2026-05-07 17:01:57,Check Point to Small Soppo,3.78,17,Thursday,3,11.97,18.94,Medium,Clouds,No Rain,0,0,0,0,1,0,None,Low,45
2026-05-07 17:01:57,Check Point to Bongo Square,4.36,17,Thursday,3,11.6,22.54,Medium,Clouds,No Rain,0,0,0,0,1,0,None,Low,45
2026-05-07 17:01:57,Check Point to Muea,3.12,17,Thursday,3,9.4,19.93,Medium,Clouds,No Rain,0,0,0,0,1,0,None,Low,45
2026-05-07 17:01:57,Great Soppo to Small Soppo,1.54,17,Thursday,3,6.2,14.95,Low,Clouds,No Rain,0,0,0,0,1,0,None,Low,25
2026-05-07 17:01:57,Great Soppo to Bongo Square,2.12,17,Thursday,3,5.77,22.1,Low,Clouds,No Rain,0,0,0,0,1,0,None,Low,25
2026-05-07 17:01:57,Great Soppo to Buea Town,0.89,17,Thursday,3,3.23,16.5,Low,Clouds,No Rain,0,0,0,0,1,0,None,Low,25
2026-05-07 17:01:57,Great Soppo to Muea,0.89,17,Thursday,3,3.23,16.5,Low,Clouds,No Rain,0,0,0,0,1,0,None,Low,25
2026-05-07 17:01:57,Small Soppo to Bongo Square,1.07,17,Thursday,3,3.57,17.97,Low,Clouds,No Rain,0,0,0,0,1,0,None,Low,25
2026-05-07 17:01:57,Small Soppo to Buea Town,0.52,17,Thursday,3,3.1,9.97,Low,Clouds,No Rain,0,0,0,0,1,0,None,Low,25
2026-05-07 17:01:57,Small Soppo to Muea,0.52,17,Thursday,3,3.1,9.97,Low,Clouds,No Rain,0,0,0,0,1,0,None,Low,25
2026-05-07 17:01:57,Bongo Square to Buea Town,1.24,17,Thursday,3,2.38,31.09,Low,Clouds,No Rain,0,0,0,0,1,0,None,Low,25
2026-05-07 17:01:57,Bongo Square to Muea,1.24,17,Thursday,3,2.38,31.09,Low,Clouds,No Rain,0,0,0,0,1,0,None,Low,25
2026-05-07 17:01:57,Bokwango to Molyko,6.15,17,Thursday,3,22.18,16.64,Low,Clouds,No Rain,0,0,0,0,1,0,None,Low,25
2026-05-07 17:01:57,Bokwango to Check Point,5.26,17,Thursday,3,19.62,16.1,Low,Clouds,No Rain,0,0,0,0,1,0,None,Low,25
2026-05-07 17:01:57,Bokwango to Buea Town,8.38,17,Thursday,3,28.67,17.55,Low,Clouds,No Rain,0,0,0,0,1,0,None,Low,25
2026-05-07 17:01:57,Bokwango to Great Soppo,9.27,17,Thursday,3,31.92,17.43,Low,Clouds,No Rain,0,0,0,0,1,0,None,Low,25
2026-05-07 17:01:57,Muea to Great Soppo,0.89,17,Thursday,3,3.23,16.5,Low,Clouds,No Rain,0,0,0,0,1,0,None,Low,25
2026-05-07 17:01:57,Muea to Molyko,2.92,17,Thursday,3,8.87,19.75,Low,Clouds,No Rain,0,0,0,0,1,0,None,Low,25
2026-05-07 17:01:57,Muea to Check Point,3.12,17,Thursday,3,9.07,20.66,Medium,Clouds,No Rain,0,0,0,0,1,0,None,Low,45
2026-05-07 17:01:57,Muea to Buea Town,0.0,17,Thursday,3,0.0,0,Low,Clouds,No Rain,0,0,0,0,1,0,None,Low,25
2026-05-07 17:01:57,Muea to Bonduma,2.06,17,Thursday,3,7.28,16.98,Medium,Clouds,No Rain,0,0,0,0,1,0,None,Low,45
2026-05-07 17:01:57,Muea to Malingo,5.04,17,Thursday,3,15.92,19.02,Low,Clouds,No Rain,0,0,0,0,1,0,None,Low,25
2026-05-07 17:01:57,Clerks Quarters to Governor Junction,1.33,17,Thursday,3,2.75,29.06,Low,Clouds,No Rain,0,0,0,0,1,0,None,Low,25
2026-05-07 17:01:57,Governor Junction to Long Street,0.0,17,Thursday,3,0.0,0,Low,Clouds,No Rain,0,0,0,0,1,0,None,Low,25
2026-05-07 17:01:57,Long Street to Bongo Square,1.24,17,Thursday,3,2.15,34.47,Low,Clouds,No Rain,0,0,0,0,1,0,None,Low,25
2026-05-07 17:01:57,Governor Junction to Buea Town,0.0,17,Thursday,3,0.0,0,Low,Clouds,No Rain,0,0,0,0,1,0,None,Low,25
2026-05-07 17:01:57,Molyko to UB Junction,6.39,17,Thursday,3,19.78,19.37,Low,Clouds,No Rain,0,0,0,0,1,0,None,Low,25
2026-05-07 17:01:57,UB Junction to Bonduma,3.88,17,Thursday,3,14.8,15.75,Low,Clouds,No Rain,0,0,0,0,1,0,None,Low,25
2026-05-07 17:01:57,Check Point to Molyko,4.17,17,Thursday,3,12.23,20.46,Low,Clouds,No Rain,0,0,0,0,1,0,None,Low,25
2026-05-07 17:01:57,Great Soppo to Check Point,4.01,17,Thursday,3,12.77,18.85,Low,Clouds,No Rain,0,0,0,0,1,0,None,Low,25
2026-05-07 17:01:57,Malingo to Bonduma,3.65,17,Thursday,3,12.47,17.59,Low,Clouds,No Rain,0,0,0,0,1,0,None,Low,25
2026-05-07 17:01:57,Buea Town to Malingo,5.04,17,Thursday,3,15.92,19.02,Low,Clouds,No Rain,0,0,0,0,1,0,None,Low,25
2026-05-07 17:01:57,Buea Town to Muea,0.0,17,Thursday,3,0.0,0,Low,Clouds,No Rain,0,0,0,0,1,0,None,Low,25
2026-05-07 17:11:57,Bonduma Gate to Mile 17,3.81,17,Thursday,3,11.13,20.55,Low,Clouds,No Rain,0,0,0,0,1,0,None,Low,25
2026-05-07 17:11:57,Bonduma to UB Junction,3.95,17,Thursday,3,14.17,16.71,Low,Clouds,No Rain,0,0,0,0,1,0,None,Low,25
2026-05-07 17:11:57,Bonduma to Molyko,3.11,17,Thursday,3,9.88,18.89,Low,Clouds,No Rain,0,0,0,0,1,0,None,Low,25
2026-05-07 17:11:57,Bonduma to Check Point,1.73,17,Thursday,3,5.23,19.85,Low,Clouds,No Rain,0,0,0,0,1,0,None,Low,25
2026-05-07 17:11:57,Bonduma to Muea,2.06,17,Thursday,3,7.75,15.96,Medium,Clouds,No Rain,0,0,0,0,1,0,None,Low,45
2026-05-07 17:11:57,Bonduma to Great Soppo,2.95,17,Thursday,3,11.0,16.09,Low,Clouds,No Rain,0,0,0,0,1,0,None,Low,25
2026-05-07 17:11:57,Bonduma to Buea Town,2.06,17,Thursday,3,7.75,15.96,Medium,Clouds,No Rain,0,0,0,0,1,0,None,Low,45
2026-05-07 17:11:57,Mile 16 to Mile 17,4.4,17,Thursday,3,12.5,21.13,Low,Clouds,No Rain,0,0,0,0,1,0,None,Low,25
2026-05-07 17:11:57,Mile 17 to Malingo,1.54,17,Thursday,3,5.23,17.69,Low,Clouds,No Rain,0,0,0,0,1,0,None,Low,25
2026-05-07 17:11:57,Mile 17 to UB Junction,2.05,17,Thursday,3,7.35,16.76,Low,Clouds,No Rain,0,0,0,0,1,0,None,Low,25
2026-05-07 17:11:57,Mile 17 to Check Point,2.47,17,Thursday,3,8.97,16.54,Low,Clouds,No Rain,0,0,0,0,1,0,None,Low,25
2026-05-07 17:11:57,Mile 17 to Muea,5.59,17,Thursday,3,18.23,18.41,Low,Clouds,No Rain,0,0,0,0,1,0,None,Low,25
2026-05-07 17:11:57,Mile 17 to Great Soppo,6.48,17,Thursday,3,21.47,18.12,Low,Clouds,No Rain,0,0,0,0,1,0,None,Low,25
2026-05-07 17:11:57,Malingo to UB Junction,3.47,17,Thursday,3,11.58,17.97,Low,Clouds,No Rain,0,0,0,0,1,0,None,Low,25
2026-05-07 17:11:57,Malingo to Check Point,1.92,17,Thursday,3,7.23,15.95,Low,Clouds,No Rain,0,0,0,0,1,0,None,Low,25
2026-05-07 17:11:57,Malingo to Molyko,6.09,17,Thursday,3,18.9,19.35,Low,Clouds,No Rain,0,0,0,0,1,0,None,Low,25
2026-05-07 17:11:57,Malingo to Muea,5.04,17,Thursday,3,16.4,18.46,Low,Clouds,No Rain,0,0,0,0,1,0,None,Low,25
2026-05-07 17:11:57,Malingo to Buea Town,5.04,17,Thursday,3,16.4,18.46,Low,Clouds,No Rain,0,0,0,0,1,0,None,Low,25
2026-05-07 17:11:57,UB Junction to Molyko,6.33,17,Thursday,3,20.6,18.43,Low,Clouds,No Rain,0,0,0,0,1,0,None,Low,25
2026-05-07 17:11:57,UB Junction to Check Point,2.15,17,Thursday,3,9.28,13.93,Low,Clouds,No Rain,0,0,0,0,1,0,None,Low,25
2026-05-07 17:11:57,UB Junction to Great Soppo,6.17,17,Thursday,3,21.3,17.37,Low,Clouds,No Rain,0,0,0,0,1,0,None,Low,25
2026-05-07 17:11:57,UB Junction to Buea Town,5.28,17,Thursday,3,18.05,17.54,Low,Clouds,No Rain,0,0,0,0,1,0,None,Low,25
2026-05-07 17:11:57,UB Junction to Muea,5.28,17,Thursday,3,18.05,17.54,Low,Clouds,No Rain,0,0,0,0,1,0,None,Low,25
2026-05-07 17:11:57,Molyko to Check Point,4.17,17,Thursday,3,11.72,21.36,Low,Clouds,No Rain,0,0,0,0,1,0,None,Low,25
2026-05-07 17:11:57,Molyko to Great Soppo,2.03,17,Thursday,3,5.93,20.52,Low,Clouds,No Rain,0,0,0,0,1,0,None,Low,25
2026-05-07 17:11:57,Molyko to Small Soppo,3.57,17,Thursday,3,12.78,16.77,Low,Clouds,No Rain,0,0,0,0,1,0,None,Low,25
2026-05-07 17:11:57,Molyko to Bongo Square,4.15,17,Thursday,3,12.15,20.51,Low,Clouds,No Rain,0,0,0,0,1,0,None,Low,25
2026-05-07 17:11:57,Molyko to Buea Town,2.92,17,Thursday,3,9.17,19.1,Low,Clouds,No Rain,0,0,0,0,1,0,None,Low,25
2026-05-07 17:11:57,Molyko to Muea,2.92,17,Thursday,3,9.17,19.1,Low,Clouds,No Rain,0,0,0,0,1,0,None,Low,25
2026-05-07 17:11:57,Molyko to Bokwango,6.15,17,Thursday,3,22.15,16.67,Low,Clouds,No Rain,0,0,0,0,1,0,None,Low,25
2026-05-07 17:11:57,Check Point to Buea Town,3.12,17,Thursday,3,9.55,19.61,Medium,Clouds,No Rain,0,0,0,0,1,0,None,Low,45
2026-05-07 17:11:57,Check Point to Great Soppo,4.01,17,Thursday,3,12.8,18.8,Medium,Clouds,No Rain,0,0,0,0,1,0,None,Low,45
2026-05-07 17:11:57,Check Point to Small Soppo,3.78,17,Thursday,3,12.23,18.53,Medium,Clouds,No Rain,0,0,0,0,1,0,None,Low,45
2026-05-07 17:11:57,Check Point to Bongo Square,4.36,17,Thursday,3,11.92,21.94,Medium,Clouds,No Rain,0,0,0,0,1,0,None,Low,45
2026-05-07 17:11:57,Check Point to Muea,3.12,17,Thursday,3,9.55,19.61,Medium,Clouds,No Rain,0,0,0,0,1,0,None,Low,45
2026-05-07 17:11:57,Great Soppo to Small Soppo,1.54,17,Thursday,3,6.22,14.91,Low,Clouds,No Rain,0,0,0,0,1,0,None,Low,25
2026-05-07 17:11:57,Great Soppo to Bongo Square,2.12,17,Thursday,3,5.82,21.91,Low,Clouds,No Rain,0,0,0,0,1,0,None,Low,25
2026-05-07 17:11:57,Great Soppo to Buea Town,0.89,17,Thursday,3,3.23,16.5,Low,Clouds,No Rain,0,0,0,0,1,0,None,Low,25
2026-05-07 17:11:57,Great Soppo to Muea,0.89,17,Thursday,3,3.23,16.5,Low,Clouds,No Rain,0,0,0,0,1,0,None,Low,25
2026-05-07 17:11:57,Small Soppo to Bongo Square,1.07,17,Thursday,3,3.57,17.97,Low,Clouds,No Rain,0,0,0,0,1,0,None,Low,25
2026-05-07 17:11:57,Small Soppo to Buea Town,0.52,17,Thursday,3,3.05,10.13,Low,Clouds,No Rain,0,0,0,0,1,0,None,Low,25
2026-05-07 17:11:57,Small Soppo to Muea,0.52,17,Thursday,3,2.82,10.97,Low,Clouds,No Rain,0,0,0,0,1,0,None,Low,25
2026-05-07 17:11:57,Bongo Square to Buea Town,1.24,17,Thursday,3,2.5,29.64,Low,Clouds,No Rain,0,0,0,0,1,0,None,Low,25
2026-05-07 17:11:57,Bongo Square to Muea,1.24,17,Thursday,3,2.5,29.64,Low,Clouds,No Rain,0,0,0,0,1,0,None,Low,25
2026-05-07 17:11:57,Bokwango to Molyko,6.15,17,Thursday,3,22.27,16.58,Low,Clouds,No Rain,0,0,0,0,1,0,None,Low,25
2026-05-07 17:11:57,Bokwango to Check Point,5.26,17,Thursday,3,19.7,16.03,Low,Clouds,No Rain,0,0,0,0,1,0,None,Low,25
2026-05-07 17:11:57,Bokwango to Buea Town,8.38,17,Thursday,3,28.78,17.48,Low,Clouds,No Rain,0,0,0,0,1,0,None,Low,25
2026-05-07 17:11:57,Bokwango to Great Soppo,9.27,17,Thursday,3,32.03,17.37,Low,Clouds,No Rain,0,0,0,0,1,0,None,Low,25
2026-05-07 17:11:57,Muea to Great Soppo,0.89,17,Thursday,3,3.23,16.5,Low,Clouds,No Rain,0,0,0,0,1,0,None,Low,25
2026-05-07 17:11:57,Muea to Molyko,2.92,17,Thursday,3,8.87,19.75,Low,Clouds,No Rain,0,0,0,0,1,0,None,Low,25
2026-05-07 17:11:57,Muea to Check Point,3.12,17,Thursday,3,8.87,21.13,Medium,Clouds,No Rain,0,0,0,0,1,0,None,Low,45
2026-05-07 17:11:57,Muea to Buea Town,0.0,17,Thursday,3,0.0,0,Low,Clouds,No Rain,0,0,0,0,1,0,None,Low,25
2026-05-07 17:11:57,Muea to Bonduma,2.06,17,Thursday,3,7.22,17.14,Medium,Clouds,No Rain,0,0,0,0,1,0,None,Low,45
2026-05-07 17:11:57,Muea to Malingo,5.04,17,Thursday,3,15.7,19.28,Low,Clouds,No Rain,0,0,0,0,1,0,None,Low,25
2026-05-07 17:11:57,Clerks Quarters to Governor Junction,1.33,17,Thursday,3,2.85,28.04,Low,Clouds,No Rain,0,0,0,0,1,0,None,Low,25
2026-05-07 17:11:57,Governor Junction to Long Street,0.0,17,Thursday,3,0.0,0,Low,Clouds,No Rain,0,0,0,0,1,0,None,Low,25
2026-05-07 17:11:57,Long Street to Bongo Square,1.24,17,Thursday,3,2.2,33.68,Low,Clouds,No Rain,0,0,0,0,1,0,None,Low,25
2026-05-07 17:11:57,Governor Junction to Buea Town,0.0,17,Thursday,3,0.0,0,Low,Clouds,No Rain,0,0,0,0,1,0,None,Low,25
2026-05-07 17:11:57,Molyko to UB Junction,6.39,17,Thursday,3,19.93,19.23,Low,Clouds,No Rain,0,0,0,0,1,0,None,Low,25
2026-05-07 17:11:57,UB Junction to Bonduma,3.88,17,Thursday,3,14.33,16.26,Low,Clouds,No Rain,0,0,0,0,1,0,None,Low,25
2026-05-07 17:11:57,Check Point to Molyko,4.17,17,Thursday,3,12.2,20.52,Low,Clouds,No Rain,0,0,0,0,1,0,None,Low,25
2026-05-07 17:11:57,Great Soppo to Check Point,4.01,17,Thursday,3,12.45,19.33,Low,Clouds,No Rain,0,0,0,0,1,0,None,Low,25
2026-05-07 17:11:57,Malingo to Bonduma,3.65,17,Thursday,3,12.33,17.78,Low,Clouds,No Rain,0,0,0,0,1,0,None,Low,25
2026-05-07 17:11:57,Buea Town to Malingo,5.04,17,Thursday,3,15.72,19.26,Low,Clouds,No Rain,0,0,0,0,1,0,None,Low,25
2026-05-07 17:11:57,Buea Town to Muea,0.0,17,Thursday,3,0.0,0,Low,Clouds,No Rain,0,0,0,0,1,0,None,Low,25
2026-05-07 17:21:57,Bonduma Gate to Mile 17,3.81,17,Thursday,3,10.88,21.02,Low,Clouds,No Rain,0,0,0,0,1,0,None,Low,25
2026-05-07 17:21:57,Bonduma to UB Junction,3.95,17,Thursday,3,13.93,16.99,Low,Clouds,No Rain,0,0,0,0,1,0,None,Low,25
2026-05-07 17:21:57,Bonduma to Molyko,3.11,17,Thursday,3,9.88,18.89,Low,Clouds,No Rain,0,0,0,0,1,0,None,Low,25
2026-05-07 17:21:57,Bonduma to Check Point,1.73,17,Thursday,3,5.13,20.23,Low,Clouds,No Rain,0,0,0,0,1,0,None,Low,25
2026-05-07 17:21:57,Bonduma to Muea,2.06,17,Thursday,3,7.32,16.9,Medium,Clouds,No Rain,0,0,0,0,1,0,None,Low,45
2026-05-07 17:21:57,Bonduma to Great Soppo,2.95,17,Thursday,3,10.57,16.75,Low,Clouds,No Rain,0,0,0,0,1,0,None,Low,25
2026-05-07 17:21:57,Bonduma to Buea Town,2.06,17,Thursday,3,7.33,16.86,Medium,Clouds,No Rain,0,0,0,0,1,0,None,Low,45
2026-05-07 17:21:57,Mile 16 to Mile 17,4.4,17,Thursday,3,12.25,21.56,Low,Clouds,No Rain,0,0,0,0,1,0,None,Low,25
2026-05-07 17:21:57,Mile 17 to Malingo,1.54,17,Thursday,3,5.05,18.33,Low,Clouds,No Rain,0,0,0,0,1,0,None,Low,25
2026-05-07 17:21:57,Mile 17 to UB Junction,2.05,17,Thursday,3,7.33,16.8,Low,Clouds,No Rain,0,0,0,0,1,0,None,Low,25
2026-05-07 17:21:57,Mile 17 to Check Point,2.47,17,Thursday,3,8.6,17.25,Low,Clouds,No Rain,0,0,0,0,1,0,None,Low,25
2026-05-07 17:21:57,Mile 17 to Muea,5.59,17,Thursday,3,17.58,19.09,Low,Clouds,No Rain,0,0,0,0,1,0,None,Low,25
2026-05-07 17:21:57,Mile 17 to Great Soppo,6.48,17,Thursday,3,20.83,18.67,Low,Clouds,No Rain,0,0,0,0,1,0,None,Low,25
2026-05-07 17:21:57,Malingo to UB Junction,3.47,17,Thursday,3,11.73,17.74,Low,Clouds,No Rain,0,0,0,0,1,0,None,Low,25
2026-05-07 17:21:57,Malingo to Check Point,2.02,17,Thursday,3,7.17,16.93,Low,Clouds,No Rain,0,0,0,0,1,0,None,Low,25
2026-05-07 17:21:57,Malingo to Molyko,6.09,17,Thursday,3,18.95,19.3,Low,Clouds,No Rain,0,0,0,0,1,0,None,Low,25
2026-05-07 17:21:57,Malingo to Muea,5.04,17,Thursday,3,16.02,18.9,Low,Clouds,No Rain,0,0,0,0,1,0,None,Low,25
2026-05-07 17:21:57,Malingo to Buea Town,5.04,17,Thursday,3,16.02,18.9,Low,Clouds,No Rain,0,0,0,0,1,0,None,Low,25
2026-05-07 17:21:57,UB Junction to Molyko,6.33,17,Thursday,3,20.57,18.46,Low,Clouds,No Rain,0,0,0,0,1,0,None,Low,25
2026-05-07 17:21:57,UB Junction to Check Point,2.15,17,Thursday,3,8.92,14.5,Low,Clouds,No Rain,0,0,0,0,1,0,None,Low,25
2026-05-07 17:21:57,UB Junction to Great Soppo,6.17,17,Thursday,3,21.15,17.49,Low,Clouds,No Rain,0,0,0,0,1,0,None,Low,25
2026-05-07 17:21:57,UB Junction to Buea Town,5.28,17,Thursday,3,17.92,17.67,Low,Clouds,No Rain,0,0,0,0,1,0,None,Low,25
2026-05-07 17:21:57,UB Junction to Muea,5.28,17,Thursday,3,17.92,17.67,Low,Clouds,No Rain,0,0,0,0,1,0,None,Low,25
2026-05-07 17:21:57,Molyko to Check Point,4.17,17,Thursday,3,11.72,21.36,Low,Clouds,No Rain,0,0,0,0,1,0,None,Low,25
2026-05-07 17:21:57,Molyko to Great Soppo,2.03,17,Thursday,3,5.93,20.52,Low,Clouds,No Rain,0,0,0,0,1,0,None,Low,25
2026-05-07 17:21:57,Molyko to Small Soppo,3.57,17,Thursday,3,12.97,16.54,Low,Clouds,No Rain,0,0,0,0,1,0,None,Low,25
2026-05-07 17:21:57,Molyko to Bongo Square,4.15,17,Thursday,3,12.55,19.85,Low,Clouds,No Rain,0,0,0,0,1,0,None,Low,25
2026-05-07 17:21:57,Molyko to Buea Town,2.92,17,Thursday,3,9.17,19.1,Low,Clouds,No Rain,0,0,0,0,1,0,None,Low,25
2026-05-07 17:21:57,Molyko to Muea,2.92,17,Thursday,3,9.17,19.1,Low,Clouds,No Rain,0,0,0,0,1,0,None,Low,25
2026-05-07 17:21:57,Molyko to Bokwango,6.15,17,Thursday,3,22.32,16.54,Low,Clouds,No Rain,0,0,0,0,1,0,None,Low,25
2026-05-07 17:21:57,Check Point to Buea Town,3.12,17,Thursday,3,9.03,20.74,Medium,Clouds,No Rain,0,0,0,0,1,0,None,Low,45
2026-05-07 17:21:57,Check Point to Great Soppo,4.01,17,Thursday,3,12.28,19.59,Low,Clouds,No Rain,0,0,0,0,1,0,None,Low,25
2026-05-07 17:21:57,Check Point to Small Soppo,3.78,17,Thursday,3,11.83,19.16,Low,Clouds,No Rain,0,0,0,0,1,0,None,Low,25
2026-05-07 17:21:57,Check Point to Bongo Square,4.36,17,Thursday,3,11.6,22.54,Medium,Clouds,No Rain,0,0,0,0,1,0,None,Low,45
2026-05-07 17:21:57,Check Point to Muea,3.12,17,Thursday,3,9.05,20.7,Medium,Clouds,No Rain,0,0,0,0,1,0,None,Low,45
2026-05-07 17:21:57,Great Soppo to Small Soppo,1.54,17,Thursday,3,6.25,14.83,Low,Clouds,No Rain,0,0,0,0,1,0,None,Low,25
2026-05-07 17:21:57,Great Soppo to Bongo Square,2.12,17,Thursday,3,6.03,21.12,Low,Clouds,No Rain,0,0,0,0,1,0,None,Low,25
2026-05-07 17:21:57,Great Soppo to Buea Town,0.89,17,Thursday,3,3.23,16.5,Low,Clouds,No Rain,0,0,0,0,1,0,None,Low,25
2026-05-07 17:21:57,Great Soppo to Muea,0.89,17,Thursday,3,3.23,16.5,Low,Clouds,No Rain,0,0,0,0,1,0,None,Low,25
2026-05-07 17:21:57,Small Soppo to Bongo Square,1.07,17,Thursday,3,3.58,17.88,Low,Clouds,No Rain,0,0,0,0,1,0,None,Low,25
2026-05-07 17:21:57,Small Soppo to Buea Town,0.52,17,Thursday,3,3.03,10.19,Low,Clouds,No Rain,0,0,0,0,1,0,None,Low,25
2026-05-07 17:21:57,Small Soppo to Muea,0.52,17,Thursday,3,3.03,10.19,Low,Clouds,No Rain,0,0,0,0,1,0,None,Low,25
2026-05-07 17:21:57,Bongo Square to Buea Town,1.24,17,Thursday,3,2.32,31.99,Low,Clouds,No Rain,0,0,0,0,1,0,None,Low,25
2026-05-07 17:21:57,Bongo Square to Muea,1.24,17,Thursday,3,2.32,31.99,Low,Clouds,No Rain,0,0,0,0,1,0,None,Low,25
2026-05-07 17:21:57,Bokwango to Molyko,6.15,17,Thursday,3,22.45,16.44,Low,Clouds,No Rain,0,0,0,0,1,0,None,Low,25
2026-05-07 17:21:57,Bokwango to Check Point,5.26,17,Thursday,3,20.0,15.79,Low,Clouds,No Rain,0,0,0,0,1,0,None,Low,25
2026-05-07 17:21:57,Bokwango to Buea Town,8.38,17,Thursday,3,29.0,17.35,Low,Clouds,No Rain,0,0,0,0,1,0,None,Low,25
2026-05-07 17:21:57,Bokwango to Great Soppo,9.27,17,Thursday,3,32.23,17.26,Low,Clouds,No Rain,0,0,0,0,1,0,None,Low,25
2026-05-07 17:21:57,Muea to Great Soppo,0.89,17,Thursday,3,3.23,16.5,Low,Clouds,No Rain,0,0,0,0,1,0,None,Low,25
2026-05-07 17:21:57,Muea to Molyko,2.92,17,Thursday,3,8.87,19.75,Low,Clouds,No Rain,0,0,0,0,1,0,None,Low,25
2026-05-07 17:21:57,Muea to Check Point,3.12,17,Thursday,3,8.52,21.99,Medium,Clouds,No Rain,0,0,0,0,1,0,None,Low,45
2026-05-07 17:21:57,Muea to Buea Town,0.0,17,Thursday,3,0.0,0,Low,Clouds,No Rain,0,0,0,0,1,0,None,Low,25
2026-05-07 17:21:57,Muea to Bonduma,2.06,17,Thursday,3,6.75,18.32,Medium,Clouds,No Rain,0,0,0,0,1,0,None,Low,45
2026-05-07 17:21:57,Muea to Malingo,5.04,17,Thursday,3,15.35,19.72,Low,Clouds,No Rain,0,0,0,0,1,0,None,Low,25
2026-05-07 17:21:57,Clerks Quarters to Governor Junction,1.33,17,Thursday,3,2.68,29.78,Low,Clouds,No Rain,0,0,0,0,1,0,None,Low,25
2026-05-07 17:21:57,Governor Junction to Long Street,0.0,17,Thursday,3,0.0,0,Low,Clouds,No Rain,0,0,0,0,1,0,None,Low,25
2026-05-07 17:21:57,Long Street to Bongo Square,1.24,17,Thursday,3,2.38,31.09,Low,Clouds,No Rain,0,0,0,0,1,0,None,Low,25
2026-05-07 17:21:57,Governor Junction to Buea Town,0.0,17,Thursday,3,0.0,0,Low,Clouds,No Rain,0,0,0,0,1,0,None,Low,25
2026-05-07 17:21:57,Molyko to UB Junction,6.39,17,Thursday,3,20.0,19.16,Low,Clouds,No Rain,0,0,0,0,1,0,None,Low,25
2026-05-07 17:21:57,UB Junction to Bonduma,3.88,17,Thursday,3,14.27,16.34,Low,Clouds,No Rain,0,0,0,0,1,0,None,Low,25
2026-05-07 17:21:57,Check Point to Molyko,4.17,17,Thursday,3,12.12,20.66,Low,Clouds,No Rain,0,0,0,0,1,0,None,Low,25
2026-05-07 17:21:57,Great Soppo to Check Point,4.01,17,Thursday,3,12.18,19.75,Low,Clouds,No Rain,0,0,0,0,1,0,None,Low,25
2026-05-07 17:21:57,Malingo to Bonduma,3.65,17,Thursday,3,12.43,17.63,Low,Clouds,No Rain,0,0,0,0,1,0,None,Low,25
2026-05-07 17:21:57,Buea Town to Malingo,5.04,17,Thursday,3,15.35,19.72,Low,Clouds,No Rain,0,0,0,0,1,0,None,Low,25
2026-05-07 17:21:57,Buea Town to Muea,0.0,17,Thursday,3,0.0,0,Low,Clouds,No Rain,0,0,0,0,1,0,None,Low,25
2026-05-07 17:31:57,Bonduma Gate to Mile 17,3.81,17,Thursday,3,10.93,20.93,Low,Clouds,No Rain,0,0,0,0,1,0,None,Low,25
2026-05-07 17:31:57,Bonduma to UB Junction,3.95,17,Thursday,3,13.93,16.99,Low,Clouds,No Rain,0,0,0,0,1,0,None,Low,25
2026-05-07 17:31:57,Bonduma to Molyko,3.11,17,Thursday,3,9.88,18.89,Low,Clouds,No Rain,0,0,0,0,1,0,None,Low,25
2026-05-07 17:31:57,Bonduma to Check Point,1.73,17,Thursday,3,5.23,19.85,Low,Clouds,No Rain,0,0,0,0,1,0,None,Low,25
2026-05-07 17:31:57,Bonduma to Muea,2.06,17,Thursday,3,7.18,17.21,Medium,Clouds,No Rain,0,0,0,0,1,0,None,Low,45
2026-05-07 17:31:57,Bonduma to Great Soppo,2.95,17,Thursday,3,10.43,16.96,Low,Clouds,No Rain,0,0,0,0,1,0,None,Low,25
2026-05-07 17:31:57,Bonduma to Buea Town,2.06,17,Thursday,3,7.18,17.21,Medium,Clouds,No Rain,0,0,0,0,1,0,None,Low,45
2026-05-07 17:31:57,Mile 16 to Mile 17,4.4,17,Thursday,3,12.3,21.47,Low,Clouds,No Rain,0,0,0,0,1,0,None,Low,25
2026-05-07 17:31:57,Mile 17 to Malingo,1.54,17,Thursday,3,5.02,18.45,Low,Clouds,No Rain,0,0,0,0,1,0,None,Low,25
2026-05-07 17:31:57,Mile 17 to UB Junction,2.05,17,Thursday,3,7.48,16.46,Low,Clouds,No Rain,0,0,0,0,1,0,None,Low,25
2026-05-07 17:31:57,Mile 17 to Check Point,2.47,17,Thursday,3,8.82,16.82,Low,Clouds,No Rain,0,0,0,0,1,0,None,Low,25
2026-05-07 17:31:57,Mile 17 to Muea,5.59,17,Thursday,3,17.87,18.79,Low,Clouds,No Rain,0,0,0,0,1,0,None,Low,25
2026-05-07 17:31:57,Mile 17 to Great Soppo,6.48,17,Thursday,3,21.1,18.44,Low,Clouds,No Rain,0,0,0,0,1,0,None,Low,25
2026-05-07 17:31:57,Malingo to UB Junction,3.47,17,Thursday,3,11.97,17.39,Low,Clouds,No Rain,0,0,0,0,1,0,None,Low,25
2026-05-07 17:31:57,Malingo to Check Point,2.02,17,Thursday,3,7.37,16.47,Low,Clouds,No Rain,0,0,0,0,1,0,None,Low,25
2026-05-07 17:31:57,Malingo to Molyko,6.09,17,Thursday,3,18.92,19.33,Low,Clouds,No Rain,0,0,0,0,1,0,None,Low,25
2026-05-07 17:31:57,Malingo to Muea,5.04,17,Thursday,3,16.08,18.82,Low,Clouds,No Rain,0,0,0,0,1,0,None,Low,25
2026-05-07 17:31:57,Malingo to Buea Town,5.04,17,Thursday,3,16.08,18.82,Low,Clouds,No Rain,0,0,0,0,1,0,None,Low,25
2026-05-07 17:31:57,UB Junction to Molyko,6.33,17,Thursday,3,20.62,18.41,Low,Clouds,No Rain,0,0,0,0,1,0,None,Low,25
2026-05-07 17:31:57,UB Junction to Check Point,2.15,17,Thursday,3,9.02,14.34,Low,Clouds,No Rain,0,0,0,0,1,0,None,Low,25
2026-05-07 17:31:57,UB Junction to Great Soppo,6.17,17,Thursday,3,21.3,17.37,Low,Clouds,No Rain,0,0,0,0,1,0,None,Low,25
2026-05-07 17:31:57,UB Junction to Buea Town,5.28,17,Thursday,3,18.05,17.54,Low,Clouds,No Rain,0,0,0,0,1,0,None,Low,25
2026-05-07 17:31:57,UB Junction to Muea,5.28,17,Thursday,3,18.05,17.54,Low,Clouds,No Rain,0,0,0,0,1,0,None,Low,25
2026-05-07 17:31:57,Molyko to Check Point,4.17,17,Thursday,3,11.72,21.36,Low,Clouds,No Rain,0,0,0,0,1,0,None,Low,25
2026-05-07 17:31:57,Molyko to Great Soppo,2.03,17,Thursday,3,5.93,20.52,Low,Clouds,No Rain,0,0,0,0,1,0,None,Low,25
2026-05-07 17:31:57,Molyko to Small Soppo,3.57,17,Thursday,3,12.75,16.82,Low,Clouds,No Rain,0,0,0,0,1,0,None,Low,25
2026-05-07 17:31:57,Molyko to Bongo Square,4.15,17,Thursday,3,12.5,19.93,Low,Clouds,No Rain,0,0,0,0,1,0,None,Low,25
2026-05-07 17:31:57,Molyko to Buea Town,2.92,17,Thursday,3,9.17,19.1,Low,Clouds,No Rain,0,0,0,0,1,0,None,Low,25
2026-05-07 17:31:57,Molyko to Muea,2.92,17,Thursday,3,9.17,19.1,Low,Clouds,No Rain,0,0,0,0,1,0,None,Low,25
2026-05-07 17:31:57,Molyko to Bokwango,6.15,17,Thursday,3,22.18,16.64,Low,Clouds,No Rain,0,0,0,0,1,0,None,Low,25
2026-05-07 17:31:57,Check Point to Buea Town,3.12,17,Thursday,3,9.08,20.62,Medium,Clouds,No Rain,0,0,0,0,1,0,None,Low,45
2026-05-07 17:31:57,Check Point to Great Soppo,4.01,17,Thursday,3,12.33,19.51,Low,Clouds,No Rain,0,0,0,0,1,0,None,Low,25
2026-05-07 17:31:57,Check Point to Small Soppo,3.78,17,Thursday,3,11.88,19.08,Medium,Clouds,No Rain,0,0,0,0,1,0,None,Low,45
2026-05-07 17:31:57,Check Point to Bongo Square,4.36,17,Thursday,3,11.7,22.34,Medium,Clouds,No Rain,0,0,0,0,1,0,None,Low,45
2026-05-07 17:31:57,Check Point to Muea,3.12,17,Thursday,3,9.08,20.62,Medium,Clouds,No Rain,0,0,0,0,1,0,None,Low,45
2026-05-07 17:31:57,Great Soppo to Small Soppo,1.54,17,Thursday,3,6.3,14.71,Low,Clouds,No Rain,0,0,0,0,1,0,None,Low,25
2026-05-07 17:31:57,Great Soppo to Bongo Square,2.12,17,Thursday,3,6.15,20.72,Low,Clouds,No Rain,0,0,0,0,1,0,None,Low,25
2026-05-07 17:31:57,Great Soppo to Buea Town,0.89,17,Thursday,3,3.23,16.5,Low,Clouds,No Rain,0,0,0,0,1,0,None,Low,25
2026-05-07 17:31:57,Great Soppo to Muea,0.89,17,Thursday,3,3.23,16.5,Low,Clouds,No Rain,0,0,0,0,1,0,None,Low,25
2026-05-07 17:31:57,Small Soppo to Bongo Square,1.07,17,Thursday,3,3.62,17.72,Low,Clouds,No Rain,0,0,0,0,1,0,None,Low,25
2026-05-07 17:31:57,Small Soppo to Buea Town,0.52,17,Thursday,3,2.82,10.97,Low,Clouds,No Rain,0,0,0,0,1,0,None,Low,25
2026-05-07 17:31:57,Small Soppo to Muea,0.52,17,Thursday,3,3.05,10.13,Low,Clouds,No Rain,0,0,0,0,1,0,None,Low,25
2026-05-07 17:31:57,Bongo Square to Buea Town,1.24,17,Thursday,3,2.32,31.99,Low,Clouds,No Rain,0,0,0,0,1,0,None,Low,25
2026-05-07 17:31:57,Bongo Square to Muea,1.24,17,Thursday,3,2.32,31.99,Low,Clouds,No Rain,0,0,0,0,1,0,None,Low,25
2026-05-07 17:31:57,Bokwango to Molyko,6.15,17,Thursday,3,22.33,16.53,Low,Clouds,No Rain,0,0,0,0,1,0,None,Low,25
2026-05-07 17:31:57,Bokwango to Check Point,5.26,17,Thursday,3,19.78,15.96,Low,Clouds,No Rain,0,0,0,0,1,0,None,Low,25
2026-05-07 17:31:57,Bokwango to Buea Town,8.38,17,Thursday,3,28.53,17.63,Low,Clouds,No Rain,0,0,0,0,1,0,None,Low,25
2026-05-07 17:31:57,Bokwango to Great Soppo,9.27,17,Thursday,3,31.77,17.52,Low,Clouds,No Rain,0,0,0,0,1,0,None,Low,25
2026-05-07 17:31:57,Muea to Great Soppo,0.89,17,Thursday,3,3.23,16.5,Low,Clouds,No Rain,0,0,0,0,1,0,None,Low,25
2026-05-07 17:31:57,Muea to Molyko,2.92,17,Thursday,3,8.87,19.75,Low,Clouds,No Rain,0,0,0,0,1,0,None,Low,25
2026-05-07 17:31:57,Muea to Check Point,3.12,17,Thursday,3,8.47,22.12,Low,Clouds,No Rain,0,0,0,0,1,0,None,Low,25
2026-05-07 17:31:57,Muea to Buea Town,0.0,17,Thursday,3,0.0,0,Low,Clouds,No Rain,0,0,0,0,1,0,None,Low,25
2026-05-07 17:31:57,Muea to Bonduma,2.06,17,Thursday,3,6.78,18.23,Medium,Clouds,No Rain,0,0,0,0,1,0,None,Low,45
2026-05-07 17:31:57,Muea to Malingo,5.04,17,Thursday,3,15.3,19.78,Low,Clouds,No Rain,0,0,0,0,1,0,None,Low,25
2026-05-07 17:31:57,Clerks Quarters to Governor Junction,1.33,17,Thursday,3,2.68,29.78,Low,Clouds,No Rain,0,0,0,0,1,0,None,Low,25
2026-05-07 17:31:57,Governor Junction to Long Street,0.0,17,Thursday,3,0.0,0,Low,Clouds,No Rain,0,0,0,0,1,0,None,Low,25
2026-05-07 17:31:57,Long Street to Bongo Square,1.24,17,Thursday,3,2.57,28.87,Low,Clouds,No Rain,0,0,0,0,1,0,None,Low,25
2026-05-07 17:31:57,Governor Junction to Buea Town,0.0,17,Thursday,3,0.0,0,Low,Clouds,No Rain,0,0,0,0,1,0,None,Low,25
2026-05-07 17:31:57,Molyko to UB Junction,6.39,17,Thursday,3,19.97,19.19,Low,Clouds,No Rain,0,0,0,0,1,0,None,Low,25
2026-05-07 17:31:57,UB Junction to Bonduma,3.88,17,Thursday,3,14.6,15.97,Low,Clouds,No Rain,0,0,0,0,1,0,None,Low,25
2026-05-07 17:31:57,Check Point to Molyko,4.17,17,Thursday,3,12.15,20.6,Low,Clouds,No Rain,0,0,0,0,1,0,None,Low,25
2026-05-07 17:31:57,Great Soppo to Check Point,4.01,17,Thursday,3,12.12,19.86,Low,Clouds,No Rain,0,0,0,0,1,0,None,Low,25
2026-05-07 17:31:57,Malingo to Bonduma,3.65,17,Thursday,3,12.62,17.38,Low,Clouds,No Rain,0,0,0,0,1,0,None,Low,25
2026-05-07 17:31:57,Buea Town to Malingo,5.04,17,Thursday,3,15.3,19.78,Low,Clouds,No Rain,0,0,0,0,1,0,None,Low,25
2026-05-07 17:31:57,Buea Town to Muea,0.0,17,Thursday,3,0.0,0,Low,Clouds,No Rain,0,0,0,0,1,0,None,Low,25
2026-05-07 17:41:57,Bonduma Gate to Mile 17,3.81,17,Thursday,3,10.88,21.02,Low,Clouds,No Rain,0,0,0,0,1,0,None,Low,25
2026-05-07 17:41:57,Bonduma to UB Junction,3.95,17,Thursday,3,13.87,17.07,Low,Clouds,No Rain,0,0,0,0,1,0,None,Low,25
2026-05-07 17:41:57,Bonduma to Molyko,3.11,17,Thursday,3,9.88,18.89,Low,Clouds,No Rain,0,0,0,0,1,0,None,Low,25
2026-05-07 17:41:57,Bonduma to Check Point,1.73,17,Thursday,3,5.1,20.36,Low,Clouds,No Rain,0,0,0,0,1,0,None,Low,25
2026-05-07 17:41:57,Bonduma to Muea,2.06,17,Thursday,3,7.17,17.25,Medium,Clouds,No Rain,0,0,0,0,1,0,None,Low,45
2026-05-07 17:41:57,Bonduma to Great Soppo,2.95,17,Thursday,3,10.4,17.02,Low,Clouds,No Rain,0,0,0,0,1,0,None,Low,25
2026-05-07 17:41:57,Bonduma to Buea Town,2.06,17,Thursday,3,7.18,17.21,Medium,Clouds,No Rain,0,0,0,0,1,0,None,Low,45
2026-05-07 17:41:57,Mile 16 to Mile 17,4.4,17,Thursday,3,12.18,21.68,Low,Clouds,No Rain,0,0,0,0,1,0,None,Low,25
2026-05-07 17:41:57,Mile 17 to Malingo,1.54,17,Thursday,3,5.03,18.39,Low,Clouds,No Rain,0,0,0,0,1,0,None,Low,25
2026-05-07 17:41:57,Mile 17 to UB Junction,2.05,17,Thursday,3,7.53,16.35,Low,Clouds,No Rain,0,0,0,0,1,0,None,Low,25
2026-05-07 17:41:57,Mile 17 to Check Point,2.47,17,Thursday,3,8.95,16.57,Low,Clouds,No Rain,0,0,0,0,1,0,None,Low,25
2026-05-07 17:41:57,Mile 17 to Muea,5.59,17,Thursday,3,17.83,18.82,Low,Clouds,No Rain,0,0,0,0,1,0,None,Low,25
2026-05-07 17:41:57,Mile 17 to Great Soppo,6.48,17,Thursday,3,21.08,18.45,Low,Clouds,No Rain,0,0,0,0,1,0,None,Low,25
2026-05-07 17:41:57,Malingo to UB Junction,3.47,17,Thursday,3,11.78,17.66,Low,Clouds,No Rain,0,0,0,0,1,0,None,Low,25
2026-05-07 17:41:57,Malingo to Check Point,2.02,17,Thursday,3,7.28,16.66,Low,Clouds,No Rain,0,0,0,0,1,0,None,Low,25
2026-05-07 17:41:57,Malingo to Molyko,6.09,17,Thursday,3,18.77,19.49,Low,Clouds,No Rain,0,0,0,0,1,0,None,Low,25
2026-05-07 17:41:57,Malingo to Muea,5.04,17,Thursday,3,15.98,18.94,Low,Clouds,No Rain,0,0,0,0,1,0,None,Low,25
2026-05-07 17:41:57,Malingo to Buea Town,5.04,17,Thursday,3,15.98,18.94,Low,Clouds,No Rain,0,0,0,0,1,0,None,Low,25
2026-05-07 17:41:57,UB Junction to Molyko,6.33,17,Thursday,3,20.85,18.2,Low,Clouds,No Rain,0,0,0,0,1,0,None,Low,25
2026-05-07 17:41:57,UB Junction to Check Point,2.15,17,Thursday,3,9.08,14.23,Low,Clouds,No Rain,0,0,0,0,1,0,None,Low,25
2026-05-07 17:41:57,UB Junction to Great Soppo,6.17,17,Thursday,3,21.2,17.45,Low,Clouds,No Rain,0,0,0,0,1,0,None,Low,25
2026-05-07 17:41:57,UB Junction to Buea Town,5.28,17,Thursday,3,17.95,17.64,Low,Clouds,No Rain,0,0,0,0,1,0,None,Low,25
2026-05-07 17:41:57,UB Junction to Muea,5.28,17,Thursday,3,17.82,17.77,Low,Clouds,No Rain,0,0,0,0,1,0,None,Low,25
2026-05-07 17:41:57,Molyko to Check Point,4.17,17,Thursday,3,11.5,21.77,Low,Clouds,No Rain,0,0,0,0,1,0,None,Low,25
2026-05-07 17:41:57,Molyko to Great Soppo,2.03,17,Thursday,3,5.93,20.52,Low,Clouds,No Rain,0,0,0,0,1,0,None,Low,25
2026-05-07 17:41:57,Molyko to Small Soppo,3.57,17,Thursday,3,12.6,17.02,Low,Clouds,No Rain,0,0,0,0,1,0,None,Low,25
2026-05-07 17:41:57,Molyko to Bongo Square,4.15,17,Thursday,3,12.35,20.18,Low,Clouds,No Rain,0,0,0,0,1,0,None,Low,25
2026-05-07 17:41:57,Molyko to Buea Town,2.92,17,Thursday,3,9.17,19.1,Low,Clouds,No Rain,0,0,0,0,1,0,None,Low,25
2026-05-07 17:41:57,Molyko to Muea,2.92,17,Thursday,3,9.17,19.1,Low,Clouds,No Rain,0,0,0,0,1,0,None,Low,25
2026-05-07 17:41:57,Molyko to Bokwango,6.15,17,Thursday,3,22.28,16.57,Low,Clouds,No Rain,0,0,0,0,1,0,None,Low,25
2026-05-07 17:41:57,Check Point to Buea Town,3.12,17,Thursday,3,9.03,20.74,Medium,Clouds,No Rain,0,0,0,0,1,0,None,Low,45
2026-05-07 17:41:57,Check Point to Great Soppo,4.01,17,Thursday,3,12.27,19.62,Low,Clouds,No Rain,0,0,0,0,1,0,None,Low,25
2026-05-07 17:41:57,Check Point to Small Soppo,3.78,17,Thursday,3,11.73,19.32,Low,Clouds,No Rain,0,0,0,0,1,0,None,Low,25
2026-05-07 17:41:57,Check Point to Bongo Square,4.36,17,Thursday,3,11.53,22.67,Medium,Clouds,No Rain,0,0,0,0,1,0,None,Low,45
2026-05-07 17:41:57,Check Point to Muea,3.12,17,Thursday,3,9.02,20.77,Medium,Clouds,No Rain,0,0,0,0,1,0,None,Low,45
2026-05-07 17:41:57,Great Soppo to Small Soppo,1.54,17,Thursday,3,6.33,14.64,Low,Clouds,No Rain,0,0,0,0,1,0,None,Low,25
2026-05-07 17:41:57,Great Soppo to Bongo Square,2.12,17,Thursday,3,6.23,20.44,Low,Clouds,No Rain,0,0,0,0,1,0,None,Low,25
2026-05-07 17:41:57,Great Soppo to Buea Town,0.89,17,Thursday,3,3.23,16.5,Low,Clouds,No Rain,0,0,0,0,1,0,None,Low,25
2026-05-07 17:41:57,Great Soppo to Muea,0.89,17,Thursday,3,3.23,16.5,Low,Clouds,No Rain,0,0,0,0,1,0,None,Low,25
2026-05-07 17:41:57,Small Soppo to Bongo Square,1.07,17,Thursday,3,3.72,17.24,Low,Clouds,No Rain,0,0,0,0,1,0,None,Low,25
2026-05-07 17:41:57,Small Soppo to Buea Town,0.52,17,Thursday,3,2.82,10.97,Low,Clouds,No Rain,0,0,0,0,1,0,None,Low,25
2026-05-07 17:41:57,Small Soppo to Muea,0.52,17,Thursday,3,3.03,10.19,Low,Clouds,No Rain,0,0,0,0,1,0,None,Low,25
2026-05-07 17:41:57,Bongo Square to Buea Town,1.24,17,Thursday,3,2.32,31.99,Low,Clouds,No Rain,0,0,0,0,1,0,None,Low,25
2026-05-07 17:41:57,Bongo Square to Muea,1.24,17,Thursday,3,2.32,31.99,Low,Clouds,No Rain,0,0,0,0,1,0,None,Low,25
2026-05-07 17:41:57,Bokwango to Molyko,6.15,17,Thursday,3,22.3,16.56,Low,Clouds,No Rain,0,0,0,0,1,0,None,Low,25
2026-05-07 17:41:57,Bokwango to Check Point,5.26,17,Thursday,3,19.6,16.11,Low,Clouds,No Rain,0,0,0,0,1,0,None,Low,25
2026-05-07 17:41:57,Bokwango to Buea Town,8.38,17,Thursday,3,28.2,17.84,Low,Clouds,No Rain,0,0,0,0,1,0,None,Low,25
2026-05-07 17:41:57,Bokwango to Great Soppo,9.27,17,Thursday,3,31.45,17.69,Low,Clouds,No Rain,0,0,0,0,1,0,None,Low,25
2026-05-07 17:41:57,Muea to Great Soppo,0.89,17,Thursday,3,3.23,16.5,Low,Clouds,No Rain,0,0,0,0,1,0,None,Low,25
2026-05-07 17:41:57,Muea to Molyko,2.92,17,Thursday,3,8.87,19.75,Low,Clouds,No Rain,0,0,0,0,1,0,None,Low,25
2026-05-07 17:41:57,Muea to Check Point,3.12,17,Thursday,3,8.52,21.99,Medium,Clouds,No Rain,0,0,0,0,1,0,None,Low,45
2026-05-07 17:41:57,Muea to Buea Town,0.0,17,Thursday,3,0.0,0,Low,Clouds,No Rain,0,0,0,0,1,0,None,Low,25
2026-05-07 17:41:57,Muea to Bonduma,2.06,17,Thursday,3,6.82,18.14,Medium,Clouds,No Rain,0,0,0,0,1,0,None,Low,45
2026-05-07 17:41:57,Muea to Malingo,5.04,17,Thursday,3,15.33,19.74,Low,Clouds,No Rain,0,0,0,0,1,0,None,Low,25
2026-05-07 17:41:57,Clerks Quarters to Governor Junction,1.33,17,Thursday,3,2.68,29.78,Low,Clouds,No Rain,0,0,0,0,1,0,None,Low,25
2026-05-07 17:41:57,Governor Junction to Long Street,0.0,17,Thursday,3,0.0,0,Low,Clouds,No Rain,0,0,0,0,1,0,None,Low,25
2026-05-07 17:41:57,Long Street to Bongo Square,1.24,17,Thursday,3,2.62,28.32,Low,Clouds,No Rain,0,0,0,0,1,0,None,Low,25
2026-05-07 17:41:57,Governor Junction to Buea Town,0.0,17,Thursday,3,0.0,0,Low,Clouds,No Rain,0,0,0,0,1,0,None,Low,25
2026-05-07 17:41:57,Molyko to UB Junction,6.39,17,Thursday,3,19.92,19.24,Low,Clouds,No Rain,0,0,0,0,1,0,None,Low,25
2026-05-07 17:41:57,UB Junction to Bonduma,3.88,17,Thursday,3,14.53,16.04,Low,Clouds,No Rain,0,0,0,0,1,0,None,Low,25
2026-05-07 17:41:57,Check Point to Molyko,4.17,17,Thursday,3,12.12,20.66,Low,Clouds,No Rain,0,0,0,0,1,0,None,Low,25
2026-05-07 17:41:57,Great Soppo to Check Point,4.01,17,Thursday,3,11.95,20.14,Low,Clouds,No Rain,0,0,0,0,1,0,None,Low,25
2026-05-07 17:41:57,Malingo to Bonduma,3.65,17,Thursday,3,12.45,17.61,Low,Clouds,No Rain,0,0,0,0,1,0,None,Low,25
2026-05-07 17:41:57,Buea Town to Malingo,5.04,17,Thursday,3,15.33,19.74,Low,Clouds,No Rain,0,0,0,0,1,0,None,Low,25
2026-05-07 17:41:57,Buea Town to Muea,0.0,17,Thursday,3,0.0,0,Low,Clouds,No Rain,0,0,0,0,1,0,None,Low,25
2026-05-07 17:51:57,Bonduma Gate to Mile 17,3.81,17,Thursday,3,10.77,21.25,Low,Clouds,No Rain,0,0,0,0,1,0,None,Low,25
2026-05-07 17:51:57,Bonduma to UB Junction,3.95,17,Thursday,3,13.83,17.12,Low,Clouds,No Rain,0,0,0,0,1,0,None,Low,25
2026-05-07 17:51:57,Bonduma to Molyko,3.11,17,Thursday,3,9.88,18.89,Low,Clouds,No Rain,0,0,0,0,1,0,None,Low,25
2026-05-07 17:51:57,Bonduma to Check Point,1.73,17,Thursday,3,5.02,20.7,Low,Clouds,No Rain,0,0,0,0,1,0,None,Low,25
2026-05-07 17:51:57,Bonduma to Muea,2.06,17,Thursday,3,6.87,18.01,Low,Clouds,No Rain,0,0,0,0,1,0,None,Low,25
2026-05-07 17:51:57,Bonduma to Great Soppo,2.95,17,Thursday,3,10.1,17.52,Low,Clouds,No Rain,0,0,0,0,1,0,None,Low,25
2026-05-07 17:51:57,Bonduma to Buea Town,2.06,17,Thursday,3,6.87,18.01,Low,Clouds,No Rain,0,0,0,0,1,0,None,Low,25
2026-05-07 17:51:57,Mile 16 to Mile 17,4.4,17,Thursday,3,11.98,22.04,Low,Clouds,No Rain,0,0,0,0,1,0,None,Low,25
2026-05-07 17:51:57,Mile 17 to Malingo,1.54,17,Thursday,3,4.98,18.58,Low,Clouds,No Rain,0,0,0,0,1,0,None,Low,25
2026-05-07 17:51:57,Mile 17 to UB Junction,2.05,17,Thursday,3,7.37,16.72,Low,Clouds,No Rain,0,0,0,0,1,0,None,Low,25
2026-05-07 17:51:57,Mile 17 to Check Point,2.47,17,Thursday,3,8.63,17.18,Low,Clouds,No Rain,0,0,0,0,1,0,None,Low,25
2026-05-07 17:51:57,Mile 17 to Muea,5.59,17,Thursday,3,17.23,19.48,Low,Clouds,No Rain,0,0,0,0,1,0,None,Low,25
2026-05-07 17:51:57,Mile 17 to Great Soppo,6.48,17,Thursday,3,20.47,19.01,Low,Clouds,No Rain,0,0,0,0,1,0,None,Low,25
2026-05-07 17:51:57,Malingo to UB Junction,3.47,17,Thursday,3,11.62,17.92,Low,Clouds,No Rain,0,0,0,0,1,0,None,Low,25
2026-05-07 17:51:57,Malingo to Check Point,2.02,17,Thursday,3,7.27,16.7,Low,Clouds,No Rain,0,0,0,0,1,0,None,Low,25
2026-05-07 17:51:57,Malingo to Molyko,6.09,17,Thursday,3,18.98,19.26,Low,Clouds,No Rain,0,0,0,0,1,0,None,Low,25
2026-05-07 17:51:57,Malingo to Muea,5.04,17,Thursday,3,15.67,19.32,Low,Clouds,No Rain,0,0,0,0,1,0,None,Low,25
2026-05-07 17:51:57,Malingo to Buea Town,5.04,17,Thursday,3,15.67,19.32,Low,Clouds,No Rain,0,0,0,0,1,0,None,Low,25
2026-05-07 17:51:57,UB Junction to Molyko,6.33,17,Thursday,3,20.38,18.62,Low,Clouds,No Rain,0,0,0,0,1,0,None,Low,25
2026-05-07 17:51:57,UB Junction to Check Point,2.15,17,Thursday,3,8.93,14.47,Low,Clouds,No Rain,0,0,0,0,1,0,None,Low,25
2026-05-07 17:51:57,UB Junction to Great Soppo,6.17,17,Thursday,3,20.75,17.83,Low,Clouds,No Rain,0,0,0,0,1,0,None,Low,25
2026-05-07 17:51:57,UB Junction to Buea Town,5.28,17,Thursday,3,17.5,18.09,Low,Clouds,No Rain,0,0,0,0,1,0,None,Low,25
2026-05-07 17:51:57,UB Junction to Muea,5.28,17,Thursday,3,17.47,18.12,Low,Clouds,No Rain,0,0,0,0,1,0,None,Low,25
2026-05-07 17:51:57,Molyko to Check Point,4.17,17,Thursday,3,11.73,21.33,Low,Clouds,No Rain,0,0,0,0,1,0,None,Low,25
2026-05-07 17:51:57,Molyko to Great Soppo,2.03,17,Thursday,3,5.93,20.52,Low,Clouds,No Rain,0,0,0,0,1,0,None,Low,25
2026-05-07 17:51:57,Molyko to Small Soppo,3.57,17,Thursday,3,12.55,17.09,Low,Clouds,No Rain,0,0,0,0,1,0,None,Low,25
2026-05-07 17:51:57,Molyko to Bongo Square,4.15,17,Thursday,3,12.62,19.75,Low,Clouds,No Rain,0,0,0,0,1,0,None,Low,25
2026-05-07 17:51:57,Molyko to Buea Town,2.92,17,Thursday,3,9.17,19.1,Low,Clouds,No Rain,0,0,0,0,1,0,None,Low,25
2026-05-07 17:51:57,Molyko to Muea,2.92,17,Thursday,3,9.17,19.1,Low,Clouds,No Rain,0,0,0,0,1,0,None,Low,25
2026-05-07 17:51:57,Molyko to Bokwango,6.15,17,Thursday,3,22.27,16.58,Low,Clouds,No Rain,0,0,0,0,1,0,None,Low,25
2026-05-07 17:51:57,Check Point to Buea Town,3.12,17,Thursday,3,8.78,21.33,Low,Clouds,No Rain,0,0,0,0,1,0,None,Low,25
2026-05-07 17:51:57,Check Point to Great Soppo,4.01,17,Thursday,3,12.03,20.0,Low,Clouds,No Rain,0,0,0,0,1,0,None,Low,25
2026-05-07 17:51:57,Check Point to Small Soppo,3.78,17,Thursday,3,11.47,19.77,Low,Clouds,No Rain,0,0,0,0,1,0,None,Low,25
2026-05-07 17:51:57,Check Point to Bongo Square,4.36,17,Thursday,3,11.27,23.2,Low,Clouds,No Rain,0,0,0,0,1,0,None,Low,25
2026-05-07 17:51:57,Check Point to Muea,3.12,17,Thursday,3,8.78,21.33,Low,Clouds,No Rain,0,0,0,0,1,0,None,Low,25
2026-05-07 17:51:57,Great Soppo to Small Soppo,1.54,17,Thursday,3,6.3,14.71,Low,Clouds,No Rain,0,0,0,0,1,0,None,Low,25
2026-05-07 17:51:57,Great Soppo to Bongo Square,2.12,17,Thursday,3,6.1,20.89,Low,Clouds,No Rain,0,0,0,0,1,0,None,Low,25
2026-05-07 17:51:57,Great Soppo to Buea Town,0.89,17,Thursday,3,3.23,16.5,Low,Clouds,No Rain,0,0,0,0,1,0,None,Low,25
2026-05-07 17:51:57,Great Soppo to Muea,0.89,17,Thursday,3,3.23,16.5,Low,Clouds,No Rain,0,0,0,0,1,0,None,Low,25
2026-05-07 17:51:57,Small Soppo to Bongo Square,1.07,17,Thursday,3,3.7,17.32,Low,Clouds,No Rain,0,0,0,0,1,0,None,Low,25
2026-05-07 17:51:57,Small Soppo to Buea Town,0.52,17,Thursday,3,2.95,10.47,Low,Clouds,No Rain,0,0,0,0,1,0,None,Low,25
2026-05-07 17:51:57,Small Soppo to Muea,0.52,17,Thursday,3,2.85,10.84,Low,Clouds,No Rain,0,0,0,0,1,0,None,Low,25
2026-05-07 17:51:57,Bongo Square to Buea Town,1.24,17,Thursday,3,2.25,32.93,Low,Clouds,No Rain,0,0,0,0,1,0,None,Low,25
2026-05-07 17:51:57,Bongo Square to Muea,1.24,17,Thursday,3,2.25,32.93,Low,Clouds,No Rain,0,0,0,0,1,0,None,Low,25
2026-05-07 17:51:57,Bokwango to Molyko,6.15,17,Thursday,3,22.35,16.52,Low,Clouds,No Rain,0,0,0,0,1,0,None,Low,25
2026-05-07 17:51:57,Bokwango to Check Point,5.26,17,Thursday,3,19.68,16.04,Low,Clouds,No Rain,0,0,0,0,1,0,None,Low,25
2026-05-07 17:51:57,Bokwango to Buea Town,8.38,17,Thursday,3,28.2,17.84,Low,Clouds,No Rain,0,0,0,0,1,0,None,Low,25
2026-05-07 17:51:57,Bokwango to Great Soppo,9.27,17,Thursday,3,31.43,17.7,Low,Clouds,No Rain,0,0,0,0,1,0,None,Low,25
2026-05-07 17:51:57,Muea to Great Soppo,0.89,17,Thursday,3,3.23,16.5,Low,Clouds,No Rain,0,0,0,0,1,0,None,Low,25
2026-05-07 17:51:57,Muea to Molyko,2.92,17,Thursday,3,8.87,19.75,Low,Clouds,No Rain,0,0,0,0,1,0,None,Low,25
2026-05-07 17:51:57,Muea to Check Point,3.12,17,Thursday,3,8.1,23.13,Low,Clouds,No Rain,0,0,0,0,1,0,None,Low,25
2026-05-07 17:51:57,Muea to Buea Town,0.0,17,Thursday,3,0.0,0,Low,Clouds,No Rain,0,0,0,0,1,0,None,Low,25
2026-05-07 17:51:57,Muea to Bonduma,2.06,17,Thursday,3,6.47,19.12,Low,Clouds,No Rain,0,0,0,0,1,0,None,Low,25
2026-05-07 17:51:57,Muea to Malingo,5.04,17,Thursday,3,14.92,20.29,Low,Clouds,No Rain,0,0,0,0,1,0,None,Low,25
2026-05-07 17:51:57,Clerks Quarters to Governor Junction,1.33,17,Thursday,3,2.6,30.74,Low,Clouds,No Rain,0,0,0,0,1,0,None,Low,25
2026-05-07 17:51:57,Governor Junction to Long Street,0.0,17,Thursday,3,0.0,0,Low,Clouds,No Rain,0,0,0,0,1,0,None,Low,25
2026-05-07 17:51:57,Long Street to Bongo Square,1.24,17,Thursday,3,2.55,29.06,Low,Clouds,No Rain,0,0,0,0,1,0,None,Low,25
2026-05-07 17:51:57,Governor Junction to Buea Town,0.0,17,Thursday,3,0.0,0,Low,Clouds,No Rain,0,0,0,0,1,0,None,Low,25
2026-05-07 17:51:57,Molyko to UB Junction,6.39,17,Thursday,3,19.92,19.24,Low,Clouds,No Rain,0,0,0,0,1,0,None,Low,25
2026-05-07 17:51:57,UB Junction to Bonduma,3.88,17,Thursday,3,14.25,16.36,Low,Clouds,No Rain,0,0,0,0,1,0,None,Low,25
2026-05-07 17:51:57,Check Point to Molyko,4.17,17,Thursday,3,12.0,20.86,Low,Clouds,No Rain,0,0,0,0,1,0,None,Low,25
2026-05-07 17:51:57,Great Soppo to Check Point,4.01,17,Thursday,3,11.65,20.66,Low,Clouds,No Rain,0,0,0,0,1,0,None,Low,25
2026-05-07 17:51:57,Malingo to Bonduma,3.65,17,Thursday,3,12.5,17.54,Low,Clouds,No Rain,0,0,0,0,1,0,None,Low,25
2026-05-07 17:51:57,Buea Town to Malingo,5.04,17,Thursday,3,14.93,20.27,Low,Clouds,No Rain,0,0,0,0,1,0,None,Low,25
2026-05-07 17:51:57,Buea Town to Muea,0.0,17,Thursday,3,0.0,0,Low,Clouds,No Rain,0,0,0,0,1,0,None,Low,25
2026-05-07 18:01:57,Bonduma Gate to Mile 17,3.81,18,Thursday,3,10.73,21.31,Low,Clouds,No Rain,0,0,0,0,1,0,None,Low,25
2026-05-07 18:01:57,Bonduma to UB Junction,3.95,18,Thursday,3,13.77,17.2,Low,Clouds,No Rain,0,0,0,0,1,0,None,Low,25
2026-05-07 18:01:57,Bonduma to Molyko,3.11,18,Thursday,3,9.88,18.89,Low,Clouds,No Rain,0,0,0,0,1,0,None,Low,25
2026-05-07 18:01:57,Bonduma to Check Point,1.73,18,Thursday,3,5.03,20.63,Low,Clouds,No Rain,0,0,0,0,1,0,None,Low,25
2026-05-07 18:01:57,Bonduma to Muea,2.06,18,Thursday,3,6.78,18.23,Low,Clouds,No Rain,0,0,0,0,1,0,None,Low,25
2026-05-07 18:01:57,Bonduma to Great Soppo,2.95,18,Thursday,3,10.03,17.64,Low,Clouds,No Rain,0,0,0,0,1,0,None,Low,25
2026-05-07 18:01:57,Bonduma to Buea Town,2.06,18,Thursday,3,6.78,18.23,Low,Clouds,No Rain,0,0,0,0,1,0,None,Low,25
2026-05-07 18:01:57,Mile 16 to Mile 17,4.4,18,Thursday,3,11.95,22.1,Low,Clouds,No Rain,0,0,0,0,1,0,None,Low,25
2026-05-07 18:01:57,Mile 17 to Malingo,1.54,18,Thursday,3,5.05,18.33,Low,Clouds,No Rain,0,0,0,0,1,0,None,Low,25
2026-05-07 18:01:57,Mile 17 to UB Junction,2.05,18,Thursday,3,7.43,16.57,Low,Clouds,No Rain,0,0,0,0,1,0,None,Low,25
2026-05-07 18:01:57,Mile 17 to Check Point,2.47,18,Thursday,3,8.62,17.21,Low,Clouds,No Rain,0,0,0,0,1,0,None,Low,25
2026-05-07 18:01:57,Mile 17 to Muea,5.59,18,Thursday,3,17.07,19.67,Low,Clouds,No Rain,0,0,0,0,1,0,None,Low,25
2026-05-07 18:01:57,Mile 17 to Great Soppo,6.48,18,Thursday,3,20.3,19.16,Low,Clouds,No Rain,0,0,0,0,1,0,None,Low,25
2026-05-07 18:01:57,Malingo to UB Junction,3.47,18,Thursday,3,11.83,17.59,Low,Clouds,No Rain,0,0,0,0,1,0,None,Low,25
2026-05-07 18:01:57,Malingo to Check Point,2.02,18,Thursday,3,7.05,17.21,Low,Clouds,No Rain,0,0,0,0,1,0,None,Low,25
2026-05-07 18:01:57,Malingo to Molyko,6.09,18,Thursday,3,18.68,19.57,Low,Clouds,No Rain,0,0,0,0,1,0,None,Low,25
2026-05-07 18:01:57,Malingo to Muea,5.04,18,Thursday,3,15.48,19.55,Low,Clouds,No Rain,0,0,0,0,1,0,None,Low,25
2026-05-07 18:01:57,Malingo to Buea Town,5.04,18,Thursday,3,15.48,19.55,Low,Clouds,No Rain,0,0,0,0,1,0,None,Low,25
2026-05-07 18:01:57,UB Junction to Molyko,6.33,18,Thursday,3,20.45,18.56,Low,Clouds,No Rain,0,0,0,0,1,0,None,Low,25
2026-05-07 18:01:57,UB Junction to Check Point,2.15,18,Thursday,3,8.95,14.45,Low,Clouds,No Rain,0,0,0,0,1,0,None,Low,25
2026-05-07 18:01:57,UB Junction to Great Soppo,6.17,18,Thursday,3,20.73,17.84,Low,Clouds,No Rain,0,0,0,0,1,0,None,Low,25
2026-05-07 18:01:57,UB Junction to Buea Town,5.28,18,Thursday,3,17.48,18.11,Low,Clouds,No Rain,0,0,0,0,1,0,None,Low,25
2026-05-07 18:01:57,UB Junction to Muea,5.28,18,Thursday,3,17.48,18.11,Low,Clouds,No Rain,0,0,0,0,1,0,None,Low,25
2026-05-07 18:01:57,Molyko to Check Point,4.17,18,Thursday,3,11.68,21.43,Low,Clouds,No Rain,0,0,0,0,1,0,None,Low,25
2026-05-07 18:01:57,Molyko to Great Soppo,2.03,18,Thursday,3,5.93,20.52,Low,Clouds,No Rain,0,0,0,0,1,0,None,Low,25
2026-05-07 18:01:57,Molyko to Small Soppo,3.57,18,Thursday,3,12.4,17.29,Low,Clouds,No Rain,0,0,0,0,1,0,None,Low,25
2026-05-07 18:01:57,Molyko to Bongo Square,4.15,18,Thursday,3,12.43,20.04,Low,Clouds,No Rain,0,0,0,0,1,0,None,Low,25
2026-05-07 18:01:57,Molyko to Buea Town,2.92,18,Thursday,3,9.17,19.1,Low,Clouds,No Rain,0,0,0,0,1,0,None,Low,25
2026-05-07 18:01:57,Molyko to Muea,2.92,18,Thursday,3,9.17,19.1,Low,Clouds,No Rain,0,0,0,0,1,0,None,Low,25
2026-05-07 18:01:57,Molyko to Bokwango,6.15,18,Thursday,3,22.2,16.63,Low,Clouds,No Rain,0,0,0,0,1,0,None,Low,25
2026-05-07 18:01:57,Check Point to Buea Town,3.12,18,Thursday,3,8.62,21.74,Low,Clouds,No Rain,0,0,0,0,1,0,None,Low,25
2026-05-07 18:01:57,Check Point to Great Soppo,4.01,18,Thursday,3,11.85,20.31,Low,Clouds,No Rain,0,0,0,0,1,0,None,Low,25
2026-05-07 18:01:57,Check Point to Small Soppo,3.78,18,Thursday,3,11.22,20.21,Low,Clouds,No Rain,0,0,0,0,1,0,None,Low,25
2026-05-07 18:01:57,Check Point to Bongo Square,4.36,18,Thursday,3,10.93,23.91,Low,Clouds,No Rain,0,0,0,0,1,0,None,Low,25
2026-05-07 18:01:57,Check Point to Muea,3.12,18,Thursday,3,8.6,21.78,Low,Clouds,No Rain,0,0,0,0,1,0,None,Low,25
2026-05-07 18:01:57,Great Soppo to Small Soppo,1.54,18,Thursday,3,6.27,14.79,Low,Clouds,No Rain,0,0,0,0,1,0,None,Low,25
2026-05-07 18:01:57,Great Soppo to Bongo Square,2.12,18,Thursday,3,5.93,21.48,Low,Clouds,No Rain,0,0,0,0,1,0,None,Low,25
2026-05-07 18:01:57,Great Soppo to Buea Town,0.89,18,Thursday,3,3.23,16.5,Low,Clouds,No Rain,0,0,0,0,1,0,None,Low,25
2026-05-07 18:01:57,Great Soppo to Muea,0.89,18,Thursday,3,3.23,16.5,Low,Clouds,No Rain,0,0,0,0,1,0,None,Low,25
2026-05-07 18:01:57,Small Soppo to Bongo Square,1.07,18,Thursday,3,3.67,17.48,Low,Clouds,No Rain,0,0,0,0,1,0,None,Low,25
2026-05-07 18:01:57,Small Soppo to Buea Town,0.52,18,Thursday,3,2.97,10.42,Low,Clouds,No Rain,0,0,0,0,1,0,None,Low,25
2026-05-07 18:01:57,Small Soppo to Muea,0.52,18,Thursday,3,2.97,10.42,Low,Clouds,No Rain,0,0,0,0,1,0,None,Low,25
2026-05-07 18:01:57,Bongo Square to Buea Town,1.24,18,Thursday,3,2.27,32.69,Low,Clouds,No Rain,0,0,0,0,1,0,None,Low,25
2026-05-07 18:01:57,Bongo Square to Muea,1.24,18,Thursday,3,2.27,32.69,Low,Clouds,No Rain,0,0,0,0,1,0,None,Low,25
2026-05-07 18:01:57,Bokwango to Molyko,6.15,18,Thursday,3,22.35,16.52,Low,Clouds,No Rain,0,0,0,0,1,0,None,Low,25
2026-05-07 18:01:57,Bokwango to Check Point,5.26,18,Thursday,3,19.85,15.91,Low,Clouds,No Rain,0,0,0,0,1,0,None,Low,25
2026-05-07 18:01:57,Bokwango to Buea Town,8.38,18,Thursday,3,28.47,17.67,Low,Clouds,No Rain,0,0,0,0,1,0,None,Low,25
2026-05-07 18:01:57,Bokwango to Great Soppo,9.27,18,Thursday,3,31.7,17.55,Low,Clouds,No Rain,0,0,0,0,1,0,None,Low,25
2026-05-07 18:01:57,Muea to Great Soppo,0.89,18,Thursday,3,3.23,16.5,Low,Clouds,No Rain,0,0,0,0,1,0,None,Low,25
2026-05-07 18:01:57,Muea to Molyko,2.92,18,Thursday,3,8.87,19.75,Low,Clouds,No Rain,0,0,0,0,1,0,None,Low,25
2026-05-07 18:01:57,Muea to Check Point,3.12,18,Thursday,3,8.07,23.22,Low,Clouds,No Rain,0,0,0,0,1,0,None,Low,25
2026-05-07 18:01:57,Muea to Buea Town,0.0,18,Thursday,3,0.0,0,Low,Clouds,No Rain,0,0,0,0,1,0,None,Low,25
2026-05-07 18:01:57,Muea to Bonduma,2.06,18,Thursday,3,6.45,19.17,Low,Clouds,No Rain,0,0,0,0,1,0,None,Low,25
2026-05-07 18:01:57,Muea to Malingo,5.04,18,Thursday,3,14.88,20.34,Low,Clouds,No Rain,0,0,0,0,1,0,None,Low,25
2026-05-07 18:01:57,Clerks Quarters to Governor Junction,1.33,18,Thursday,3,2.62,30.54,Low,Clouds,No Rain,0,0,0,0,1,0,None,Low,25
2026-05-07 18:01:57,Governor Junction to Long Street,0.0,18,Thursday,3,0.0,0,Low,Clouds,No Rain,0,0,0,0,1,0,None,Low,25
2026-05-07 18:01:57,Long Street to Bongo Square,1.24,18,Thursday,3,2.48,29.84,Low,Clouds,No Rain,0,0,0,0,1,0,None,Low,25
2026-05-07 18:01:57,Governor Junction to Buea Town,0.0,18,Thursday,3,0.0,0,Low,Clouds,No Rain,0,0,0,0,1,0,None,Low,25
2026-05-07 18:01:57,Molyko to UB Junction,6.39,18,Thursday,3,19.95,19.21,Low,Clouds,No Rain,0,0,0,0,1,0,None,Low,25
2026-05-07 18:01:57,UB Junction to Bonduma,3.88,18,Thursday,3,14.2,16.42,Low,Clouds,No Rain,0,0,0,0,1,0,None,Low,25
2026-05-07 18:01:57,Check Point to Molyko,4.17,18,Thursday,3,11.92,21.01,Low,Clouds,No Rain,0,0,0,0,1,0,None,Low,25
2026-05-07 18:01:57,Great Soppo to Check Point,4.01,18,Thursday,3,11.8,20.39,Low,Clouds,No Rain,0,0,0,0,1,0,None,Low,25
2026-05-07 18:01:57,Malingo to Bonduma,3.65,18,Thursday,3,12.27,17.87,Low,Clouds,No Rain,0,0,0,0,1,0,None,Low,25
2026-05-07 18:01:57,Buea Town to Malingo,5.04,18,Thursday,3,14.88,20.34,Low,Clouds,No Rain,0,0,0,0,1,0,None,Low,25
2026-05-07 18:01:57,Buea Town to Muea,0.0,18,Thursday,3,0.0,0,Low,Clouds,No Rain,0,0,0,0,1,0,None,Low,25
2026-05-07 18:11:57,Bonduma Gate to Mile 17,3.81,18,Thursday,3,10.77,21.25,Low,Clouds,No Rain,0,0,0,0,1,0,None,Low,25
2026-05-07 18:11:57,Bonduma to UB Junction,3.95,18,Thursday,3,13.8,17.16,Low,Clouds,No Rain,0,0,0,0,1,0,None,Low,25
2026-05-07 18:11:57,Bonduma to Molyko,3.11,18,Thursday,3,9.88,18.89,Low,Clouds,No Rain,0,0,0,0,1,0,None,Low,25
2026-05-07 18:11:57,Bonduma to Check Point,1.73,18,Thursday,3,5.1,20.36,Low,Clouds,No Rain,0,0,0,0,1,0,None,Low,25
2026-05-07 18:11:57,Bonduma to Muea,2.06,18,Thursday,3,6.75,18.32,Low,Clouds,No Rain,0,0,0,0,1,0,None,Low,25
2026-05-07 18:11:57,Bonduma to Great Soppo,2.95,18,Thursday,3,9.98,17.73,Low,Clouds,No Rain,0,0,0,0,1,0,None,Low,25
2026-05-07 18:11:57,Bonduma to Buea Town,2.06,18,Thursday,3,6.75,18.32,Low,Clouds,No Rain,0,0,0,0,1,0,None,Low,25
2026-05-07 18:11:57,Mile 16 to Mile 17,4.4,18,Thursday,3,12.0,22.01,Low,Clouds,No Rain,0,0,0,0,1,0,None,Low,25
2026-05-07 18:11:57,Mile 17 to Malingo,1.54,18,Thursday,3,5.22,17.75,Low,Clouds,No Rain,0,0,0,0,1,0,None,Low,25
2026-05-07 18:11:57,Mile 17 to UB Junction,2.05,18,Thursday,3,7.45,16.53,Low,Clouds,No Rain,0,0,0,0,1,0,None,Low,25
2026-05-07 18:11:57,Mile 17 to Check Point,2.47,18,Thursday,3,8.8,16.85,Low,Clouds,No Rain,0,0,0,0,1,0,None,Low,25
2026-05-07 18:11:57,Mile 17 to Muea,5.59,18,Thursday,3,17.4,19.29,Low,Clouds,No Rain,0,0,0,0,1,0,None,Low,25
2026-05-07 18:11:57,Mile 17 to Great Soppo,6.48,18,Thursday,3,20.63,18.85,Low,Clouds,No Rain,0,0,0,0,1,0,None,Low,25
2026-05-07 18:11:57,Malingo to UB Junction,3.47,18,Thursday,3,11.8,17.64,Low,Clouds,No Rain,0,0,0,0,1,0,None,Low,25
2026-05-07 18:11:57,Malingo to Check Point,2.02,18,Thursday,3,7.1,17.09,Low,Clouds,No Rain,0,0,0,0,1,0,None,Low,25
2026-05-07 18:11:57,Malingo to Molyko,6.09,18,Thursday,3,18.83,19.42,Low,Clouds,No Rain,0,0,0,0,1,0,None,Low,25
2026-05-07 18:11:57,Malingo to Muea,5.04,18,Thursday,3,15.67,19.32,Low,Clouds,No Rain,0,0,0,0,1,0,None,Low,25
2026-05-07 18:11:57,Malingo to Buea Town,5.04,18,Thursday,3,15.67,19.32,Low,Clouds,No Rain,0,0,0,0,1,0,None,Low,25
2026-05-07 18:11:57,UB Junction to Molyko,6.33,18,Thursday,3,20.5,18.52,Low,Clouds,No Rain,0,0,0,0,1,0,None,Low,25
2026-05-07 18:11:57,UB Junction to Check Point,2.15,18,Thursday,3,9.03,14.31,Low,Clouds,No Rain,0,0,0,0,1,0,None,Low,25
2026-05-07 18:11:57,UB Junction to Great Soppo,6.17,18,Thursday,3,20.88,17.71,Low,Clouds,No Rain,0,0,0,0,1,0,None,Low,25
2026-05-07 18:11:57,UB Junction to Buea Town,5.28,18,Thursday,3,17.65,17.94,Low,Clouds,No Rain,0,0,0,0,1,0,None,Low,25
2026-05-07 18:11:57,UB Junction to Muea,5.28,18,Thursday,3,17.65,17.94,Low,Clouds,No Rain,0,0,0,0,1,0,None,Low,25
2026-05-07 18:11:57,Molyko to Check Point,4.17,18,Thursday,3,11.7,21.39,Low,Clouds,No Rain,0,0,0,0,1,0,None,Low,25
2026-05-07 18:11:57,Molyko to Great Soppo,2.03,18,Thursday,3,5.93,20.52,Low,Clouds,No Rain,0,0,0,0,1,0,None,Low,25
2026-05-07 18:11:57,Molyko to Small Soppo,3.57,18,Thursday,3,12.47,17.2,Low,Clouds,No Rain,0,0,0,0,1,0,None,Low,25
2026-05-07 18:11:57,Molyko to Bongo Square,4.15,18,Thursday,3,12.12,20.57,Low,Clouds,No Rain,0,0,0,0,1,0,None,Low,25
2026-05-07 18:11:57,Molyko to Buea Town,2.92,18,Thursday,3,9.17,19.1,Low,Clouds,No Rain,0,0,0,0,1,0,None,Low,25
2026-05-07 18:11:57,Molyko to Muea,2.92,18,Thursday,3,9.17,19.1,Low,Clouds,No Rain,0,0,0,0,1,0,None,Low,25
2026-05-07 18:11:57,Molyko to Bokwango,6.15,18,Thursday,3,22.25,16.59,Low,Clouds,No Rain,0,0,0,0,1,0,None,Low,25
2026-05-07 18:11:57,Check Point to Buea Town,3.12,18,Thursday,3,8.62,21.74,Low,Clouds,No Rain,0,0,0,0,1,0,None,Low,25
2026-05-07 18:11:57,Check Point to Great Soppo,4.01,18,Thursday,3,11.85,20.31,Low,Clouds,No Rain,0,0,0,0,1,0,None,Low,25
2026-05-07 18:11:57,Check Point to Small Soppo,3.78,18,Thursday,3,11.18,20.27,Low,Clouds,No Rain,0,0,0,0,1,0,None,Low,25
2026-05-07 18:11:57,Check Point to Bongo Square,4.36,18,Thursday,3,10.9,23.98,Low,Clouds,No Rain,0,0,0,0,1,0,None,Low,25
2026-05-07 18:11:57,Check Point to Muea,3.12,18,Thursday,3,8.62,21.74,Low,Clouds,No Rain,0,0,0,0,1,0,None,Low,25
2026-05-07 18:11:57,Great Soppo to Small Soppo,1.54,18,Thursday,3,6.28,14.75,Low,Clouds,No Rain,0,0,0,0,1,0,None,Low,25
2026-05-07 18:11:57,Great Soppo to Bongo Square,2.12,18,Thursday,3,5.88,21.66,Low,Clouds,No Rain,0,0,0,0,1,0,None,Low,25
2026-05-07 18:11:57,Great Soppo to Buea Town,0.89,18,Thursday,3,3.23,16.5,Low,Clouds,No Rain,0,0,0,0,1,0,None,Low,25
2026-05-07 18:11:57,Great Soppo to Muea,0.89,18,Thursday,3,3.23,16.5,Low,Clouds,No Rain,0,0,0,0,1,0,None,Low,25
2026-05-07 18:11:57,Small Soppo to Bongo Square,1.07,18,Thursday,3,3.63,17.64,Low,Clouds,No Rain,0,0,0,0,1,0,None,Low,25
2026-05-07 18:11:57,Small Soppo to Buea Town,0.52,18,Thursday,3,2.85,10.84,Low,Clouds,No Rain,0,0,0,0,1,0,None,Low,25
2026-05-07 18:11:57,Small Soppo to Muea,0.52,18,Thursday,3,2.95,10.47,Low,Clouds,No Rain,0,0,0,0,1,0,None,Low,25
2026-05-07 18:11:57,Bongo Square to Buea Town,1.24,18,Thursday,3,2.27,32.69,Low,Clouds,No Rain,0,0,0,0,1,0,None,Low,25
2026-05-07 18:11:57,Bongo Square to Muea,1.24,18,Thursday,3,2.27,32.69,Low,Clouds,No Rain,0,0,0,0,1,0,None,Low,25
2026-05-07 18:11:57,Bokwango to Molyko,6.15,18,Thursday,3,22.4,16.48,Low,Clouds,No Rain,0,0,0,0,1,0,None,Low,25
2026-05-07 18:11:57,Bokwango to Check Point,5.26,18,Thursday,3,19.73,16.0,Low,Clouds,No Rain,0,0,0,0,1,0,None,Low,25
2026-05-07 18:11:57,Bokwango to Buea Town,8.38,18,Thursday,3,28.23,17.82,Low,Clouds,No Rain,0,0,0,0,1,0,None,Low,25
2026-05-07 18:11:57,Bokwango to Great Soppo,9.27,18,Thursday,3,31.47,17.68,Low,Clouds,No Rain,0,0,0,0,1,0,None,Low,25
2026-05-07 18:11:57,Muea to Great Soppo,0.89,18,Thursday,3,3.23,16.5,Low,Clouds,No Rain,0,0,0,0,1,0,None,Low,25
2026-05-07 18:11:57,Muea to Molyko,2.92,18,Thursday,3,8.87,19.75,Low,Clouds,No Rain,0,0,0,0,1,0,None,Low,25
2026-05-07 18:11:57,Muea to Check Point,3.12,18,Thursday,3,8.23,22.75,Low,Clouds,No Rain,0,0,0,0,1,0,None,Low,25
2026-05-07 18:11:57,Muea to Buea Town,0.0,18,Thursday,3,0.0,0,Low,Clouds,No Rain,0,0,0,0,1,0,None,Low,25
2026-05-07 18:11:57,Muea to Bonduma,2.06,18,Thursday,3,6.52,18.98,Low,Clouds,No Rain,0,0,0,0,1,0,None,Low,25
2026-05-07 18:11:57,Muea to Malingo,5.04,18,Thursday,3,15.08,20.07,Low,Clouds,No Rain,0,0,0,0,1,0,None,Low,25
2026-05-07 18:11:57,Clerks Quarters to Governor Junction,1.33,18,Thursday,3,2.62,30.54,Low,Clouds,No Rain,0,0,0,0,1,0,None,Low,25
2026-05-07 18:11:57,Governor Junction to Long Street,0.0,18,Thursday,3,0.0,0,Low,Clouds,No Rain,0,0,0,0,1,0,None,Low,25
2026-05-07 18:11:57,Long Street to Bongo Square,1.24,18,Thursday,3,2.33,31.76,Low,Clouds,No Rain,0,0,0,0,1,0,None,Low,25
2026-05-07 18:11:57,Governor Junction to Buea Town,0.0,18,Thursday,3,0.0,0,Low,Clouds,No Rain,0,0,0,0,1,0,None,Low,25
2026-05-07 18:11:57,Molyko to UB Junction,6.39,18,Thursday,3,19.93,19.23,Low,Clouds,No Rain,0,0,0,0,1,0,None,Low,25
2026-05-07 18:11:57,UB Junction to Bonduma,3.88,18,Thursday,3,14.32,16.28,Low,Clouds,No Rain,0,0,0,0,1,0,None,Low,25
2026-05-07 18:11:57,Check Point to Molyko,4.17,18,Thursday,3,11.97,20.92,Low,Clouds,No Rain,0,0,0,0,1,0,None,Low,25
2026-05-07 18:11:57,Great Soppo to Check Point,4.01,18,Thursday,3,12.0,20.05,Low,Clouds,No Rain,0,0,0,0,1,0,None,Low,25
2026-05-07 18:11:57,Malingo to Bonduma,3.65,18,Thursday,3,12.57,17.45,Low,Clouds,No Rain,0,0,0,0,1,0,None,Low,25
2026-05-07 18:11:57,Buea Town to Malingo,5.04,18,Thursday,3,15.07,20.09,Low,Clouds,No Rain,0,0,0,0,1,0,None,Low,25
2026-05-07 18:11:57,Buea Town to Muea,0.0,18,Thursday,3,0.0,0,Low,Clouds,No Rain,0,0,0,0,1,0,None,Low,25
2026-05-07 18:21:57,Mile 17 to Check Point,2.47,18,Thursday,3,8.67,17.11,Low,Error,Unknown,0,0,0,0,1,0,None,Low,25
2026-05-07 18:21:57,Mile 17 to Muea,5.59,18,Thursday,3,17.15,19.57,Low,Error,Unknown,0,0,0,0,1,0,None,Low,25
2026-05-07 18:21:57,Mile 17 to Great Soppo,6.48,18,Thursday,3,20.4,19.07,Low,Error,Unknown,0,0,0,0,1,0,None,Low,25
2026-05-07 18:21:57,Malingo to UB Junction,3.47,18,Thursday,3,11.8,17.64,Low,Error,Unknown,0,0,0,0,1,0,None,Low,25
2026-05-07 18:21:57,Malingo to Check Point,1.92,18,Thursday,3,7.2,16.02,Low,Error,Unknown,0,0,0,0,1,0,None,Low,25
2026-05-07 18:21:57,Malingo to Molyko,6.09,18,Thursday,3,18.78,19.47,Low,Error,Unknown,0,0,0,0,1,0,None,Low,25
2026-05-07 18:21:57,Malingo to Muea,5.04,18,Thursday,3,15.52,19.51,Low,Error,Unknown,0,0,0,0,1,0,None,Low,25
2026-05-07 18:21:57,Malingo to Buea Town,5.04,18,Thursday,3,15.52,19.51,Low,Error,Unknown,0,0,0,0,1,0,None,Low,25
2026-05-07 18:21:57,UB Junction to Molyko,6.33,18,Thursday,3,20.33,18.67,Low,Error,Unknown,0,0,0,0,1,0,None,Low,25
2026-05-07 18:21:57,UB Junction to Check Point,2.15,18,Thursday,3,8.9,14.53,Low,Error,Unknown,0,0,0,0,1,0,None,Low,25
2026-05-07 18:21:57,UB Junction to Great Soppo,6.17,18,Thursday,3,20.6,17.96,Low,Error,Unknown,0,0,0,0,1,0,None,Low,25
2026-05-07 18:21:57,UB Junction to Buea Town,5.28,18,Thursday,3,17.35,18.25,Low,Error,Unknown,0,0,0,0,1,0,None,Low,25
2026-05-07 18:21:57,UB Junction to Muea,5.28,18,Thursday,3,17.35,18.25,Low,Error,Unknown,0,0,0,0,1,0,None,Low,25
2026-05-07 18:21:57,Molyko to Check Point,4.17,18,Thursday,3,11.83,21.15,Low,Error,Unknown,0,0,0,0,1,0,None,Low,25
2026-05-07 18:21:57,Molyko to Great Soppo,2.03,18,Thursday,3,5.93,20.52,Low,Error,Unknown,0,0,0,0,1,0,None,Low,25
2026-05-07 18:21:57,Molyko to Small Soppo,3.57,18,Thursday,3,12.5,17.16,Low,Error,Unknown,0,0,0,0,1,0,None,Low,25
2026-05-07 18:21:57,Molyko to Bongo Square,4.15,18,Thursday,3,12.17,20.48,Low,Error,Unknown,0,0,0,0,1,0,None,Low,25
2026-05-07 18:21:57,Molyko to Buea Town,2.92,18,Thursday,3,9.17,19.1,Low,Error,Unknown,0,0,0,0,1,0,None,Low,25
2026-05-07 18:21:57,Molyko to Muea,2.92,18,Thursday,3,9.17,19.1,Low,Error,Unknown,0,0,0,0,1,0,None,Low,25
2026-05-07 18:21:57,Molyko to Bokwango,6.15,18,Thursday,3,22.18,16.64,Low,Error,Unknown,0,0,0,0,1,0,None,Low,25
2026-05-07 18:21:57,Check Point to Buea Town,3.12,18,Thursday,3,8.67,21.61,Low,Error,Unknown,0,0,0,0,1,0,None,Low,25
2026-05-07 18:21:57,Check Point to Great Soppo,4.01,18,Thursday,3,11.9,20.22,Low,Error,Unknown,0,0,0,0,1,0,None,Low,25
2026-05-07 18:21:57,Check Point to Small Soppo,3.78,18,Thursday,3,11.23,20.18,Low,Error,Unknown,0,0,0,0,1,0,None,Low,25
2026-05-07 18:21:57,Check Point to Bongo Square,4.36,18,Thursday,3,10.97,23.84,Low,Error,Unknown,0,0,0,0,1,0,None,Low,25
2026-05-07 18:21:57,Check Point to Muea,3.12,18,Thursday,3,8.65,21.66,Low,Error,Unknown,0,0,0,0,1,0,None,Low,25
2026-05-07 18:21:57,Great Soppo to Small Soppo,1.54,18,Thursday,3,6.27,14.79,Low,Error,Unknown,0,0,0,0,1,0,None,Low,25
2026-05-07 18:21:57,Great Soppo to Bongo Square,2.12,18,Thursday,3,5.88,21.66,Low,Error,Unknown,0,0,0,0,1,0,None,Low,25
2026-05-07 18:21:57,Great Soppo to Buea Town,0.89,18,Thursday,3,3.23,16.5,Low,Error,Unknown,0,0,0,0,1,0,None,Low,25
2026-05-07 18:21:57,Great Soppo to Muea,0.89,18,Thursday,3,3.23,16.5,Low,Error,Unknown,0,0,0,0,1,0,None,Low,25
2026-05-07 18:21:57,Small Soppo to Bongo Square,1.07,18,Thursday,3,3.62,17.72,Low,Error,Unknown,0,0,0,0,1,0,None,Low,25
2026-05-07 18:21:57,Small Soppo to Buea Town,0.52,18,Thursday,3,2.78,11.1,Low,Error,Unknown,0,0,0,0,1,0,None,Low,25
2026-05-07 18:21:57,Small Soppo to Muea,0.52,18,Thursday,3,2.78,11.1,Low,Error,Unknown,0,0,0,0,1,0,None,Low,25
2026-05-07 18:21:57,Bongo Square to Buea Town,1.24,18,Thursday,3,2.22,33.43,Low,Error,Unknown,0,0,0,0,1,0,None,Low,25
2026-05-07 18:21:57,Bongo Square to Muea,1.24,18,Thursday,3,2.22,33.43,Low,Error,Unknown,0,0,0,0,1,0,None,Low,25
2026-05-07 18:21:57,Bokwango to Molyko,6.15,18,Thursday,3,22.45,16.44,Low,Error,Unknown,0,0,0,0,1,0,None,Low,25
2026-05-07 18:21:57,Bokwango to Check Point,5.26,18,Thursday,3,19.75,15.99,Low,Error,Unknown,0,0,0,0,1,0,None,Low,25
2026-05-07 18:21:57,Bokwango to Buea Town,8.38,18,Thursday,3,28.2,17.84,Low,Error,Unknown,0,0,0,0,1,0,None,Low,25
2026-05-07 18:21:57,Bokwango to Great Soppo,9.27,18,Thursday,3,31.43,17.7,Low,Error,Unknown,0,0,0,0,1,0,None,Low,25
2026-05-07 18:21:57,Muea to Great Soppo,0.89,18,Thursday,3,3.23,16.5,Low,Error,Unknown,0,0,0,0,1,0,None,Low,25
2026-05-07 18:21:57,Muea to Molyko,2.92,18,Thursday,3,8.87,19.75,Low,Error,Unknown,0,0,0,0,1,0,None,Low,25
2026-05-07 18:21:57,Muea to Check Point,3.12,18,Thursday,3,8.0,23.41,Low,Error,Unknown,0,0,0,0,1,0,None,Low,25
2026-05-07 18:21:57,Muea to Buea Town,0.0,18,Thursday,3,0.0,0,Low,Error,Unknown,0,0,0,0,1,0,None,Low,25
2026-05-07 18:21:57,Muea to Bonduma,2.06,18,Thursday,3,6.38,19.37,Low,Error,Unknown,0,0,0,0,1,0,None,Low,25
2026-05-07 18:21:57,Muea to Malingo,5.04,18,Thursday,3,14.83,20.41,Low,Error,Unknown,0,0,0,0,1,0,None,Low,25
2026-05-07 18:21:57,Clerks Quarters to Governor Junction,1.33,18,Thursday,3,2.57,31.14,Low,Error,Unknown,0,0,0,0,1,0,None,Low,25
2026-05-07 18:21:57,Governor Junction to Long Street,0.0,18,Thursday,3,0.0,0,Low,Error,Unknown,0,0,0,0,1,0,None,Low,25
2026-05-07 18:21:57,Long Street to Bongo Square,1.24,18,Thursday,3,2.3,32.22,Low,Error,Unknown,0,0,0,0,1,0,None,Low,25
2026-05-07 18:21:57,Governor Junction to Buea Town,0.0,18,Thursday,3,0.0,0,Low,Error,Unknown,0,0,0,0,1,0,None,Low,25
2026-05-07 18:21:57,Molyko to UB Junction,6.39,18,Thursday,3,20.03,19.13,Low,Error,Unknown,0,0,0,0,1,0,None,Low,25
2026-05-07 18:21:57,UB Junction to Bonduma,3.88,18,Thursday,3,14.05,16.59,Low,Error,Unknown,0,0,0,0,1,0,None,Low,25
2026-05-07 18:21:57,Check Point to Molyko,4.17,18,Thursday,3,12.0,20.86,Low,Error,Unknown,0,0,0,0,1,0,None,Low,25
2026-05-07 18:21:57,Great Soppo to Check Point,4.01,18,Thursday,3,11.78,20.42,Low,Error,Unknown,0,0,0,0,1,0,None,Low,25
2026-05-07 18:21:57,Malingo to Bonduma,3.75,18,Thursday,3,12.67,17.78,Low,Error,Unknown,0,0,0,0,1,0,None,Low,25
2026-05-07 18:21:57,Buea Town to Malingo,5.04,18,Thursday,3,14.8,20.45,Low,Error,Unknown,0,0,0,0,1,0,None,Low,25
2026-05-07 18:21:57,Buea Town to Muea,0.0,18,Thursday,3,0.0,0,Low,Error,Unknown,0,0,0,0,1,0,None,Low,25
2026-05-07 18:31:57,Bonduma Gate to Mile 17,3.81,18,Thursday,3,10.93,20.93,Low,Clouds,No Rain,0,0,0,0,1,0,None,Low,25
2026-05-07 18:31:57,Bonduma to UB Junction,3.95,18,Thursday,3,13.98,16.93,Low,Clouds,No Rain,0,0,0,0,1,0,None,Low,25
2026-05-07 18:31:57,Bonduma to Molyko,3.11,18,Thursday,3,9.88,18.89,Low,Clouds,No Rain,0,0,0,0,1,0,None,Low,25
2026-05-07 18:31:57,Bonduma to Check Point,1.73,18,Thursday,3,5.07,20.5,Low,Clouds,No Rain,0,0,0,0,1,0,None,Low,25
2026-05-07 18:31:57,Bonduma to Muea,2.06,18,Thursday,3,6.83,18.1,Low,Clouds,No Rain,0,0,0,0,1,0,None,Low,25
2026-05-07 18:31:57,Bonduma to Great Soppo,2.95,18,Thursday,3,10.07,17.58,Low,Clouds,No Rain,0,0,0,0,1,0,None,Low,25
2026-05-07 18:31:57,Bonduma to Buea Town,2.06,18,Thursday,3,6.83,18.1,Low,Clouds,No Rain,0,0,0,0,1,0,None,Low,25
2026-05-07 18:31:57,Mile 16 to Mile 17,4.4,18,Thursday,3,12.22,21.62,Low,Clouds,No Rain,0,0,0,0,1,0,None,Low,25
2026-05-07 18:31:57,Mile 17 to Malingo,1.54,18,Thursday,3,5.32,17.41,Low,Clouds,No Rain,0,0,0,0,1,0,None,Low,25
2026-05-07 18:31:57,Mile 17 to UB Junction,2.05,18,Thursday,3,7.47,16.5,Low,Clouds,No Rain,0,0,0,0,1,0,None,Low,25
2026-05-07 18:31:57,Mile 17 to Check Point,2.47,18,Thursday,3,8.62,17.21,Low,Clouds,No Rain,0,0,0,0,1,0,None,Low,25
2026-05-07 18:31:57,Mile 17 to Muea,5.59,18,Thursday,3,17.07,19.67,Low,Clouds,No Rain,0,0,0,0,1,0,None,Low,25
2026-05-07 18:31:57,Mile 17 to Great Soppo,6.48,18,Thursday,3,20.32,19.15,Low,Clouds,No Rain,0,0,0,0,1,0,None,Low,25
2026-05-07 18:31:57,Malingo to UB Junction,3.47,18,Thursday,3,11.95,17.42,Low,Clouds,No Rain,0,0,0,0,1,0,None,Low,25
2026-05-07 18:31:57,Malingo to Check Point,2.02,18,Thursday,3,7.32,16.58,Low,Clouds,No Rain,0,0,0,0,1,0,None,Low,25
2026-05-07 18:31:57,Malingo to Molyko,6.09,18,Thursday,3,18.85,19.4,Low,Clouds,No Rain,0,0,0,0,1,0,None,Low,25
2026-05-07 18:31:57,Malingo to Muea,5.04,18,Thursday,3,15.43,19.61,Low,Clouds,No Rain,0,0,0,0,1,0,None,Low,25
2026-05-07 18:31:57,Malingo to Buea Town,5.04,18,Thursday,3,15.43,19.61,Low,Clouds,No Rain,0,0,0,0,1,0,None,Low,25
2026-05-07 18:31:57,UB Junction to Molyko,6.33,18,Thursday,3,20.17,18.82,Low,Clouds,No Rain,0,0,0,0,1,0,None,Low,25
2026-05-07 18:31:57,UB Junction to Check Point,2.15,18,Thursday,3,8.87,14.58,Low,Clouds,No Rain,0,0,0,0,1,0,None,Low,25
2026-05-07 18:31:57,UB Junction to Great Soppo,6.17,18,Thursday,3,20.52,18.03,Low,Clouds,No Rain,0,0,0,0,1,0,None,Low,25
2026-05-07 18:31:57,UB Junction to Buea Town,5.28,18,Thursday,3,17.28,18.32,Low,Clouds,No Rain,0,0,0,0,1,0,None,Low,25
2026-05-07 18:31:57,UB Junction to Muea,5.28,18,Thursday,3,17.28,18.32,Low,Clouds,No Rain,0,0,0,0,1,0,None,Low,25
2026-05-07 18:31:57,Molyko to Check Point,4.17,18,Thursday,3,11.8,21.21,Low,Clouds,No Rain,0,0,0,0,1,0,None,Low,25
2026-05-07 18:31:57,Molyko to Great Soppo,2.03,18,Thursday,3,5.93,20.52,Low,Clouds,No Rain,0,0,0,0,1,0,None,Low,25
2026-05-07 18:31:57,Molyko to Small Soppo,3.57,18,Thursday,3,12.52,17.13,Low,Clouds,No Rain,0,0,0,0,1,0,None,Low,25
2026-05-07 18:31:57,Molyko to Bongo Square,4.15,18,Thursday,3,12.32,20.23,Low,Clouds,No Rain,0,0,0,0,1,0,None,Low,25
2026-05-07 18:31:57,Molyko to Buea Town,2.92,18,Thursday,3,9.17,19.1,Low,Clouds,No Rain,0,0,0,0,1,0,None,Low,25
2026-05-07 18:31:57,Molyko to Muea,2.92,18,Thursday,3,9.17,19.1,Low,Clouds,No Rain,0,0,0,0,1,0,None,Low,25
2026-05-07 18:31:57,Molyko to Bokwango,6.15,18,Thursday,3,22.17,16.65,Low,Clouds,No Rain,0,0,0,0,1,0,None,Low,25
2026-05-07 18:31:57,Check Point to Buea Town,3.12,18,Thursday,3,8.4,22.3,Low,Clouds,No Rain,0,0,0,0,1,0,None,Low,25
2026-05-07 18:31:57,Check Point to Great Soppo,4.01,18,Thursday,3,11.65,20.66,Low,Clouds,No Rain,0,0,0,0,1,0,None,Low,25
2026-05-07 18:31:57,Check Point to Small Soppo,3.78,18,Thursday,3,10.97,20.67,Low,Clouds,No Rain,0,0,0,0,1,0,None,Low,25
2026-05-07 18:31:57,Check Point to Bongo Square,4.36,18,Thursday,3,10.67,24.51,Low,Clouds,No Rain,0,0,0,0,1,0,None,Low,25
2026-05-07 18:31:57,Check Point to Muea,3.12,18,Thursday,3,8.4,22.3,Low,Clouds,No Rain,0,0,0,0,1,0,None,Low,25
2026-05-07 18:31:57,Great Soppo to Small Soppo,1.54,18,Thursday,3,6.23,14.87,Low,Clouds,No Rain,0,0,0,0,1,0,None,Low,25
2026-05-07 18:31:57,Great Soppo to Bongo Square,2.12,18,Thursday,3,5.87,21.72,Low,Clouds,No Rain,0,0,0,0,1,0,None,Low,25
2026-05-07 18:31:57,Great Soppo to Buea Town,0.89,18,Thursday,3,3.23,16.5,Low,Clouds,No Rain,0,0,0,0,1,0,None,Low,25
2026-05-07 18:31:57,Great Soppo to Muea,0.89,18,Thursday,3,3.23,16.5,Low,Clouds,No Rain,0,0,0,0,1,0,None,Low,25
2026-05-07 18:31:57,Small Soppo to Bongo Square,1.07,18,Thursday,3,3.6,17.8,Low,Clouds,No Rain,0,0,0,0,1,0,None,Low,25
2026-05-07 18:31:57,Small Soppo to Buea Town,0.52,18,Thursday,3,2.8,11.04,Low,Clouds,No Rain,0,0,0,0,1,0,None,Low,25
2026-05-07 18:31:57,Small Soppo to Muea,0.52,18,Thursday,3,2.93,10.53,Low,Clouds,No Rain,0,0,0,0,1,0,None,Low,25
2026-05-07 18:31:57,Bongo Square to Buea Town,1.24,18,Thursday,3,2.25,32.93,Low,Clouds,No Rain,0,0,0,0,1,0,None,Low,25
2026-05-07 18:31:57,Bongo Square to Muea,1.24,18,Thursday,3,2.25,32.93,Low,Clouds,No Rain,0,0,0,0,1,0,None,Low,25
2026-05-07 18:31:57,Bokwango to Molyko,6.15,18,Thursday,3,22.32,16.54,Low,Clouds,No Rain,0,0,0,0,1,0,None,Low,25
2026-05-07 18:31:57,Bokwango to Check Point,5.26,18,Thursday,3,20.0,15.79,Low,Clouds,No Rain,0,0,0,0,1,0,None,Low,25
2026-05-07 18:31:57,Bokwango to Buea Town,8.38,18,Thursday,3,28.8,17.47,Low,Clouds,No Rain,0,0,0,0,1,0,None,Low,25
2026-05-07 18:31:57,Bokwango to Great Soppo,9.27,18,Thursday,3,32.03,17.37,Low,Clouds,No Rain,0,0,0,0,1,0,None,Low,25
2026-05-07 18:31:57,Muea to Great Soppo,0.89,18,Thursday,3,3.23,16.5,Low,Clouds,No Rain,0,0,0,0,1,0,None,Low,25
2026-05-07 18:31:57,Muea to Molyko,2.92,18,Thursday,3,8.87,19.75,Low,Clouds,No Rain,0,0,0,0,1,0,None,Low,25
2026-05-07 18:31:57,Muea to Check Point,3.12,18,Thursday,3,8.1,23.13,Low,Clouds,No Rain,0,0,0,0,1,0,None,Low,25
2026-05-07 18:31:57,Muea to Buea Town,0.0,18,Thursday,3,0.0,0,Low,Clouds,No Rain,0,0,0,0,1,0,None,Low,25
2026-05-07 18:31:57,Muea to Bonduma,2.06,18,Thursday,3,6.42,19.27,Low,Clouds,No Rain,0,0,0,0,1,0,None,Low,25
2026-05-07 18:31:57,Muea to Malingo,5.04,18,Thursday,3,14.93,20.27,Low,Clouds,No Rain,0,0,0,0,1,0,None,Low,25
2026-05-07 18:31:57,Clerks Quarters to Governor Junction,1.33,18,Thursday,3,2.58,30.94,Low,Clouds,No Rain,0,0,0,0,1,0,None,Low,25
2026-05-07 18:31:57,Governor Junction to Long Street,0.0,18,Thursday,3,0.0,0,Low,Clouds,No Rain,0,0,0,0,1,0,None,Low,25
2026-05-07 18:31:57,Long Street to Bongo Square,1.24,18,Thursday,3,2.27,32.69,Low,Clouds,No Rain,0,0,0,0,1,0,None,Low,25
2026-05-07 18:31:57,Governor Junction to Buea Town,0.0,18,Thursday,3,0.0,0,Low,Clouds,No Rain,0,0,0,0,1,0,None,Low,25
2026-05-07 18:31:57,Molyko to UB Junction,6.39,18,Thursday,3,20.55,18.65,Low,Clouds,No Rain,0,0,0,0,1,0,None,Low,25
2026-05-07 18:31:57,UB Junction to Bonduma,3.88,18,Thursday,3,14.0,16.65,Low,Clouds,No Rain,0,0,0,0,1,0,None,Low,25
2026-05-07 18:31:57,Check Point to Molyko,4.17,18,Thursday,3,12.17,20.57,Low,Clouds,No Rain,0,0,0,0,1,0,None,Low,25
2026-05-07 18:31:57,Great Soppo to Check Point,4.01,18,Thursday,3,11.92,20.2,Low,Clouds,No Rain,0,0,0,0,1,0,None,Low,25
2026-05-07 18:31:57,Malingo to Bonduma,3.65,18,Thursday,3,12.38,17.7,Low,Clouds,No Rain,0,0,0,0,1,0,None,Low,25
2026-05-07 18:31:57,Buea Town to Malingo,5.04,18,Thursday,3,14.93,20.27,Low,Clouds,No Rain,0,0,0,0,1,0,None,Low,25
2026-05-07 18:31:57,Buea Town to Muea,0.0,18,Thursday,3,0.0,0,Low,Clouds,No Rain,0,0,0,0,1,0,None,Low,25
2026-05-07 18:41:57,Bonduma Gate to Mile 17,3.81,18,Thursday,3,11.45,19.98,Low,Clouds,No Rain,0,0,0,0,1,0,None,Low,25
2026-05-07 18:41:57,Bonduma to UB Junction,3.95,18,Thursday,3,14.42,16.42,Low,Clouds,No Rain,0,0,0,0,1,0,None,Low,25
2026-05-07 18:41:57,Bonduma to Molyko,3.11,18,Thursday,3,9.88,18.89,Low,Clouds,No Rain,0,0,0,0,1,0,None,Low,25
2026-05-07 18:41:57,Bonduma to Check Point,1.73,18,Thursday,3,5.18,20.04,Low,Clouds,No Rain,0,0,0,0,1,0,None,Low,25
2026-05-07 18:41:57,Bonduma to Muea,2.06,18,Thursday,3,6.82,18.14,Low,Clouds,No Rain,0,0,0,0,1,0,None,Low,25
2026-05-07 18:41:57,Bonduma to Great Soppo,2.95,18,Thursday,3,10.07,17.58,Low,Clouds,No Rain,0,0,0,0,1,0,None,Low,25
2026-05-07 18:41:57,Bonduma to Buea Town,2.06,18,Thursday,3,6.82,18.14,Low,Clouds,No Rain,0,0,0,0,1,0,None,Low,25
2026-05-07 18:41:57,Mile 16 to Mile 17,4.4,18,Thursday,3,12.85,20.55,Low,Clouds,No Rain,0,0,0,0,1,0,None,Low,25
2026-05-07 18:41:57,Mile 17 to Malingo,1.54,18,Thursday,3,5.32,17.41,Low,Clouds,No Rain,0,0,0,0,1,0,None,Low,25
2026-05-07 18:41:57,Mile 17 to UB Junction,2.05,18,Thursday,3,7.47,16.5,Low,Clouds,No Rain,0,0,0,0,1,0,None,Low,25
2026-05-07 18:41:57,Mile 17 to Check Point,2.47,18,Thursday,3,8.77,16.92,Low,Clouds,No Rain,0,0,0,0,1,0,None,Low,25
2026-05-07 18:41:57,Mile 17 to Muea,5.59,18,Thursday,3,17.68,18.98,Low,Clouds,No Rain,0,0,0,0,1,0,None,Low,25
2026-05-07 18:41:57,Mile 17 to Great Soppo,6.48,18,Thursday,3,20.92,18.6,Low,Clouds,No Rain,0,0,0,0,1,0,None,Low,25
2026-05-07 18:41:57,Malingo to UB Junction,3.47,18,Thursday,3,12.05,17.27,Low,Clouds,No Rain,0,0,0,0,1,0,None,Low,25
2026-05-07 18:41:57,Malingo to Check Point,1.92,18,Thursday,3,7.32,15.77,Low,Clouds,No Rain,0,0,0,0,1,0,None,Low,25
2026-05-07 18:41:57,Malingo to Molyko,6.09,18,Thursday,3,19.12,19.13,Low,Clouds,No Rain,0,0,0,0,1,0,None,Low,25
2026-05-07 18:41:57,Malingo to Muea,5.04,18,Thursday,3,15.7,19.28,Low,Clouds,No Rain,0,0,0,0,1,0,None,Low,25
2026-05-07 18:41:57,Malingo to Buea Town,5.04,18,Thursday,3,15.72,19.26,Low,Clouds,No Rain,0,0,0,0,1,0,None,Low,25
2026-05-07 18:41:57,UB Junction to Molyko,6.33,18,Thursday,3,20.72,18.32,Low,Clouds,No Rain,0,0,0,0,1,0,None,Low,25
2026-05-07 18:41:57,UB Junction to Check Point,2.15,18,Thursday,3,9.12,14.18,Low,Clouds,No Rain,0,0,0,0,1,0,None,Low,25
2026-05-07 18:41:57,UB Junction to Great Soppo,6.17,18,Thursday,3,21.1,17.53,Low,Clouds,No Rain,0,0,0,0,1,0,None,Low,25
2026-05-07 18:41:57,UB Junction to Buea Town,5.28,18,Thursday,3,17.87,17.72,Low,Clouds,No Rain,0,0,0,0,1,0,None,Low,25
2026-05-07 18:41:57,UB Junction to Muea,5.28,18,Thursday,3,17.88,17.7,Low,Clouds,No Rain,0,0,0,0,1,0,None,Low,25
2026-05-07 18:41:57,Molyko to Check Point,4.17,18,Thursday,3,11.83,21.15,Low,Clouds,No Rain,0,0,0,0,1,0,None,Low,25
2026-05-07 18:41:57,Molyko to Great Soppo,2.03,18,Thursday,3,5.93,20.52,Low,Clouds,No Rain,0,0,0,0,1,0,None,Low,25
2026-05-07 18:41:57,Molyko to Small Soppo,3.57,18,Thursday,3,12.63,16.97,Low,Clouds,No Rain,0,0,0,0,1,0,None,Low,25
2026-05-07 18:41:57,Molyko to Bongo Square,4.15,18,Thursday,3,12.45,20.01,Low,Clouds,No Rain,0,0,0,0,1,0,None,Low,25
2026-05-07 18:41:57,Molyko to Buea Town,2.92,18,Thursday,3,9.17,19.1,Low,Clouds,No Rain,0,0,0,0,1,0,None,Low,25
2026-05-07 18:41:57,Molyko to Muea,2.92,18,Thursday,3,9.17,19.1,Low,Clouds,No Rain,0,0,0,0,1,0,None,Low,25
2026-05-07 18:41:57,Molyko to Bokwango,6.15,18,Thursday,3,22.32,16.54,Low,Clouds,No Rain,0,0,0,0,1,0,None,Low,25
2026-05-07 18:41:57,Check Point to Buea Town,3.12,18,Thursday,3,8.47,22.12,Low,Clouds,No Rain,0,0,0,0,1,0,None,Low,25
2026-05-07 18:41:57,Check Point to Great Soppo,4.01,18,Thursday,3,11.72,20.54,Low,Clouds,No Rain,0,0,0,0,1,0,None,Low,25
2026-05-07 18:41:57,Check Point to Small Soppo,3.78,18,Thursday,3,11.07,20.48,Low,Clouds,No Rain,0,0,0,0,1,0,None,Low,25
2026-05-07 18:41:57,Check Point to Bongo Square,4.36,18,Thursday,3,10.78,24.24,Low,Clouds,No Rain,0,0,0,0,1,0,None,Low,25
2026-05-07 18:41:57,Check Point to Muea,3.12,18,Thursday,3,8.47,22.12,Low,Clouds,No Rain,0,0,0,0,1,0,None,Low,25
2026-05-07 18:41:57,Great Soppo to Small Soppo,1.54,18,Thursday,3,6.27,14.79,Low,Clouds,No Rain,0,0,0,0,1,0,None,Low,25
2026-05-07 18:41:57,Great Soppo to Bongo Square,2.12,18,Thursday,3,5.87,21.72,Low,Clouds,No Rain,0,0,0,0,1,0,None,Low,25
2026-05-07 18:41:57,Great Soppo to Buea Town,0.89,18,Thursday,3,3.23,16.5,Low,Clouds,No Rain,0,0,0,0,1,0,None,Low,25
2026-05-07 18:41:57,Great Soppo to Muea,0.89,18,Thursday,3,3.23,16.5,Low,Clouds,No Rain,0,0,0,0,1,0,None,Low,25
2026-05-07 18:41:57,Small Soppo to Bongo Square,1.07,18,Thursday,3,3.62,17.72,Low,Clouds,No Rain,0,0,0,0,1,0,None,Low,25
2026-05-07 18:41:57,Small Soppo to Buea Town,0.52,18,Thursday,3,2.78,11.1,Low,Clouds,No Rain,0,0,0,0,1,0,None,Low,25
2026-05-07 18:41:57,Small Soppo to Muea,0.52,18,Thursday,3,2.78,11.1,Low,Clouds,No Rain,0,0,0,0,1,0,None,Low,25
2026-05-07 18:41:57,Bongo Square to Buea Town,1.24,18,Thursday,3,2.28,32.45,Low,Clouds,No Rain,0,0,0,0,1,0,None,Low,25
2026-05-07 18:41:57,Bongo Square to Muea,1.24,18,Thursday,3,2.28,32.45,Low,Clouds,No Rain,0,0,0,0,1,0,None,Low,25
2026-05-07 18:41:57,Bokwango to Molyko,6.15,18,Thursday,3,22.28,16.57,Low,Clouds,No Rain,0,0,0,0,1,0,None,Low,25
2026-05-07 18:41:57,Bokwango to Check Point,5.26,18,Thursday,3,20.52,15.39,Low,Clouds,No Rain,0,0,0,0,1,0,None,Low,25
2026-05-07 18:41:57,Bokwango to Buea Town,8.38,18,Thursday,3,29.42,17.1,Low,Clouds,No Rain,0,0,0,0,1,0,None,Low,25
2026-05-07 18:41:57,Bokwango to Great Soppo,9.27,18,Thursday,3,32.67,17.03,Low,Clouds,No Rain,0,0,0,0,1,0,None,Low,25
2026-05-07 18:41:57,Muea to Great Soppo,0.89,18,Thursday,3,3.23,16.5,Low,Clouds,No Rain,0,0,0,0,1,0,None,Low,25
2026-05-07 18:41:57,Muea to Molyko,2.92,18,Thursday,3,8.87,19.75,Low,Clouds,No Rain,0,0,0,0,1,0,None,Low,25
2026-05-07 18:41:57,Muea to Check Point,3.12,18,Thursday,3,8.38,22.34,Low,Clouds,No Rain,0,0,0,0,1,0,None,Low,25
2026-05-07 18:41:57,Muea to Buea Town,0.0,18,Thursday,3,0.0,0,Low,Clouds,No Rain,0,0,0,0,1,0,None,Low,25
2026-05-07 18:41:57,Muea to Bonduma,2.06,18,Thursday,3,6.65,18.6,Medium,Clouds,No Rain,0,0,0,0,1,0,None,Low,45
2026-05-07 18:41:57,Muea to Malingo,5.04,18,Thursday,3,15.2,19.91,Low,Clouds,No Rain,0,0,0,0,1,0,None,Low,25
2026-05-07 18:41:57,Clerks Quarters to Governor Junction,1.33,18,Thursday,3,2.63,30.35,Low,Clouds,No Rain,0,0,0,0,1,0,None,Low,25
2026-05-07 18:41:57,Governor Junction to Long Street,0.0,18,Thursday,3,0.0,0,Low,Clouds,No Rain,0,0,0,0,1,0,None,Low,25
2026-05-07 18:41:57,Long Street to Bongo Square,1.24,18,Thursday,3,2.25,32.93,Low,Clouds,No Rain,0,0,0,0,1,0,None,Low,25
2026-05-07 18:41:57,Governor Junction to Buea Town,0.0,18,Thursday,3,0.0,0,Low,Clouds,No Rain,0,0,0,0,1,0,None,Low,25
2026-05-07 18:41:57,Molyko to UB Junction,6.39,18,Thursday,3,20.03,19.13,Low,Clouds,No Rain,0,0,0,0,1,0,None,Low,25
2026-05-07 18:41:57,UB Junction to Bonduma,3.88,18,Thursday,3,14.47,16.11,Low,Clouds,No Rain,0,0,0,0,1,0,None,Low,25
2026-05-07 18:41:57,Check Point to Molyko,4.17,18,Thursday,3,12.02,20.83,Low,Clouds,No Rain,0,0,0,0,1,0,None,Low,25
2026-05-07 18:41:57,Great Soppo to Check Point,4.01,18,Thursday,3,12.08,19.92,Low,Clouds,No Rain,0,0,0,0,1,0,None,Low,25
2026-05-07 18:41:57,Malingo to Bonduma,3.65,18,Thursday,3,12.65,17.33,Low,Clouds,No Rain,0,0,0,0,1,0,None,Low,25
2026-05-07 18:41:57,Buea Town to Malingo,5.04,18,Thursday,3,15.15,19.98,Low,Clouds,No Rain,0,0,0,0,1,0,None,Low,25
2026-05-07 18:41:57,Buea Town to Muea,0.0,18,Thursday,3,0.0,0,Low,Clouds,No Rain,0,0,0,0,1,0,None,Low,25
2026-05-07 18:51:57,Bonduma Gate to Mile 17,3.81,18,Thursday,3,11.28,20.28,Low,Clouds,No Rain,0,0,0,0,1,0,None,Low,25
2026-05-07 18:51:57,Bonduma to UB Junction,3.95,18,Thursday,3,14.17,16.71,Low,Clouds,No Rain,0,0,0,0,1,0,None,Low,25
2026-05-07 18:51:57,Bonduma to Molyko,3.11,18,Thursday,3,9.88,18.89,Low,Clouds,No Rain,0,0,0,0,1,0,None,Low,25
2026-05-07 18:51:57,Bonduma to Check Point,1.73,18,Thursday,3,5.25,19.78,Low,Clouds,No Rain,0,0,0,0,1,0,None,Low,25
2026-05-07 18:51:57,Bonduma to Muea,2.06,18,Thursday,3,6.87,18.01,Low,Clouds,No Rain,0,0,0,0,1,0,None,Low,25
2026-05-07 18:51:57,Bonduma to Great Soppo,2.95,18,Thursday,3,10.12,17.5,Low,Clouds,No Rain,0,0,0,0,1,0,None,Low,25
2026-05-07 18:51:57,Bonduma to Buea Town,2.06,18,Thursday,3,6.87,18.01,Low,Clouds,No Rain,0,0,0,0,1,0,None,Low,25
2026-05-07 18:51:57,Mile 16 to Mile 17,4.4,18,Thursday,3,12.75,20.72,Low,Clouds,No Rain,0,0,0,0,1,0,None,Low,25
2026-05-07 18:51:57,Mile 17 to Malingo,1.54,18,Thursday,3,5.13,18.04,Low,Clouds,No Rain,0,0,0,0,1,0,None,Low,25
2026-05-07 18:51:57,Mile 17 to UB Junction,2.05,18,Thursday,3,7.53,16.35,Low,Clouds,No Rain,0,0,0,0,1,0,None,Low,25
2026-05-07 18:51:57,Mile 17 to Check Point,2.47,18,Thursday,3,9.17,16.18,Low,Clouds,No Rain,0,0,0,0,1,0,None,Low,25
2026-05-07 18:51:57,Mile 17 to Muea,5.59,18,Thursday,3,18.03,18.61,Low,Clouds,No Rain,0,0,0,0,1,0,None,Low,25
2026-05-07 18:51:57,Mile 17 to Great Soppo,6.48,18,Thursday,3,21.25,18.3,Low,Clouds,No Rain,0,0,0,0,1,0,None,Low,25
2026-05-07 18:51:57,Malingo to UB Junction,3.47,18,Thursday,3,12.28,16.94,Low,Clouds,No Rain,0,0,0,0,1,0,None,Low,25
2026-05-07 18:51:57,Malingo to Check Point,1.92,18,Thursday,3,7.28,15.84,Low,Clouds,No Rain,0,0,0,0,1,0,None,Low,25
2026-05-07 18:51:57,Malingo to Molyko,6.09,18,Thursday,3,19.2,19.05,Low,Clouds,No Rain,0,0,0,0,1,0,None,Low,25
2026-05-07 18:51:57,Malingo to Muea,5.04,18,Thursday,3,15.88,19.06,Low,Clouds,No Rain,0,0,0,0,1,0,None,Low,25
2026-05-07 18:51:57,Malingo to Buea Town,5.04,18,Thursday,3,15.88,19.06,Low,Clouds,No Rain,0,0,0,0,1,0,None,Low,25
2026-05-07 18:51:57,UB Junction to Molyko,6.33,18,Thursday,3,20.93,18.13,Low,Clouds,No Rain,0,0,0,0,1,0,None,Low,25
2026-05-07 18:51:57,UB Junction to Check Point,2.15,18,Thursday,3,9.32,13.88,Low,Clouds,No Rain,0,0,0,0,1,0,None,Low,25
2026-05-07 18:51:57,UB Junction to Great Soppo,6.17,18,Thursday,3,21.4,17.29,Low,Clouds,No Rain,0,0,0,0,1,0,None,Low,25
2026-05-07 18:51:57,UB Junction to Buea Town,5.28,18,Thursday,3,18.15,17.44,Low,Clouds,No Rain,0,0,0,0,1,0,None,Low,25
2026-05-07 18:51:57,UB Junction to Muea,5.28,18,Thursday,3,18.17,17.43,Low,Clouds,No Rain,0,0,0,0,1,0,None,Low,25
2026-05-07 18:51:57,Molyko to Check Point,4.17,18,Thursday,3,12.12,20.66,Low,Clouds,No Rain,0,0,0,0,1,0,None,Low,25
2026-05-07 18:51:57,Molyko to Great Soppo,2.03,18,Thursday,3,5.93,20.52,Low,Clouds,No Rain,0,0,0,0,1,0,None,Low,25
2026-05-07 18:51:57,Molyko to Small Soppo,3.57,18,Thursday,3,12.67,16.93,Low,Clouds,No Rain,0,0,0,0,1,0,None,Low,25
2026-05-07 18:51:57,Molyko to Bongo Square,4.15,18,Thursday,3,12.27,20.31,Low,Clouds,No Rain,0,0,0,0,1,0,None,Low,25
2026-05-07 18:51:57,Molyko to Buea Town,2.92,18,Thursday,3,9.17,19.1,Low,Clouds,No Rain,0,0,0,0,1,0,None,Low,25
2026-05-07 18:51:57,Molyko to Muea,2.92,18,Thursday,3,9.17,19.1,Low,Clouds,No Rain,0,0,0,0,1,0,None,Low,25
2026-05-07 18:51:57,Molyko to Bokwango,6.15,18,Thursday,3,22.25,16.59,Low,Clouds,No Rain,0,0,0,0,1,0,None,Low,25
2026-05-07 18:51:57,Check Point to Buea Town,3.12,18,Thursday,3,8.75,21.41,Low,Clouds,No Rain,0,0,0,0,1,0,None,Low,25
2026-05-07 18:51:57,Check Point to Great Soppo,4.01,18,Thursday,3,12.0,20.05,Low,Clouds,No Rain,0,0,0,0,1,0,None,Low,25
2026-05-07 18:51:57,Check Point to Small Soppo,3.78,18,Thursday,3,11.35,19.97,Low,Clouds,No Rain,0,0,0,0,1,0,None,Low,25
2026-05-07 18:51:57,Check Point to Bongo Square,4.36,18,Thursday,3,11.07,23.62,Low,Clouds,No Rain,0,0,0,0,1,0,None,Low,25
2026-05-07 18:51:57,Check Point to Muea,3.12,18,Thursday,3,8.77,21.37,Low,Clouds,No Rain,0,0,0,0,1,0,None,Low,25
2026-05-07 18:51:57,Great Soppo to Small Soppo,1.54,18,Thursday,3,6.3,14.71,Low,Clouds,No Rain,0,0,0,0,1,0,None,Low,25
2026-05-07 18:51:57,Great Soppo to Bongo Square,2.12,18,Thursday,3,5.9,21.6,Low,Clouds,No Rain,0,0,0,0,1,0,None,Low,25
2026-05-07 18:51:57,Great Soppo to Buea Town,0.89,18,Thursday,3,3.23,16.5,Low,Clouds,No Rain,0,0,0,0,1,0,None,Low,25
2026-05-07 18:51:57,Great Soppo to Muea,0.89,18,Thursday,3,3.23,16.5,Low,Clouds,No Rain,0,0,0,0,1,0,None,Low,25
2026-05-07 18:51:57,Small Soppo to Bongo Square,1.07,18,Thursday,3,3.63,17.64,Low,Clouds,No Rain,0,0,0,0,1,0,None,Low,25
2026-05-07 18:51:57,Small Soppo to Buea Town,0.52,18,Thursday,3,2.83,10.91,Low,Clouds,No Rain,0,0,0,0,1,0,None,Low,25
2026-05-07 18:51:57,Small Soppo to Muea,0.52,18,Thursday,3,2.83,10.91,Low,Clouds,No Rain,0,0,0,0,1,0,None,Low,25
2026-05-07 18:51:57,Bongo Square to Buea Town,1.24,18,Thursday,3,2.27,32.69,Low,Clouds,No Rain,0,0,0,0,1,0,None,Low,25
2026-05-07 18:51:57,Bongo Square to Muea,1.24,18,Thursday,3,2.27,32.69,Low,Clouds,No Rain,0,0,0,0,1,0,None,Low,25
2026-05-07 18:51:57,Bokwango to Molyko,6.15,18,Thursday,3,22.35,16.52,Low,Clouds,No Rain,0,0,0,0,1,0,None,Low,25
2026-05-07 18:51:57,Bokwango to Check Point,5.26,18,Thursday,3,20.55,15.37,Low,Clouds,No Rain,0,0,0,0,1,0,None,Low,25
2026-05-07 18:51:57,Bokwango to Buea Town,8.38,18,Thursday,3,29.27,17.19,Low,Clouds,No Rain,0,0,0,0,1,0,None,Low,25
2026-05-07 18:51:57,Bokwango to Great Soppo,9.27,18,Thursday,3,32.5,17.12,Low,Clouds,No Rain,0,0,0,0,1,0,None,Low,25
2026-05-07 18:51:57,Muea to Great Soppo,0.89,18,Thursday,3,3.23,16.5,Low,Clouds,No Rain,0,0,0,0,1,0,None,Low,25
2026-05-07 18:51:57,Muea to Molyko,2.92,18,Thursday,3,8.87,19.75,Low,Clouds,No Rain,0,0,0,0,1,0,None,Low,25
2026-05-07 18:51:57,Muea to Check Point,3.12,18,Thursday,3,8.22,22.8,Low,Clouds,No Rain,0,0,0,0,1,0,None,Low,25
2026-05-07 18:51:57,Muea to Buea Town,0.0,18,Thursday,3,0.0,0,Low,Clouds,No Rain,0,0,0,0,1,0,None,Low,25
2026-05-07 18:51:57,Muea to Bonduma,2.06,18,Thursday,3,6.43,19.22,Low,Clouds,No Rain,0,0,0,0,1,0,None,Low,25
2026-05-07 18:51:57,Muea to Malingo,5.04,18,Thursday,3,15.03,20.14,Low,Clouds,No Rain,0,0,0,0,1,0,None,Low,25
2026-05-07 18:51:57,Clerks Quarters to Governor Junction,1.33,18,Thursday,3,2.55,31.34,Low,Clouds,No Rain,0,0,0,0,1,0,None,Low,25
2026-05-07 18:51:57,Governor Junction to Long Street,0.0,18,Thursday,3,0.0,0,Low,Clouds,No Rain,0,0,0,0,1,0,None,Low,25
2026-05-07 18:51:57,Long Street to Bongo Square,1.24,18,Thursday,3,2.32,31.99,Low,Clouds,No Rain,0,0,0,0,1,0,None,Low,25
2026-05-07 18:51:57,Governor Junction to Buea Town,0.0,18,Thursday,3,0.0,0,Low,Clouds,No Rain,0,0,0,0,1,0,None,Low,25
2026-05-07 18:51:57,Molyko to UB Junction,6.39,18,Thursday,3,20.15,19.02,Low,Clouds,No Rain,0,0,0,0,1,0,None,Low,25
2026-05-07 18:51:57,UB Junction to Bonduma,3.88,18,Thursday,3,14.77,15.79,Low,Clouds,No Rain,0,0,0,0,1,0,None,Low,25
2026-05-07 18:51:57,Check Point to Molyko,4.17,18,Thursday,3,12.37,20.24,Low,Clouds,No Rain,0,0,0,0,1,0,None,Low,25
2026-05-07 18:51:57,Great Soppo to Check Point,4.01,18,Thursday,3,11.98,20.08,Low,Clouds,No Rain,0,0,0,0,1,0,None,Low,25
2026-05-07 18:51:57,Malingo to Bonduma,3.65,18,Thursday,3,12.6,17.4,Low,Clouds,No Rain,0,0,0,0,1,0,None,Low,25
2026-05-07 18:51:57,Buea Town to Malingo,5.04,18,Thursday,3,15.05,20.11,Low,Clouds,No Rain,0,0,0,0,1,0,None,Low,25
2026-05-07 18:51:57,Buea Town to Muea,0.0,18,Thursday,3,0.0,0,Low,Clouds,No Rain,0,0,0,0,1,0,None,Low,25
2026-05-07 19:01:57,Bonduma Gate to Mile 17,3.81,19,Thursday,3,11.2,20.43,Low,Clouds,No Rain,0,0,0,0,1,0,None,Low,25
2026-05-07 19:01:57,Bonduma to UB Junction,3.95,19,Thursday,3,14.07,16.83,Low,Clouds,No Rain,0,0,0,0,1,0,None,Low,25
2026-05-07 19:01:57,Bonduma to Molyko,3.11,19,Thursday,3,9.88,18.89,Low,Clouds,No Rain,0,0,0,0,1,0,None,Low,25
2026-05-07 19:01:57,Bonduma to Check Point,1.73,19,Thursday,3,5.32,19.53,Low,Clouds,No Rain,0,0,0,0,1,0,None,Low,25
2026-05-07 19:01:57,Bonduma to Muea,2.06,19,Thursday,3,7.05,17.54,Low,Clouds,No Rain,0,0,0,0,1,0,None,Low,25
2026-05-07 19:01:57,Bonduma to Great Soppo,2.95,19,Thursday,3,10.28,17.21,Low,Clouds,No Rain,0,0,0,0,1,0,None,Low,25
2026-05-07 19:01:57,Bonduma to Buea Town,2.06,19,Thursday,3,7.05,17.54,Low,Clouds,No Rain,0,0,0,0,1,0,None,Low,25
2026-05-07 19:01:57,Mile 16 to Mile 17,4.4,19,Thursday,3,12.75,20.72,Low,Clouds,No Rain,0,0,0,0,1,0,None,Low,25
2026-05-07 19:01:57,Mile 17 to Malingo,1.54,19,Thursday,3,5.22,17.75,Low,Clouds,No Rain,0,0,0,0,1,0,None,Low,25
2026-05-07 19:01:57,Mile 17 to UB Junction,2.05,19,Thursday,3,7.5,16.42,Low,Clouds,No Rain,0,0,0,0,1,0,None,Low,25
2026-05-07 19:01:57,Mile 17 to Check Point,2.47,19,Thursday,3,9.0,16.48,Low,Clouds,No Rain,0,0,0,0,1,0,None,Low,25
2026-05-07 19:01:57,Mile 17 to Muea,5.59,19,Thursday,3,17.82,18.84,Low,Clouds,No Rain,0,0,0,0,1,0,None,Low,25
2026-05-07 19:01:57,Mile 17 to Great Soppo,6.48,19,Thursday,3,21.05,18.48,Low,Clouds,No Rain,0,0,0,0,1,0,None,Low,25
2026-05-07 19:01:57,Malingo to UB Junction,3.47,19,Thursday,3,12.28,16.94,Low,Clouds,No Rain,0,0,0,0,1,0,None,Low,25
2026-05-07 19:01:57,Malingo to Check Point,1.92,19,Thursday,3,7.33,15.73,Low,Clouds,No Rain,0,0,0,0,1,0,None,Low,25
2026-05-07 19:01:57,Malingo to Molyko,6.09,19,Thursday,3,19.43,18.82,Low,Clouds,No Rain,0,0,0,0,1,0,None,Low,25
2026-05-07 19:01:57,Malingo to Muea,5.04,19,Thursday,3,15.9,19.04,Low,Clouds,No Rain,0,0,0,0,1,0,None,Low,25
2026-05-07 19:01:57,Malingo to Buea Town,5.04,19,Thursday,3,15.9,19.04,Low,Clouds,No Rain,0,0,0,0,1,0,None,Low,25
2026-05-07 19:01:57,UB Junction to Molyko,6.33,19,Thursday,3,20.85,18.2,Low,Clouds,No Rain,0,0,0,0,1,0,None,Low,25
2026-05-07 19:01:57,UB Junction to Check Point,2.15,19,Thursday,3,9.15,14.13,Low,Clouds,No Rain,0,0,0,0,1,0,None,Low,25
2026-05-07 19:01:57,UB Junction to Great Soppo,6.17,19,Thursday,3,21.2,17.45,Low,Clouds,No Rain,0,0,0,0,1,0,None,Low,25
2026-05-07 19:01:57,UB Junction to Buea Town,5.28,19,Thursday,3,17.95,17.64,Low,Clouds,No Rain,0,0,0,0,1,0,None,Low,25
2026-05-07 19:01:57,UB Junction to Muea,5.28,19,Thursday,3,17.95,17.64,Low,Clouds,No Rain,0,0,0,0,1,0,None,Low,25
2026-05-07 19:01:57,Molyko to Check Point,4.17,19,Thursday,3,12.07,20.74,Low,Clouds,No Rain,0,0,0,0,1,0,None,Low,25
2026-05-07 19:01:57,Molyko to Great Soppo,2.03,19,Thursday,3,5.93,20.52,Low,Clouds,No Rain,0,0,0,0,1,0,None,Low,25
2026-05-07 19:01:57,Molyko to Small Soppo,3.57,19,Thursday,3,12.72,16.86,Low,Clouds,No Rain,0,0,0,0,1,0,None,Low,25
2026-05-07 19:01:57,Molyko to Bongo Square,4.15,19,Thursday,3,12.22,20.4,Low,Clouds,No Rain,0,0,0,0,1,0,None,Low,25
2026-05-07 19:01:57,Molyko to Buea Town,2.92,19,Thursday,3,9.17,19.1,Low,Clouds,No Rain,0,0,0,0,1,0,None,Low,25
2026-05-07 19:01:57,Molyko to Muea,2.92,19,Thursday,3,9.17,19.1,Low,Clouds,No Rain,0,0,0,0,1,0,None,Low,25
2026-05-07 19:01:57,Molyko to Bokwango,6.15,19,Thursday,3,22.28,16.57,Low,Clouds,No Rain,0,0,0,0,1,0,None,Low,25
2026-05-07 19:01:57,Check Point to Buea Town,3.12,19,Thursday,3,8.93,20.97,Medium,Clouds,No Rain,0,0,0,0,1,0,None,Low,45
2026-05-07 19:01:57,Check Point to Great Soppo,4.01,19,Thursday,3,12.17,19.78,Low,Clouds,No Rain,0,0,0,0,1,0,None,Low,25
2026-05-07 19:01:57,Check Point to Small Soppo,3.78,19,Thursday,3,11.48,19.74,Low,Clouds,No Rain,0,0,0,0,1,0,None,Low,25
2026-05-07 19:01:57,Check Point to Bongo Square,4.36,19,Thursday,3,11.18,23.38,Low,Clouds,No Rain,0,0,0,0,1,0,None,Low,25
2026-05-07 19:01:57,Check Point to Muea,3.12,19,Thursday,3,8.93,20.97,Medium,Clouds,No Rain,0,0,0,0,1,0,None,Low,45
2026-05-07 19:01:57,Great Soppo to Small Soppo,1.54,19,Thursday,3,6.32,14.68,Low,Clouds,No Rain,0,0,0,0,1,0,None,Low,25
2026-05-07 19:01:57,Great Soppo to Bongo Square,2.12,19,Thursday,3,5.88,21.66,Low,Clouds,No Rain,0,0,0,0,1,0,None,Low,25
2026-05-07 19:01:57,Great Soppo to Buea Town,0.89,19,Thursday,3,3.23,16.5,Low,Clouds,No Rain,0,0,0,0,1,0,None,Low,25
2026-05-07 19:01:57,Great Soppo to Muea,0.89,19,Thursday,3,3.23,16.5,Low,Clouds,No Rain,0,0,0,0,1,0,None,Low,25
2026-05-07 19:01:57,Small Soppo to Bongo Square,1.07,19,Thursday,3,3.63,17.64,Low,Clouds,No Rain,0,0,0,0,1,0,None,Low,25
2026-05-07 19:01:57,Small Soppo to Buea Town,0.52,19,Thursday,3,2.8,11.04,Low,Clouds,No Rain,0,0,0,0,1,0,None,Low,25
2026-05-07 19:01:57,Small Soppo to Muea,0.52,19,Thursday,3,2.8,11.04,Low,Clouds,No Rain,0,0,0,0,1,0,None,Low,25
2026-05-07 19:01:57,Bongo Square to Buea Town,1.24,19,Thursday,3,2.23,33.18,Low,Clouds,No Rain,0,0,0,0,1,0,None,Low,25
2026-05-07 19:01:57,Bongo Square to Muea,1.24,19,Thursday,3,2.23,33.18,Low,Clouds,No Rain,0,0,0,0,1,0,None,Low,25
2026-05-07 19:01:57,Bokwango to Molyko,6.15,19,Thursday,3,22.42,16.47,Low,Clouds,No Rain,0,0,0,0,1,0,None,Low,25
2026-05-07 19:01:57,Bokwango to Check Point,5.26,19,Thursday,3,20.08,15.72,Low,Clouds,No Rain,0,0,0,0,1,0,None,Low,25
2026-05-07 19:01:57,Bokwango to Buea Town,8.38,19,Thursday,3,28.47,17.67,Low,Clouds,No Rain,0,0,0,0,1,0,None,Low,25
2026-05-07 19:01:57,Bokwango to Great Soppo,9.27,19,Thursday,3,31.72,17.54,Low,Clouds,No Rain,0,0,0,0,1,0,None,Low,25
2026-05-07 19:01:57,Muea to Great Soppo,0.89,19,Thursday,3,3.23,16.5,Low,Clouds,No Rain,0,0,0,0,1,0,None,Low,25
2026-05-07 19:01:57,Muea to Molyko,2.92,19,Thursday,3,8.87,19.75,Low,Clouds,No Rain,0,0,0,0,1,0,None,Low,25
2026-05-07 19:01:57,Muea to Check Point,3.12,19,Thursday,3,8.2,22.84,Low,Clouds,No Rain,0,0,0,0,1,0,None,Low,25
2026-05-07 19:01:57,Muea to Buea Town,0.0,19,Thursday,3,0.0,0,Low,Clouds,No Rain,0,0,0,0,1,0,None,Low,25
2026-05-07 19:01:57,Muea to Bonduma,2.06,19,Thursday,3,6.48,19.07,Low,Clouds,No Rain,0,0,0,0,1,0,None,Low,25
2026-05-07 19:01:57,Muea to Malingo,5.04,19,Thursday,3,15.02,20.16,Low,Clouds,No Rain,0,0,0,0,1,0,None,Low,25
2026-05-07 19:01:57,Clerks Quarters to Governor Junction,1.33,19,Thursday,3,2.55,31.34,Low,Clouds,No Rain,0,0,0,0,1,0,None,Low,25
2026-05-07 19:01:57,Governor Junction to Long Street,0.0,19,Thursday,3,0.0,0,Low,Clouds,No Rain,0,0,0,0,1,0,None,Low,25
2026-05-07 19:01:57,Long Street to Bongo Square,1.24,19,Thursday,3,2.3,32.22,Low,Clouds,No Rain,0,0,0,0,1,0,None,Low,25
2026-05-07 19:01:57,Governor Junction to Buea Town,0.0,19,Thursday,3,0.0,0,Low,Clouds,No Rain,0,0,0,0,1,0,None,Low,25
2026-05-07 19:01:57,Molyko to UB Junction,6.39,19,Thursday,3,20.05,19.11,Low,Clouds,No Rain,0,0,0,0,1,0,None,Low,25
2026-05-07 19:01:57,UB Junction to Bonduma,3.88,19,Thursday,3,14.67,15.89,Low,Clouds,No Rain,0,0,0,0,1,0,None,Low,25
2026-05-07 19:01:57,Check Point to Molyko,4.17,19,Thursday,3,12.22,20.49,Low,Clouds,No Rain,0,0,0,0,1,0,None,Low,25
2026-05-07 19:01:57,Great Soppo to Check Point,4.01,19,Thursday,3,11.97,20.11,Low,Clouds,No Rain,0,0,0,0,1,0,None,Low,25
2026-05-07 19:01:57,Malingo to Bonduma,3.65,19,Thursday,3,13.17,16.65,Low,Clouds,No Rain,0,0,0,0,1,0,None,Low,25
2026-05-07 19:01:57,Buea Town to Malingo,5.04,19,Thursday,3,15.05,20.11,Low,Clouds,No Rain,0,0,0,0,1,0,None,Low,25
2026-05-07 19:01:57,Buea Town to Muea,0.0,19,Thursday,3,0.0,0,Low,Clouds,No Rain,0,0,0,0,1,0,None,Low,25
2026-05-07 19:11:57,Bonduma Gate to Mile 17,3.81,19,Thursday,3,11.2,20.43,Low,Error,Unknown,0,0,0,0,1,0,None,Low,25
2026-05-07 19:11:57,Bonduma to UB Junction,3.95,19,Thursday,3,14.03,16.87,Low,Error,Unknown,0,0,0,0,1,0,None,Low,25
2026-05-07 19:11:57,Bonduma to Molyko,3.11,19,Thursday,3,9.88,18.89,Low,Error,Unknown,0,0,0,0,1,0,None,Low,25
2026-05-07 19:11:57,Bonduma to Check Point,1.73,19,Thursday,3,5.2,19.97,Low,Error,Unknown,0,0,0,0,1,0,None,Low,25
2026-05-07 19:11:57,Bonduma to Muea,2.06,19,Thursday,3,6.95,17.79,Low,Error,Unknown,0,0,0,0,1,0,None,Low,25
2026-05-07 19:11:57,Bonduma to Great Soppo,2.95,19,Thursday,3,10.07,17.58,Low,Error,Unknown,0,0,0,0,1,0,None,Low,25
2026-05-07 19:11:57,Bonduma to Buea Town,2.06,19,Thursday,3,6.83,18.1,Low,Error,Unknown,0,0,0,0,1,0,None,Low,25
2026-05-07 19:11:57,Mile 16 to Mile 17,4.4,19,Thursday,3,12.68,20.82,Low,Error,Unknown,0,0,0,0,1,0,None,Low,25
2026-05-07 19:11:57,Mile 17 to Malingo,1.54,19,Thursday,3,5.28,17.52,Low,Error,Unknown,0,0,0,0,1,0,None,Low,25
2026-05-07 19:11:57,Mile 17 to UB Junction,2.05,19,Thursday,3,7.48,16.46,Low,Error,Unknown,0,0,0,0,1,0,None,Low,25
2026-05-07 19:11:57,Mile 17 to Check Point,2.47,19,Thursday,3,8.75,16.95,Low,Error,Unknown,0,0,0,0,1,0,None,Low,25
2026-05-07 19:11:57,Mile 17 to Muea,5.59,19,Thursday,3,17.12,19.61,Low,Error,Unknown,0,0,0,0,1,0,None,Low,25
2026-05-07 19:11:57,Mile 17 to Great Soppo,6.48,19,Thursday,3,20.35,19.11,Low,Error,Unknown,0,0,0,0,1,0,None,Low,25
2026-05-07 19:11:57,Malingo to UB Junction,3.47,19,Thursday,3,12.37,16.83,Low,Error,Unknown,0,0,0,0,1,0,None,Low,25
2026-05-07 19:11:57,Malingo to Check Point,1.92,19,Thursday,3,7.35,15.7,Low,Error,Unknown,0,0,0,0,1,0,None,Low,25
2026-05-07 19:11:57,Malingo to Molyko,6.19,19,Thursday,3,19.27,19.29,Low,Error,Unknown,0,0,0,0,1,0,None,Low,25
2026-05-07 19:11:57,Malingo to Muea,5.04,19,Thursday,3,15.43,19.61,Low,Error,Unknown,0,0,0,0,1,0,None,Low,25
2026-05-07 19:11:57,Malingo to Buea Town,5.04,19,Thursday,3,15.42,19.63,Low,Error,Unknown,0,0,0,0,1,0,None,Low,25
2026-05-07 19:11:57,UB Junction to Molyko,6.33,19,Thursday,3,20.15,18.84,Low,Error,Unknown,0,0,0,0,1,0,None,Low,25
2026-05-07 19:11:57,UB Junction to Check Point,2.15,19,Thursday,3,8.93,14.47,Low,Error,Unknown,0,0,0,0,1,0,None,Low,25
2026-05-07 19:11:57,UB Junction to Great Soppo,6.17,19,Thursday,3,20.55,18.0,Low,Error,Unknown,0,0,0,0,1,0,None,Low,25
2026-05-07 19:11:57,UB Junction to Buea Town,5.28,19,Thursday,3,17.3,18.3,Low,Error,Unknown,0,0,0,0,1,0,None,Low,25
2026-05-07 19:11:57,UB Junction to Muea,5.28,19,Thursday,3,17.3,18.3,Low,Error,Unknown,0,0,0,0,1,0,None,Low,25
2026-05-07 19:11:57,Molyko to Check Point,4.17,19,Thursday,3,11.93,20.98,Low,Error,Unknown,0,0,0,0,1,0,None,Low,25
2026-05-07 19:11:57,Molyko to Small Soppo,3.57,19,Thursday,3,12.67,16.93,Low,Error,Unknown,0,0,0,0,1,0,None,Low,25
2026-05-07 19:11:57,Molyko to Bongo Square,4.15,19,Thursday,3,12.38,20.12,Low,Error,Unknown,0,0,0,0,1,0,None,Low,25
2026-05-07 19:11:57,Molyko to Buea Town,2.92,19,Thursday,3,9.17,19.1,Low,Error,Unknown,0,0,0,0,1,0,None,Low,25
2026-05-07 19:11:57,Molyko to Muea,2.92,19,Thursday,3,9.17,19.1,Low,Error,Unknown,0,0,0,0,1,0,None,Low,25
2026-05-07 19:11:57,Molyko to Bokwango,6.15,19,Thursday,3,22.32,16.54,Low,Error,Unknown,0,0,0,0,1,0,None,Low,25
2026-05-07 19:11:57,Check Point to Buea Town,3.12,19,Thursday,3,8.95,20.93,Medium,Error,Unknown,0,0,0,0,1,0,None,Low,45
2026-05-07 19:11:57,Check Point to Great Soppo,4.01,19,Thursday,3,12.18,19.75,Low,Error,Unknown,0,0,0,0,1,0,None,Low,25
2026-05-07 19:11:57,Check Point to Small Soppo,3.78,19,Thursday,3,11.47,19.77,Low,Error,Unknown,0,0,0,0,1,0,None,Low,25
2026-05-07 19:11:57,Check Point to Bongo Square,4.36,19,Thursday,3,11.17,23.41,Low,Error,Unknown,0,0,0,0,1,0,None,Low,25
2026-05-07 19:11:57,Check Point to Muea,3.12,19,Thursday,3,8.95,20.93,Medium,Error,Unknown,0,0,0,0,1,0,None,Low,45
2026-05-07 19:11:57,Great Soppo to Small Soppo,1.54,19,Thursday,3,6.27,14.79,Low,Error,Unknown,0,0,0,0,1,0,None,Low,25
2026-05-07 19:11:57,Great Soppo to Bongo Square,2.12,19,Thursday,3,5.8,21.97,Low,Error,Unknown,0,0,0,0,1,0,None,Low,25
2026-05-07 19:11:57,Great Soppo to Buea Town,0.89,19,Thursday,3,3.23,16.5,Low,Error,Unknown,0,0,0,0,1,0,None,Low,25
2026-05-07 19:11:57,Great Soppo to Muea,0.89,19,Thursday,3,3.23,16.5,Low,Error,Unknown,0,0,0,0,1,0,None,Low,25
2026-05-07 19:11:57,Small Soppo to Bongo Square,1.07,19,Thursday,3,3.63,17.64,Low,Error,Unknown,0,0,0,0,1,0,None,Low,25
2026-05-07 19:11:57,Small Soppo to Buea Town,0.52,19,Thursday,3,2.85,10.84,Low,Error,Unknown,0,0,0,0,1,0,None,Low,25
2026-05-07 19:11:57,Small Soppo to Muea,0.52,19,Thursday,3,2.85,10.84,Low,Error,Unknown,0,0,0,0,1,0,None,Low,25
2026-05-07 19:11:57,Bongo Square to Buea Town,1.24,19,Thursday,3,2.23,33.18,Low,Error,Unknown,0,0,0,0,1,0,None,Low,25
2026-05-07 19:11:57,Bongo Square to Muea,1.24,19,Thursday,3,2.23,33.18,Low,Error,Unknown,0,0,0,0,1,0,None,Low,25
2026-05-07 19:11:57,Bokwango to Molyko,6.15,19,Thursday,3,22.38,16.49,Low,Error,Unknown,0,0,0,0,1,0,None,Low,25
2026-05-07 19:11:57,Bokwango to Check Point,5.26,19,Thursday,3,20.32,15.54,Low,Error,Unknown,0,0,0,0,1,0,None,Low,25
2026-05-07 19:11:57,Bokwango to Buea Town,8.38,19,Thursday,3,28.68,17.54,Low,Error,Unknown,0,0,0,0,1,0,None,Low,25
2026-05-07 19:11:57,Bokwango to Great Soppo,9.27,19,Thursday,3,31.92,17.43,Low,Error,Unknown,0,0,0,0,1,0,None,Low,25
2026-05-07 19:11:57,Muea to Great Soppo,0.89,19,Thursday,3,3.23,16.5,Low,Error,Unknown,0,0,0,0,1,0,None,Low,25
2026-05-07 19:11:57,Muea to Molyko,2.92,19,Thursday,3,8.87,19.75,Low,Error,Unknown,0,0,0,0,1,0,None,Low,25
2026-05-07 19:11:57,Muea to Check Point,3.12,19,Thursday,3,8.13,23.03,Low,Error,Unknown,0,0,0,0,1,0,None,Low,25
2026-05-07 19:11:57,Muea to Buea Town,0.0,19,Thursday,3,0.0,0,Low,Error,Unknown,0,0,0,0,1,0,None,Low,25
2026-05-07 19:11:57,Muea to Bonduma,2.06,19,Thursday,3,6.4,19.32,Low,Error,Unknown,0,0,0,0,1,0,None,Low,25
2026-05-07 19:11:57,Clerks Quarters to Governor Junction,1.33,19,Thursday,3,2.57,31.14,Low,Error,Unknown,0,0,0,0,1,0,None,Low,25
2026-05-07 19:11:57,Governor Junction to Long Street,0.0,19,Thursday,3,0.0,0,Low,Error,Unknown,0,0,0,0,1,0,None,Low,25
2026-05-07 19:11:57,Long Street to Bongo Square,1.24,19,Thursday,3,2.27,32.69,Low,Error,Unknown,0,0,0,0,1,0,None,Low,25
2026-05-07 19:11:57,Governor Junction to Buea Town,0.0,19,Thursday,3,0.0,0,Low,Error,Unknown,0,0,0,0,1,0,None,Low,25
2026-05-07 19:11:57,Molyko to UB Junction,6.39,19,Thursday,3,19.77,19.39,Low,Error,Unknown,0,0,0,0,1,0,None,Low,25
2026-05-07 19:11:57,UB Junction to Bonduma,3.88,19,Thursday,3,13.95,16.71,Low,Error,Unknown,0,0,0,0,1,0,None,Low,25
2026-05-07 19:11:57,Check Point to Molyko,4.17,19,Thursday,3,12.5,20.03,Low,Error,Unknown,0,0,0,0,1,0,None,Low,25
2026-05-07 19:11:57,Great Soppo to Check Point,4.01,19,Thursday,3,11.82,20.37,Low,Error,Unknown,0,0,0,0,1,0,None,Low,25
2026-05-07 19:11:57,Malingo to Bonduma,3.65,19,Thursday,3,12.42,17.66,Low,Error,Unknown,0,0,0,0,1,0,None,Low,25
2026-05-07 19:11:57,Buea Town to Malingo,5.04,19,Thursday,3,14.95,20.25,Low,Error,Unknown,0,0,0,0,1,0,None,Low,25
2026-05-07 19:11:57,Buea Town to Muea,0.0,19,Thursday,3,0.0,0,Low,Error,Unknown,0,0,0,0,1,0,None,Low,25
2026-05-07 19:21:57,Bonduma Gate to Mile 17,3.81,19,Thursday,3,11.03,20.74,Low,Clouds,No Rain,0,0,0,0,1,0,None,Low,25
2026-05-07 19:21:57,Bonduma to UB Junction,3.95,19,Thursday,3,13.97,16.95,Low,Clouds,No Rain,0,0,0,0,1,0,None,Low,25
2026-05-07 19:21:57,Bonduma to Molyko,3.11,19,Thursday,3,9.88,18.89,Low,Clouds,No Rain,0,0,0,0,1,0,None,Low,25
2026-05-07 19:21:57,Bonduma to Check Point,1.73,19,Thursday,3,5.18,20.04,Low,Clouds,No Rain,0,0,0,0,1,0,None,Low,25
2026-05-07 19:21:57,Bonduma to Muea,2.06,19,Thursday,3,6.7,18.46,Low,Clouds,No Rain,0,0,0,0,1,0,None,Low,25
2026-05-07 19:21:57,Bonduma to Great Soppo,2.95,19,Thursday,3,9.95,17.79,Low,Clouds,No Rain,0,0,0,0,1,0,None,Low,25
2026-05-07 19:21:57,Bonduma to Buea Town,2.06,19,Thursday,3,6.7,18.46,Low,Clouds,No Rain,0,0,0,0,1,0,None,Low,25
2026-05-07 19:21:57,Mile 16 to Mile 17,4.4,19,Thursday,3,12.43,21.24,Low,Clouds,No Rain,0,0,0,0,1,0,None,Low,25
2026-05-07 19:21:57,Mile 17 to Malingo,1.54,19,Thursday,3,5.23,17.69,Low,Clouds,No Rain,0,0,0,0,1,0,None,Low,25
2026-05-07 19:21:57,Mile 17 to UB Junction,2.05,19,Thursday,3,7.48,16.46,Low,Clouds,No Rain,0,0,0,0,1,0,None,Low,25
2026-05-07 19:21:57,Mile 17 to Check Point,2.47,19,Thursday,3,8.57,17.31,Low,Clouds,No Rain,0,0,0,0,1,0,None,Low,25
2026-05-07 19:21:57,Mile 17 to Muea,5.59,19,Thursday,3,16.83,19.94,Low,Clouds,No Rain,0,0,0,0,1,0,None,Low,25
2026-05-07 19:21:57,Mile 17 to Great Soppo,6.48,19,Thursday,3,19.97,19.48,Low,Clouds,No Rain,0,0,0,0,1,0,None,Low,25
2026-05-07 19:21:57,Malingo to UB Junction,3.47,19,Thursday,3,12.53,16.61,Low,Clouds,No Rain,0,0,0,0,1,0,None,Low,25
2026-05-07 19:21:57,Malingo to Check Point,2.02,19,Thursday,3,7.15,16.97,Low,Clouds,No Rain,0,0,0,0,1,0,None,Low,25
2026-05-07 19:21:57,Malingo to Molyko,6.19,19,Thursday,3,18.92,19.65,Low,Clouds,No Rain,0,0,0,0,1,0,None,Low,25
2026-05-07 19:21:57,Malingo to Muea,5.04,19,Thursday,3,15.25,19.85,Low,Clouds,No Rain,0,0,0,0,1,0,None,Low,25
2026-05-07 19:21:57,Malingo to Buea Town,5.04,19,Thursday,3,15.25,19.85,Low,Clouds,No Rain,0,0,0,0,1,0,None,Low,25
2026-05-07 19:21:57,UB Junction to Molyko,6.33,19,Thursday,3,19.8,19.17,Low,Clouds,No Rain,0,0,0,0,1,0,None,Low,25
2026-05-07 19:21:57,UB Junction to Check Point,2.15,19,Thursday,3,8.67,14.92,Low,Clouds,No Rain,0,0,0,0,1,0,None,Low,25
2026-05-07 19:21:57,UB Junction to Great Soppo,6.17,19,Thursday,3,20.15,18.36,Low,Clouds,No Rain,0,0,0,0,1,0,None,Low,25
2026-05-07 19:21:57,UB Junction to Buea Town,5.28,19,Thursday,3,16.9,18.73,Low,Clouds,No Rain,0,0,0,0,1,0,None,Low,25
2026-05-07 19:21:57,UB Junction to Muea,5.28,19,Thursday,3,16.9,18.73,Low,Clouds,No Rain,0,0,0,0,1,0,None,Low,25
2026-05-07 19:21:57,Molyko to Check Point,4.17,19,Thursday,3,11.95,20.95,Low,Clouds,No Rain,0,0,0,0,1,0,None,Low,25
2026-05-07 19:21:57,Molyko to Great Soppo,2.03,19,Thursday,3,5.93,20.52,Low,Clouds,No Rain,0,0,0,0,1,0,None,Low,25
2026-05-07 19:21:57,Molyko to Small Soppo,3.57,19,Thursday,3,12.47,17.2,Low,Clouds,No Rain,0,0,0,0,1,0,None,Low,25
2026-05-07 19:21:57,Molyko to Bongo Square,4.15,19,Thursday,3,12.35,20.18,Low,Clouds,No Rain,0,0,0,0,1,0,None,Low,25
2026-05-07 19:21:57,Molyko to Buea Town,2.92,19,Thursday,3,9.17,19.1,Low,Clouds,No Rain,0,0,0,0,1,0,None,Low,25
2026-05-07 19:21:57,Molyko to Muea,2.92,19,Thursday,3,9.17,19.1,Low,Clouds,No Rain,0,0,0,0,1,0,None,Low,25
2026-05-07 19:21:57,Molyko to Bokwango,6.15,19,Thursday,3,22.22,16.62,Low,Clouds,No Rain,0,0,0,0,1,0,None,Low,25
2026-05-07 19:21:57,Check Point to Buea Town,3.12,19,Thursday,3,8.3,22.57,Low,Clouds,No Rain,0,0,0,0,1,0,None,Low,25
2026-05-07 19:21:57,Check Point to Great Soppo,4.01,19,Thursday,3,11.53,20.87,Low,Clouds,No Rain,0,0,0,0,1,0,None,Low,25
2026-05-07 19:21:57,Check Point to Small Soppo,3.78,19,Thursday,3,10.8,20.99,Low,Clouds,No Rain,0,0,0,0,1,0,None,Low,25
2026-05-07 19:21:57,Check Point to Bongo Square,4.36,19,Thursday,3,10.5,24.9,Low,Clouds,No Rain,0,0,0,0,1,0,None,Low,25
2026-05-07 19:21:57,Check Point to Muea,3.12,19,Thursday,3,8.3,22.57,Low,Clouds,No Rain,0,0,0,0,1,0,None,Low,25
2026-05-07 19:21:57,Great Soppo to Small Soppo,1.54,19,Thursday,3,6.22,14.91,Low,Clouds,No Rain,0,0,0,0,1,0,None,Low,25
2026-05-07 19:21:57,Great Soppo to Bongo Square,2.12,19,Thursday,3,5.77,22.1,Low,Clouds,No Rain,0,0,0,0,1,0,None,Low,25
2026-05-07 19:21:57,Great Soppo to Buea Town,0.89,19,Thursday,3,3.23,16.5,Low,Clouds,No Rain,0,0,0,0,1,0,None,Low,25
2026-05-07 19:21:57,Great Soppo to Muea,0.89,19,Thursday,3,3.23,16.5,Low,Clouds,No Rain,0,0,0,0,1,0,None,Low,25
2026-05-07 19:21:57,Small Soppo to Bongo Square,1.07,19,Thursday,3,3.63,17.64,Low,Clouds,No Rain,0,0,0,0,1,0,None,Low,25
2026-05-07 19:21:57,Small Soppo to Buea Town,0.52,19,Thursday,3,2.85,10.84,Low,Clouds,No Rain,0,0,0,0,1,0,None,Low,25
2026-05-07 19:21:57,Small Soppo to Muea,0.52,19,Thursday,3,2.85,10.84,Low,Clouds,No Rain,0,0,0,0,1,0,None,Low,25
2026-05-07 19:21:57,Bongo Square to Buea Town,1.24,19,Thursday,3,2.22,33.43,Low,Clouds,No Rain,0,0,0,0,1,0,None,Low,25
2026-05-07 19:21:57,Bongo Square to Muea,1.24,19,Thursday,3,2.22,33.43,Low,Clouds,No Rain,0,0,0,0,1,0,None,Low,25
2026-05-07 19:21:57,Bokwango to Molyko,6.15,19,Thursday,3,22.37,16.51,Low,Clouds,No Rain,0,0,0,0,1,0,None,Low,25
2026-05-07 19:21:57,Bokwango to Check Point,5.26,19,Thursday,3,20.43,15.45,Low,Clouds,No Rain,0,0,0,0,1,0,None,Low,25
2026-05-07 19:21:57,Bokwango to Buea Town,8.38,19,Thursday,3,28.8,17.47,Low,Clouds,No Rain,0,0,0,0,1,0,None,Low,25
2026-05-07 19:21:57,Bokwango to Great Soppo,9.27,19,Thursday,3,32.05,17.36,Low,Clouds,No Rain,0,0,0,0,1,0,None,Low,25
2026-05-07 19:21:57,Muea to Great Soppo,0.89,19,Thursday,3,3.23,16.5,Low,Clouds,No Rain,0,0,0,0,1,0,None,Low,25
2026-05-07 19:21:57,Muea to Molyko,2.92,19,Thursday,3,8.87,19.75,Low,Clouds,No Rain,0,0,0,0,1,0,None,Low,25
2026-05-07 19:21:57,Muea to Check Point,3.12,19,Thursday,3,8.12,23.08,Low,Clouds,No Rain,0,0,0,0,1,0,None,Low,25
2026-05-07 19:21:57,Muea to Buea Town,0.0,19,Thursday,3,0.0,0,Low,Clouds,No Rain,0,0,0,0,1,0,None,Low,25
2026-05-07 19:21:57,Muea to Bonduma,2.06,19,Thursday,3,6.33,19.53,Low,Clouds,No Rain,0,0,0,0,1,0,None,Low,25
2026-05-07 19:21:57,Muea to Malingo,5.04,19,Thursday,3,14.95,20.25,Low,Clouds,No Rain,0,0,0,0,1,0,None,Low,25
2026-05-07 19:21:57,Clerks Quarters to Governor Junction,1.33,19,Thursday,3,2.55,31.34,Low,Clouds,No Rain,0,0,0,0,1,0,None,Low,25
2026-05-07 19:21:57,Governor Junction to Long Street,0.0,19,Thursday,3,0.0,0,Low,Clouds,No Rain,0,0,0,0,1,0,None,Low,25
2026-05-07 19:21:57,Long Street to Bongo Square,1.24,19,Thursday,3,2.18,33.94,Low,Clouds,No Rain,0,0,0,0,1,0,None,Low,25
2026-05-07 19:21:57,Governor Junction to Buea Town,0.0,19,Thursday,3,0.0,0,Low,Clouds,No Rain,0,0,0,0,1,0,None,Low,25
2026-05-07 19:21:57,Great Soppo to Check Point,4.01,19,Thursday,3,11.73,20.51,Low,Clouds,No Rain,0,0,0,0,1,0,None,Low,25
2026-05-07 19:21:57,Buea Town to Malingo,5.04,19,Thursday,3,14.93,20.27,Low,Clouds,No Rain,0,0,0,0,1,0,None,Low,25
2026-05-07 19:21:57,Buea Town to Muea,0.0,19,Thursday,3,0.0,0,Low,Clouds,No Rain,0,0,0,0,1,0,None,Low,25
2026-05-07 19:31:57,Bonduma Gate to Mile 17,3.81,19,Thursday,3,11.03,20.74,Low,Clouds,No Rain,0,0,0,0,0,0,None,Low,10
2026-05-07 19:31:57,Bonduma to UB Junction,3.95,19,Thursday,3,13.98,16.93,Low,Clouds,No Rain,0,0,0,0,0,0,None,Low,10
2026-05-07 19:31:57,Bonduma to Molyko,3.11,19,Thursday,3,9.88,18.89,Low,Clouds,No Rain,0,0,0,0,0,0,None,Low,10
2026-05-07 19:31:57,Bonduma to Check Point,1.73,19,Thursday,3,5.23,19.85,Low,Clouds,No Rain,0,0,0,0,0,0,None,Low,10
2026-05-07 19:31:57,Bonduma to Muea,2.06,19,Thursday,3,6.58,18.78,Low,Clouds,No Rain,0,0,0,0,0,0,None,Low,10
2026-05-07 19:31:57,Bonduma to Great Soppo,2.95,19,Thursday,3,9.82,18.03,Low,Clouds,No Rain,0,0,0,0,0,0,None,Low,10
2026-05-07 19:31:57,Bonduma to Buea Town,2.06,19,Thursday,3,6.57,18.83,Low,Clouds,No Rain,0,0,0,0,0,0,None,Low,10
2026-05-07 19:31:57,Mile 16 to Mile 17,4.4,19,Thursday,3,12.4,21.3,Low,Clouds,No Rain,0,0,0,0,0,0,None,Low,10
2026-05-07 19:31:57,Mile 17 to Malingo,1.54,19,Thursday,3,5.15,17.98,Low,Clouds,No Rain,0,0,0,0,0,0,None,Low,10
2026-05-07 19:31:57,Mile 17 to UB Junction,2.05,19,Thursday,3,7.48,16.46,Low,Clouds,No Rain,0,0,0,0,0,0,None,Low,10
2026-05-07 19:31:57,Mile 17 to Check Point,2.47,19,Thursday,3,8.48,17.48,Low,Clouds,No Rain,0,0,0,0,0,0,None,Low,10
2026-05-07 19:31:57,Mile 17 to Muea,5.59,19,Thursday,3,16.78,20.0,Low,Clouds,No Rain,0,0,0,0,0,0,None,Low,10
2026-05-07 19:31:57,Mile 17 to Great Soppo,6.48,19,Thursday,3,20.03,19.42,Low,Clouds,No Rain,0,0,0,0,0,0,None,Low,10
2026-05-07 19:31:57,Malingo to UB Junction,3.47,19,Thursday,3,12.47,16.7,Low,Clouds,No Rain,0,0,0,0,0,0,None,Low,10
2026-05-07 19:31:57,Malingo to Check Point,2.02,19,Thursday,3,7.23,16.77,Low,Clouds,No Rain,0,0,0,0,0,0,None,Low,10
2026-05-07 19:31:57,Malingo to Molyko,6.19,19,Thursday,3,18.97,19.59,Low,Clouds,No Rain,0,0,0,0,0,0,None,Low,10
2026-05-07 19:31:57,Malingo to Muea,5.04,19,Thursday,3,15.3,19.78,Low,Clouds,No Rain,0,0,0,0,0,0,None,Low,10
2026-05-07 19:31:57,Malingo to Buea Town,5.04,19,Thursday,3,15.3,19.78,Low,Clouds,No Rain,0,0,0,0,0,0,None,Low,10
2026-05-07 19:31:57,UB Junction to Molyko,6.33,19,Thursday,3,19.93,19.04,Low,Clouds,No Rain,0,0,0,0,0,0,None,Low,10
2026-05-07 19:31:57,UB Junction to Check Point,2.15,19,Thursday,3,8.67,14.92,Low,Clouds,No Rain,0,0,0,0,0,0,None,Low,10
2026-05-07 19:31:57,UB Junction to Great Soppo,6.17,19,Thursday,3,20.2,18.31,Low,Clouds,No Rain,0,0,0,0,0,0,None,Low,10
2026-05-07 19:31:57,UB Junction to Buea Town,5.28,19,Thursday,3,16.97,18.66,Low,Clouds,No Rain,0,0,0,0,0,0,None,Low,10
2026-05-07 19:31:57,UB Junction to Muea,5.28,19,Thursday,3,16.97,18.66,Low,Clouds,No Rain,0,0,0,0,0,0,None,Low,10
2026-05-07 19:31:57,Molyko to Check Point,4.17,19,Thursday,3,12.0,20.86,Low,Clouds,No Rain,0,0,0,0,0,0,None,Low,10
2026-05-07 19:31:57,Molyko to Great Soppo,2.03,19,Thursday,3,5.93,20.52,Low,Clouds,No Rain,0,0,0,0,0,0,None,Low,10
2026-05-07 19:31:57,Molyko to Small Soppo,3.57,19,Thursday,3,12.58,17.04,Low,Clouds,No Rain,0,0,0,0,0,0,None,Low,10
2026-05-07 19:31:57,Molyko to Bongo Square,4.15,19,Thursday,3,12.3,20.26,Low,Clouds,No Rain,0,0,0,0,0,0,None,Low,10
2026-05-07 19:31:57,Molyko to Buea Town,2.92,19,Thursday,3,9.17,19.1,Low,Clouds,No Rain,0,0,0,0,0,0,None,Low,10
2026-05-07 19:31:57,Molyko to Muea,2.92,19,Thursday,3,9.17,19.1,Low,Clouds,No Rain,0,0,0,0,0,0,None,Low,10
2026-05-07 19:31:57,Molyko to Bokwango,6.15,19,Thursday,3,22.25,16.59,Low,Clouds,No Rain,0,0,0,0,0,0,None,Low,10
2026-05-07 19:31:57,Check Point to Buea Town,3.12,19,Thursday,3,8.22,22.8,Low,Clouds,No Rain,0,0,0,0,0,0,None,Low,10
2026-05-07 19:31:57,Check Point to Great Soppo,4.01,19,Thursday,3,11.45,21.02,Low,Clouds,No Rain,0,0,0,0,0,0,None,Low,10
2026-05-07 19:31:57,Check Point to Small Soppo,3.78,19,Thursday,3,10.73,21.12,Low,Clouds,No Rain,0,0,0,0,0,0,None,Low,10
2026-05-07 19:31:57,Check Point to Bongo Square,4.36,19,Thursday,3,10.4,25.14,Low,Clouds,No Rain,0,0,0,0,0,0,None,Low,10
2026-05-07 19:31:57,Check Point to Muea,3.12,19,Thursday,3,8.23,22.75,Low,Clouds,No Rain,0,0,0,0,0,0,None,Low,10
2026-05-07 19:31:57,Great Soppo to Small Soppo,1.54,19,Thursday,3,6.17,15.03,Low,Clouds,No Rain,0,0,0,0,0,0,None,Low,10
2026-05-07 19:31:57,Great Soppo to Bongo Square,2.12,19,Thursday,3,5.72,22.29,Low,Clouds,No Rain,0,0,0,0,0,0,None,Low,10
2026-05-07 19:31:57,Great Soppo to Buea Town,0.89,19,Thursday,3,3.23,16.5,Low,Clouds,No Rain,0,0,0,0,0,0,None,Low,10
2026-05-07 19:31:57,Great Soppo to Muea,0.89,19,Thursday,3,3.23,16.5,Low,Clouds,No Rain,0,0,0,0,0,0,None,Low,10
2026-05-07 19:31:57,Small Soppo to Bongo Square,1.07,19,Thursday,3,3.6,17.8,Low,Clouds,No Rain,0,0,0,0,0,0,None,Low,10
2026-05-07 19:31:57,Small Soppo to Buea Town,0.52,19,Thursday,3,2.9,10.66,Low,Clouds,No Rain,0,0,0,0,0,0,None,Low,10
2026-05-07 19:31:57,Small Soppo to Muea,0.52,19,Thursday,3,2.9,10.66,Low,Clouds,No Rain,0,0,0,0,0,0,None,Low,10
2026-05-07 19:31:57,Bongo Square to Buea Town,1.24,19,Thursday,3,2.2,33.68,Low,Clouds,No Rain,0,0,0,0,0,0,None,Low,10
2026-05-07 19:31:57,Bongo Square to Muea,1.24,19,Thursday,3,2.2,33.68,Low,Clouds,No Rain,0,0,0,0,0,0,None,Low,10
2026-05-07 19:31:57,Bokwango to Molyko,6.15,19,Thursday,3,22.28,16.57,Low,Clouds,No Rain,0,0,0,0,0,0,None,Low,10
2026-05-07 19:31:57,Bokwango to Check Point,5.26,19,Thursday,3,19.87,15.89,Low,Clouds,No Rain,0,0,0,0,0,0,None,Low,10
2026-05-07 19:31:57,Bokwango to Buea Town,8.38,19,Thursday,3,28.13,17.88,Low,Clouds,No Rain,0,0,0,0,0,0,None,Low,10
2026-05-07 19:31:57,Bokwango to Great Soppo,9.27,19,Thursday,3,31.35,17.75,Low,Clouds,No Rain,0,0,0,0,0,0,None,Low,10
2026-05-07 19:31:57,Muea to Great Soppo,0.89,19,Thursday,3,3.23,16.5,Low,Clouds,No Rain,0,0,0,0,0,0,None,Low,10
2026-05-07 19:31:57,Muea to Molyko,2.92,19,Thursday,3,8.87,19.75,Low,Clouds,No Rain,0,0,0,0,0,0,None,Low,10
2026-05-07 19:31:57,Muea to Check Point,3.12,19,Thursday,3,7.9,23.71,Low,Clouds,No Rain,0,0,0,0,0,0,None,Low,10
2026-05-07 19:31:57,Muea to Buea Town,0.0,19,Thursday,3,0.0,0,Low,Clouds,No Rain,0,0,0,0,0,0,None,Low,10
2026-05-07 19:31:57,Muea to Bonduma,2.06,19,Thursday,3,6.1,20.27,Low,Clouds,No Rain,0,0,0,0,0,0,None,Low,10
2026-05-07 19:31:57,Muea to Malingo,5.04,19,Thursday,3,14.73,20.55,Low,Clouds,No Rain,0,0,0,0,0,0,None,Low,10
2026-05-07 19:31:57,Clerks Quarters to Governor Junction,1.33,19,Thursday,3,2.53,31.55,Low,Clouds,No Rain,0,0,0,0,0,0,None,Low,10
2026-05-07 19:31:57,Governor Junction to Long Street,0.0,19,Thursday,3,0.0,0,Low,Clouds,No Rain,0,0,0,0,0,0,None,Low,10
2026-05-07 19:31:57,Long Street to Bongo Square,1.24,19,Thursday,3,2.15,34.47,Low,Clouds,No Rain,0,0,0,0,0,0,None,Low,10
2026-05-07 19:31:57,Governor Junction to Buea Town,0.0,19,Thursday,3,0.0,0,Low,Clouds,No Rain,0,0,0,0,0,0,None,Low,10
2026-05-07 19:31:57,Molyko to UB Junction,6.39,19,Thursday,3,19.72,19.44,Low,Clouds,No Rain,0,0,0,0,0,0,None,Low,10
2026-05-07 19:31:57,UB Junction to Bonduma,3.88,19,Thursday,3,13.95,16.71,Low,Clouds,No Rain,0,0,0,0,0,0,None,Low,10
2026-05-07 19:31:57,Check Point to Molyko,4.17,19,Thursday,3,12.08,20.72,Low,Clouds,No Rain,0,0,0,0,0,0,None,Low,10
2026-05-07 19:31:57,Great Soppo to Check Point,4.01,19,Thursday,3,11.67,20.63,Low,Clouds,No Rain,0,0,0,0,0,0,None,Low,10
2026-05-07 19:31:57,Malingo to Bonduma,3.75,19,Thursday,3,12.62,17.85,Low,Clouds,No Rain,0,0,0,0,0,0,None,Low,10
2026-05-07 19:31:57,Buea Town to Malingo,5.04,19,Thursday,3,14.73,20.55,Low,Clouds,No Rain,0,0,0,0,0,0,None,Low,10
2026-05-07 19:31:57,Buea Town to Muea,0.0,19,Thursday,3,0.0,0,Low,Clouds,No Rain,0,0,0,0,0,0,None,Low,10
2026-05-07 19:41:57,Bonduma Gate to Mile 17,3.81,19,Thursday,3,10.97,20.86,Low,Clouds,No Rain,0,0,0,0,0,0,None,Low,10
2026-05-07 19:41:57,Bonduma to UB Junction,3.95,19,Thursday,3,13.92,17.01,Low,Clouds,No Rain,0,0,0,0,0,0,None,Low,10
2026-05-07 19:41:57,Bonduma to Molyko,3.11,19,Thursday,3,9.88,18.89,Low,Clouds,No Rain,0,0,0,0,0,0,None,Low,10
2026-05-07 19:41:57,Bonduma to Check Point,1.73,19,Thursday,3,5.22,19.91,Low,Clouds,No Rain,0,0,0,0,0,0,None,Low,10
2026-05-07 19:41:57,Bonduma to Muea,2.06,19,Thursday,3,6.53,18.93,Low,Clouds,No Rain,0,0,0,0,0,0,None,Low,10
2026-05-07 19:41:57,Bonduma to Great Soppo,2.95,19,Thursday,3,9.77,18.12,Low,Clouds,No Rain,0,0,0,0,0,0,None,Low,10
2026-05-07 19:41:57,Mile 16 to Mile 17,4.4,19,Thursday,3,12.32,21.44,Low,Clouds,No Rain,0,0,0,0,0,0,None,Low,10
2026-05-07 19:41:57,Mile 17 to Malingo,1.54,19,Thursday,3,5.27,17.58,Low,Clouds,No Rain,0,0,0,0,0,0,None,Low,10
2026-05-07 19:41:57,Mile 17 to UB Junction,2.05,19,Thursday,3,7.62,16.17,Low,Clouds,No Rain,0,0,0,0,0,0,None,Low,10
2026-05-07 19:41:57,Mile 17 to Check Point,2.47,19,Thursday,3,8.62,17.21,Low,Clouds,No Rain,0,0,0,0,0,0,None,Low,10
2026-05-07 19:41:57,Mile 17 to Muea,5.59,19,Thursday,3,16.85,19.92,Low,Clouds,No Rain,0,0,0,0,0,0,None,Low,10
2026-05-07 19:41:57,Mile 17 to Great Soppo,6.48,19,Thursday,3,20.08,19.37,Low,Clouds,No Rain,0,0,0,0,0,0,None,Low,10
2026-05-07 19:41:57,Malingo to UB Junction,3.47,19,Thursday,3,12.27,16.97,Low,Clouds,No Rain,0,0,0,0,0,0,None,Low,10
2026-05-07 19:41:57,Malingo to Check Point,2.02,19,Thursday,3,7.22,16.81,Low,Clouds,No Rain,0,0,0,0,0,0,None,Low,10
2026-05-07 19:41:57,Malingo to Molyko,6.19,19,Thursday,3,19.0,19.56,Low,Clouds,No Rain,0,0,0,0,0,0,None,Low,10
2026-05-07 19:41:57,Malingo to Muea,5.04,19,Thursday,3,15.28,19.81,Low,Clouds,No Rain,0,0,0,0,0,0,None,Low,10
2026-05-07 19:41:57,Malingo to Buea Town,5.04,19,Thursday,3,15.28,19.81,Low,Clouds,No Rain,0,0,0,0,0,0,None,Low,10
2026-05-07 19:41:57,UB Junction to Molyko,6.33,19,Thursday,3,19.95,19.03,Low,Clouds,No Rain,0,0,0,0,0,0,None,Low,10
2026-05-07 19:41:57,UB Junction to Check Point,2.15,19,Thursday,3,8.68,14.89,Low,Clouds,No Rain,0,0,0,0,0,0,None,Low,10
2026-05-07 19:41:57,UB Junction to Great Soppo,6.17,19,Thursday,3,20.13,18.37,Low,Clouds,No Rain,0,0,0,0,0,0,None,Low,10
2026-05-07 19:41:57,UB Junction to Buea Town,5.28,19,Thursday,3,16.9,18.73,Low,Clouds,No Rain,0,0,0,0,0,0,None,Low,10
2026-05-07 19:41:57,UB Junction to Muea,5.28,19,Thursday,3,16.9,18.73,Low,Clouds,No Rain,0,0,0,0,0,0,None,Low,10
2026-05-07 19:41:57,Molyko to Check Point,4.17,19,Thursday,3,12.18,20.55,Low,Clouds,No Rain,0,0,0,0,0,0,None,Low,10
2026-05-07 19:41:57,Molyko to Great Soppo,2.03,19,Thursday,3,5.93,20.52,Low,Clouds,No Rain,0,0,0,0,0,0,None,Low,10
2026-05-07 19:41:57,Molyko to Small Soppo,3.57,19,Thursday,3,12.47,17.2,Low,Clouds,No Rain,0,0,0,0,0,0,None,Low,10
2026-05-07 19:41:57,Molyko to Bongo Square,4.15,19,Thursday,3,12.17,20.48,Low,Clouds,No Rain,0,0,0,0,0,0,None,Low,10
2026-05-07 19:41:57,Molyko to Buea Town,2.92,19,Thursday,3,9.17,19.1,Low,Clouds,No Rain,0,0,0,0,0,0,None,Low,10
2026-05-07 19:41:57,Molyko to Muea,2.92,19,Thursday,3,9.17,19.1,Low,Clouds,No Rain,0,0,0,0,0,0,None,Low,10
2026-05-07 19:41:57,Molyko to Bokwango,6.15,19,Thursday,3,22.27,16.58,Low,Clouds,No Rain,0,0,0,0,0,0,None,Low,10
2026-05-07 19:41:57,Check Point to Buea Town,3.12,19,Thursday,3,8.3,22.57,Low,Clouds,No Rain,0,0,0,0,0,0,None,Low,10
2026-05-07 19:41:57,Check Point to Great Soppo,4.01,19,Thursday,3,11.53,20.87,Low,Clouds,No Rain,0,0,0,0,0,0,None,Low,10
2026-05-07 19:41:57,Check Point to Small Soppo,3.78,19,Thursday,3,10.78,21.02,Low,Clouds,No Rain,0,0,0,0,0,0,None,Low,10
2026-05-07 19:41:57,Check Point to Bongo Square,4.36,19,Thursday,3,10.43,25.06,Low,Clouds,No Rain,0,0,0,0,0,0,None,Low,10
2026-05-07 19:41:57,Check Point to Muea,3.12,19,Thursday,3,8.3,22.57,Low,Clouds,No Rain,0,0,0,0,0,0,None,Low,10
2026-05-07 19:41:57,Great Soppo to Small Soppo,1.54,19,Thursday,3,6.12,15.16,Low,Clouds,No Rain,0,0,0,0,0,0,None,Low,10
2026-05-07 19:41:57,Great Soppo to Bongo Square,2.12,19,Thursday,3,5.72,22.29,Low,Clouds,No Rain,0,0,0,0,0,0,None,Low,10
2026-05-07 19:41:57,Great Soppo to Buea Town,0.89,19,Thursday,3,3.23,16.5,Low,Clouds,No Rain,0,0,0,0,0,0,None,Low,10
2026-05-07 19:41:57,Great Soppo to Muea,0.89,19,Thursday,3,3.23,16.5,Low,Clouds,No Rain,0,0,0,0,0,0,None,Low,10
2026-05-07 19:41:57,Small Soppo to Bongo Square,1.07,19,Thursday,3,3.58,17.88,Low,Clouds,No Rain,0,0,0,0,0,0,None,Low,10
2026-05-07 19:41:57,Small Soppo to Buea Town,0.52,19,Thursday,3,2.88,10.72,Low,Clouds,No Rain,0,0,0,0,0,0,None,Low,10
2026-05-07 19:41:57,Small Soppo to Muea,0.52,19,Thursday,3,2.88,10.72,Low,Clouds,No Rain,0,0,0,0,0,0,None,Low,10
2026-05-07 19:41:57,Bongo Square to Buea Town,1.24,19,Thursday,3,2.25,32.93,Low,Clouds,No Rain,0,0,0,0,0,0,None,Low,10
2026-05-07 19:41:57,Bongo Square to Muea,1.24,19,Thursday,3,2.25,32.93,Low,Clouds,No Rain,0,0,0,0,0,0,None,Low,10
2026-05-07 19:41:57,Bokwango to Molyko,6.15,19,Thursday,3,22.3,16.56,Low,Clouds,No Rain,0,0,0,0,0,0,None,Low,10
2026-05-07 19:41:57,Bokwango to Check Point,5.26,19,Thursday,3,19.83,15.92,Low,Clouds,No Rain,0,0,0,0,0,0,None,Low,10
2026-05-07 19:41:57,Bokwango to Buea Town,8.38,19,Thursday,3,27.98,17.98,Low,Clouds,No Rain,0,0,0,0,0,0,None,Low,10
2026-05-07 19:41:57,Bokwango to Great Soppo,9.27,19,Thursday,3,31.22,17.83,Low,Clouds,No Rain,0,0,0,0,0,0,None,Low,10
2026-05-07 19:41:57,Muea to Great Soppo,0.89,19,Thursday,3,3.23,16.5,Low,Clouds,No Rain,0,0,0,0,0,0,None,Low,10
2026-05-07 19:41:57,Muea to Molyko,2.92,19,Thursday,3,8.87,19.75,Low,Clouds,No Rain,0,0,0,0,0,0,None,Low,10
2026-05-07 19:41:57,Muea to Check Point,3.12,19,Thursday,3,8.02,23.37,Low,Clouds,No Rain,0,0,0,0,0,0,None,Low,10
2026-05-07 19:41:57,Muea to Buea Town,0.0,19,Thursday,3,0.0,0,Low,Clouds,No Rain,0,0,0,0,0,0,None,Low,10
2026-05-07 19:41:57,Muea to Bonduma,2.06,19,Thursday,3,6.13,20.16,Low,Clouds,No Rain,0,0,0,0,0,0,None,Low,10
2026-05-07 19:41:57,Muea to Malingo,5.04,19,Thursday,3,14.85,20.38,Low,Clouds,No Rain,0,0,0,0,0,0,None,Low,10
2026-05-07 19:41:57,Clerks Quarters to Governor Junction,1.33,19,Thursday,3,2.6,30.74,Low,Clouds,No Rain,0,0,0,0,0,0,None,Low,10
2026-05-07 19:41:57,Governor Junction to Long Street,0.0,19,Thursday,3,0.0,0,Low,Clouds,No Rain,0,0,0,0,0,0,None,Low,10
2026-05-07 19:41:57,Long Street to Bongo Square,1.24,19,Thursday,3,2.12,35.01,Low,Clouds,No Rain,0,0,0,0,0,0,None,Low,10
2026-05-07 19:41:57,Governor Junction to Buea Town,0.0,19,Thursday,3,0.0,0,Low,Clouds,No Rain,0,0,0,0,0,0,None,Low,10
2026-05-07 19:41:57,Molyko to UB Junction,6.39,19,Thursday,3,20.0,19.16,Low,Clouds,No Rain,0,0,0,0,0,0,None,Low,10
2026-05-07 19:41:57,UB Junction to Bonduma,3.88,19,Thursday,3,13.88,16.79,Low,Clouds,No Rain,0,0,0,0,0,0,None,Low,10
2026-05-07 19:41:57,Check Point to Molyko,4.17,19,Thursday,3,12.08,20.72,Low,Clouds,No Rain,0,0,0,0,0,0,None,Low,10
2026-05-07 19:41:57,Great Soppo to Check Point,4.01,19,Thursday,3,11.75,20.48,Low,Clouds,No Rain,0,0,0,0,0,0,None,Low,10
2026-05-07 19:41:57,Malingo to Bonduma,3.75,19,Thursday,3,12.6,17.87,Low,Clouds,No Rain,0,0,0,0,0,0,None,Low,10
2026-05-07 19:41:57,Buea Town to Malingo,5.04,19,Thursday,3,14.85,20.38,Low,Clouds,No Rain,0,0,0,0,0,0,None,Low,10
2026-05-07 19:41:57,Buea Town to Muea,0.0,19,Thursday,3,0.0,0,Low,Clouds,No Rain,0,0,0,0,0,0,None,Low,10
2026-05-07 19:51:57,Bonduma Gate to Mile 17,3.81,19,Thursday,3,11.12,20.58,Low,Clouds,No Rain,0,0,0,0,0,0,None,Low,10
2026-05-07 19:51:57,Bonduma to UB Junction,3.95,19,Thursday,3,14.03,16.87,Low,Clouds,No Rain,0,0,0,0,0,0,None,Low,10
2026-05-07 19:51:57,Bonduma to Molyko,3.11,19,Thursday,3,9.88,18.89,Low,Clouds,No Rain,0,0,0,0,0,0,None,Low,10
2026-05-07 19:51:57,Bonduma to Check Point,1.73,19,Thursday,3,5.33,19.47,Low,Clouds,No Rain,0,0,0,0,0,0,None,Low,10
2026-05-07 19:51:57,Bonduma to Muea,2.06,19,Thursday,3,6.55,18.88,Low,Clouds,No Rain,0,0,0,0,0,0,None,Low,10
2026-05-07 19:51:57,Bonduma to Great Soppo,2.95,19,Thursday,3,9.78,18.09,Low,Clouds,No Rain,0,0,0,0,0,0,None,Low,10
2026-05-07 19:51:57,Bonduma to Buea Town,2.06,19,Thursday,3,6.55,18.88,Low,Clouds,No Rain,0,0,0,0,0,0,None,Low,10
2026-05-07 19:51:57,Mile 16 to Mile 17,4.4,19,Thursday,3,12.45,21.21,Low,Clouds,No Rain,0,0,0,0,0,0,None,Low,10
2026-05-07 19:51:57,Mile 17 to Malingo,1.54,19,Thursday,3,5.18,17.86,Low,Clouds,No Rain,0,0,0,0,0,0,None,Low,10
2026-05-07 19:51:57,Mile 17 to UB Junction,2.05,19,Thursday,3,7.47,16.5,Low,Clouds,No Rain,0,0,0,0,0,0,None,Low,10
2026-05-07 19:51:57,Mile 17 to Check Point,2.47,19,Thursday,3,8.42,17.62,Low,Clouds,No Rain,0,0,0,0,0,0,None,Low,10
2026-05-07 19:51:57,Mile 17 to Muea,5.59,19,Thursday,3,16.62,20.2,Low,Clouds,No Rain,0,0,0,0,0,0,None,Low,10
2026-05-07 19:51:57,Mile 17 to Great Soppo,6.48,19,Thursday,3,19.85,19.6,Low,Clouds,No Rain,0,0,0,0,0,0,None,Low,10
2026-05-07 19:51:57,Malingo to UB Junction,3.47,19,Thursday,3,12.13,17.15,Low,Clouds,No Rain,0,0,0,0,0,0,None,Low,10
2026-05-07 19:51:57,Malingo to Check Point,2.02,19,Thursday,3,7.17,16.93,Low,Clouds,No Rain,0,0,0,0,0,0,None,Low,10
2026-05-07 19:51:57,Malingo to Molyko,6.19,19,Thursday,3,19.03,19.53,Low,Clouds,No Rain,0,0,0,0,0,0,None,Low,10
2026-05-07 19:51:57,Malingo to Muea,5.04,19,Thursday,3,15.22,19.89,Low,Clouds,No Rain,0,0,0,0,0,0,None,Low,10
2026-05-07 19:51:57,Malingo to Buea Town,5.04,19,Thursday,3,15.22,19.89,Low,Clouds,No Rain,0,0,0,0,0,0,None,Low,10
2026-05-07 19:51:57,UB Junction to Molyko,6.33,19,Thursday,3,19.95,19.03,Low,Clouds,No Rain,0,0,0,0,0,0,None,Low,10
2026-05-07 19:51:57,UB Junction to Check Point,2.15,19,Thursday,3,8.63,14.98,Low,Clouds,No Rain,0,0,0,0,0,0,None,Low,10
2026-05-07 19:51:57,UB Junction to Great Soppo,6.17,19,Thursday,3,19.97,18.53,Low,Clouds,No Rain,0,0,0,0,0,0,None,Low,10
2026-05-07 19:51:57,UB Junction to Buea Town,5.28,19,Thursday,3,16.73,18.92,Low,Clouds,No Rain,0,0,0,0,0,0,None,Low,10
2026-05-07 19:51:57,UB Junction to Muea,5.28,19,Thursday,3,16.73,18.92,Low,Clouds,No Rain,0,0,0,0,0,0,None,Low,10
2026-05-07 19:51:57,Molyko to Check Point,4.17,19,Thursday,3,11.97,20.92,Low,Clouds,No Rain,0,0,0,0,0,0,None,Low,10
2026-05-07 19:51:57,Molyko to Great Soppo,2.03,19,Thursday,3,5.93,20.52,Low,Clouds,No Rain,0,0,0,0,0,0,None,Low,10
2026-05-07 19:51:57,Molyko to Small Soppo,3.57,19,Thursday,3,12.43,17.25,Low,Clouds,No Rain,0,0,0,0,0,0,None,Low,10
2026-05-07 19:51:57,Molyko to Bongo Square,4.15,19,Thursday,3,12.15,20.51,Low,Clouds,No Rain,0,0,0,0,0,0,None,Low,10
2026-05-07 19:51:57,Molyko to Buea Town,2.92,19,Thursday,3,9.17,19.1,Low,Clouds,No Rain,0,0,0,0,0,0,None,Low,10
2026-05-07 19:51:57,Molyko to Muea,2.92,19,Thursday,3,9.17,19.1,Low,Clouds,No Rain,0,0,0,0,0,0,None,Low,10
2026-05-07 19:51:57,Molyko to Bokwango,6.15,19,Thursday,3,22.28,16.57,Low,Clouds,No Rain,0,0,0,0,0,0,None,Low,10
2026-05-07 19:51:57,Check Point to Buea Town,3.12,19,Thursday,3,8.08,23.17,Low,Clouds,No Rain,0,0,0,0,0,0,None,Low,10
2026-05-07 19:51:57,Check Point to Great Soppo,4.01,19,Thursday,3,11.33,21.23,Low,Clouds,No Rain,0,0,0,0,0,0,None,Low,10
2026-05-07 19:51:57,Check Point to Small Soppo,3.78,19,Thursday,3,10.57,21.45,Low,Clouds,No Rain,0,0,0,0,0,0,None,Low,10
2026-05-07 19:51:57,Check Point to Bongo Square,4.36,19,Thursday,3,10.23,25.55,Low,Clouds,No Rain,0,0,0,0,0,0,None,Low,10
2026-05-07 19:51:57,Check Point to Muea,3.12,19,Thursday,3,8.12,23.08,Low,Clouds,No Rain,0,0,0,0,0,0,None,Low,10
2026-05-07 19:51:57,Great Soppo to Small Soppo,1.54,19,Thursday,3,6.05,15.32,Low,Clouds,No Rain,0,0,0,0,0,0,None,Low,10
2026-05-07 19:51:57,Great Soppo to Bongo Square,2.12,19,Thursday,3,5.72,22.29,Low,Clouds,No Rain,0,0,0,0,0,0,None,Low,10
2026-05-07 19:51:57,Great Soppo to Buea Town,0.89,19,Thursday,3,3.23,16.5,Low,Clouds,No Rain,0,0,0,0,0,0,None,Low,10
2026-05-07 19:51:57,Great Soppo to Muea,0.89,19,Thursday,3,3.23,16.5,Low,Clouds,No Rain,0,0,0,0,0,0,None,Low,10
2026-05-07 19:51:57,Small Soppo to Bongo Square,1.07,19,Thursday,3,3.58,17.88,Low,Clouds,No Rain,0,0,0,0,0,0,None,Low,10
2026-05-07 19:51:57,Small Soppo to Buea Town,0.52,19,Thursday,3,2.78,11.1,Low,Clouds,No Rain,0,0,0,0,0,0,None,Low,10
2026-05-07 19:51:57,Small Soppo to Muea,0.52,19,Thursday,3,2.78,11.1,Low,Clouds,No Rain,0,0,0,0,0,0,None,Low,10
2026-05-07 19:51:57,Bongo Square to Buea Town,1.24,19,Thursday,3,2.23,33.18,Low,Clouds,No Rain,0,0,0,0,0,0,None,Low,10
2026-05-07 19:51:57,Bongo Square to Muea,1.24,19,Thursday,3,2.23,33.18,Low,Clouds,No Rain,0,0,0,0,0,0,None,Low,10
2026-05-07 19:51:57,Bokwango to Molyko,6.15,19,Thursday,3,22.33,16.53,Low,Clouds,No Rain,0,0,0,0,0,0,None,Low,10
2026-05-07 19:51:57,Bokwango to Check Point,5.26,19,Thursday,3,19.92,15.86,Low,Clouds,No Rain,0,0,0,0,0,0,None,Low,10
2026-05-07 19:51:57,Bokwango to Buea Town,8.38,19,Thursday,3,27.97,17.99,Low,Clouds,No Rain,0,0,0,0,0,0,None,Low,10
2026-05-07 19:51:57,Bokwango to Great Soppo,9.27,19,Thursday,3,31.2,17.83,Low,Clouds,No Rain,0,0,0,0,0,0,None,Low,10
2026-05-07 19:51:57,Muea to Great Soppo,0.89,19,Thursday,3,3.23,16.5,Low,Clouds,No Rain,0,0,0,0,0,0,None,Low,10
2026-05-07 19:51:57,Muea to Molyko,2.92,19,Thursday,3,8.87,19.75,Low,Clouds,No Rain,0,0,0,0,0,0,None,Low,10
2026-05-07 19:51:57,Muea to Check Point,3.12,19,Thursday,3,7.92,23.66,Low,Clouds,No Rain,0,0,0,0,0,0,None,Low,10
2026-05-07 19:51:57,Muea to Buea Town,0.0,19,Thursday,3,0.0,0,Low,Clouds,No Rain,0,0,0,0,0,0,None,Low,10
2026-05-07 19:51:57,Muea to Bonduma,2.06,19,Thursday,3,6.15,20.11,Low,Clouds,No Rain,0,0,0,0,0,0,None,Low,10
2026-05-07 19:51:57,Muea to Malingo,5.04,19,Thursday,3,14.7,20.59,Low,Clouds,No Rain,0,0,0,0,0,0,None,Low,10
2026-05-07 19:51:57,Clerks Quarters to Governor Junction,1.33,19,Thursday,3,2.55,31.34,Low,Clouds,No Rain,0,0,0,0,0,0,None,Low,10
2026-05-07 19:51:57,Governor Junction to Long Street,0.0,19,Thursday,3,0.0,0,Low,Clouds,No Rain,0,0,0,0,0,0,None,Low,10
2026-05-07 19:51:57,Long Street to Bongo Square,1.24,19,Thursday,3,2.13,34.73,Low,Clouds,No Rain,0,0,0,0,0,0,None,Low,10
2026-05-07 19:51:57,Governor Junction to Buea Town,0.0,19,Thursday,3,0.0,0,Low,Clouds,No Rain,0,0,0,0,0,0,None,Low,10
2026-05-07 19:51:57,Molyko to UB Junction,6.39,19,Thursday,3,19.75,19.4,Low,Clouds,No Rain,0,0,0,0,0,0,None,Low,10
2026-05-07 19:51:57,UB Junction to Bonduma,3.88,19,Thursday,3,13.77,16.93,Low,Clouds,No Rain,0,0,0,0,0,0,None,Low,10
2026-05-07 19:51:57,Check Point to Molyko,4.17,19,Thursday,3,12.12,20.66,Low,Clouds,No Rain,0,0,0,0,0,0,None,Low,10
2026-05-07 19:51:57,Great Soppo to Check Point,4.01,19,Thursday,3,11.48,20.96,Low,Clouds,No Rain,0,0,0,0,0,0,None,Low,10
2026-05-07 19:51:57,Malingo to Bonduma,3.75,19,Thursday,3,12.48,18.04,Low,Clouds,No Rain,0,0,0,0,0,0,None,Low,10
2026-05-07 19:51:57,Buea Town to Malingo,5.04,19,Thursday,3,14.7,20.59,Low,Clouds,No Rain,0,0,0,0,0,0,None,Low,10
2026-05-07 19:51:57,Buea Town to Muea,0.0,19,Thursday,3,0.0,0,Low,Clouds,No Rain,0,0,0,0,0,0,None,Low,10
2026-05-07 20:01:57,Bonduma Gate to Mile 17,3.81,20,Thursday,3,10.73,21.31,Low,Clouds,No Rain,0,0,0,0,0,0,None,Low,5
2026-05-07 20:01:57,Bonduma to UB Junction,3.95,20,Thursday,3,13.75,17.22,Low,Clouds,No Rain,0,0,0,0,0,0,None,Low,5
2026-05-07 20:01:57,Bonduma to Molyko,3.11,20,Thursday,3,9.88,18.89,Low,Clouds,No Rain,0,0,0,0,0,0,None,Low,5
2026-05-07 20:01:57,Bonduma to Check Point,1.73,20,Thursday,3,5.17,20.1,Low,Clouds,No Rain,0,0,0,0,0,0,None,Low,5
2026-05-07 20:01:57,Bonduma to Muea,2.06,20,Thursday,3,6.42,19.27,Low,Clouds,No Rain,0,0,0,0,0,0,None,Low,5
2026-05-07 20:01:57,Bonduma to Great Soppo,2.95,20,Thursday,3,9.65,18.34,Low,Clouds,No Rain,0,0,0,0,0,0,None,Low,5
2026-05-07 20:01:57,Bonduma to Buea Town,2.06,20,Thursday,3,6.42,19.27,Low,Clouds,No Rain,0,0,0,0,0,0,None,Low,5
2026-05-07 20:01:57,Mile 16 to Mile 17,4.4,20,Thursday,3,11.98,22.04,Low,Clouds,No Rain,0,0,0,0,0,0,None,Low,5
2026-05-07 20:01:57,Mile 17 to Malingo,1.54,20,Thursday,3,5.18,17.86,Low,Clouds,No Rain,0,0,0,0,0,0,None,Low,5
2026-05-07 20:01:57,Mile 17 to UB Junction,2.05,20,Thursday,3,7.37,16.72,Low,Clouds,No Rain,0,0,0,0,0,0,None,Low,5
2026-05-07 20:01:57,Mile 17 to Check Point,2.47,20,Thursday,3,8.35,17.76,Low,Clouds,No Rain,0,0,0,0,0,0,None,Low,5
2026-05-07 20:01:57,Mile 17 to Muea,5.59,20,Thursday,3,16.42,20.45,Low,Clouds,No Rain,0,0,0,0,0,0,None,Low,5
2026-05-07 20:01:57,Mile 17 to Great Soppo,6.48,20,Thursday,3,19.67,19.78,Low,Clouds,No Rain,0,0,0,0,0,0,None,Low,5
2026-05-07 20:01:57,Malingo to UB Junction,3.47,20,Thursday,3,12.18,17.08,Low,Clouds,No Rain,0,0,0,0,0,0,None,Low,5
2026-05-07 20:01:57,Malingo to Check Point,2.02,20,Thursday,3,7.23,16.77,Low,Clouds,No Rain,0,0,0,0,0,0,None,Low,5
2026-05-07 20:01:57,Malingo to Molyko,6.09,20,Thursday,3,18.9,19.35,Low,Clouds,No Rain,0,0,0,0,0,0,None,Low,5
2026-05-07 20:01:57,Malingo to Muea,5.04,20,Thursday,3,15.13,20.0,Low,Clouds,No Rain,0,0,0,0,0,0,None,Low,5
2026-05-07 20:01:57,Malingo to Buea Town,5.04,20,Thursday,3,15.13,20.0,Low,Clouds,No Rain,0,0,0,0,0,0,None,Low,5
2026-05-07 20:01:57,UB Junction to Molyko,6.33,20,Thursday,3,20.0,18.98,Low,Clouds,No Rain,0,0,0,0,0,0,None,Low,5
2026-05-07 20:01:57,UB Junction to Check Point,2.15,20,Thursday,3,8.63,14.98,Low,Clouds,No Rain,0,0,0,0,0,0,None,Low,5
2026-05-07 20:01:57,UB Junction to Great Soppo,6.17,20,Thursday,3,19.95,18.54,Low,Clouds,No Rain,0,0,0,0,0,0,None,Low,5
2026-05-07 20:01:57,UB Junction to Buea Town,5.28,20,Thursday,3,16.7,18.96,Low,Clouds,No Rain,0,0,0,0,0,0,None,Low,5
2026-05-07 20:01:57,UB Junction to Muea,5.28,20,Thursday,3,16.7,18.96,Low,Clouds,No Rain,0,0,0,0,0,0,None,Low,5
2026-05-07 20:01:57,Molyko to Check Point,4.17,20,Thursday,3,12.05,20.77,Low,Clouds,No Rain,0,0,0,0,0,0,None,Low,5
2026-05-07 20:01:57,Molyko to Great Soppo,2.03,20,Thursday,3,5.93,20.52,Low,Clouds,No Rain,0,0,0,0,0,0,None,Low,5
2026-05-07 20:01:57,Molyko to Small Soppo,3.57,20,Thursday,3,12.37,17.34,Low,Clouds,No Rain,0,0,0,0,0,0,None,Low,5
2026-05-07 20:01:57,Molyko to Bongo Square,4.15,20,Thursday,3,12.13,20.54,Low,Clouds,No Rain,0,0,0,0,0,0,None,Low,5
2026-05-07 20:01:57,Molyko to Buea Town,2.92,20,Thursday,3,9.17,19.1,Low,Clouds,No Rain,0,0,0,0,0,0,None,Low,5
2026-05-07 20:01:57,Molyko to Muea,2.92,20,Thursday,3,9.17,19.1,Low,Clouds,No Rain,0,0,0,0,0,0,None,Low,5
2026-05-07 20:01:57,Molyko to Bokwango,6.15,20,Thursday,3,22.33,16.53,Low,Clouds,No Rain,0,0,0,0,0,0,None,Low,5
2026-05-07 20:01:57,Check Point to Buea Town,3.12,20,Thursday,3,8.05,23.27,Low,Clouds,No Rain,0,0,0,0,0,0,None,Low,5
2026-05-07 20:01:57,Check Point to Great Soppo,4.01,20,Thursday,3,11.28,21.33,Low,Clouds,No Rain,0,0,0,0,0,0,None,Low,5
2026-05-07 20:01:57,Check Point to Small Soppo,3.78,20,Thursday,3,10.5,21.59,Low,Clouds,No Rain,0,0,0,0,0,0,None,Low,5
2026-05-07 20:01:57,Check Point to Bongo Square,4.36,20,Thursday,3,10.2,25.63,Low,Clouds,No Rain,0,0,0,0,0,0,None,Low,5
2026-05-07 20:01:57,Check Point to Muea,3.12,20,Thursday,3,8.05,23.27,Low,Clouds,No Rain,0,0,0,0,0,0,None,Low,5
2026-05-07 20:01:57,Great Soppo to Small Soppo,1.54,20,Thursday,3,6.0,15.45,Low,Clouds,No Rain,0,0,0,0,0,0,None,Low,5
2026-05-07 20:01:57,Great Soppo to Bongo Square,2.12,20,Thursday,3,5.72,22.29,Low,Clouds,No Rain,0,0,0,0,0,0,None,Low,5
2026-05-07 20:01:57,Great Soppo to Buea Town,0.89,20,Thursday,3,3.23,16.5,Low,Clouds,No Rain,0,0,0,0,0,0,None,Low,5
2026-05-07 20:01:57,Great Soppo to Muea,0.89,20,Thursday,3,3.23,16.5,Low,Clouds,No Rain,0,0,0,0,0,0,None,Low,5
2026-05-07 20:01:57,Small Soppo to Bongo Square,1.07,20,Thursday,3,3.6,17.8,Low,Clouds,No Rain,0,0,0,0,0,0,None,Low,5
2026-05-07 20:01:57,Small Soppo to Buea Town,0.52,20,Thursday,3,2.78,11.1,Low,Clouds,No Rain,0,0,0,0,0,0,None,Low,5
2026-05-07 20:01:57,Small Soppo to Muea,0.52,20,Thursday,3,2.78,11.1,Low,Clouds,No Rain,0,0,0,0,0,0,None,Low,5
2026-05-07 20:01:57,Bongo Square to Buea Town,1.24,20,Thursday,3,2.23,33.18,Low,Clouds,No Rain,0,0,0,0,0,0,None,Low,5
2026-05-07 20:01:57,Bongo Square to Muea,1.24,20,Thursday,3,2.23,33.18,Low,Clouds,No Rain,0,0,0,0,0,0,None,Low,5
2026-05-07 20:01:57,Bokwango to Molyko,6.15,20,Thursday,3,22.37,16.51,Low,Clouds,No Rain,0,0,0,0,0,0,None,Low,5
2026-05-07 20:01:57,Bokwango to Check Point,5.26,20,Thursday,3,20.07,15.74,Low,Clouds,No Rain,0,0,0,0,0,0,None,Low,5
2026-05-07 20:01:57,Bokwango to Buea Town,8.38,20,Thursday,3,28.03,17.95,Low,Clouds,No Rain,0,0,0,0,0,0,None,Low,5
2026-05-07 20:01:57,Bokwango to Great Soppo,9.27,20,Thursday,3,31.28,17.79,Low,Clouds,No Rain,0,0,0,0,0,0,None,Low,5
2026-05-07 20:01:57,Muea to Great Soppo,0.89,20,Thursday,3,3.23,16.5,Low,Clouds,No Rain,0,0,0,0,0,0,None,Low,5
2026-05-07 20:01:57,Muea to Molyko,2.92,20,Thursday,3,8.87,19.75,Low,Clouds,No Rain,0,0,0,0,0,0,None,Low,5
2026-05-07 20:01:57,Muea to Check Point,3.12,20,Thursday,3,8.22,22.8,Low,Clouds,No Rain,0,0,0,0,0,0,None,Low,5
2026-05-07 20:01:57,Muea to Buea Town,0.0,20,Thursday,3,0.0,0,Low,Clouds,No Rain,0,0,0,0,0,0,None,Low,5
2026-05-07 20:01:57,Muea to Bonduma,2.06,20,Thursday,3,6.07,20.38,Low,Clouds,No Rain,0,0,0,0,0,0,None,Low,5
2026-05-07 20:01:57,Muea to Malingo,5.04,20,Thursday,3,14.68,20.62,Low,Clouds,No Rain,0,0,0,0,0,0,None,Low,5
2026-05-07 20:01:57,Clerks Quarters to Governor Junction,1.33,20,Thursday,3,2.55,31.34,Low,Clouds,No Rain,0,0,0,0,0,0,None,Low,5
2026-05-07 20:01:57,Governor Junction to Long Street,0.0,20,Thursday,3,0.0,0,Low,Clouds,No Rain,0,0,0,0,0,0,None,Low,5
2026-05-07 20:01:57,Long Street to Bongo Square,1.24,20,Thursday,3,2.13,34.73,Low,Clouds,No Rain,0,0,0,0,0,0,None,Low,5
2026-05-07 20:01:57,Governor Junction to Buea Town,0.0,20,Thursday,3,0.0,0,Low,Clouds,No Rain,0,0,0,0,0,0,None,Low,5
2026-05-07 20:01:57,Molyko to UB Junction,6.39,20,Thursday,3,19.65,19.5,Low,Clouds,No Rain,0,0,0,0,0,0,None,Low,5
2026-05-07 20:01:57,UB Junction to Bonduma,3.88,20,Thursday,3,13.77,16.93,Low,Clouds,No Rain,0,0,0,0,0,0,None,Low,5
2026-05-07 20:01:57,Check Point to Molyko,4.17,20,Thursday,3,11.98,20.89,Low,Clouds,No Rain,0,0,0,0,0,0,None,Low,5
2026-05-07 20:01:57,Great Soppo to Check Point,4.01,20,Thursday,3,11.62,20.72,Low,Clouds,No Rain,0,0,0,0,0,0,None,Low,5
2026-05-07 20:01:57,Malingo to Bonduma,3.65,20,Thursday,3,12.43,17.63,Low,Clouds,No Rain,0,0,0,0,0,0,None,Low,5
2026-05-07 20:01:57,Buea Town to Malingo,5.04,20,Thursday,3,14.68,20.62,Low,Clouds,No Rain,0,0,0,0,0,0,None,Low,5
2026-05-07 20:01:57,Buea Town to Muea,0.0,20,Thursday,3,0.0,0,Low,Clouds,No Rain,0,0,0,0,0,0,None,Low,5
2026-05-07 20:08:33,Bonduma Gate to Mile 17,3.81,20,Thursday,3,10.65,21.48,Low,Clouds,No Rain,0,0,0,0,0,0,None,Low,5
2026-05-07 20:08:33,Bonduma to UB Junction,3.95,20,Thursday,3,13.72,17.26,Low,Clouds,No Rain,0,0,0,0,0,0,None,Low,5
2026-05-07 20:08:33,Bonduma to Molyko,3.11,20,Thursday,3,9.88,18.89,Low,Clouds,No Rain,0,0,0,0,0,0,None,Low,5
2026-05-07 20:08:33,Bonduma to Check Point,1.73,20,Thursday,3,5.18,20.04,Low,Clouds,No Rain,0,0,0,0,0,0,None,Low,5
2026-05-07 20:08:33,Bonduma to Muea,2.06,20,Thursday,3,6.5,19.02,Low,Clouds,No Rain,0,0,0,0,0,0,None,Low,5
2026-05-07 20:08:33,Bonduma to Great Soppo,2.95,20,Thursday,3,9.75,18.15,Low,Clouds,No Rain,0,0,0,0,0,0,None,Low,5
2026-05-07 20:08:33,Bonduma to Buea Town,2.06,20,Thursday,3,6.52,18.98,Low,Clouds,No Rain,0,0,0,0,0,0,None,Low,5
2026-05-07 20:08:33,Mile 16 to Mile 17,4.4,20,Thursday,3,11.97,22.07,Low,Clouds,No Rain,0,0,0,0,0,0,None,Low,5
2026-05-07 20:08:33,Mile 17 to Malingo,1.54,20,Thursday,3,5.1,18.15,Low,Clouds,No Rain,0,0,0,0,0,0,None,Low,5
2026-05-07 20:08:33,Mile 17 to UB Junction,2.05,20,Thursday,3,7.42,16.61,Low,Clouds,No Rain,0,0,0,0,0,0,None,Low,5
2026-05-07 20:08:33,Mile 17 to Check Point,2.47,20,Thursday,3,8.37,17.73,Low,Clouds,No Rain,0,0,0,0,0,0,None,Low,5
2026-05-07 20:08:33,Mile 17 to Muea,5.59,20,Thursday,3,16.3,20.59,Low,Clouds,No Rain,0,0,0,0,0,0,None,Low,5
2026-05-07 20:08:33,Mile 17 to Great Soppo,6.48,20,Thursday,3,19.55,19.9,Low,Clouds,No Rain,0,0,0,0,0,0,None,Low,5
2026-05-07 20:08:33,Malingo to UB Junction,3.47,20,Thursday,3,12.27,16.97,Low,Clouds,No Rain,0,0,0,0,0,0,None,Low,5
2026-05-07 20:08:33,Malingo to Check Point,2.02,20,Thursday,3,7.25,16.73,Low,Clouds,No Rain,0,0,0,0,0,0,None,Low,5
2026-05-07 20:08:33,Malingo to Molyko,6.09,20,Thursday,3,18.88,19.37,Low,Clouds,No Rain,0,0,0,0,0,0,None,Low,5
2026-05-07 20:08:33,Malingo to Muea,5.04,20,Thursday,3,15.0,20.18,Low,Clouds,No Rain,0,0,0,0,0,0,None,Low,5
2026-05-07 20:08:33,Malingo to Buea Town,5.04,20,Thursday,3,15.0,20.18,Low,Clouds,No Rain,0,0,0,0,0,0,None,Low,5
2026-05-07 20:08:33,UB Junction to Molyko,6.33,20,Thursday,3,20.05,18.93,Low,Clouds,No Rain,0,0,0,0,0,0,None,Low,5
2026-05-07 20:08:33,UB Junction to Check Point,2.15,20,Thursday,3,8.62,15.01,Low,Clouds,No Rain,0,0,0,0,0,0,None,Low,5
2026-05-07 20:08:33,UB Junction to Great Soppo,6.17,20,Thursday,3,19.78,18.7,Low,Clouds,No Rain,0,0,0,0,0,0,None,Low,5
2026-05-07 20:08:33,UB Junction to Buea Town,5.28,20,Thursday,3,16.53,19.15,Low,Clouds,No Rain,0,0,0,0,0,0,None,Low,5
2026-05-07 20:08:33,UB Junction to Muea,5.28,20,Thursday,3,16.53,19.15,Low,Clouds,No Rain,0,0,0,0,0,0,None,Low,5
2026-05-07 20:08:33,Molyko to Check Point,4.17,20,Thursday,3,12.03,20.8,Low,Clouds,No Rain,0,0,0,0,0,0,None,Low,5
2026-05-07 20:08:33,Molyko to Great Soppo,2.03,20,Thursday,3,5.93,20.52,Low,Clouds,No Rain,0,0,0,0,0,0,None,Low,5
2026-05-07 20:08:33,Molyko to Small Soppo,3.57,20,Thursday,3,12.37,17.34,Low,Clouds,No Rain,0,0,0,0,0,0,None,Low,5
2026-05-07 20:08:33,Molyko to Bongo Square,4.15,20,Thursday,3,12.1,20.59,Low,Clouds,No Rain,0,0,0,0,0,0,None,Low,5
2026-05-07 20:08:33,Molyko to Buea Town,2.92,20,Thursday,3,9.17,19.1,Low,Clouds,No Rain,0,0,0,0,0,0,None,Low,5
2026-05-07 20:08:33,Molyko to Muea,2.92,20,Thursday,3,9.17,19.1,Low,Clouds,No Rain,0,0,0,0,0,0,None,Low,5
2026-05-07 20:08:33,Molyko to Bokwango,6.15,20,Thursday,3,22.32,16.54,Low,Clouds,No Rain,0,0,0,0,0,0,None,Low,5
2026-05-07 20:08:33,Check Point to Buea Town,3.12,20,Thursday,3,8.1,23.13,Low,Clouds,No Rain,0,0,0,0,0,0,None,Low,5
2026-05-07 20:08:33,Check Point to Great Soppo,4.01,20,Thursday,3,11.35,21.2,Low,Clouds,No Rain,0,0,0,0,0,0,None,Low,5
2026-05-07 20:08:33,Check Point to Small Soppo,3.78,20,Thursday,3,10.55,21.49,Low,Clouds,No Rain,0,0,0,0,0,0,None,Low,5
2026-05-07 20:08:33,Check Point to Bongo Square,4.36,20,Thursday,3,10.22,25.59,Low,Clouds,No Rain,0,0,0,0,0,0,None,Low,5
2026-05-07 20:08:33,Check Point to Muea,3.12,20,Thursday,3,8.1,23.13,Low,Clouds,No Rain,0,0,0,0,0,0,None,Low,5
2026-05-07 20:08:33,Great Soppo to Small Soppo,1.54,20,Thursday,3,5.97,15.54,Low,Clouds,No Rain,0,0,0,0,0,0,None,Low,5
2026-05-07 20:08:33,Great Soppo to Bongo Square,2.12,20,Thursday,3,5.72,22.29,Low,Clouds,No Rain,0,0,0,0,0,0,None,Low,5
2026-05-07 20:08:33,Great Soppo to Buea Town,0.89,20,Thursday,3,3.23,16.5,Low,Clouds,No Rain,0,0,0,0,0,0,None,Low,5
2026-05-07 20:08:33,Great Soppo to Muea,0.89,20,Thursday,3,3.23,16.5,Low,Clouds,No Rain,0,0,0,0,0,0,None,Low,5
2026-05-07 20:08:33,Small Soppo to Bongo Square,1.07,20,Thursday,3,3.62,17.72,Low,Clouds,No Rain,0,0,0,0,0,0,None,Low,5
2026-05-07 20:08:33,Small Soppo to Buea Town,0.52,20,Thursday,3,2.77,11.17,Low,Clouds,No Rain,0,0,0,0,0,0,None,Low,5
2026-05-07 20:08:33,Small Soppo to Muea,0.52,20,Thursday,3,2.77,11.17,Low,Clouds,No Rain,0,0,0,0,0,0,None,Low,5
2026-05-07 20:08:33,Bongo Square to Buea Town,1.24,20,Thursday,3,2.27,32.69,Low,Clouds,No Rain,0,0,0,0,0,0,None,Low,5
2026-05-07 20:08:33,Bongo Square to Muea,1.24,20,Thursday,3,2.27,32.69,Low,Clouds,No Rain,0,0,0,0,0,0,None,Low,5
2026-05-07 20:08:33,Bokwango to Molyko,6.15,20,Thursday,3,22.38,16.49,Low,Clouds,No Rain,0,0,0,0,0,0,None,Low,5
2026-05-07 20:08:33,Bokwango to Check Point,5.26,20,Thursday,3,20.12,15.7,Low,Clouds,No Rain,0,0,0,0,0,0,None,Low,5
2026-05-07 20:08:33,Bokwango to Buea Town,8.38,20,Thursday,3,27.95,18.0,Low,Clouds,No Rain,0,0,0,0,0,0,None,Low,5
2026-05-07 20:08:33,Bokwango to Great Soppo,9.27,20,Thursday,3,31.12,17.88,Low,Clouds,No Rain,0,0,0,0,0,0,None,Low,5
2026-05-07 20:08:33,Muea to Great Soppo,0.89,20,Thursday,3,3.23,16.5,Low,Clouds,No Rain,0,0,0,0,0,0,None,Low,5
2026-05-07 20:08:33,Muea to Molyko,2.92,20,Thursday,3,8.87,19.75,Low,Clouds,No Rain,0,0,0,0,0,0,None,Low,5
2026-05-07 20:08:33,Muea to Check Point,3.12,20,Thursday,3,7.88,23.76,Low,Clouds,No Rain,0,0,0,0,0,0,None,Low,5
2026-05-07 20:08:33,Muea to Buea Town,0.0,20,Thursday,3,0.0,0,Low,Clouds,No Rain,0,0,0,0,0,0,None,Low,5
2026-05-07 20:08:33,Muea to Bonduma,2.06,20,Thursday,3,6.12,20.22,Low,Clouds,No Rain,0,0,0,0,0,0,None,Low,5
2026-05-07 20:08:33,Muea to Malingo,5.14,20,Thursday,3,14.87,20.76,Low,Clouds,No Rain,0,0,0,0,0,0,None,Low,5
2026-05-07 20:08:33,Clerks Quarters to Governor Junction,1.33,20,Thursday,3,2.6,30.74,Low,Clouds,No Rain,0,0,0,0,0,0,None,Low,5
2026-05-07 20:08:33,Governor Junction to Long Street,0.0,20,Thursday,3,0.0,0,Low,Clouds,No Rain,0,0,0,0,0,0,None,Low,5
2026-05-07 20:08:33,Long Street to Bongo Square,1.24,20,Thursday,3,2.13,34.73,Low,Clouds,No Rain,0,0,0,0,0,0,None,Low,5
2026-05-07 20:08:33,Governor Junction to Buea Town,0.0,20,Thursday,3,0.0,0,Low,Clouds,No Rain,0,0,0,0,0,0,None,Low,5
2026-05-07 20:08:33,Molyko to UB Junction,6.39,20,Thursday,3,19.63,19.52,Low,Clouds,No Rain,0,0,0,0,0,0,None,Low,5
2026-05-07 20:08:33,UB Junction to Bonduma,3.88,20,Thursday,3,13.8,16.89,Low,Clouds,No Rain,0,0,0,0,0,0,None,Low,5
2026-05-07 20:08:33,Check Point to Molyko,4.17,20,Thursday,3,11.93,20.98,Low,Clouds,No Rain,0,0,0,0,0,0,None,Low,5
2026-05-07 20:08:33,Great Soppo to Check Point,4.01,20,Thursday,3,11.55,20.84,Low,Clouds,No Rain,0,0,0,0,0,0,None,Low,5
2026-05-07 20:08:33,Malingo to Bonduma,3.75,20,Thursday,3,12.58,17.9,Low,Clouds,No Rain,0,0,0,0,0,0,None,Low,5
2026-05-07 20:08:33,Buea Town to Malingo,5.14,20,Thursday,3,14.87,20.76,Low,Clouds,No Rain,0,0,0,0,0,0,None,Low,5
2026-05-07 20:08:33,Buea Town to Muea,0.0,20,Thursday,3,0.0,0,Low,Clouds,No Rain,0,0,0,0,0,0,None,Low,5
2026-05-07 20:38:33,Bonduma Gate to Mile 17,3.81,20,Thursday,3,10.55,21.69,Low,Clouds,No Rain,0,0,0,0,0,0,None,Low,5
2026-05-07 20:38:33,Bonduma to UB Junction,3.95,20,Thursday,3,13.82,17.14,Low,Clouds,No Rain,0,0,0,0,0,0,None,Low,5
2026-05-07 20:38:33,Bonduma to Molyko,3.11,20,Thursday,3,9.88,18.89,Low,Clouds,No Rain,0,0,0,0,0,0,None,Low,5
2026-05-07 20:38:33,Bonduma to Check Point,1.73,20,Thursday,3,5.3,19.6,Low,Clouds,No Rain,0,0,0,0,0,0,None,Low,5
2026-05-07 20:38:33,Bonduma to Muea,2.06,20,Thursday,3,6.32,19.58,Low,Clouds,No Rain,0,0,0,0,0,0,None,Low,5
2026-05-07 20:38:33,Bonduma to Great Soppo,2.95,20,Thursday,3,9.55,18.53,Low,Clouds,No Rain,0,0,0,0,0,0,None,Low,5
2026-05-07 20:38:33,Bonduma to Buea Town,2.06,20,Thursday,3,6.32,19.58,Low,Clouds,No Rain,0,0,0,0,0,0,None,Low,5
2026-05-07 20:38:33,Mile 16 to Mile 17,4.4,20,Thursday,3,11.78,22.41,Low,Clouds,No Rain,0,0,0,0,0,0,None,Low,5
2026-05-07 20:38:33,Mile 17 to Malingo,1.54,20,Thursday,3,5.0,18.52,Low,Clouds,No Rain,0,0,0,0,0,0,None,Low,5
2026-05-07 20:38:33,Mile 17 to UB Junction,2.05,20,Thursday,3,7.33,16.8,Low,Clouds,No Rain,0,0,0,0,0,0,None,Low,5
2026-05-07 20:38:33,Mile 17 to Check Point,2.47,20,Thursday,3,8.23,18.01,Low,Clouds,No Rain,0,0,0,0,0,0,None,Low,5
2026-05-07 20:38:33,Mile 17 to Muea,5.59,20,Thursday,3,16.23,20.68,Low,Clouds,No Rain,0,0,0,0,0,0,None,Low,5
2026-05-07 20:38:33,Mile 17 to Great Soppo,6.48,20,Thursday,3,19.47,19.98,Low,Clouds,No Rain,0,0,0,0,0,0,None,Low,5
2026-05-07 20:38:33,Malingo to UB Junction,3.47,20,Thursday,3,11.85,17.56,Low,Clouds,No Rain,0,0,0,0,0,0,None,Low,5
2026-05-07 20:38:33,Malingo to Check Point,2.02,20,Thursday,3,7.08,17.13,Low,Clouds,No Rain,0,0,0,0,0,0,None,Low,5
2026-05-07 20:38:33,Malingo to Molyko,6.19,20,Thursday,3,19.05,19.51,Low,Clouds,No Rain,0,0,0,0,0,0,None,Low,5
2026-05-07 20:38:33,Malingo to Muea,5.04,20,Thursday,3,15.02,20.16,Low,Clouds,No Rain,0,0,0,0,0,0,None,Low,5
2026-05-07 20:38:33,Malingo to Buea Town,5.04,20,Thursday,3,15.02,20.16,Low,Clouds,No Rain,0,0,0,0,0,0,None,Low,5
2026-05-07 20:38:33,UB Junction to Molyko,6.33,20,Thursday,3,20.15,18.84,Low,Clouds,No Rain,0,0,0,0,0,0,None,Low,5
2026-05-07 20:38:33,UB Junction to Check Point,2.15,20,Thursday,3,8.57,15.09,Low,Clouds,No Rain,0,0,0,0,0,0,None,Low,5
2026-05-07 20:38:33,UB Junction to Great Soppo,6.17,20,Thursday,3,19.8,18.68,Low,Clouds,No Rain,0,0,0,0,0,0,None,Low,5
2026-05-07 20:38:33,UB Junction to Buea Town,5.28,20,Thursday,3,16.57,19.11,Low,Clouds,No Rain,0,0,0,0,0,0,None,Low,5
2026-05-07 20:38:33,UB Junction to Muea,5.28,20,Thursday,3,16.57,19.11,Low,Clouds,No Rain,0,0,0,0,0,0,None,Low,5
2026-05-07 20:38:33,Molyko to Check Point,4.17,20,Thursday,3,11.82,21.18,Low,Clouds,No Rain,0,0,0,0,0,0,None,Low,5
2026-05-07 20:38:33,Molyko to Great Soppo,2.03,20,Thursday,3,5.93,20.52,Low,Clouds,No Rain,0,0,0,0,0,0,None,Low,5
2026-05-07 20:38:33,Molyko to Small Soppo,3.57,20,Thursday,3,12.37,17.34,Low,Clouds,No Rain,0,0,0,0,0,0,None,Low,5
2026-05-07 20:38:33,Molyko to Bongo Square,4.15,20,Thursday,3,12.05,20.68,Low,Clouds,No Rain,0,0,0,0,0,0,None,Low,5
2026-05-07 20:38:33,Molyko to Buea Town,2.92,20,Thursday,3,9.17,19.1,Low,Clouds,No Rain,0,0,0,0,0,0,None,Low,5
2026-05-07 20:38:33,Molyko to Muea,2.92,20,Thursday,3,9.17,19.1,Low,Clouds,No Rain,0,0,0,0,0,0,None,Low,5
2026-05-07 20:38:33,Molyko to Bokwango,6.15,20,Thursday,3,22.28,16.57,Low,Clouds,No Rain,0,0,0,0,0,0,None,Low,5
2026-05-07 20:38:33,Check Point to Buea Town,3.12,20,Thursday,3,7.98,23.46,Low,Clouds,No Rain,0,0,0,0,0,0,None,Low,5
2026-05-07 20:38:33,Check Point to Great Soppo,4.01,20,Thursday,3,11.22,21.46,Low,Clouds,No Rain,0,0,0,0,0,0,None,Low,5
2026-05-07 20:38:33,Check Point to Small Soppo,3.78,20,Thursday,3,10.42,21.76,Low,Clouds,No Rain,0,0,0,0,0,0,None,Low,5
2026-05-07 20:38:33,Check Point to Bongo Square,4.36,20,Thursday,3,10.1,25.88,Low,Clouds,No Rain,0,0,0,0,0,0,None,Low,5
2026-05-07 20:38:33,Check Point to Muea,3.12,20,Thursday,3,7.98,23.46,Low,Clouds,No Rain,0,0,0,0,0,0,None,Low,5
2026-05-07 20:38:33,Great Soppo to Small Soppo,1.54,20,Thursday,3,5.92,15.67,Low,Clouds,No Rain,0,0,0,0,0,0,None,Low,5
2026-05-07 20:38:33,Great Soppo to Bongo Square,2.12,20,Thursday,3,5.7,22.36,Low,Clouds,No Rain,0,0,0,0,0,0,None,Low,5
2026-05-07 20:38:33,Great Soppo to Buea Town,0.89,20,Thursday,3,3.23,16.5,Low,Clouds,No Rain,0,0,0,0,0,0,None,Low,5
2026-05-07 20:38:33,Great Soppo to Muea,0.89,20,Thursday,3,3.23,16.5,Low,Clouds,No Rain,0,0,0,0,0,0,None,Low,5
2026-05-07 20:38:33,Small Soppo to Bongo Square,1.07,20,Thursday,3,3.63,17.64,Low,Clouds,No Rain,0,0,0,0,0,0,None,Low,5
2026-05-07 20:38:33,Small Soppo to Buea Town,0.52,20,Thursday,3,2.75,11.24,Low,Clouds,No Rain,0,0,0,0,0,0,None,Low,5
2026-05-07 20:38:33,Small Soppo to Muea,0.52,20,Thursday,3,2.75,11.24,Low,Clouds,No Rain,0,0,0,0,0,0,None,Low,5
2026-05-07 20:38:33,Bongo Square to Buea Town,1.24,20,Thursday,3,2.18,33.94,Low,Clouds,No Rain,0,0,0,0,0,0,None,Low,5
2026-05-07 20:38:33,Bongo Square to Muea,1.24,20,Thursday,3,2.18,33.94,Low,Clouds,No Rain,0,0,0,0,0,0,None,Low,5
2026-05-07 20:38:33,Bokwango to Molyko,6.15,20,Thursday,3,22.37,16.51,Low,Clouds,No Rain,0,0,0,0,0,0,None,Low,5
2026-05-07 20:38:33,Bokwango to Check Point,5.26,20,Thursday,3,19.33,16.33,Low,Clouds,No Rain,0,0,0,0,0,0,None,Low,5
2026-05-07 20:38:33,Bokwango to Buea Town,8.38,20,Thursday,3,27.32,18.42,Low,Clouds,No Rain,0,0,0,0,0,0,None,Low,5
2026-05-07 20:38:33,Bokwango to Great Soppo,9.27,20,Thursday,3,30.55,18.21,Low,Clouds,No Rain,0,0,0,0,0,0,None,Low,5
2026-05-07 20:38:33,Muea to Great Soppo,0.89,20,Thursday,3,3.23,16.5,Low,Clouds,No Rain,0,0,0,0,0,0,None,Low,5
2026-05-07 20:38:33,Muea to Molyko,2.92,20,Thursday,3,8.87,19.75,Low,Clouds,No Rain,0,0,0,0,0,0,None,Low,5
2026-05-07 20:38:33,Muea to Check Point,3.12,20,Thursday,3,7.68,24.38,Low,Clouds,No Rain,0,0,0,0,0,0,None,Low,5
2026-05-07 20:38:33,Muea to Buea Town,0.0,20,Thursday,3,0.0,0,Low,Clouds,No Rain,0,0,0,0,0,0,None,Low,5
2026-05-07 20:38:33,Muea to Bonduma,2.06,20,Thursday,3,5.9,20.96,Low,Clouds,No Rain,0,0,0,0,0,0,None,Low,5
2026-05-07 20:38:33,Muea to Malingo,5.04,20,Thursday,3,14.57,20.78,Low,Clouds,No Rain,0,0,0,0,0,0,None,Low,5
2026-05-07 20:38:33,Clerks Quarters to Governor Junction,1.33,20,Thursday,3,2.5,31.97,Low,Clouds,No Rain,0,0,0,0,0,0,None,Low,5
2026-05-07 20:38:33,Governor Junction to Long Street,0.0,20,Thursday,3,0.0,0,Low,Clouds,No Rain,0,0,0,0,0,0,None,Low,5
2026-05-07 20:38:33,Long Street to Bongo Square,1.24,20,Thursday,3,2.12,35.01,Low,Clouds,No Rain,0,0,0,0,0,0,None,Low,5
2026-05-07 20:38:33,Governor Junction to Buea Town,0.0,20,Thursday,3,0.0,0,Low,Clouds,No Rain,0,0,0,0,0,0,None,Low,5
2026-05-07 20:38:33,Molyko to UB Junction,6.39,20,Thursday,3,19.75,19.4,Low,Clouds,No Rain,0,0,0,0,0,0,None,Low,5
2026-05-07 20:38:33,UB Junction to Bonduma,3.88,20,Thursday,3,13.7,17.01,Low,Clouds,No Rain,0,0,0,0,0,0,None,Low,5
2026-05-07 20:38:33,Check Point to Molyko,4.17,20,Thursday,3,12.03,20.8,Low,Clouds,No Rain,0,0,0,0,0,0,None,Low,5
2026-05-07 20:38:33,Great Soppo to Check Point,4.01,20,Thursday,3,11.42,21.08,Low,Clouds,No Rain,0,0,0,0,0,0,None,Low,5
2026-05-07 20:38:33,Malingo to Bonduma,3.65,20,Thursday,3,12.25,17.9,Low,Clouds,No Rain,0,0,0,0,0,0,None,Low,5
2026-05-07 20:38:33,Buea Town to Malingo,5.04,20,Thursday,3,14.57,20.78,Low,Clouds,No Rain,0,0,0,0,0,0,None,Low,5
2026-05-07 20:38:33,Buea Town to Muea,0.0,20,Thursday,3,0.0,0,Low,Clouds,No Rain,0,0,0,0,0,0,None,Low,5
2026-05-07 21:08:33,Bonduma Gate to Mile 17,3.81,21,Thursday,3,10.05,22.76,Low,Clouds,No Rain,0,0,0,0,0,0,None,Low,5
2026-05-07 21:08:33,Bonduma to UB Junction,3.95,21,Thursday,3,13.35,17.73,Low,Clouds,No Rain,0,0,0,0,0,0,None,Low,5
2026-05-07 21:08:33,Bonduma to Molyko,3.11,21,Thursday,3,9.88,18.89,Low,Clouds,No Rain,0,0,0,0,0,0,None,Low,5
2026-05-07 21:08:33,Bonduma to Check Point,1.73,21,Thursday,3,5.22,19.91,Low,Clouds,No Rain,0,0,0,0,0,0,None,Low,5
2026-05-07 21:08:33,Bonduma to Muea,2.06,21,Thursday,3,6.2,19.95,Low,Clouds,No Rain,0,0,0,0,0,0,None,Low,5
2026-05-07 21:08:33,Bonduma to Great Soppo,2.95,21,Thursday,3,9.43,18.76,Low,Clouds,No Rain,0,0,0,0,0,0,None,Low,5
2026-05-07 21:08:33,Bonduma to Buea Town,2.06,21,Thursday,3,6.2,19.95,Low,Clouds,No Rain,0,0,0,0,0,0,None,Low,5
2026-05-07 21:08:33,Mile 16 to Mile 17,4.4,21,Thursday,3,11.08,23.83,Low,Clouds,No Rain,0,0,0,0,0,0,None,Low,5
2026-05-07 21:08:33,Mile 17 to Malingo,1.54,21,Thursday,3,5.02,18.45,Low,Clouds,No Rain,0,0,0,0,0,0,None,Low,5
2026-05-07 21:08:33,Mile 17 to UB Junction,2.05,21,Thursday,3,7.25,16.99,Low,Clouds,No Rain,0,0,0,0,0,0,None,Low,5
2026-05-07 21:08:33,Mile 17 to Check Point,2.47,21,Thursday,3,8.17,18.16,Low,Clouds,No Rain,0,0,0,0,0,0,None,Low,5
2026-05-07 21:08:33,Mile 17 to Muea,5.59,21,Thursday,3,16.05,20.91,Low,Clouds,No Rain,0,0,0,0,0,0,None,Low,5
2026-05-07 21:08:33,Mile 17 to Great Soppo,6.48,21,Thursday,3,19.3,20.15,Low,Clouds,No Rain,0,0,0,0,0,0,None,Low,5
2026-05-07 21:08:33,Malingo to UB Junction,3.47,21,Thursday,3,11.73,17.74,Low,Clouds,No Rain,0,0,0,0,0,0,None,Low,5
2026-05-07 21:08:33,Malingo to Check Point,2.02,21,Thursday,3,6.97,17.41,Low,Clouds,No Rain,0,0,0,0,0,0,None,Low,5
2026-05-07 21:08:33,Malingo to Molyko,6.09,21,Thursday,3,18.58,19.68,Low,Clouds,No Rain,0,0,0,0,0,0,None,Low,5
2026-05-07 21:08:33,Malingo to Muea,5.04,21,Thursday,3,14.92,20.29,Low,Clouds,No Rain,0,0,0,0,0,0,None,Low,5
2026-05-07 21:08:33,Malingo to Buea Town,5.04,21,Thursday,3,14.92,20.29,Low,Clouds,No Rain,0,0,0,0,0,0,None,Low,5
2026-05-07 21:08:33,UB Junction to Molyko,6.33,21,Thursday,3,19.9,19.07,Low,Clouds,No Rain,0,0,0,0,0,0,None,Low,5
2026-05-07 21:08:33,UB Junction to Check Point,2.15,21,Thursday,3,8.6,15.03,Low,Clouds,No Rain,0,0,0,0,0,0,None,Low,5
2026-05-07 21:08:33,UB Junction to Great Soppo,6.17,21,Thursday,3,19.72,18.76,Low,Clouds,No Rain,0,0,0,0,0,0,None,Low,5
2026-05-07 21:08:33,UB Junction to Buea Town,5.28,21,Thursday,3,16.48,19.2,Low,Clouds,No Rain,0,0,0,0,0,0,None,Low,5
2026-05-07 21:08:33,UB Junction to Muea,5.28,21,Thursday,3,16.48,19.2,Low,Clouds,No Rain,0,0,0,0,0,0,None,Low,5
2026-05-07 21:08:33,Molyko to Check Point,4.17,21,Thursday,3,11.93,20.98,Low,Clouds,No Rain,0,0,0,0,0,0,None,Low,5
2026-05-07 21:08:33,Molyko to Great Soppo,2.03,21,Thursday,3,5.93,20.52,Low,Clouds,No Rain,0,0,0,0,0,0,None,Low,5
2026-05-07 21:08:33,Molyko to Small Soppo,3.57,21,Thursday,3,12.27,17.48,Low,Clouds,No Rain,0,0,0,0,0,0,None,Low,5
2026-05-07 21:08:33,Molyko to Bongo Square,4.15,21,Thursday,3,12.05,20.68,Low,Clouds,No Rain,0,0,0,0,0,0,None,Low,5
2026-05-07 21:08:33,Molyko to Buea Town,2.92,21,Thursday,3,9.17,19.1,Low,Clouds,No Rain,0,0,0,0,0,0,None,Low,5
2026-05-07 21:08:33,Molyko to Muea,2.92,21,Thursday,3,9.17,19.1,Low,Clouds,No Rain,0,0,0,0,0,0,None,Low,5
2026-05-07 21:08:33,Molyko to Bokwango,6.15,21,Thursday,3,22.15,16.67,Low,Clouds,No Rain,0,0,0,0,0,0,None,Low,5
2026-05-07 21:08:33,Check Point to Buea Town,3.12,21,Thursday,3,7.78,24.07,Low,Clouds,No Rain,0,0,0,0,0,0,None,Low,5
2026-05-07 21:08:33,Check Point to Great Soppo,4.01,21,Thursday,3,11.02,21.85,Low,Clouds,No Rain,0,0,0,0,0,0,None,Low,5
2026-05-07 21:08:33,Check Point to Small Soppo,3.78,21,Thursday,3,10.22,22.19,Low,Clouds,No Rain,0,0,0,0,0,0,None,Low,5
2026-05-07 21:08:33,Check Point to Bongo Square,4.36,21,Thursday,3,9.9,26.41,Low,Clouds,No Rain,0,0,0,0,0,0,None,Low,5
2026-05-07 21:08:33,Check Point to Muea,3.12,21,Thursday,3,7.85,23.86,Low,Clouds,No Rain,0,0,0,0,0,0,None,Low,5
2026-05-07 21:08:33,Great Soppo to Small Soppo,1.54,21,Thursday,3,5.82,15.94,Low,Clouds,No Rain,0,0,0,0,0,0,None,Low,5
2026-05-07 21:08:33,Great Soppo to Bongo Square,2.12,21,Thursday,3,5.68,22.42,Low,Clouds,No Rain,0,0,0,0,0,0,None,Low,5
2026-05-07 21:08:33,Great Soppo to Buea Town,0.89,21,Thursday,3,3.23,16.5,Low,Clouds,No Rain,0,0,0,0,0,0,None,Low,5
2026-05-07 21:08:33,Great Soppo to Muea,0.89,21,Thursday,3,3.23,16.5,Low,Clouds,No Rain,0,0,0,0,0,0,None,Low,5
2026-05-07 21:08:33,Small Soppo to Bongo Square,1.07,21,Thursday,3,3.58,17.88,Low,Clouds,No Rain,0,0,0,0,0,0,None,Low,5
2026-05-07 21:08:33,Small Soppo to Buea Town,0.52,21,Thursday,3,2.68,11.52,Low,Clouds,No Rain,0,0,0,0,0,0,None,Low,5
2026-05-07 21:08:33,Small Soppo to Muea,0.52,21,Thursday,3,2.68,11.52,Low,Clouds,No Rain,0,0,0,0,0,0,None,Low,5
2026-05-07 21:08:33,Bongo Square to Buea Town,1.24,21,Thursday,3,2.08,35.57,Low,Clouds,No Rain,0,0,0,0,0,0,None,Low,5
2026-05-07 21:08:33,Bongo Square to Muea,1.24,21,Thursday,3,2.08,35.57,Low,Clouds,No Rain,0,0,0,0,0,0,None,Low,5
2026-05-07 21:08:33,Bokwango to Molyko,6.15,21,Thursday,3,22.22,16.62,Low,Clouds,No Rain,0,0,0,0,0,0,None,Low,5
2026-05-07 21:08:33,Bokwango to Check Point,5.26,21,Thursday,3,19.15,16.49,Low,Clouds,No Rain,0,0,0,0,0,0,None,Low,5
2026-05-07 21:08:33,Bokwango to Buea Town,8.38,21,Thursday,3,26.88,18.71,Low,Clouds,No Rain,0,0,0,0,0,0,None,Low,5
2026-05-07 21:08:33,Bokwango to Great Soppo,9.27,21,Thursday,3,30.13,18.47,Low,Clouds,No Rain,0,0,0,0,0,0,None,Low,5
2026-05-07 21:08:33,Muea to Great Soppo,0.89,21,Thursday,3,3.23,16.5,Low,Clouds,No Rain,0,0,0,0,0,0,None,Low,5
2026-05-07 21:08:33,Muea to Molyko,2.92,21,Thursday,3,8.87,19.75,Low,Clouds,No Rain,0,0,0,0,0,0,None,Low,5
2026-05-07 21:08:33,Muea to Check Point,3.12,21,Thursday,3,7.45,25.14,Low,Clouds,No Rain,0,0,0,0,0,0,None,Low,5
2026-05-07 21:08:33,Muea to Buea Town,0.0,21,Thursday,3,0.0,0,Low,Clouds,No Rain,0,0,0,0,0,0,None,Low,5
2026-05-07 21:08:33,Muea to Bonduma,2.06,21,Thursday,3,5.67,21.82,Low,Clouds,No Rain,0,0,0,0,0,0,None,Low,5
2026-05-07 21:08:33,Muea to Malingo,5.14,21,Thursday,3,14.25,21.66,Low,Clouds,No Rain,0,0,0,0,0,0,None,Low,5
2026-05-07 21:08:33,Clerks Quarters to Governor Junction,1.33,21,Thursday,3,2.4,33.3,Low,Clouds,No Rain,0,0,0,0,0,0,None,Low,5
2026-05-07 21:08:33,Governor Junction to Long Street,0.0,21,Thursday,3,0.0,0,Low,Clouds,No Rain,0,0,0,0,0,0,None,Low,5
2026-05-07 21:08:33,Long Street to Bongo Square,1.24,21,Thursday,3,2.08,35.57,Low,Clouds,No Rain,0,0,0,0,0,0,None,Low,5
2026-05-07 21:08:33,Governor Junction to Buea Town,0.0,21,Thursday,3,0.0,0,Low,Clouds,No Rain,0,0,0,0,0,0,None,Low,5
2026-05-07 21:08:33,Molyko to UB Junction,6.39,21,Thursday,3,19.23,19.92,Low,Clouds,No Rain,0,0,0,0,0,0,None,Low,5
2026-05-07 21:08:33,UB Junction to Bonduma,3.88,21,Thursday,3,13.8,16.89,Low,Clouds,No Rain,0,0,0,0,0,0,None,Low,5
2026-05-07 21:08:33,Check Point to Molyko,4.17,21,Thursday,3,11.62,21.55,Low,Clouds,No Rain,0,0,0,0,0,0,None,Low,5
2026-05-07 21:08:33,Great Soppo to Check Point,4.01,21,Thursday,3,11.18,21.52,Low,Clouds,No Rain,0,0,0,0,0,0,None,Low,5
2026-05-07 21:08:33,Malingo to Bonduma,3.65,21,Thursday,3,12.23,17.92,Low,Clouds,No Rain,0,0,0,0,0,0,None,Low,5
2026-05-07 21:08:33,Buea Town to Malingo,5.14,21,Thursday,3,14.27,21.63,Low,Clouds,No Rain,0,0,0,0,0,0,None,Low,5
2026-05-07 21:08:33,Buea Town to Muea,0.0,21,Thursday,3,0.0,0,Low,Clouds,No Rain,0,0,0,0,0,0,None,Low,5
2026-05-07 21:38:33,Bonduma Gate to Mile 17,3.81,21,Thursday,3,10.0,22.88,Low,Clouds,No Rain,0,0,0,0,0,0,None,Low,5
2026-05-07 21:38:33,Bonduma to UB Junction,3.95,21,Thursday,3,13.28,17.82,Low,Clouds,No Rain,0,0,0,0,0,0,None,Low,5
2026-05-07 21:38:33,Bonduma to Molyko,3.11,21,Thursday,3,9.88,18.89,Low,Clouds,No Rain,0,0,0,0,0,0,None,Low,5
2026-05-07 21:38:33,Bonduma to Check Point,1.73,21,Thursday,3,5.23,19.85,Low,Clouds,No Rain,0,0,0,0,0,0,None,Low,5
2026-05-07 21:38:33,Bonduma to Muea,2.06,21,Thursday,3,6.15,20.11,Low,Clouds,No Rain,0,0,0,0,0,0,None,Low,5
2026-05-07 21:38:33,Bonduma to Great Soppo,2.95,21,Thursday,3,9.38,18.86,Low,Clouds,No Rain,0,0,0,0,0,0,None,Low,5
2026-05-07 21:38:33,Bonduma to Buea Town,2.06,21,Thursday,3,6.15,20.11,Low,Clouds,No Rain,0,0,0,0,0,0,None,Low,5
2026-05-07 21:38:33,Mile 16 to Mile 17,4.4,21,Thursday,3,11.07,23.87,Low,Clouds,No Rain,0,0,0,0,0,0,None,Low,5
2026-05-07 21:38:33,Mile 17 to Malingo,1.54,21,Thursday,3,4.97,18.64,Low,Clouds,No Rain,0,0,0,0,0,0,None,Low,5
2026-05-07 21:38:33,Mile 17 to UB Junction,2.05,21,Thursday,3,7.2,17.11,Low,Clouds,No Rain,0,0,0,0,0,0,None,Low,5
2026-05-07 21:38:33,Mile 17 to Check Point,2.47,21,Thursday,3,8.03,18.46,Low,Clouds,No Rain,0,0,0,0,0,0,None,Low,5
2026-05-07 21:38:33,Mile 17 to Muea,5.59,21,Thursday,3,15.78,21.27,Low,Clouds,No Rain,0,0,0,0,0,0,None,Low,5
2026-05-07 21:38:33,Mile 17 to Great Soppo,6.48,21,Thursday,3,19.02,20.45,Low,Clouds,No Rain,0,0,0,0,0,0,None,Low,5
2026-05-07 21:38:33,Malingo to UB Junction,3.47,21,Thursday,3,11.58,17.97,Low,Clouds,No Rain,0,0,0,0,0,0,None,Low,5
2026-05-07 21:38:33,Malingo to Check Point,2.02,21,Thursday,3,6.92,17.54,Low,Clouds,No Rain,0,0,0,0,0,0,None,Low,5
2026-05-07 21:38:33,Malingo to Molyko,6.19,21,Thursday,3,18.68,19.89,Low,Clouds,No Rain,0,0,0,0,0,0,None,Low,5
2026-05-07 21:38:33,Malingo to Muea,5.04,21,Thursday,3,14.78,20.48,Low,Clouds,No Rain,0,0,0,0,0,0,None,Low,5
2026-05-07 21:38:33,Malingo to Buea Town,5.04,21,Thursday,3,14.78,20.48,Low,Clouds,No Rain,0,0,0,0,0,0,None,Low,5
2026-05-07 21:38:33,UB Junction to Molyko,6.33,21,Thursday,3,19.63,19.33,Low,Clouds,No Rain,0,0,0,0,0,0,None,Low,5
2026-05-07 21:38:33,UB Junction to Check Point,2.15,21,Thursday,3,8.5,15.21,Low,Clouds,No Rain,0,0,0,0,0,0,None,Low,5
2026-05-07 21:38:33,UB Junction to Great Soppo,6.17,21,Thursday,3,19.48,18.99,Low,Clouds,No Rain,0,0,0,0,0,0,None,Low,5
2026-05-07 21:38:33,UB Junction to Buea Town,5.28,21,Thursday,3,16.25,19.48,Low,Clouds,No Rain,0,0,0,0,0,0,None,Low,5
2026-05-07 21:38:33,UB Junction to Muea,5.28,21,Thursday,3,16.25,19.48,Low,Clouds,No Rain,0,0,0,0,0,0,None,Low,5
2026-05-07 21:38:33,Molyko to Check Point,4.17,21,Thursday,3,12.17,20.57,Low,Clouds,No Rain,0,0,0,0,0,0,None,Low,5
2026-05-07 21:38:33,Molyko to Great Soppo,2.03,21,Thursday,3,5.93,20.52,Low,Clouds,No Rain,0,0,0,0,0,0,None,Low,5
2026-05-07 21:38:33,Molyko to Small Soppo,3.57,21,Thursday,3,12.27,17.48,Low,Clouds,No Rain,0,0,0,0,0,0,None,Low,5
2026-05-07 21:38:33,Molyko to Bongo Square,4.15,21,Thursday,3,12.05,20.68,Low,Clouds,No Rain,0,0,0,0,0,0,None,Low,5
2026-05-07 21:38:33,Molyko to Buea Town,2.92,21,Thursday,3,9.17,19.1,Low,Clouds,No Rain,0,0,0,0,0,0,None,Low,5
2026-05-07 21:38:33,Molyko to Muea,2.92,21,Thursday,3,9.17,19.1,Low,Clouds,No Rain,0,0,0,0,0,0,None,Low,5
2026-05-07 21:38:33,Molyko to Bokwango,6.15,21,Thursday,3,22.08,16.72,Low,Clouds,No Rain,0,0,0,0,0,0,None,Low,5
2026-05-07 21:38:33,Check Point to Buea Town,3.12,21,Thursday,3,7.67,24.43,Low,Clouds,No Rain,0,0,0,0,0,0,None,Low,5
2026-05-07 21:38:33,Check Point to Great Soppo,4.01,21,Thursday,3,11.08,21.71,Low,Clouds,No Rain,0,0,0,0,0,0,None,Low,5
2026-05-07 21:38:33,Check Point to Small Soppo,3.78,21,Thursday,3,10.28,22.04,Low,Clouds,No Rain,0,0,0,0,0,0,None,Low,5
2026-05-07 21:38:33,Check Point to Bongo Square,4.36,21,Thursday,3,9.93,26.32,Low,Clouds,No Rain,0,0,0,0,0,0,None,Low,5
2026-05-07 21:38:33,Check Point to Muea,3.12,21,Thursday,3,7.83,23.91,Low,Clouds,No Rain,0,0,0,0,0,0,None,Low,5
2026-05-07 21:38:33,Great Soppo to Small Soppo,1.54,21,Thursday,3,5.92,15.67,Low,Clouds,No Rain,0,0,0,0,0,0,None,Low,5
2026-05-07 21:38:33,Great Soppo to Bongo Square,2.12,21,Thursday,3,5.7,22.36,Low,Clouds,No Rain,0,0,0,0,0,0,None,Low,5
2026-05-07 21:38:33,Great Soppo to Buea Town,0.89,21,Thursday,3,3.23,16.5,Low,Clouds,No Rain,0,0,0,0,0,0,None,Low,5
2026-05-07 21:38:33,Great Soppo to Muea,0.89,21,Thursday,3,3.23,16.5,Low,Clouds,No Rain,0,0,0,0,0,0,None,Low,5
2026-05-07 21:38:33,Small Soppo to Bongo Square,1.07,21,Thursday,3,3.57,17.97,Low,Clouds,No Rain,0,0,0,0,0,0,None,Low,5
2026-05-07 21:38:33,Small Soppo to Buea Town,0.52,21,Thursday,3,2.68,11.52,Low,Clouds,No Rain,0,0,0,0,0,0,None,Low,5
2026-05-07 21:38:33,Small Soppo to Muea,0.52,21,Thursday,3,2.68,11.52,Low,Clouds,No Rain,0,0,0,0,0,0,None,Low,5
2026-05-07 21:38:33,Bongo Square to Buea Town,1.24,21,Thursday,3,2.08,35.57,Low,Clouds,No Rain,0,0,0,0,0,0,None,Low,5
2026-05-07 21:38:33,Bongo Square to Muea,1.24,21,Thursday,3,2.08,35.57,Low,Clouds,No Rain,0,0,0,0,0,0,None,Low,5
2026-05-07 21:38:33,Bokwango to Molyko,6.15,21,Thursday,3,22.17,16.65,Low,Clouds,No Rain,0,0,0,0,0,0,None,Low,5
2026-05-07 21:38:33,Bokwango to Check Point,5.26,21,Thursday,3,18.95,16.66,Low,Clouds,No Rain,0,0,0,0,0,0,None,Low,5
2026-05-07 21:38:33,Bokwango to Buea Town,8.38,21,Thursday,3,26.58,18.93,Low,Clouds,No Rain,0,0,0,0,0,0,None,Low,5
2026-05-07 21:38:33,Bokwango to Great Soppo,9.27,21,Thursday,3,29.82,18.66,Low,Clouds,No Rain,0,0,0,0,0,0,None,Low,5
2026-05-07 21:38:33,Muea to Great Soppo,0.89,21,Thursday,3,3.23,16.5,Low,Clouds,No Rain,0,0,0,0,0,0,None,Low,5
2026-05-07 21:38:33,Muea to Molyko,2.92,21,Thursday,3,8.87,19.75,Low,Clouds,No Rain,0,0,0,0,0,0,None,Low,5
2026-05-07 21:38:33,Muea to Check Point,3.12,21,Thursday,3,7.38,25.37,Low,Clouds,No Rain,0,0,0,0,0,0,None,Low,5
2026-05-07 21:38:33,Muea to Buea Town,0.0,21,Thursday,3,0.0,0,Low,Clouds,No Rain,0,0,0,0,0,0,None,Low,5
2026-05-07 21:38:33,Muea to Bonduma,2.06,21,Thursday,3,5.63,21.95,Low,Clouds,No Rain,0,0,0,0,0,0,None,Low,5
2026-05-07 21:38:33,Muea to Malingo,5.14,21,Thursday,3,14.07,21.94,Low,Clouds,No Rain,0,0,0,0,0,0,None,Low,5
2026-05-07 21:38:33,Clerks Quarters to Governor Junction,1.33,21,Thursday,3,2.4,33.3,Low,Clouds,No Rain,0,0,0,0,0,0,None,Low,5
2026-05-07 21:38:33,Governor Junction to Long Street,0.0,21,Thursday,3,0.0,0,Low,Clouds,No Rain,0,0,0,0,0,0,None,Low,5
2026-05-07 21:38:33,Long Street to Bongo Square,1.24,21,Thursday,3,2.12,35.01,Low,Clouds,No Rain,0,0,0,0,0,0,None,Low,5
2026-05-07 21:38:33,Governor Junction to Buea Town,0.0,21,Thursday,3,0.0,0,Low,Clouds,No Rain,0,0,0,0,0,0,None,Low,5
2026-05-07 21:38:33,Molyko to UB Junction,6.39,21,Thursday,3,18.98,20.19,Low,Clouds,No Rain,0,0,0,0,0,0,None,Low,5
2026-05-07 21:38:33,UB Junction to Bonduma,3.88,21,Thursday,3,13.77,16.93,Low,Clouds,No Rain,0,0,0,0,0,0,None,Low,5
2026-05-07 21:38:33,Check Point to Molyko,4.17,21,Thursday,3,11.75,21.3,Low,Clouds,No Rain,0,0,0,0,0,0,None,Low,5
2026-05-07 21:38:33,Great Soppo to Check Point,4.01,21,Thursday,3,11.03,21.81,Low,Clouds,No Rain,0,0,0,0,0,0,None,Low,5
2026-05-07 21:38:33,Malingo to Bonduma,3.65,21,Thursday,3,12.23,17.92,Low,Clouds,No Rain,0,0,0,0,0,0,None,Low,5
2026-05-07 21:38:33,Buea Town to Malingo,5.14,21,Thursday,3,14.07,21.94,Low,Clouds,No Rain,0,0,0,0,0,0,None,Low,5
2026-05-07 21:38:33,Buea Town to Muea,0.0,21,Thursday,3,0.0,0,Low,Clouds,No Rain,0,0,0,0,0,0,None,Low,5
2026-05-07 22:08:33,Bonduma Gate to Mile 17,3.81,22,Thursday,3,9.38,24.38,Low,Clouds,No Rain,0,0,0,0,0,0,None,Low,5
2026-05-07 22:08:33,Bonduma to UB Junction,3.95,22,Thursday,3,12.85,18.42,Low,Clouds,No Rain,0,0,0,0,0,0,None,Low,5
2026-05-07 22:08:33,Bonduma to Molyko,3.11,22,Thursday,3,9.88,18.89,Low,Clouds,No Rain,0,0,0,0,0,0,None,Low,5
2026-05-07 22:08:33,Bonduma to Check Point,1.73,22,Thursday,3,5.12,20.3,Low,Clouds,No Rain,0,0,0,0,0,0,None,Low,5
2026-05-07 22:08:33,Bonduma to Muea,2.06,22,Thursday,3,5.9,20.96,Low,Clouds,No Rain,0,0,0,0,0,0,None,Low,5
2026-05-07 22:08:33,Bonduma to Great Soppo,2.95,22,Thursday,3,9.13,19.38,Low,Clouds,No Rain,0,0,0,0,0,0,None,Low,5
2026-05-07 22:08:33,Bonduma to Buea Town,2.06,22,Thursday,3,5.9,20.96,Low,Clouds,No Rain,0,0,0,0,0,0,None,Low,5
2026-05-07 22:08:33,Mile 16 to Mile 17,4.4,22,Thursday,3,10.3,25.64,Low,Clouds,No Rain,0,0,0,0,0,0,None,Low,5
2026-05-07 22:08:33,Mile 17 to Malingo,1.54,22,Thursday,3,5.1,18.15,Low,Clouds,No Rain,0,0,0,0,0,0,None,Low,5
2026-05-07 22:08:33,Mile 17 to UB Junction,2.05,22,Thursday,3,7.08,17.39,Low,Clouds,No Rain,0,0,0,0,0,0,None,Low,5
2026-05-07 22:08:33,Mile 17 to Check Point,2.47,22,Thursday,3,7.47,19.86,Low,Clouds,No Rain,0,0,0,0,0,0,None,Low,5
2026-05-07 22:08:33,Mile 17 to Muea,5.59,22,Thursday,3,14.85,22.6,Low,Clouds,No Rain,0,0,0,0,0,0,None,Low,5
2026-05-07 22:08:33,Mile 17 to Great Soppo,6.48,22,Thursday,3,18.08,21.51,Low,Clouds,No Rain,0,0,0,0,0,0,None,Low,5
2026-05-07 22:08:33,Malingo to UB Junction,3.47,22,Thursday,3,11.23,18.53,Low,Clouds,No Rain,0,0,0,0,0,0,None,Low,5
2026-05-07 22:08:33,Malingo to Check Point,2.02,22,Thursday,3,6.82,17.8,Low,Clouds,No Rain,0,0,0,0,0,0,None,Low,5
2026-05-07 22:08:33,Malingo to Molyko,6.19,22,Thursday,3,18.38,20.22,Low,Clouds,No Rain,0,0,0,0,0,0,None,Low,5
2026-05-07 22:08:33,Malingo to Muea,5.14,22,Thursday,3,14.42,21.41,Low,Clouds,No Rain,0,0,0,0,0,0,None,Low,5
2026-05-07 22:08:33,Malingo to Buea Town,5.14,22,Thursday,3,14.43,21.38,Low,Clouds,No Rain,0,0,0,0,0,0,None,Low,5
2026-05-07 22:08:33,UB Junction to Molyko,6.33,22,Thursday,3,19.3,19.67,Low,Clouds,No Rain,0,0,0,0,0,0,None,Low,5
2026-05-07 22:08:33,UB Junction to Check Point,2.15,22,Thursday,3,8.05,16.06,Low,Clouds,No Rain,0,0,0,0,0,0,None,Low,5
2026-05-07 22:08:33,UB Junction to Great Soppo,6.17,22,Thursday,3,18.63,19.85,Low,Clouds,No Rain,0,0,0,0,0,0,None,Low,5
2026-05-07 22:08:33,UB Junction to Buea Town,5.28,22,Thursday,3,15.4,20.56,Low,Clouds,No Rain,0,0,0,0,0,0,None,Low,5
2026-05-07 22:08:33,UB Junction to Muea,5.28,22,Thursday,3,15.42,20.53,Low,Clouds,No Rain,0,0,0,0,0,0,None,Low,5
2026-05-07 22:08:33,Molyko to Check Point,4.17,22,Thursday,3,11.77,21.27,Low,Clouds,No Rain,0,0,0,0,0,0,None,Low,5
2026-05-07 22:08:33,Molyko to Great Soppo,2.03,22,Thursday,3,5.93,20.52,Low,Clouds,No Rain,0,0,0,0,0,0,None,Low,5
2026-05-07 22:08:33,Molyko to Small Soppo,3.57,22,Thursday,3,12.28,17.46,Low,Clouds,No Rain,0,0,0,0,0,0,None,Low,5
2026-05-07 22:08:33,Molyko to Bongo Square,4.15,22,Thursday,3,11.9,20.94,Low,Clouds,No Rain,0,0,0,0,0,0,None,Low,5
2026-05-07 22:08:33,Molyko to Buea Town,2.92,22,Thursday,3,9.17,19.1,Low,Clouds,No Rain,0,0,0,0,0,0,None,Low,5
2026-05-07 22:08:33,Molyko to Muea,2.92,22,Thursday,3,9.17,19.1,Low,Clouds,No Rain,0,0,0,0,0,0,None,Low,5
2026-05-07 22:08:33,Molyko to Bokwango,6.15,22,Thursday,3,22.07,16.73,Low,Clouds,No Rain,0,0,0,0,0,0,None,Low,5
2026-05-07 22:08:33,Check Point to Buea Town,3.12,22,Thursday,3,7.57,24.76,Low,Clouds,No Rain,0,0,0,0,0,0,None,Low,5
2026-05-07 22:08:33,Check Point to Great Soppo,4.01,22,Thursday,3,10.8,22.28,Low,Clouds,No Rain,0,0,0,0,0,0,None,Low,5
2026-05-07 22:08:33,Check Point to Small Soppo,3.78,22,Thursday,3,9.98,22.71,Low,Clouds,No Rain,0,0,0,0,0,0,None,Low,5
2026-05-07 22:08:33,Check Point to Bongo Square,4.36,22,Thursday,3,9.6,27.23,Low,Clouds,No Rain,0,0,0,0,0,0,None,Low,5
2026-05-07 22:08:33,Check Point to Muea,3.12,22,Thursday,3,7.57,24.76,Low,Clouds,No Rain,0,0,0,0,0,0,None,Low,5
2026-05-07 22:08:33,Great Soppo to Small Soppo,1.54,22,Thursday,3,5.93,15.62,Low,Clouds,No Rain,0,0,0,0,0,0,None,Low,5
2026-05-07 22:08:33,Great Soppo to Bongo Square,2.12,22,Thursday,3,5.62,22.69,Low,Clouds,No Rain,0,0,0,0,0,0,None,Low,5
2026-05-07 22:08:33,Great Soppo to Buea Town,0.89,22,Thursday,3,3.23,16.5,Low,Clouds,No Rain,0,0,0,0,0,0,None,Low,5
2026-05-07 22:08:33,Great Soppo to Muea,0.89,22,Thursday,3,3.23,16.5,Low,Clouds,No Rain,0,0,0,0,0,0,None,Low,5
2026-05-07 22:08:33,Small Soppo to Bongo Square,1.07,22,Thursday,3,3.53,18.14,Low,Clouds,No Rain,0,0,0,0,0,0,None,Low,5
2026-05-07 22:08:33,Small Soppo to Buea Town,0.52,22,Thursday,3,2.7,11.44,Low,Clouds,No Rain,0,0,0,0,0,0,None,Low,5
2026-05-07 22:08:33,Small Soppo to Muea,0.52,22,Thursday,3,2.7,11.44,Low,Clouds,No Rain,0,0,0,0,0,0,None,Low,5
2026-05-07 22:08:33,Bongo Square to Buea Town,1.24,22,Thursday,3,2.03,36.44,Low,Clouds,No Rain,0,0,0,0,0,0,None,Low,5
2026-05-07 22:08:33,Bongo Square to Muea,1.24,22,Thursday,3,2.03,36.44,Low,Clouds,No Rain,0,0,0,0,0,0,None,Low,5
2026-05-07 22:08:33,Bokwango to Molyko,6.15,22,Thursday,3,22.15,16.67,Low,Clouds,No Rain,0,0,0,0,0,0,None,Low,5
2026-05-07 22:08:33,Bokwango to Check Point,5.26,22,Thursday,3,18.25,17.3,Low,Clouds,No Rain,0,0,0,0,0,0,None,Low,5
2026-05-07 22:08:33,Bokwango to Buea Town,8.38,22,Thursday,3,25.28,19.9,Low,Clouds,No Rain,0,0,0,0,0,0,None,Low,5
2026-05-07 22:08:33,Bokwango to Great Soppo,9.27,22,Thursday,3,28.52,19.51,Low,Clouds,No Rain,0,0,0,0,0,0,None,Low,5
2026-05-07 22:08:33,Muea to Great Soppo,0.89,22,Thursday,3,3.23,16.5,Low,Clouds,No Rain,0,0,0,0,0,0,None,Low,5
2026-05-07 22:08:33,Muea to Molyko,2.92,22,Thursday,3,8.87,19.75,Low,Clouds,No Rain,0,0,0,0,0,0,None,Low,5
2026-05-07 22:08:33,Muea to Check Point,3.12,22,Thursday,3,6.73,27.82,Low,Clouds,No Rain,0,0,0,0,0,0,None,Low,5
2026-05-07 22:08:33,Muea to Buea Town,0.0,22,Thursday,3,0.0,0,Low,Clouds,No Rain,0,0,0,0,0,0,None,Low,5
2026-05-07 22:08:33,Muea to Bonduma,2.06,22,Thursday,3,5.07,24.41,Low,Clouds,No Rain,0,0,0,0,0,0,None,Low,5
2026-05-07 22:08:33,Muea to Malingo,5.14,22,Thursday,3,13.18,23.41,Low,Clouds,No Rain,0,0,0,0,0,0,None,Low,5
2026-05-07 22:08:33,Clerks Quarters to Governor Junction,1.33,22,Thursday,3,2.35,34.01,Low,Clouds,No Rain,0,0,0,0,0,0,None,Low,5
2026-05-07 22:08:33,Governor Junction to Long Street,0.0,22,Thursday,3,0.0,0,Low,Clouds,No Rain,0,0,0,0,0,0,None,Low,5
2026-05-07 22:08:33,Long Street to Bongo Square,1.24,22,Thursday,3,2.03,36.44,Low,Clouds,No Rain,0,0,0,0,0,0,None,Low,5
2026-05-07 22:08:33,Governor Junction to Buea Town,0.0,22,Thursday,3,0.0,0,Low,Clouds,No Rain,0,0,0,0,0,0,None,Low,5
2026-05-07 22:08:33,Molyko to UB Junction,6.39,22,Thursday,3,18.6,20.6,Low,Clouds,No Rain,0,0,0,0,0,0,None,Low,5
2026-05-07 22:08:33,UB Junction to Bonduma,3.88,22,Thursday,3,13.23,17.61,Low,Clouds,No Rain,0,0,0,0,0,0,None,Low,5
2026-05-07 22:08:33,Check Point to Molyko,4.17,22,Thursday,3,11.65,21.49,Low,Clouds,No Rain,0,0,0,0,0,0,None,Low,5
2026-05-07 22:08:33,Great Soppo to Check Point,4.01,22,Thursday,3,10.38,23.18,Low,Clouds,No Rain,0,0,0,0,0,0,None,Low,5
2026-05-07 22:08:33,Malingo to Bonduma,3.75,22,Thursday,3,12.22,18.43,Low,Clouds,No Rain,0,0,0,0,0,0,None,Low,5
2026-05-07 22:08:33,Buea Town to Malingo,5.14,22,Thursday,3,13.18,23.41,Low,Clouds,No Rain,0,0,0,0,0,0,None,Low,5
2026-05-07 22:08:33,Buea Town to Muea,0.0,22,Thursday,3,0.0,0,Low,Clouds,No Rain,0,0,0,0,0,0,None,Low,5
2026-05-07 22:11:40,Bonduma Gate to Mile 17,3.81,22,Thursday,3,9.38,24.38,Low,Clouds,No Rain,0,0,0,0,0,0,None,Low,5
2026-05-07 22:11:40,Bonduma to UB Junction,3.95,22,Thursday,3,12.87,18.4,Low,Clouds,No Rain,0,0,0,0,0,0,None,Low,5
2026-05-07 22:11:40,Bonduma to Molyko,3.11,22,Thursday,3,9.88,18.89,Low,Clouds,No Rain,0,0,0,0,0,0,None,Low,5
2026-05-07 22:11:40,Bonduma to Check Point,1.73,22,Thursday,3,5.13,20.23,Low,Clouds,No Rain,0,0,0,0,0,0,None,Low,5
2026-05-07 22:11:40,Bonduma to Muea,2.06,22,Thursday,3,5.88,21.02,Low,Clouds,No Rain,0,0,0,0,0,0,None,Low,5
2026-05-07 22:11:40,Bonduma to Great Soppo,2.95,22,Thursday,3,9.12,19.41,Low,Clouds,No Rain,0,0,0,0,0,0,None,Low,5
2026-05-07 22:11:40,Bonduma to Buea Town,2.06,22,Thursday,3,5.88,21.02,Low,Clouds,No Rain,0,0,0,0,0,0,None,Low,5
2026-05-07 22:11:40,Mile 16 to Mile 17,4.4,22,Thursday,3,10.27,25.73,Low,Clouds,No Rain,0,0,0,0,0,0,None,Low,5
2026-05-07 22:11:40,Mile 17 to Malingo,1.54,22,Thursday,3,5.07,18.27,Low,Clouds,No Rain,0,0,0,0,0,0,None,Low,5
2026-05-07 22:11:40,Mile 17 to UB Junction,2.05,22,Thursday,3,7.07,17.43,Low,Clouds,No Rain,0,0,0,0,0,0,None,Low,5
2026-05-07 22:11:40,Mile 17 to Check Point,2.47,22,Thursday,3,7.47,19.86,Low,Clouds,No Rain,0,0,0,0,0,0,None,Low,5
2026-05-07 22:11:40,Mile 17 to Muea,5.59,22,Thursday,3,14.82,22.65,Low,Clouds,No Rain,0,0,0,0,0,0,None,Low,5
2026-05-07 22:11:40,Mile 17 to Great Soppo,6.48,22,Thursday,3,18.05,21.55,Low,Clouds,No Rain,0,0,0,0,0,0,None,Low,5
2026-05-07 22:11:40,Malingo to UB Junction,3.47,22,Thursday,3,11.18,18.61,Low,Clouds,No Rain,0,0,0,0,0,0,None,Low,5
2026-05-07 22:11:40,Malingo to Check Point,2.02,22,Thursday,3,6.82,17.8,Low,Clouds,No Rain,0,0,0,0,0,0,None,Low,5
2026-05-07 22:11:40,Malingo to Molyko,6.19,22,Thursday,3,18.45,20.14,Low,Clouds,No Rain,0,0,0,0,0,0,None,Low,5
2026-05-07 22:11:40,Malingo to Muea,5.14,22,Thursday,3,14.42,21.41,Low,Clouds,No Rain,0,0,0,0,0,0,None,Low,5
2026-05-07 22:11:40,Malingo to Buea Town,5.14,22,Thursday,3,14.42,21.41,Low,Clouds,No Rain,0,0,0,0,0,0,None,Low,5
2026-05-07 22:11:40,UB Junction to Molyko,6.33,22,Thursday,3,19.3,19.67,Low,Clouds,No Rain,0,0,0,0,0,0,None,Low,5
2026-05-07 22:11:40,UB Junction to Check Point,2.15,22,Thursday,3,8.05,16.06,Low,Clouds,No Rain,0,0,0,0,0,0,None,Low,5
2026-05-07 22:11:40,UB Junction to Great Soppo,6.17,22,Thursday,3,18.63,19.85,Low,Clouds,No Rain,0,0,0,0,0,0,None,Low,5
2026-05-07 22:11:40,UB Junction to Buea Town,5.28,22,Thursday,3,15.38,20.58,Low,Clouds,No Rain,0,0,0,0,0,0,None,Low,5
2026-05-07 22:11:40,UB Junction to Muea,5.28,22,Thursday,3,15.38,20.58,Low,Clouds,No Rain,0,0,0,0,0,0,None,Low,5
2026-05-07 22:11:40,Molyko to Check Point,4.17,22,Thursday,3,11.75,21.3,Low,Clouds,No Rain,0,0,0,0,0,0,None,Low,5
2026-05-07 22:11:40,Molyko to Great Soppo,2.03,22,Thursday,3,5.93,20.52,Low,Clouds,No Rain,0,0,0,0,0,0,None,Low,5
2026-05-07 22:11:40,Molyko to Small Soppo,3.57,22,Thursday,3,12.27,17.48,Low,Clouds,No Rain,0,0,0,0,0,0,None,Low,5
2026-05-07 22:11:40,Molyko to Bongo Square,4.15,22,Thursday,3,11.9,20.94,Low,Clouds,No Rain,0,0,0,0,0,0,None,Low,5
2026-05-07 22:11:40,Molyko to Buea Town,2.92,22,Thursday,3,9.17,19.1,Low,Clouds,No Rain,0,0,0,0,0,0,None,Low,5
2026-05-07 22:11:40,Molyko to Muea,2.92,22,Thursday,3,9.17,19.1,Low,Clouds,No Rain,0,0,0,0,0,0,None,Low,5
2026-05-07 22:11:40,Molyko to Bokwango,6.15,22,Thursday,3,22.05,16.74,Low,Clouds,No Rain,0,0,0,0,0,0,None,Low,5
2026-05-07 22:11:40,Check Point to Buea Town,3.12,22,Thursday,3,7.55,24.81,Low,Clouds,No Rain,0,0,0,0,0,0,None,Low,5
2026-05-07 22:11:40,Check Point to Great Soppo,4.01,22,Thursday,3,10.78,22.32,Low,Clouds,No Rain,0,0,0,0,0,0,None,Low,5
2026-05-07 22:11:40,Check Point to Small Soppo,3.78,22,Thursday,3,9.97,22.74,Low,Clouds,No Rain,0,0,0,0,0,0,None,Low,5
2026-05-07 22:11:40,Check Point to Muea,3.12,22,Thursday,3,7.55,24.81,Low,Clouds,No Rain,0,0,0,0,0,0,None,Low,5
2026-05-07 22:11:40,Great Soppo to Small Soppo,1.54,22,Thursday,3,5.93,15.62,Low,Clouds,No Rain,0,0,0,0,0,0,None,Low,5
2026-05-07 22:11:40,Great Soppo to Bongo Square,2.12,22,Thursday,3,5.62,22.69,Low,Clouds,No Rain,0,0,0,0,0,0,None,Low,5
2026-05-07 22:11:40,Great Soppo to Muea,0.89,22,Thursday,3,3.23,16.5,Low,Clouds,No Rain,0,0,0,0,0,0,None,Low,5
2026-05-07 22:11:40,Small Soppo to Bongo Square,1.07,22,Thursday,3,3.55,18.05,Low,Clouds,No Rain,0,0,0,0,0,0,None,Low,5
2026-05-07 22:11:40,Small Soppo to Buea Town,0.52,22,Thursday,3,2.7,11.44,Low,Clouds,No Rain,0,0,0,0,0,0,None,Low,5
2026-05-07 22:11:40,Small Soppo to Muea,0.52,22,Thursday,3,2.7,11.44,Low,Clouds,No Rain,0,0,0,0,0,0,None,Low,5
2026-05-07 22:11:40,Bongo Square to Buea Town,1.24,22,Thursday,3,2.03,36.44,Low,Clouds,No Rain,0,0,0,0,0,0,None,Low,5
2026-05-07 22:11:40,Bongo Square to Muea,1.24,22,Thursday,3,2.03,36.44,Low,Clouds,No Rain,0,0,0,0,0,0,None,Low,5
2026-05-07 22:11:40,Bokwango to Molyko,6.15,22,Thursday,3,22.13,16.68,Low,Clouds,No Rain,0,0,0,0,0,0,None,Low,5
2026-05-07 22:11:40,Bokwango to Check Point,5.26,22,Thursday,3,18.28,17.27,Low,Clouds,No Rain,0,0,0,0,0,0,None,Low,5
2026-05-07 22:11:40,Bokwango to Buea Town,8.38,22,Thursday,3,25.28,19.9,Low,Clouds,No Rain,0,0,0,0,0,0,None,Low,5
2026-05-07 22:11:40,Bokwango to Great Soppo,9.27,22,Thursday,3,28.53,19.5,Low,Clouds,No Rain,0,0,0,0,0,0,None,Low,5
2026-05-07 22:11:40,Muea to Great Soppo,0.89,22,Thursday,3,3.23,16.5,Low,Clouds,No Rain,0,0,0,0,0,0,None,Low,5
2026-05-07 22:11:40,Muea to Molyko,2.92,22,Thursday,3,8.87,19.75,Low,Clouds,No Rain,0,0,0,0,0,0,None,Low,5
2026-05-07 22:11:40,Muea to Check Point,3.12,22,Thursday,3,6.73,27.82,Low,Clouds,No Rain,0,0,0,0,0,0,None,Low,5
2026-05-07 22:11:40,Muea to Buea Town,0.0,22,Thursday,3,0.0,0,Low,Clouds,No Rain,0,0,0,0,0,0,None,Low,5
2026-05-07 22:11:40,Muea to Bonduma,2.06,22,Thursday,3,5.05,24.49,Low,Clouds,No Rain,0,0,0,0,0,0,None,Low,5
2026-05-07 22:11:40,Muea to Malingo,5.14,22,Thursday,3,13.32,23.18,Low,Clouds,No Rain,0,0,0,0,0,0,None,Low,5
2026-05-07 22:11:40,Clerks Quarters to Governor Junction,1.33,22,Thursday,3,2.35,34.01,Low,Clouds,No Rain,0,0,0,0,0,0,None,Low,5
2026-05-07 22:11:40,Governor Junction to Long Street,0.0,22,Thursday,3,0.0,0,Low,Clouds,No Rain,0,0,0,0,0,0,None,Low,5
2026-05-07 22:11:40,Long Street to Bongo Square,1.24,22,Thursday,3,2.03,36.44,Low,Clouds,No Rain,0,0,0,0,0,0,None,Low,5
2026-05-07 22:11:40,Governor Junction to Buea Town,0.0,22,Thursday,3,0.0,0,Low,Clouds,No Rain,0,0,0,0,0,0,None,Low,5
2026-05-07 22:11:40,Molyko to UB Junction,6.39,22,Thursday,3,18.53,20.68,Low,Clouds,No Rain,0,0,0,0,0,0,None,Low,5
2026-05-07 22:11:40,UB Junction to Bonduma,3.88,22,Thursday,3,13.13,17.75,Low,Clouds,No Rain,0,0,0,0,0,0,None,Low,5
2026-05-07 22:11:40,Check Point to Molyko,4.17,22,Thursday,3,11.65,21.49,Low,Clouds,No Rain,0,0,0,0,0,0,None,Low,5
2026-05-07 22:11:40,Great Soppo to Check Point,4.01,22,Thursday,3,10.25,23.48,Low,Clouds,No Rain,0,0,0,0,0,0,None,Low,5
2026-05-07 22:11:40,Malingo to Bonduma,3.75,22,Thursday,3,12.12,18.58,Low,Clouds,No Rain,0,0,0,0,0,0,None,Low,5
2026-05-07 22:11:40,Buea Town to Malingo,5.14,22,Thursday,3,13.28,23.24,Low,Clouds,No Rain,0,0,0,0,0,0,None,Low,5
2026-05-07 22:11:40,Buea Town to Muea,0.0,22,Thursday,3,0.0,0,Low,Clouds,No Rain,0,0,0,0,0,0,None,Low,5
2026-05-07 23:11:40,Bonduma Gate to Mile 17,3.81,23,Thursday,3,9.02,25.37,Low,Clouds,No Rain,0,0,0,0,0,0,None,Low,5
2026-05-07 23:11:40,Bonduma to UB Junction,3.95,23,Thursday,3,12.65,18.72,Low,Clouds,No Rain,0,0,0,0,0,0,None,Low,5
2026-05-07 23:11:40,Bonduma to Molyko,3.11,23,Thursday,3,9.88,18.89,Low,Clouds,No Rain,0,0,0,0,0,0,None,Low,5
2026-05-07 23:11:40,Bonduma to Check Point,1.73,23,Thursday,3,5.03,20.63,Low,Clouds,No Rain,0,0,0,0,0,0,None,Low,5
2026-05-07 23:11:40,Bonduma to Muea,2.06,23,Thursday,3,5.08,24.33,Low,Clouds,No Rain,0,0,0,0,0,0,None,Low,5
2026-05-07 23:11:40,Bonduma to Great Soppo,2.95,23,Thursday,3,8.32,21.28,Low,Clouds,No Rain,0,0,0,0,0,0,None,Low,5
2026-05-07 23:11:40,Bonduma to Buea Town,2.06,23,Thursday,3,5.07,24.41,Low,Clouds,No Rain,0,0,0,0,0,0,None,Low,5
2026-05-07 23:11:40,Mile 16 to Mile 17,4.4,23,Thursday,3,9.8,26.95,Low,Clouds,No Rain,0,0,0,0,0,0,None,Low,5
2026-05-07 23:11:40,Mile 17 to Malingo,1.54,23,Thursday,3,5.13,18.04,Low,Clouds,No Rain,0,0,0,0,0,0,None,Low,5
2026-05-07 23:11:40,Mile 17 to UB Junction,2.05,23,Thursday,3,6.68,18.43,Low,Clouds,No Rain,0,0,0,0,0,0,None,Low,5
2026-05-07 23:11:40,Mile 17 to Check Point,2.47,23,Thursday,3,6.93,21.39,Low,Clouds,No Rain,0,0,0,0,0,0,None,Low,5
2026-05-07 23:11:40,Mile 17 to Muea,5.59,23,Thursday,3,13.5,24.86,Low,Clouds,No Rain,0,0,0,0,0,0,None,Low,5
2026-05-07 23:11:40,Mile 17 to Great Soppo,6.48,23,Thursday,3,16.75,23.22,Low,Clouds,No Rain,0,0,0,0,0,0,None,Low,5
2026-05-07 23:11:40,Malingo to UB Junction,3.47,23,Thursday,3,11.03,18.86,Low,Clouds,No Rain,0,0,0,0,0,0,None,Low,5
2026-05-07 23:11:40,Malingo to Check Point,2.02,23,Thursday,3,6.4,18.96,Low,Clouds,No Rain,0,0,0,0,0,0,None,Low,5
2026-05-07 23:11:40,Malingo to Molyko,6.19,23,Thursday,3,17.73,20.96,Low,Clouds,No Rain,0,0,0,0,0,0,None,Low,5
2026-05-07 23:11:40,Malingo to Muea,5.14,23,Thursday,3,13.5,22.86,Low,Clouds,No Rain,0,0,0,0,0,0,None,Low,5
2026-05-07 23:11:40,Malingo to Buea Town,5.14,23,Thursday,3,13.5,22.86,Low,Clouds,No Rain,0,0,0,0,0,0,None,Low,5
2026-05-07 23:11:40,UB Junction to Molyko,6.33,23,Thursday,3,18.57,20.44,Low,Clouds,No Rain,0,0,0,0,0,0,None,Low,5
2026-05-07 23:11:40,UB Junction to Check Point,2.15,23,Thursday,3,7.92,16.33,Low,Clouds,No Rain,0,0,0,0,0,0,None,Low,5
2026-05-07 23:11:40,UB Junction to Great Soppo,6.17,23,Thursday,3,17.72,20.88,Low,Clouds,No Rain,0,0,0,0,0,0,None,Low,5
2026-05-07 23:11:40,UB Junction to Buea Town,5.28,23,Thursday,3,14.48,21.86,Low,Clouds,No Rain,0,0,0,0,0,0,None,Low,5
2026-05-07 23:11:40,UB Junction to Muea,5.28,23,Thursday,3,14.48,21.86,Low,Clouds,No Rain,0,0,0,0,0,0,None,Low,5
2026-05-07 23:11:40,Molyko to Check Point,4.17,23,Thursday,3,11.58,21.61,Low,Clouds,No Rain,0,0,0,0,0,0,None,Low,5
2026-05-07 23:11:40,Molyko to Great Soppo,2.03,23,Thursday,3,5.93,20.52,Low,Clouds,No Rain,0,0,0,0,0,0,None,Low,5
2026-05-07 23:11:40,Molyko to Small Soppo,3.57,23,Thursday,3,12.05,17.8,Low,Clouds,No Rain,0,0,0,0,0,0,None,Low,5
2026-05-07 23:11:40,Molyko to Bongo Square,4.15,23,Thursday,3,11.7,21.3,Low,Clouds,No Rain,0,0,0,0,0,0,None,Low,5
2026-05-07 23:11:40,Molyko to Buea Town,2.92,23,Thursday,3,9.17,19.1,Low,Clouds,No Rain,0,0,0,0,0,0,None,Low,5
2026-05-07 23:11:40,Molyko to Muea,2.92,23,Thursday,3,9.17,19.1,Low,Clouds,No Rain,0,0,0,0,0,0,None,Low,5
2026-05-07 23:11:40,Molyko to Bokwango,6.15,23,Thursday,3,21.85,16.9,Low,Clouds,No Rain,0,0,0,0,0,0,None,Low,5
2026-05-07 23:11:40,Check Point to Buea Town,3.12,23,Thursday,3,6.63,28.24,Low,Clouds,No Rain,0,0,0,0,0,0,None,Low,5
2026-05-07 23:11:40,Check Point to Great Soppo,4.01,23,Thursday,3,9.88,24.35,Low,Clouds,No Rain,0,0,0,0,0,0,None,Low,5
2026-05-07 23:11:40,Check Point to Small Soppo,3.78,23,Thursday,3,9.02,25.14,Low,Clouds,No Rain,0,0,0,0,0,0,None,Low,5
2026-05-07 23:11:40,Check Point to Bongo Square,4.36,23,Thursday,3,8.65,30.22,Low,Clouds,No Rain,0,0,0,0,0,0,None,Low,5
2026-05-07 23:11:40,Check Point to Muea,3.12,23,Thursday,3,6.63,28.24,Low,Clouds,No Rain,0,0,0,0,0,0,None,Low,5
2026-05-07 23:11:40,Great Soppo to Small Soppo,1.54,23,Thursday,3,5.75,16.12,Low,Clouds,No Rain,0,0,0,0,0,0,None,Low,5
2026-05-07 23:11:40,Great Soppo to Bongo Square,2.12,23,Thursday,3,5.58,22.83,Low,Clouds,No Rain,0,0,0,0,0,0,None,Low,5
2026-05-07 23:11:40,Great Soppo to Buea Town,0.89,23,Thursday,3,3.23,16.5,Low,Clouds,No Rain,0,0,0,0,0,0,None,Low,5
2026-05-07 23:11:40,Great Soppo to Muea,0.89,23,Thursday,3,3.23,16.5,Low,Clouds,No Rain,0,0,0,0,0,0,None,Low,5
2026-05-07 23:11:40,Small Soppo to Bongo Square,1.07,23,Thursday,3,3.48,18.4,Low,Clouds,No Rain,0,0,0,0,0,0,None,Low,5
2026-05-07 23:11:40,Small Soppo to Buea Town,0.52,23,Thursday,3,2.63,11.73,Low,Clouds,No Rain,0,0,0,0,0,0,None,Low,5
2026-05-07 23:11:40,Small Soppo to Muea,0.52,23,Thursday,3,2.63,11.73,Low,Clouds,No Rain,0,0,0,0,0,0,None,Low,5
2026-05-07 23:11:40,Bongo Square to Buea Town,1.24,23,Thursday,3,1.93,38.33,Low,Clouds,No Rain,0,0,0,0,0,0,None,Low,5
2026-05-07 23:11:40,Bongo Square to Muea,1.24,23,Thursday,3,1.93,38.33,Low,Clouds,No Rain,0,0,0,0,0,0,None,Low,5
2026-05-07 23:11:40,Bokwango to Molyko,6.15,23,Thursday,3,21.98,16.79,Low,Clouds,No Rain,0,0,0,0,0,0,None,Low,5
2026-05-07 23:11:40,Bokwango to Check Point,5.26,23,Thursday,3,17.87,17.67,Low,Clouds,No Rain,0,0,0,0,0,0,None,Low,5
2026-05-07 23:11:40,Bokwango to Buea Town,8.38,23,Thursday,3,24.35,20.66,Low,Clouds,No Rain,0,0,0,0,0,0,None,Low,5
2026-05-07 23:11:40,Bokwango to Great Soppo,9.27,23,Thursday,3,27.58,20.17,Low,Clouds,No Rain,0,0,0,0,0,0,None,Low,5
2026-05-07 23:11:40,Muea to Great Soppo,0.89,23,Thursday,3,3.23,16.5,Low,Clouds,No Rain,0,0,0,0,0,0,None,Low,5
2026-05-07 23:11:40,Muea to Molyko,2.92,23,Thursday,3,8.87,19.75,Low,Clouds,No Rain,0,0,0,0,0,0,None,Low,5
2026-05-07 23:11:40,Muea to Check Point,3.12,23,Thursday,3,6.43,29.12,Low,Clouds,No Rain,0,0,0,0,0,0,None,Low,5
2026-05-07 23:11:40,Muea to Buea Town,0.0,23,Thursday,3,0.0,0,Low,Clouds,No Rain,0,0,0,0,0,0,None,Low,5
2026-05-07 23:11:40,Muea to Bonduma,2.06,23,Thursday,3,4.85,25.5,Low,Clouds,No Rain,0,0,0,0,0,0,None,Low,5
2026-05-07 23:11:40,Muea to Malingo,5.14,23,Thursday,3,12.68,24.33,Low,Clouds,No Rain,0,0,0,0,0,0,None,Low,5
2026-05-07 23:11:40,Clerks Quarters to Governor Junction,1.33,23,Thursday,3,2.23,35.79,Low,Clouds,No Rain,0,0,0,0,0,0,None,Low,5
2026-05-07 23:11:40,Governor Junction to Long Street,0.0,23,Thursday,3,0.0,0,Low,Clouds,No Rain,0,0,0,0,0,0,None,Low,5
2026-05-07 23:11:40,Long Street to Bongo Square,1.24,23,Thursday,3,2.0,37.05,Low,Clouds,No Rain,0,0,0,0,0,0,None,Low,5
2026-05-07 23:11:40,Governor Junction to Buea Town,0.0,23,Thursday,3,0.0,0,Low,Clouds,No Rain,0,0,0,0,0,0,None,Low,5
2026-05-07 23:11:40,Molyko to UB Junction,6.39,23,Thursday,3,18.2,21.06,Low,Clouds,No Rain,0,0,0,0,0,0,None,Low,5
2026-05-07 23:11:40,UB Junction to Bonduma,3.88,23,Thursday,3,13.02,17.91,Low,Clouds,No Rain,0,0,0,0,0,0,None,Low,5
2026-05-07 23:11:40,Check Point to Molyko,4.17,23,Thursday,3,11.28,22.18,Low,Clouds,No Rain,0,0,0,0,0,0,None,Low,5
2026-05-07 23:11:40,Great Soppo to Check Point,4.01,23,Thursday,3,10.05,23.95,Low,Clouds,No Rain,0,0,0,0,0,0,None,Low,5
2026-05-07 23:11:40,Malingo to Bonduma,3.65,23,Thursday,3,11.55,18.98,Low,Clouds,No Rain,0,0,0,0,0,0,None,Low,5
2026-05-07 23:11:40,Buea Town to Malingo,5.14,23,Thursday,3,12.68,24.33,Low,Clouds,No Rain,0,0,0,0,0,0,None,Low,5
2026-05-07 23:11:40,Buea Town to Muea,0.0,23,Thursday,3,0.0,0,Low,Clouds,No Rain,0,0,0,0,0,0,None,Low,5
2026-05-08 06:15:13,Bonduma Gate to Mile 17,3.81,6,Friday,4,8.1,28.24,Low,Clouds,No Rain,0,0,0,0,0,1,Market Activity,Medium,15
2026-05-08 06:15:13,Bonduma to UB Junction,3.95,6,Friday,4,12.02,19.7,Low,Clouds,No Rain,0,0,0,0,0,1,Market Activity,Medium,15
2026-05-08 06:15:13,Bonduma to Molyko,3.11,6,Friday,4,9.88,18.89,Low,Clouds,No Rain,0,0,0,0,0,1,Market Activity,Medium,15
2026-05-08 06:15:13,Bonduma to Check Point,1.73,6,Friday,4,4.82,21.56,Low,Clouds,No Rain,0,0,0,0,0,1,Market Activity,Medium,15
2026-05-08 06:15:13,Bonduma to Muea,2.06,6,Friday,4,5.68,21.76,Low,Clouds,No Rain,0,0,0,0,0,1,Market Activity,Medium,15
2026-05-08 06:15:13,Bonduma to Great Soppo,2.95,6,Friday,4,8.92,19.85,Low,Clouds,No Rain,0,0,0,0,0,1,Market Activity,Medium,15
2026-05-08 06:15:13,Bonduma to Buea Town,2.06,6,Friday,4,5.65,21.89,Low,Clouds,No Rain,0,0,0,0,0,1,Market Activity,Medium,15
2026-05-08 06:15:13,Mile 16 to Mile 17,4.4,6,Friday,4,8.73,30.24,Low,Clouds,No Rain,0,0,0,0,0,1,Market Activity,Medium,15
2026-05-08 06:15:13,Mile 17 to Malingo,1.54,6,Friday,4,4.35,21.28,Low,Clouds,No Rain,0,0,0,0,0,1,Market Activity,Medium,15
2026-05-08 06:15:13,Mile 17 to UB Junction,2.05,6,Friday,4,6.95,17.72,Low,Clouds,No Rain,0,0,0,0,0,1,Market Activity,Medium,15
2026-05-08 06:15:13,Mile 17 to Check Point,2.47,6,Friday,4,6.75,21.97,Low,Clouds,No Rain,0,0,0,0,0,1,Market Activity,Medium,15
2026-05-08 06:15:13,Mile 17 to Muea,5.59,6,Friday,4,13.93,24.09,Low,Clouds,No Rain,0,0,0,0,0,1,Market Activity,Medium,15
2026-05-08 06:15:13,Mile 17 to Great Soppo,6.48,6,Friday,4,17.18,22.64,Low,Clouds,No Rain,0,0,0,0,0,1,Market Activity,Medium,15
2026-05-08 06:15:13,Malingo to UB Junction,3.47,6,Friday,4,10.88,19.12,Low,Clouds,No Rain,0,0,0,0,0,1,Market Activity,Medium,15
2026-05-08 06:15:13,Malingo to Check Point,2.02,6,Friday,4,5.92,20.5,Low,Clouds,No Rain,0,0,0,0,0,1,Market Activity,Medium,15
2026-05-08 06:15:13,Malingo to Molyko,6.19,6,Friday,4,17.27,21.52,Low,Clouds,No Rain,0,0,0,0,0,1,Market Activity,Medium,15
2026-05-08 06:15:13,Malingo to Muea,5.14,6,Friday,4,13.85,22.28,Low,Clouds,No Rain,0,0,0,0,0,1,Market Activity,Medium,15
2026-05-08 06:15:13,Malingo to Buea Town,5.14,6,Friday,4,13.85,22.28,Low,Clouds,No Rain,0,0,0,0,0,1,Market Activity,Medium,15
2026-05-08 06:15:13,UB Junction to Molyko,6.33,6,Friday,4,18.13,20.93,Low,Clouds,No Rain,0,0,0,0,0,1,Market Activity,Medium,15
2026-05-08 06:15:13,UB Junction to Check Point,2.15,6,Friday,4,7.57,17.09,Low,Clouds,No Rain,0,0,0,0,0,1,Market Activity,Medium,15
2026-05-08 08:05:47,Bonduma Gate to Mile 17,3.81,8,Friday,4,9.9,23.11,Low,Clouds,No Rain,0,0,0,1,1,1,Market Activity,Medium,35
2026-05-08 08:05:47,Bonduma to UB Junction,3.95,8,Friday,4,13.28,17.82,Low,Clouds,No Rain,0,0,0,1,1,1,Market Activity,Medium,35
2026-05-08 08:05:47,Bonduma to Check Point,1.73,8,Friday,4,5.0,20.77,Low,Clouds,No Rain,0,0,0,1,1,1,Market Activity,Medium,35
2026-05-08 08:05:47,Bonduma to Muea,2.06,8,Friday,4,6.48,19.07,Low,Clouds,No Rain,0,0,0,1,1,1,Market Activity,Medium,35
2026-05-08 08:05:47,Bonduma to Great Soppo,2.95,8,Friday,4,9.72,18.22,Low,Clouds,No Rain,0,0,0,1,1,1,Market Activity,Medium,35
2026-05-08 08:05:47,Bonduma to Buea Town,2.06,8,Friday,4,6.48,19.07,Low,Clouds,No Rain,0,0,0,1,1,1,Market Activity,Medium,35
2026-05-08 08:05:47,Mile 16 to Mile 17,4.4,8,Friday,4,10.97,24.08,Low,Clouds,No Rain,0,0,0,1,1,1,Market Activity,Medium,35
2026-05-08 08:05:47,Mile 17 to Malingo,1.54,8,Friday,4,5.02,18.45,Low,Clouds,No Rain,0,0,0,1,1,1,Market Activity,Medium,35
2026-05-08 08:05:47,Mile 17 to UB Junction,2.05,8,Friday,4,7.07,17.43,Low,Clouds,No Rain,0,0,0,1,1,1,Market Activity,Medium,35
2026-05-08 08:05:47,Mile 17 to Muea,5.59,8,Friday,4,18.7,17.95,Low,Clouds,No Rain,0,0,0,1,1,1,Market Activity,Medium,35
2026-05-08 08:05:47,UB Junction to Molyko,5.81,8,Friday,4,20.17,17.29,Low,Clouds,No Rain,0,0,0,1,1,1,Market Activity,Medium,35
2026-05-08 08:05:47,UB Junction to Check Point,2.15,8,Friday,4,8.83,14.64,Low,Clouds,No Rain,0,0,0,1,1,1,Market Activity,Medium,35
2026-05-08 09:02:23,Bonduma to UB Junction,3.95,9,Friday,4,13.62,17.39,Low,Clouds,No Rain,0,0,0,1,0,1,Market Activity,Medium,20
2026-05-08 09:02:23,Bonduma to Molyko,3.11,9,Friday,4,9.88,18.89,Low,Clouds,No Rain,0,0,0,1,0,1,Market Activity,Medium,20
2026-05-08 09:02:23,Bonduma to Check Point,1.73,9,Friday,4,5.05,20.57,Low,Clouds,No Rain,0,0,0,1,0,1,Market Activity,Medium,20
2026-05-08 09:02:23,Bonduma to Muea,2.06,9,Friday,4,9.47,13.06,Medium,Clouds,No Rain,0,0,0,1,0,1,Market Activity,Medium,40
2026-05-08 09:02:23,Bonduma to Great Soppo,2.95,9,Friday,4,12.7,13.94,Medium,Clouds,No Rain,0,0,0,1,0,1,Market Activity,Medium,40
2026-05-08 09:02:23,Bonduma to Buea Town,2.06,9,Friday,4,9.23,13.39,Medium,Clouds,No Rain,0,0,0,1,0,1,Market Activity,Medium,40
2026-05-08 09:02:23,Mile 16 to Mile 17,4.4,9,Friday,4,11.62,22.74,Low,Clouds,No Rain,0,0,0,1,0,1,Market Activity,Medium,20
2026-05-08 09:02:23,Mile 17 to Malingo,1.54,9,Friday,4,5.08,18.21,Low,Clouds,No Rain,0,0,0,1,0,1,Market Activity,Medium,20
2026-05-08 09:02:23,Mile 17 to UB Junction,2.05,9,Friday,4,7.17,17.19,Low,Clouds,No Rain,0,0,0,1,0,1,Market Activity,Medium,20
2026-05-08 09:02:23,Mile 17 to Check Point,2.47,9,Friday,4,9.32,15.92,Low,Clouds,No Rain,0,0,0,1,0,1,Market Activity,Medium,20
2026-05-08 09:02:23,Mile 17 to Muea,5.59,9,Friday,4,20.43,16.43,Medium,Clouds,No Rain,0,0,0,1,0,1,Market Activity,Medium,40
2026-05-08 09:02:23,Mile 17 to Great Soppo,6.48,9,Friday,4,23.67,16.44,Medium,Clouds,No Rain,0,0,0,1,0,1,Market Activity,Medium,40
2026-05-08 09:02:23,Malingo to UB Junction,3.47,9,Friday,4,11.63,17.89,Low,Clouds,No Rain,0,0,0,1,0,1,Market Activity,Medium,20
2026-05-08 09:02:23,Malingo to Check Point,2.02,9,Friday,4,7.17,16.93,Low,Clouds,No Rain,0,0,0,1,0,1,Market Activity,Medium,20
2026-05-08 09:02:23,Malingo to Molyko,5.58,9,Friday,4,19.13,17.5,Low,Clouds,No Rain,0,0,0,1,0,1,Market Activity,Medium,20
2026-05-08 09:02:23,Malingo to Muea,5.04,9,Friday,4,18.37,16.48,Medium,Clouds,No Rain,0,0,0,1,0,1,Market Activity,Medium,40
2026-05-08 09:02:23,Malingo to Buea Town,5.04,9,Friday,4,18.37,16.48,Medium,Clouds,No Rain,0,0,0,1,0,1,Market Activity,Medium,40
2026-05-08 09:02:23,UB Junction to Molyko,5.81,9,Friday,4,21.13,16.5,Low,Clouds,No Rain,0,0,0,1,0,1,Market Activity,Medium,20
2026-05-08 09:02:23,UB Junction to Check Point,2.15,9,Friday,4,9.83,13.15,Low,Clouds,No Rain,0,0,0,1,0,1,Market Activity,Medium,20
2026-05-08 09:02:23,UB Junction to Great Soppo,6.17,9,Friday,4,24.1,15.35,Medium,Clouds,No Rain,0,0,0,1,0,1,Market Activity,Medium,40
2026-05-08 09:02:23,UB Junction to Buea Town,5.28,9,Friday,4,20.85,15.18,Medium,Clouds,No Rain,0,0,0,1,0,1,Market Activity,Medium,40
2026-05-08 09:02:23,UB Junction to Muea,5.28,9,Friday,4,20.85,15.18,Medium,Clouds,No Rain,0,0,0,1,0,1,Market Activity,Medium,40
2026-05-08 09:02:23,Molyko to Check Point,4.17,9,Friday,4,11.38,21.99,Low,Clouds,No Rain,0,0,0,1,0,1,Market Activity,Medium,20
2026-05-08 09:02:23,Molyko to Great Soppo,2.03,9,Friday,4,5.93,20.52,Low,Clouds,No Rain,0,0,0,1,0,1,Market Activity,Medium,20
2026-05-08 09:02:23,Molyko to Small Soppo,3.57,9,Friday,4,12.57,17.06,Low,Clouds,No Rain,0,0,0,1,0,1,Market Activity,Medium,20
2026-05-08 09:02:23,Molyko to Bongo Square,4.15,9,Friday,4,12.3,20.26,Low,Clouds,No Rain,0,0,0,1,0,1,Market Activity,Medium,20
2026-05-08 09:02:23,Molyko to Buea Town,2.92,9,Friday,4,9.17,19.1,Low,Clouds,No Rain,0,0,0,1,0,1,Market Activity,Medium,20
2026-05-08 09:02:23,Molyko to Muea,2.92,9,Friday,4,9.17,19.1,Low,Clouds,No Rain,0,0,0,1,0,1,Market Activity,Medium,20
2026-05-08 09:02:23,Molyko to Bokwango,6.15,9,Friday,4,22.18,16.64,Low,Clouds,No Rain,0,0,0,1,0,1,Market Activity,Medium,20
2026-05-08 09:02:23,Check Point to Buea Town,3.12,9,Friday,4,12.33,15.19,High,Clouds,No Rain,0,0,0,1,0,1,Market Activity,Medium,60
2026-05-08 09:02:23,Check Point to Great Soppo,4.01,9,Friday,4,15.58,15.44,Medium,Clouds,No Rain,0,0,0,1,0,1,Market Activity,Medium,40
2026-05-08 09:02:23,Check Point to Small Soppo,3.78,9,Friday,4,14.88,15.23,Medium,Clouds,No Rain,0,0,0,1,0,1,Market Activity,Medium,40
2026-05-08 09:02:23,Check Point to Bongo Square,4.36,9,Friday,4,14.68,17.8,Medium,Clouds,No Rain,0,0,0,1,0,1,Market Activity,Medium,40
2026-05-08 09:02:23,Check Point to Muea,3.12,9,Friday,4,12.32,15.21,High,Clouds,No Rain,0,0,0,1,0,1,Market Activity,Medium,60
2026-05-08 09:02:23,Great Soppo to Small Soppo,1.54,9,Friday,4,6.13,15.11,Low,Clouds,No Rain,0,0,0,1,0,1,Market Activity,Medium,20
2026-05-08 09:02:23,Great Soppo to Bongo Square,2.12,9,Friday,4,5.97,21.36,Low,Clouds,No Rain,0,0,0,1,0,1,Market Activity,Medium,20
2026-05-08 09:02:23,Great Soppo to Buea Town,0.89,9,Friday,4,3.23,16.5,Low,Clouds,No Rain,0,0,0,1,0,1,Market Activity,Medium,20
2026-05-08 09:02:23,Great Soppo to Muea,0.89,9,Friday,4,3.23,16.5,Low,Clouds,No Rain,0,0,0,1,0,1,Market Activity,Medium,20
2026-05-08 09:02:23,Small Soppo to Bongo Square,1.07,9,Friday,4,3.63,17.64,Low,Clouds,No Rain,0,0,0,1,0,1,Market Activity,Medium,20
2026-05-08 09:02:23,Small Soppo to Buea Town,0.52,9,Friday,4,2.7,11.44,Low,Clouds,No Rain,0,0,0,1,0,1,Market Activity,Medium,20
2026-05-08 09:02:23,Small Soppo to Muea,0.52,9,Friday,4,2.7,11.44,Low,Clouds,No Rain,0,0,0,1,0,1,Market Activity,Medium,20
2026-05-08 09:02:23,Bongo Square to Buea Town,1.24,9,Friday,4,2.03,36.44,Low,Clouds,No Rain,0,0,0,1,0,1,Market Activity,Medium,20
2026-05-08 09:02:23,Bongo Square to Muea,1.24,9,Friday,4,2.03,36.44,Low,Clouds,No Rain,0,0,0,1,0,1,Market Activity,Medium,20
2026-05-08 09:02:23,Bokwango to Molyko,6.15,9,Friday,4,22.45,16.44,Low,Clouds,No Rain,0,0,0,1,0,1,Market Activity,Medium,20
2026-05-08 09:02:23,Bokwango to Check Point,5.26,9,Friday,4,20.35,15.52,Low,Clouds,No Rain,0,0,0,1,0,1,Market Activity,Medium,20
2026-05-08 09:02:23,Bokwango to Buea Town,8.38,9,Friday,4,30.7,16.39,Low,Clouds,No Rain,0,0,0,1,0,1,Market Activity,Medium,20
2026-05-08 09:02:23,Bokwango to Great Soppo,8.18,9,Friday,4,28.35,17.32,Low,Clouds,No Rain,0,0,0,1,0,1,Market Activity,Medium,20
2026-05-08 09:02:23,Muea to Great Soppo,0.89,9,Friday,4,3.23,16.5,Low,Clouds,No Rain,0,0,0,1,0,1,Market Activity,Medium,20
2026-05-08 09:02:23,Muea to Molyko,2.92,9,Friday,4,8.87,19.75,Low,Clouds,No Rain,0,0,0,1,0,1,Market Activity,Medium,20
2026-05-08 09:02:23,Muea to Check Point,3.12,9,Friday,4,7.6,24.65,Low,Clouds,No Rain,0,0,0,1,0,1,Market Activity,Medium,20
2026-05-08 09:02:23,Muea to Buea Town,0.0,9,Friday,4,0.0,0,Low,Clouds,No Rain,0,0,0,1,0,1,Market Activity,Medium,20
2026-05-08 09:02:23,Muea to Bonduma,2.06,9,Friday,4,6.02,20.55,Low,Clouds,No Rain,0,0,0,1,0,1,Market Activity,Medium,20
2026-05-08 09:02:23,Muea to Malingo,5.04,9,Friday,4,14.45,20.95,Low,Clouds,No Rain,0,0,0,1,0,1,Market Activity,Medium,20
2026-05-08 09:02:23,Clerks Quarters to Governor Junction,1.33,9,Friday,4,2.35,34.01,Low,Clouds,No Rain,0,0,0,1,0,1,Market Activity,Medium,20
2026-05-08 09:02:23,Governor Junction to Long Street,0.0,9,Friday,4,0.0,0,Low,Clouds,No Rain,0,0,0,1,0,1,Market Activity,Medium,20
2026-05-08 09:02:23,Long Street to Bongo Square,1.24,9,Friday,4,2.35,31.53,Low,Clouds,No Rain,0,0,0,1,0,1,Market Activity,Medium,20
2026-05-08 09:02:23,Governor Junction to Buea Town,0.0,9,Friday,4,0.0,0,Low,Clouds,No Rain,0,0,0,1,0,1,Market Activity,Medium,20
2026-05-08 09:02:23,Molyko to UB Junction,6.39,9,Friday,4,19.25,19.91,Low,Clouds,No Rain,0,0,0,1,0,1,Market Activity,Medium,20
2026-05-08 09:02:23,UB Junction to Bonduma,3.88,9,Friday,4,16.13,14.45,Low,Clouds,No Rain,0,0,0,1,0,1,Market Activity,Medium,20
2026-05-08 09:02:23,Check Point to Molyko,3.66,9,Friday,4,12.42,17.68,Low,Clouds,No Rain,0,0,0,1,0,1,Market Activity,Medium,20
2026-05-08 09:02:23,Great Soppo to Check Point,4.01,9,Friday,4,11.28,21.33,Low,Clouds,No Rain,0,0,0,1,0,1,Market Activity,Medium,20
2026-05-08 09:02:23,Malingo to Bonduma,3.65,9,Friday,4,13.03,16.82,Low,Clouds,No Rain,0,0,0,1,0,1,Market Activity,Medium,20
2026-05-08 10:22:28,Bonduma to UB Junction,3.95,10,Friday,4,13.78,17.18,Low,Clouds,No Rain,0,0,0,1,0,1,Market Activity,Medium,20
2026-05-08 10:22:28,Bonduma to Molyko,3.11,10,Friday,4,9.88,18.89,Low,Clouds,No Rain,0,0,0,1,0,1,Market Activity,Medium,20
2026-05-08 10:22:28,Bonduma to Check Point,1.73,10,Friday,4,5.07,20.5,Low,Clouds,No Rain,0,0,0,1,0,1,Market Activity,Medium,20
2026-05-08 10:22:28,Bonduma to Muea,2.06,10,Friday,4,7.03,17.58,Low,Clouds,No Rain,0,0,0,1,0,1,Market Activity,Medium,20
2026-05-08 10:22:28,Bonduma to Great Soppo,2.95,10,Friday,4,10.27,17.24,Low,Clouds,No Rain,0,0,0,1,0,1,Market Activity,Medium,20
2026-05-08 10:22:28,Bonduma to Buea Town,2.06,10,Friday,4,7.03,17.58,Low,Clouds,No Rain,0,0,0,1,0,1,Market Activity,Medium,20
2026-05-08 10:22:28,Mile 16 to Mile 17,4.4,10,Friday,4,11.88,22.23,Low,Clouds,No Rain,0,0,0,1,0,1,Market Activity,Medium,20
2026-05-08 10:22:28,Mile 17 to Malingo,1.54,10,Friday,4,4.73,19.56,Low,Clouds,No Rain,0,0,0,1,0,1,Market Activity,Medium,20
2026-05-08 10:22:28,Mile 17 to UB Junction,2.05,10,Friday,4,7.4,16.65,Low,Clouds,No Rain,0,0,0,1,0,1,Market Activity,Medium,20
2026-05-08 10:22:28,Mile 17 to Check Point,2.47,10,Friday,4,8.47,17.52,Low,Clouds,No Rain,0,0,0,1,0,1,Market Activity,Medium,20
2026-05-08 10:22:28,Mile 17 to Muea,5.59,10,Friday,4,16.97,19.78,Low,Clouds,No Rain,0,0,0,1,0,1,Market Activity,Medium,20
2026-05-08 10:22:28,Mile 17 to Great Soppo,6.48,10,Friday,4,20.2,19.26,Low,Clouds,No Rain,0,0,0,1,0,1,Market Activity,Medium,20
2026-05-08 10:22:28,Malingo to UB Junction,3.47,10,Friday,4,11.75,17.71,Low,Clouds,No Rain,0,0,0,1,0,1,Market Activity,Medium,20
2026-05-08 10:22:28,Malingo to Check Point,2.02,10,Friday,4,6.95,17.46,Low,Clouds,No Rain,0,0,0,1,0,1,Market Activity,Medium,20
2026-05-08 10:22:28,Malingo to Molyko,6.19,10,Friday,4,18.95,19.61,Low,Clouds,No Rain,0,0,0,1,0,1,Market Activity,Medium,20
2026-05-08 10:22:28,Malingo to Muea,5.04,10,Friday,4,15.55,19.47,Low,Clouds,No Rain,0,0,0,1,0,1,Market Activity,Medium,20
2026-05-08 10:22:28,Malingo to Buea Town,5.04,10,Friday,4,15.55,19.47,Low,Clouds,No Rain,0,0,0,1,0,1,Market Activity,Medium,20
2026-05-08 10:22:28,UB Junction to Molyko,6.33,10,Friday,4,20.17,18.82,Low,Clouds,No Rain,0,0,0,1,0,1,Market Activity,Medium,20
2026-05-08 10:22:28,UB Junction to Check Point,2.15,10,Friday,4,8.73,14.81,Low,Clouds,No Rain,0,0,0,1,0,1,Market Activity,Medium,20
2026-05-08 10:22:28,UB Junction to Great Soppo,6.17,10,Friday,4,20.47,18.07,Low,Clouds,No Rain,0,0,0,1,0,1,Market Activity,Medium,20
2026-05-08 10:22:28,UB Junction to Buea Town,5.28,10,Friday,4,17.23,18.37,Low,Clouds,No Rain,0,0,0,1,0,1,Market Activity,Medium,20
2026-05-08 10:22:28,UB Junction to Muea,5.28,10,Friday,4,17.23,18.37,Low,Clouds,No Rain,0,0,0,1,0,1,Market Activity,Medium,20
2026-05-08 10:22:28,Molyko to Check Point,4.17,10,Friday,4,11.55,21.67,Low,Clouds,No Rain,0,0,0,1,0,1,Market Activity,Medium,20
2026-05-08 10:22:28,Molyko to Great Soppo,2.03,10,Friday,4,5.93,20.52,Low,Clouds,No Rain,0,0,0,1,0,1,Market Activity,Medium,20
2026-05-08 10:22:28,Molyko to Small Soppo,3.57,10,Friday,4,12.43,17.25,Low,Clouds,No Rain,0,0,0,1,0,1,Market Activity,Medium,20
2026-05-08 10:22:28,Molyko to Bongo Square,4.15,10,Friday,4,12.17,20.48,Low,Clouds,No Rain,0,0,0,1,0,1,Market Activity,Medium,20
2026-05-08 10:22:28,Molyko to Buea Town,2.92,10,Friday,4,9.17,19.1,Low,Clouds,No Rain,0,0,0,1,0,1,Market Activity,Medium,20
2026-05-08 10:22:28,Molyko to Muea,2.92,10,Friday,4,9.17,19.1,Low,Clouds,No Rain,0,0,0,1,0,1,Market Activity,Medium,20
2026-05-08 10:22:28,Molyko to Bokwango,6.15,10,Friday,4,22.3,16.56,Low,Clouds,No Rain,0,0,0,1,0,1,Market Activity,Medium,20
2026-05-08 10:22:28,Check Point to Buea Town,3.12,10,Friday,4,8.77,21.37,Low,Clouds,No Rain,0,0,0,1,0,1,Market Activity,Medium,20
2026-05-08 10:22:28,Check Point to Great Soppo,4.01,10,Friday,4,12.03,20.0,Low,Clouds,No Rain,0,0,0,1,0,1,Market Activity,Medium,20
2026-05-08 10:22:28,Check Point to Small Soppo,3.78,10,Friday,4,11.33,20.0,Low,Clouds,No Rain,0,0,0,1,0,1,Market Activity,Medium,20
2026-05-08 10:22:28,Check Point to Bongo Square,4.36,10,Friday,4,11.0,23.77,Low,Clouds,No Rain,0,0,0,1,0,1,Market Activity,Medium,20
2026-05-08 10:22:28,Check Point to Muea,3.12,10,Friday,4,8.8,21.29,Low,Clouds,No Rain,0,0,0,1,0,1,Market Activity,Medium,20
2026-05-08 10:22:28,Great Soppo to Small Soppo,1.54,10,Friday,4,6.07,15.28,Low,Clouds,No Rain,0,0,0,1,0,1,Market Activity,Medium,20
2026-05-08 10:22:28,Great Soppo to Bongo Square,2.12,10,Friday,4,5.78,22.04,Low,Clouds,No Rain,0,0,0,1,0,1,Market Activity,Medium,20
2026-05-08 10:22:28,Great Soppo to Buea Town,0.89,10,Friday,4,3.23,16.5,Low,Clouds,No Rain,0,0,0,1,0,1,Market Activity,Medium,20
2026-05-08 10:22:28,Great Soppo to Muea,0.89,10,Friday,4,3.23,16.5,Low,Clouds,No Rain,0,0,0,1,0,1,Market Activity,Medium,20
2026-05-08 10:22:28,Small Soppo to Bongo Square,1.07,10,Friday,4,3.58,17.88,Low,Clouds,No Rain,0,0,0,1,0,1,Market Activity,Medium,20
2026-05-08 10:22:28,Small Soppo to Buea Town,0.52,10,Friday,4,2.72,11.37,Low,Clouds,No Rain,0,0,0,1,0,1,Market Activity,Medium,20
2026-05-08 10:22:28,Small Soppo to Muea,0.52,10,Friday,4,2.72,11.37,Low,Clouds,No Rain,0,0,0,1,0,1,Market Activity,Medium,20
2026-05-08 10:22:28,Bongo Square to Buea Town,1.24,10,Friday,4,2.13,34.73,Low,Clouds,No Rain,0,0,0,1,0,1,Market Activity,Medium,20
2026-05-08 10:22:28,Bongo Square to Muea,1.24,10,Friday,4,2.13,34.73,Low,Clouds,No Rain,0,0,0,1,0,1,Market Activity,Medium,20
2026-05-08 10:22:28,Bokwango to Molyko,6.15,10,Friday,4,22.68,16.28,Low,Clouds,No Rain,0,0,0,1,0,1,Market Activity,Medium,20
2026-05-08 10:22:28,Bokwango to Check Point,5.26,10,Friday,4,19.22,16.43,Low,Clouds,No Rain,0,0,0,1,0,1,Market Activity,Medium,20
2026-05-08 10:22:28,Bokwango to Buea Town,8.38,10,Friday,4,27.57,18.25,Low,Clouds,No Rain,0,0,0,1,0,1,Market Activity,Medium,20
2026-05-08 10:22:28,Bokwango to Great Soppo,9.27,10,Friday,4,30.8,18.07,Low,Clouds,No Rain,0,0,0,1,0,1,Market Activity,Medium,20
2026-05-08 10:22:28,Muea to Great Soppo,0.89,10,Friday,4,3.23,16.5,Low,Clouds,No Rain,0,0,0,1,0,1,Market Activity,Medium,20
2026-05-08 10:22:28,Muea to Molyko,2.92,10,Friday,4,8.87,19.75,Low,Clouds,No Rain,0,0,0,1,0,1,Market Activity,Medium,20
2026-05-08 10:22:28,Muea to Check Point,3.12,10,Friday,4,7.68,24.38,Low,Clouds,No Rain,0,0,0,1,0,1,Market Activity,Medium,20
2026-05-08 10:22:28,Muea to Buea Town,0.0,10,Friday,4,0.0,0,Low,Clouds,No Rain,0,0,0,1,0,1,Market Activity,Medium,20
2026-05-08 10:22:28,Muea to Bonduma,2.06,10,Friday,4,6.08,20.33,Low,Clouds,No Rain,0,0,0,1,0,1,Market Activity,Medium,20
2026-05-08 10:22:28,Muea to Malingo,5.04,10,Friday,4,14.52,20.85,Low,Clouds,No Rain,0,0,0,1,0,1,Market Activity,Medium,20
2026-05-08 10:22:28,Clerks Quarters to Governor Junction,1.33,10,Friday,4,2.48,32.18,Low,Clouds,No Rain,0,0,0,1,0,1,Market Activity,Medium,20
2026-05-08 10:22:28,Governor Junction to Long Street,0.0,10,Friday,4,0.0,0,Low,Clouds,No Rain,0,0,0,1,0,1,Market Activity,Medium,20
2026-05-08 10:22:28,Long Street to Bongo Square,1.24,10,Friday,4,2.18,33.94,Low,Clouds,No Rain,0,0,0,1,0,1,Market Activity,Medium,20
2026-05-08 10:22:28,Governor Junction to Buea Town,0.0,10,Friday,4,0.0,0,Low,Clouds,No Rain,0,0,0,1,0,1,Market Activity,Medium,20
2026-05-08 10:22:28,Molyko to UB Junction,6.39,10,Friday,4,19.68,19.47,Low,Clouds,No Rain,0,0,0,1,0,1,Market Activity,Medium,20
2026-05-08 10:22:28,UB Junction to Bonduma,3.88,10,Friday,4,13.9,16.77,Low,Clouds,No Rain,0,0,0,1,0,1,Market Activity,Medium,20
2026-05-08 10:22:28,Check Point to Molyko,4.17,10,Friday,4,12.02,20.83,Low,Clouds,No Rain,0,0,0,1,0,1,Market Activity,Medium,20
2026-05-08 10:22:28,Great Soppo to Check Point,4.01,10,Friday,4,11.37,21.17,Low,Clouds,No Rain,0,0,0,1,0,1,Market Activity,Medium,20
2026-05-08 10:22:28,Malingo to Bonduma,3.75,10,Friday,4,12.45,18.09,Low,Clouds,No Rain,0,0,0,1,0,1,Market Activity,Medium,20
2026-05-08 10:22:28,Buea Town to Malingo,5.04,10,Friday,4,14.52,20.85,Low,Clouds,No Rain,0,0,0,1,0,1,Market Activity,Medium,20
2026-05-08 10:22:28,Buea Town to Muea,0.0,10,Friday,4,0.0,0,Low,Clouds,No Rain,0,0,0,1,0,1,Market Activity,Medium,20
2026-05-08 11:22:28,Bonduma Gate to Mile 17,3.81,11,Friday,4,10.53,21.72,Low,Clouds,No Rain,0,0,0,1,0,1,Market Activity,Medium,20
2026-05-08 11:22:28,Bonduma to UB Junction,3.95,11,Friday,4,13.63,17.37,Low,Clouds,No Rain,0,0,0,1,0,1,Market Activity,Medium,20
2026-05-08 11:22:28,Bonduma to Molyko,3.11,11,Friday,4,9.88,18.89,Low,Clouds,No Rain,0,0,0,1,0,1,Market Activity,Medium,20
2026-05-08 11:22:28,Bonduma to Check Point,1.73,11,Friday,4,5.07,20.5,Low,Clouds,No Rain,0,0,0,1,0,1,Market Activity,Medium,20
2026-05-08 11:22:28,Bonduma to Muea,2.06,11,Friday,4,6.77,18.27,Low,Clouds,No Rain,0,0,0,1,0,1,Market Activity,Medium,20
2026-05-08 11:22:28,Bonduma to Great Soppo,2.95,11,Friday,4,10.02,17.67,Low,Clouds,No Rain,0,0,0,1,0,1,Market Activity,Medium,20
2026-05-08 11:22:28,Bonduma to Buea Town,2.06,11,Friday,4,6.77,18.27,Low,Clouds,No Rain,0,0,0,1,0,1,Market Activity,Medium,20
2026-05-08 11:22:28,Mile 16 to Mile 17,4.4,11,Friday,4,11.75,22.48,Low,Clouds,No Rain,0,0,0,1,0,1,Market Activity,Medium,20
2026-05-08 11:22:28,Mile 17 to Malingo,1.54,11,Friday,4,4.7,19.7,Low,Clouds,No Rain,0,0,0,1,0,1,Market Activity,Medium,20
2026-05-08 11:22:28,Mile 17 to UB Junction,2.05,11,Friday,4,7.15,17.23,Low,Clouds,No Rain,0,0,0,1,0,1,Market Activity,Medium,20
2026-05-08 11:22:28,Mile 17 to Check Point,2.47,11,Friday,4,7.98,18.58,Low,Clouds,No Rain,0,0,0,1,0,1,Market Activity,Medium,20
2026-05-08 11:22:28,Mile 17 to Muea,5.59,11,Friday,4,16.22,20.7,Low,Clouds,No Rain,0,0,0,1,0,1,Market Activity,Medium,20
2026-05-08 11:22:28,Mile 17 to Great Soppo,6.48,11,Friday,4,19.45,20.0,Low,Clouds,No Rain,0,0,0,1,0,1,Market Activity,Medium,20
2026-05-08 11:22:28,Malingo to UB Junction,3.47,11,Friday,4,11.63,17.89,Low,Clouds,No Rain,0,0,0,1,0,1,Market Activity,Medium,20
2026-05-08 11:22:28,Malingo to Check Point,2.02,11,Friday,4,6.98,17.37,Low,Clouds,No Rain,0,0,0,1,0,1,Market Activity,Medium,20
2026-05-08 11:22:28,Malingo to Molyko,6.19,11,Friday,4,18.65,19.93,Low,Clouds,No Rain,0,0,0,1,0,1,Market Activity,Medium,20
2026-05-08 11:22:28,Malingo to Muea,5.04,11,Friday,4,15.28,19.81,Low,Clouds,No Rain,0,0,0,1,0,1,Market Activity,Medium,20
2026-05-08 11:22:28,Malingo to Buea Town,5.04,11,Friday,4,15.28,19.81,Low,Clouds,No Rain,0,0,0,1,0,1,Market Activity,Medium,20
2026-05-08 11:22:28,UB Junction to Molyko,6.33,11,Friday,4,19.78,19.19,Low,Clouds,No Rain,0,0,0,1,0,1,Market Activity,Medium,20
2026-05-08 11:22:28,UB Junction to Check Point,2.15,11,Friday,4,8.5,15.21,Low,Clouds,No Rain,0,0,0,1,0,1,Market Activity,Medium,20
2026-05-08 11:22:28,UB Junction to Great Soppo,6.17,11,Friday,4,19.97,18.53,Low,Clouds,No Rain,0,0,0,1,0,1,Market Activity,Medium,20
2026-05-08 11:22:28,UB Junction to Buea Town,5.28,11,Friday,4,16.73,18.92,Low,Clouds,No Rain,0,0,0,1,0,1,Market Activity,Medium,20
2026-05-08 11:22:28,UB Junction to Muea,5.28,11,Friday,4,16.73,18.92,Low,Clouds,No Rain,0,0,0,1,0,1,Market Activity,Medium,20
2026-05-08 11:22:28,Molyko to Check Point,4.17,11,Friday,4,11.57,21.64,Low,Clouds,No Rain,0,0,0,1,0,1,Market Activity,Medium,20
2026-05-08 11:22:28,Molyko to Great Soppo,2.03,11,Friday,4,5.93,20.52,Low,Clouds,No Rain,0,0,0,1,0,1,Market Activity,Medium,20
2026-05-08 11:22:28,Molyko to Small Soppo,3.57,11,Friday,4,12.37,17.34,Low,Clouds,No Rain,0,0,0,1,0,1,Market Activity,Medium,20
2026-05-08 11:22:28,Molyko to Bongo Square,4.15,11,Friday,4,12.12,20.57,Low,Clouds,No Rain,0,0,0,1,0,1,Market Activity,Medium,20
2026-05-08 11:22:28,Molyko to Buea Town,2.92,11,Friday,4,9.17,19.1,Low,Clouds,No Rain,0,0,0,1,0,1,Market Activity,Medium,20
2026-05-08 11:22:28,Molyko to Muea,2.92,11,Friday,4,9.17,19.1,Low,Clouds,No Rain,0,0,0,1,0,1,Market Activity,Medium,20
2026-05-08 11:22:28,Molyko to Bokwango,6.15,11,Friday,4,22.35,16.52,Low,Clouds,No Rain,0,0,0,1,0,1,Market Activity,Medium,20
2026-05-08 11:22:28,Check Point to Buea Town,3.12,11,Friday,4,8.2,22.84,Low,Clouds,No Rain,0,0,0,1,0,1,Market Activity,Medium,20
2026-05-08 11:22:28,Check Point to Great Soppo,4.01,11,Friday,4,11.45,21.02,Low,Clouds,No Rain,0,0,0,1,0,1,Market Activity,Medium,20
2026-05-08 11:22:28,Check Point to Small Soppo,3.78,11,Friday,4,10.72,21.15,Low,Clouds,No Rain,0,0,0,1,0,1,Market Activity,Medium,20
2026-05-08 11:22:28,Check Point to Bongo Square,4.36,11,Friday,4,10.33,25.3,Low,Clouds,No Rain,0,0,0,1,0,1,Market Activity,Medium,20
2026-05-08 11:22:28,Check Point to Muea,3.12,11,Friday,4,8.2,22.84,Low,Clouds,No Rain,0,0,0,1,0,1,Market Activity,Medium,20
2026-05-08 11:22:28,Great Soppo to Small Soppo,1.54,11,Friday,4,5.98,15.49,Low,Clouds,No Rain,0,0,0,1,0,1,Market Activity,Medium,20
2026-05-08 11:22:28,Great Soppo to Bongo Square,2.12,11,Friday,4,5.7,22.36,Low,Clouds,No Rain,0,0,0,1,0,1,Market Activity,Medium,20
2026-05-08 11:22:28,Great Soppo to Buea Town,0.89,11,Friday,4,3.23,16.5,Low,Clouds,No Rain,0,0,0,1,0,1,Market Activity,Medium,20
2026-05-08 11:22:28,Great Soppo to Muea,0.89,11,Friday,4,3.23,16.5,Low,Clouds,No Rain,0,0,0,1,0,1,Market Activity,Medium,20
2026-05-08 11:22:28,Small Soppo to Bongo Square,1.07,11,Friday,4,3.57,17.97,Low,Clouds,No Rain,0,0,0,1,0,1,Market Activity,Medium,20
2026-05-08 11:22:28,Small Soppo to Buea Town,0.52,11,Friday,4,2.7,11.44,Low,Clouds,No Rain,0,0,0,1,0,1,Market Activity,Medium,20
2026-05-08 11:22:28,Small Soppo to Muea,0.52,11,Friday,4,2.7,11.44,Low,Clouds,No Rain,0,0,0,1,0,1,Market Activity,Medium,20
2026-05-08 11:22:28,Bongo Square to Buea Town,1.24,11,Friday,4,2.15,34.47,Low,Clouds,No Rain,0,0,0,1,0,1,Market Activity,Medium,20
2026-05-08 11:22:28,Bongo Square to Muea,1.24,11,Friday,4,2.15,34.47,Low,Clouds,No Rain,0,0,0,1,0,1,Market Activity,Medium,20
2026-05-08 11:22:28,Bokwango to Molyko,6.15,11,Friday,4,22.43,16.46,Low,Clouds,No Rain,0,0,0,1,0,1,Market Activity,Medium,20
2026-05-08 11:22:28,Bokwango to Check Point,5.26,11,Friday,4,19.25,16.4,Low,Clouds,No Rain,0,0,0,1,0,1,Market Activity,Medium,20
2026-05-08 11:22:28,Bokwango to Buea Town,8.38,11,Friday,4,27.25,18.46,Low,Clouds,No Rain,0,0,0,1,0,1,Market Activity,Medium,20
2026-05-08 11:22:28,Bokwango to Great Soppo,9.27,11,Friday,4,30.48,18.25,Low,Clouds,No Rain,0,0,0,1,0,1,Market Activity,Medium,20
2026-05-08 11:22:28,Muea to Great Soppo,0.89,11,Friday,4,3.23,16.5,Low,Clouds,No Rain,0,0,0,1,0,1,Market Activity,Medium,20
2026-05-08 11:22:28,Muea to Molyko,2.92,11,Friday,4,8.87,19.75,Low,Clouds,No Rain,0,0,0,1,0,1,Market Activity,Medium,20
2026-05-08 11:22:28,Muea to Check Point,3.12,11,Friday,4,7.78,24.07,Low,Clouds,No Rain,0,0,0,1,0,1,Market Activity,Medium,20
2026-05-08 11:22:28,Muea to Buea Town,0.0,11,Friday,4,0.0,0,Low,Clouds,No Rain,0,0,0,1,0,1,Market Activity,Medium,20
2026-05-08 11:22:28,Muea to Bonduma,2.06,11,Friday,4,6.1,20.27,Low,Clouds,No Rain,0,0,0,1,0,1,Market Activity,Medium,20
2026-05-08 11:22:28,Muea to Malingo,5.04,11,Friday,4,14.62,20.71,Low,Clouds,No Rain,0,0,0,1,0,1,Market Activity,Medium,20
2026-05-08 11:22:28,Clerks Quarters to Governor Junction,1.33,11,Friday,4,2.48,32.18,Low,Clouds,No Rain,0,0,0,1,0,1,Market Activity,Medium,20
2026-05-08 11:22:28,Governor Junction to Long Street,0.0,11,Friday,4,0.0,0,Low,Clouds,No Rain,0,0,0,1,0,1,Market Activity,Medium,20
2026-05-08 11:22:28,Long Street to Bongo Square,1.24,11,Friday,4,2.17,34.2,Low,Clouds,No Rain,0,0,0,1,0,1,Market Activity,Medium,20
2026-05-08 11:22:28,Governor Junction to Buea Town,0.0,11,Friday,4,0.0,0,Low,Clouds,No Rain,0,0,0,1,0,1,Market Activity,Medium,20
2026-05-08 11:22:28,Molyko to UB Junction,6.39,11,Friday,4,19.6,19.55,Low,Clouds,No Rain,0,0,0,1,0,1,Market Activity,Medium,20
2026-05-08 11:22:28,UB Junction to Bonduma,3.88,11,Friday,4,13.47,17.31,Low,Clouds,No Rain,0,0,0,1,0,1,Market Activity,Medium,20
2026-05-08 11:22:28,Check Point to Molyko,4.17,11,Friday,4,11.65,21.49,Low,Clouds,No Rain,0,0,0,1,0,1,Market Activity,Medium,20
2026-05-08 11:22:28,Great Soppo to Check Point,4.01,11,Friday,4,11.45,21.02,Low,Clouds,No Rain,0,0,0,1,0,1,Market Activity,Medium,20
2026-05-08 11:22:28,Malingo to Bonduma,3.75,11,Friday,4,12.2,18.46,Low,Clouds,No Rain,0,0,0,1,0,1,Market Activity,Medium,20
2026-05-08 11:22:28,Buea Town to Malingo,5.04,11,Friday,4,14.62,20.71,Low,Clouds,No Rain,0,0,0,1,0,1,Market Activity,Medium,20
2026-05-08 11:22:28,Buea Town to Muea,0.0,11,Friday,4,0.0,0,Low,Clouds,No Rain,0,0,0,1,0,1,Market Activity,Medium,20
2026-05-08 14:33:32,Bonduma Gate to Mile 17,3.81,14,Friday,4,10.88,21.02,Low,Clouds,No Rain,0,0,1,1,0,1,Market Activity,Medium,35
2026-05-08 14:33:32,Bonduma to UB Junction,3.95,14,Friday,4,13.83,17.12,Low,Clouds,No Rain,0,0,1,1,0,1,Market Activity,Medium,35
2026-05-08 14:33:32,Bonduma to Molyko,3.11,14,Friday,4,9.88,18.89,Low,Clouds,No Rain,0,0,1,1,0,1,Market Activity,Medium,35
2026-05-08 14:33:32,Bonduma to Check Point,1.73,14,Friday,4,5.02,20.7,Low,Clouds,No Rain,0,0,1,1,0,1,Market Activity,Medium,35
2026-05-08 14:33:32,Bonduma to Muea,2.06,14,Friday,4,7.73,15.99,Medium,Clouds,No Rain,0,0,1,1,0,1,Market Activity,Medium,55
2026-05-08 14:33:32,Bonduma to Great Soppo,2.95,14,Friday,4,10.98,16.12,Low,Clouds,No Rain,0,0,1,1,0,1,Market Activity,Medium,35
2026-05-08 14:33:32,Bonduma to Buea Town,2.06,14,Friday,4,7.73,15.99,Medium,Clouds,No Rain,0,0,1,1,0,1,Market Activity,Medium,55
2026-05-08 14:33:32,Mile 16 to Mile 17,4.4,14,Friday,4,12.18,21.68,Low,Clouds,No Rain,0,0,1,1,0,1,Market Activity,Medium,35
2026-05-08 14:33:32,Mile 17 to Malingo,1.54,14,Friday,4,4.97,18.64,Low,Clouds,No Rain,0,0,1,1,0,1,Market Activity,Medium,35
2026-05-08 14:33:32,Mile 17 to UB Junction,2.05,14,Friday,4,7.43,16.57,Low,Clouds,No Rain,0,0,1,1,0,1,Market Activity,Medium,35
2026-05-08 14:33:32,Mile 17 to Check Point,2.47,14,Friday,4,8.45,17.55,Low,Clouds,No Rain,0,0,1,1,0,1,Market Activity,Medium,35
2026-05-08 14:33:32,Mile 17 to Muea,5.59,14,Friday,4,17.58,19.09,Low,Clouds,No Rain,0,0,1,1,0,1,Market Activity,Medium,35
2026-05-08 14:33:32,Mile 17 to Great Soppo,6.48,14,Friday,4,20.83,18.67,Low,Clouds,No Rain,0,0,1,1,0,1,Market Activity,Medium,35
2026-05-08 14:33:32,Malingo to UB Junction,3.47,14,Friday,4,11.63,17.89,Low,Clouds,No Rain,0,0,1,1,0,1,Market Activity,Medium,35
2026-05-08 14:33:32,Malingo to Check Point,2.02,14,Friday,4,7.0,17.33,Low,Clouds,No Rain,0,0,1,1,0,1,Market Activity,Medium,35
2026-05-08 14:33:32,Malingo to Molyko,6.09,14,Friday,4,18.6,19.66,Low,Clouds,No Rain,0,0,1,1,0,1,Market Activity,Medium,35
2026-05-08 14:33:32,Malingo to Muea,5.04,14,Friday,4,16.15,18.74,Low,Clouds,No Rain,0,0,1,1,0,1,Market Activity,Medium,35
2026-05-08 14:33:32,Malingo to Buea Town,5.04,14,Friday,4,16.15,18.74,Low,Clouds,No Rain,0,0,1,1,0,1,Market Activity,Medium,35
2026-05-08 14:33:32,UB Junction to Molyko,6.33,14,Friday,4,19.97,19.01,Low,Clouds,No Rain,0,0,1,1,0,1,Market Activity,Medium,35
2026-05-08 14:33:32,UB Junction to Check Point,2.15,14,Friday,4,8.67,14.92,Low,Clouds,No Rain,0,0,1,1,0,1,Market Activity,Medium,35
2026-05-08 14:33:32,UB Junction to Great Soppo,6.17,14,Friday,4,21.02,17.6,Low,Clouds,No Rain,0,0,1,1,0,1,Market Activity,Medium,35
2026-05-08 14:33:32,UB Junction to Buea Town,5.28,14,Friday,4,17.77,17.82,Low,Clouds,No Rain,0,0,1,1,0,1,Market Activity,Medium,35
2026-05-08 14:33:32,UB Junction to Muea,5.28,14,Friday,4,17.77,17.82,Low,Clouds,No Rain,0,0,1,1,0,1,Market Activity,Medium,35
2026-05-08 14:33:32,Molyko to Check Point,4.17,14,Friday,4,11.45,21.86,Low,Clouds,No Rain,0,0,1,1,0,1,Market Activity,Medium,35
2026-05-08 14:33:32,Molyko to Great Soppo,2.03,14,Friday,4,5.93,20.52,Low,Clouds,No Rain,0,0,1,1,0,1,Market Activity,Medium,35
2026-05-08 14:33:32,Molyko to Small Soppo,3.57,14,Friday,4,12.37,17.34,Low,Clouds,No Rain,0,0,1,1,0,1,Market Activity,Medium,35
2026-05-08 14:33:32,Molyko to Bongo Square,4.15,14,Friday,4,12.07,20.65,Low,Clouds,No Rain,0,0,1,1,0,1,Market Activity,Medium,35
2026-05-08 14:33:32,Molyko to Buea Town,2.92,14,Friday,4,9.17,19.1,Low,Clouds,No Rain,0,0,1,1,0,1,Market Activity,Medium,35
2026-05-08 14:33:32,Molyko to Muea,2.92,14,Friday,4,9.17,19.1,Low,Clouds,No Rain,0,0,1,1,0,1,Market Activity,Medium,35
2026-05-08 14:33:32,Molyko to Bokwango,6.15,14,Friday,4,22.27,16.58,Low,Clouds,No Rain,0,0,1,1,0,1,Market Activity,Medium,35
2026-05-08 14:33:32,Check Point to Buea Town,3.12,14,Friday,4,9.12,20.55,Medium,Clouds,No Rain,0,0,1,1,0,1,Market Activity,Medium,55
2026-05-08 14:33:32,Check Point to Great Soppo,4.01,14,Friday,4,12.35,19.49,Low,Clouds,No Rain,0,0,1,1,0,1,Market Activity,Medium,35
2026-05-08 14:33:32,Check Point to Small Soppo,3.78,14,Friday,4,12.02,18.86,Medium,Clouds,No Rain,0,0,1,1,0,1,Market Activity,Medium,55
2026-05-08 14:33:32,Check Point to Bongo Square,4.36,14,Friday,4,11.3,23.13,Low,Clouds,No Rain,0,0,1,1,0,1,Market Activity,Medium,35
2026-05-08 14:33:32,Check Point to Muea,3.12,14,Friday,4,9.13,20.51,Medium,Clouds,No Rain,0,0,1,1,0,1,Market Activity,Medium,55
2026-05-08 14:33:32,Small Soppo to Bongo Square,1.07,14,Friday,4,3.6,17.8,Low,Clouds,No Rain,0,0,1,1,0,1,Market Activity,Medium,35
2026-05-08 14:33:32,Small Soppo to Buea Town,0.52,14,Friday,4,2.73,11.3,Low,Clouds,No Rain,0,0,1,1,0,1,Market Activity,Medium,35
2026-05-08 14:33:32,Small Soppo to Muea,0.52,14,Friday,4,2.73,11.3,Low,Clouds,No Rain,0,0,1,1,0,1,Market Activity,Medium,35
2026-05-08 14:33:32,Bongo Square to Buea Town,1.24,14,Friday,4,2.18,33.94,Low,Clouds,No Rain,0,0,1,1,0,1,Market Activity,Medium,35
2026-05-08 14:33:32,Bongo Square to Muea,1.24,14,Friday,4,2.18,33.94,Low,Clouds,No Rain,0,0,1,1,0,1,Market Activity,Medium,35
2026-05-08 14:33:32,Bokwango to Molyko,6.15,14,Friday,4,22.37,16.51,Low,Clouds,No Rain,0,0,1,1,0,1,Market Activity,Medium,35
2026-05-08 14:33:32,Bokwango to Check Point,5.26,14,Friday,4,19.23,16.42,Low,Clouds,No Rain,0,0,1,1,0,1,Market Activity,Medium,35
2026-05-08 14:33:32,Bokwango to Buea Town,8.38,14,Friday,4,28.38,17.73,Low,Clouds,No Rain,0,0,1,1,0,1,Market Activity,Medium,35
2026-05-08 14:33:32,Bokwango to Great Soppo,9.27,14,Friday,4,31.62,17.6,Low,Clouds,No Rain,0,0,1,1,0,1,Market Activity,Medium,35
2026-05-08 14:33:32,Muea to Great Soppo,0.89,14,Friday,4,3.23,16.5,Low,Clouds,No Rain,0,0,1,1,0,1,Market Activity,Medium,35
2026-05-08 14:33:32,Muea to Molyko,2.92,14,Friday,4,8.87,19.75,Low,Clouds,No Rain,0,0,1,1,0,1,Market Activity,Medium,35
2026-05-08 14:33:32,Muea to Check Point,3.12,14,Friday,4,7.87,23.81,Low,Clouds,No Rain,0,0,1,1,0,1,Market Activity,Medium,35
2026-05-08 14:33:32,Muea to Buea Town,0.0,14,Friday,4,0.0,0,Low,Clouds,No Rain,0,0,1,1,0,1,Market Activity,Medium,35
2026-05-08 14:33:32,Muea to Bonduma,2.06,14,Friday,4,6.27,19.73,Low,Clouds,No Rain,0,0,1,1,0,1,Market Activity,Medium,35
2026-05-08 14:33:32,Muea to Malingo,5.04,14,Friday,4,14.7,20.59,Low,Clouds,No Rain,0,0,1,1,0,1,Market Activity,Medium,35
2026-05-08 14:33:32,Clerks Quarters to Governor Junction,1.33,14,Friday,4,2.52,31.76,Low,Clouds,No Rain,0,0,1,1,0,1,Market Activity,Medium,35
2026-05-08 14:33:32,Governor Junction to Long Street,0.0,14,Friday,4,0.0,0,Low,Clouds,No Rain,0,0,1,1,0,1,Market Activity,Medium,35
2026-05-08 14:33:32,Long Street to Bongo Square,1.24,14,Friday,4,2.18,33.94,Low,Clouds,No Rain,0,0,1,1,0,1,Market Activity,Medium,35
2026-05-08 14:33:32,Governor Junction to Buea Town,0.0,14,Friday,4,0.0,0,Low,Clouds,No Rain,0,0,1,1,0,1,Market Activity,Medium,35
2026-05-08 14:33:32,Molyko to UB Junction,6.39,14,Friday,4,19.63,19.52,Low,Clouds,No Rain,0,0,1,1,0,1,Market Activity,Medium,35
2026-05-08 14:33:32,UB Junction to Bonduma,3.88,14,Friday,4,13.63,17.1,Low,Clouds,No Rain,0,0,1,1,0,1,Market Activity,Medium,35
2026-05-08 14:33:32,Check Point to Molyko,4.17,14,Friday,4,11.77,21.27,Low,Clouds,No Rain,0,0,1,1,0,1,Market Activity,Medium,35
2026-05-08 14:33:32,Great Soppo to Check Point,4.01,14,Friday,4,11.5,20.93,Low,Clouds,No Rain,0,0,1,1,0,1,Market Activity,Medium,35
2026-05-08 14:33:32,Malingo to Bonduma,3.75,14,Friday,4,12.27,18.36,Low,Clouds,No Rain,0,0,1,1,0,1,Market Activity,Medium,35
2026-05-08 14:33:32,Buea Town to Malingo,5.04,14,Friday,4,14.7,20.59,Low,Clouds,No Rain,0,0,1,1,0,1,Market Activity,Medium,35
2026-05-08 14:33:32,Buea Town to Muea,0.0,14,Friday,4,0.0,0,Low,Clouds,No Rain,0,0,1,1,0,1,Market Activity,Medium,35
2026-05-08 15:03:32,Bonduma Gate to Mile 17,3.81,15,Friday,4,11.2,20.43,Low,Clouds,No Rain,0,0,0,1,0,1,Market Activity,Medium,20
2026-05-08 15:03:32,Bonduma to UB Junction,3.95,15,Friday,4,14.18,16.69,Low,Clouds,No Rain,0,0,0,1,0,1,Market Activity,Medium,20
2026-05-08 15:03:32,Bonduma to Molyko,3.11,15,Friday,4,9.88,18.89,Low,Clouds,No Rain,0,0,0,1,0,1,Market Activity,Medium,20
2026-05-08 15:03:32,Bonduma to Check Point,1.73,15,Friday,4,5.05,20.57,Low,Clouds,No Rain,0,0,0,1,0,1,Market Activity,Medium,20
2026-05-08 15:03:32,Bonduma to Muea,2.06,15,Friday,4,7.12,17.38,Low,Clouds,No Rain,0,0,0,1,0,1,Market Activity,Medium,20
2026-05-08 15:03:32,Bonduma to Great Soppo,2.95,15,Friday,4,10.37,17.07,Low,Clouds,No Rain,0,0,0,1,0,1,Market Activity,Medium,20
2026-05-08 15:03:32,Bonduma to Buea Town,2.06,15,Friday,4,7.12,17.38,Low,Clouds,No Rain,0,0,0,1,0,1,Market Activity,Medium,20
2026-05-08 15:03:32,Mile 16 to Mile 17,4.4,15,Friday,4,12.45,21.21,Low,Clouds,No Rain,0,0,0,1,0,1,Market Activity,Medium,20
2026-05-08 15:03:32,Mile 17 to Malingo,1.54,15,Friday,4,5.02,18.45,Low,Clouds,No Rain,0,0,0,1,0,1,Market Activity,Medium,20
2026-05-08 15:03:32,Mile 17 to UB Junction,2.05,15,Friday,4,7.42,16.61,Low,Clouds,No Rain,0,0,0,1,0,1,Market Activity,Medium,20
2026-05-08 15:03:32,Mile 17 to Check Point,2.47,15,Friday,4,8.53,17.38,Low,Clouds,No Rain,0,0,0,1,0,1,Market Activity,Medium,20
2026-05-08 15:03:32,Mile 17 to Muea,5.59,15,Friday,4,17.22,19.5,Low,Clouds,No Rain,0,0,0,1,0,1,Market Activity,Medium,20
2026-05-08 15:03:32,Mile 17 to Great Soppo,6.48,15,Friday,4,20.45,19.02,Low,Clouds,No Rain,0,0,0,1,0,1,Market Activity,Medium,20
2026-05-08 15:03:32,Malingo to UB Junction,3.47,15,Friday,4,11.77,17.69,Low,Clouds,No Rain,0,0,0,1,0,1,Market Activity,Medium,20
2026-05-08 15:03:32,Malingo to Check Point,2.02,15,Friday,4,7.03,17.25,Low,Clouds,No Rain,0,0,0,1,0,1,Market Activity,Medium,20
2026-05-08 15:03:32,Malingo to Molyko,6.09,15,Friday,4,18.55,19.71,Low,Clouds,No Rain,0,0,0,1,0,1,Market Activity,Medium,20
2026-05-08 15:03:32,Malingo to Muea,5.04,15,Friday,4,15.72,19.26,Low,Clouds,No Rain,0,0,0,1,0,1,Market Activity,Medium,20
2026-05-08 15:03:32,Malingo to Buea Town,5.04,15,Friday,4,15.72,19.26,Low,Clouds,No Rain,0,0,0,1,0,1,Market Activity,Medium,20
2026-05-08 15:03:32,UB Junction to Molyko,6.33,15,Friday,4,19.88,19.09,Low,Clouds,No Rain,0,0,0,1,0,1,Market Activity,Medium,20
2026-05-08 15:03:32,UB Junction to Check Point,2.15,15,Friday,4,8.78,14.72,Low,Clouds,No Rain,0,0,0,1,0,1,Market Activity,Medium,20
2026-05-08 15:03:32,UB Junction to Great Soppo,6.17,15,Friday,4,20.7,17.87,Low,Clouds,No Rain,0,0,0,1,0,1,Market Activity,Medium,20
2026-05-08 15:03:32,UB Junction to Buea Town,5.28,15,Friday,4,17.47,18.12,Low,Clouds,No Rain,0,0,0,1,0,1,Market Activity,Medium,20
2026-05-08 15:03:32,UB Junction to Muea,5.28,15,Friday,4,17.47,18.12,Low,Clouds,No Rain,0,0,0,1,0,1,Market Activity,Medium,20
2026-05-08 15:03:32,Molyko to Check Point,4.17,15,Friday,4,11.28,22.18,Low,Clouds,No Rain,0,0,0,1,0,1,Market Activity,Medium,20
2026-05-08 15:03:32,Molyko to Great Soppo,2.03,15,Friday,4,5.93,20.52,Low,Clouds,No Rain,0,0,0,1,0,1,Market Activity,Medium,20
2026-05-08 15:03:32,Molyko to Small Soppo,3.57,15,Friday,4,12.27,17.48,Low,Clouds,No Rain,0,0,0,1,0,1,Market Activity,Medium,20
2026-05-08 15:03:32,Molyko to Bongo Square,4.15,15,Friday,4,11.9,20.94,Low,Clouds,No Rain,0,0,0,1,0,1,Market Activity,Medium,20
2026-05-08 15:03:32,Molyko to Buea Town,2.92,15,Friday,4,9.17,19.1,Low,Clouds,No Rain,0,0,0,1,0,1,Market Activity,Medium,20
2026-05-08 15:03:32,Molyko to Muea,2.92,15,Friday,4,9.17,19.1,Low,Clouds,No Rain,0,0,0,1,0,1,Market Activity,Medium,20
2026-05-08 15:03:32,Molyko to Bokwango,6.15,15,Friday,4,22.23,16.6,Low,Clouds,No Rain,0,0,0,1,0,1,Market Activity,Medium,20
2026-05-08 15:03:32,Check Point to Buea Town,3.12,15,Friday,4,8.8,21.29,Low,Clouds,No Rain,0,0,0,1,0,1,Market Activity,Medium,20
2026-05-08 15:03:32,Check Point to Great Soppo,4.01,15,Friday,4,12.03,20.0,Low,Clouds,No Rain,0,0,0,1,0,1,Market Activity,Medium,20
2026-05-08 15:03:32,Check Point to Small Soppo,3.78,15,Friday,4,11.28,20.09,Low,Clouds,No Rain,0,0,0,1,0,1,Market Activity,Medium,20
2026-05-08 15:03:32,Check Point to Bongo Square,4.36,15,Friday,4,10.93,23.91,Low,Clouds,No Rain,0,0,0,1,0,1,Market Activity,Medium,20
2026-05-08 15:03:32,Check Point to Muea,3.12,15,Friday,4,8.78,21.33,Low,Clouds,No Rain,0,0,0,1,0,1,Market Activity,Medium,20
2026-05-08 15:03:32,Great Soppo to Small Soppo,1.54,15,Friday,4,5.93,15.62,Low,Clouds,No Rain,0,0,0,1,0,1,Market Activity,Medium,20
2026-05-08 15:03:32,Great Soppo to Bongo Square,2.12,15,Friday,4,5.72,22.29,Low,Clouds,No Rain,0,0,0,1,0,1,Market Activity,Medium,20
2026-05-08 15:03:32,Great Soppo to Buea Town,0.89,15,Friday,4,3.23,16.5,Low,Clouds,No Rain,0,0,0,1,0,1,Market Activity,Medium,20
2026-05-08 15:03:32,Great Soppo to Muea,0.89,15,Friday,4,3.23,16.5,Low,Clouds,No Rain,0,0,0,1,0,1,Market Activity,Medium,20
2026-05-08 15:03:32,Small Soppo to Bongo Square,1.07,15,Friday,4,3.58,17.88,Low,Clouds,No Rain,0,0,0,1,0,1,Market Activity,Medium,20
2026-05-08 15:03:32,Small Soppo to Buea Town,0.52,15,Friday,4,2.73,11.3,Low,Clouds,No Rain,0,0,0,1,0,1,Market Activity,Medium,20
2026-05-08 15:03:32,Small Soppo to Muea,0.52,15,Friday,4,2.73,11.3,Low,Clouds,No Rain,0,0,0,1,0,1,Market Activity,Medium,20
2026-05-08 15:03:32,Bongo Square to Buea Town,1.24,15,Friday,4,2.17,34.2,Low,Clouds,No Rain,0,0,0,1,0,1,Market Activity,Medium,20
2026-05-08 15:03:32,Bongo Square to Muea,1.24,15,Friday,4,2.17,34.2,Low,Clouds,No Rain,0,0,0,1,0,1,Market Activity,Medium,20
2026-05-08 15:03:32,Bokwango to Molyko,6.15,15,Friday,4,22.35,16.52,Low,Clouds,No Rain,0,0,0,1,0,1,Market Activity,Medium,20
2026-05-08 15:03:32,Bokwango to Check Point,5.26,15,Friday,4,19.52,16.18,Low,Clouds,No Rain,0,0,0,1,0,1,Market Activity,Medium,20
2026-05-08 15:03:32,Bokwango to Buea Town,8.38,15,Friday,4,28.2,17.84,Low,Clouds,No Rain,0,0,0,1,0,1,Market Activity,Medium,20
2026-05-08 15:03:32,Bokwango to Great Soppo,9.27,15,Friday,4,31.43,17.7,Low,Clouds,No Rain,0,0,0,1,0,1,Market Activity,Medium,20
2026-05-08 15:03:32,Muea to Great Soppo,0.89,15,Friday,4,3.23,16.5,Low,Clouds,No Rain,0,0,0,1,0,1,Market Activity,Medium,20
2026-05-08 15:03:32,Muea to Molyko,2.92,15,Friday,4,8.87,19.75,Low,Clouds,No Rain,0,0,0,1,0,1,Market Activity,Medium,20
2026-05-08 15:03:32,Muea to Check Point,3.12,15,Friday,4,8.0,23.41,Low,Clouds,No Rain,0,0,0,1,0,1,Market Activity,Medium,20
2026-05-08 15:03:32,Muea to Buea Town,0.0,15,Friday,4,0.0,0,Low,Clouds,No Rain,0,0,0,1,0,1,Market Activity,Medium,20
2026-05-08 15:03:32,Muea to Bonduma,2.06,15,Friday,4,6.43,19.22,Low,Clouds,No Rain,0,0,0,1,0,1,Market Activity,Medium,20
2026-05-08 15:03:32,Muea to Malingo,5.04,15,Friday,4,14.82,20.43,Low,Clouds,No Rain,0,0,0,1,0,1,Market Activity,Medium,20
2026-05-08 15:03:32,Clerks Quarters to Governor Junction,1.33,15,Friday,4,2.53,31.55,Low,Clouds,No Rain,0,0,0,1,0,1,Market Activity,Medium,20
2026-05-08 15:03:32,Governor Junction to Long Street,0.0,15,Friday,4,0.0,0,Low,Clouds,No Rain,0,0,0,1,0,1,Market Activity,Medium,20
2026-05-08 15:03:32,Long Street to Bongo Square,1.24,15,Friday,4,2.13,34.73,Low,Clouds,No Rain,0,0,0,1,0,1,Market Activity,Medium,20
2026-05-08 15:03:32,Governor Junction to Buea Town,0.0,15,Friday,4,0.0,0,Low,Clouds,No Rain,0,0,0,1,0,1,Market Activity,Medium,20
2026-05-08 15:03:32,Molyko to UB Junction,6.39,15,Friday,4,19.7,19.45,Low,Clouds,No Rain,0,0,0,1,0,1,Market Activity,Medium,20
2026-05-08 15:03:32,UB Junction to Bonduma,3.88,15,Friday,4,13.92,16.75,Low,Clouds,No Rain,0,0,0,1,0,1,Market Activity,Medium,20
2026-05-08 15:03:32,Check Point to Molyko,4.17,15,Friday,4,11.75,21.3,Low,Clouds,No Rain,0,0,0,1,0,1,Market Activity,Medium,20
2026-05-08 15:03:32,Great Soppo to Check Point,4.01,15,Friday,4,11.57,20.81,Low,Clouds,No Rain,0,0,0,1,0,1,Market Activity,Medium,20
2026-05-08 15:03:32,Malingo to Bonduma,3.65,15,Friday,4,12.17,18.02,Low,Clouds,No Rain,0,0,0,1,0,1,Market Activity,Medium,20
2026-05-08 15:03:32,Buea Town to Malingo,5.04,15,Friday,4,14.68,20.62,Low,Clouds,No Rain,0,0,0,1,0,1,Market Activity,Medium,20
2026-05-08 15:03:32,Buea Town to Muea,0.0,15,Friday,4,0.0,0,Low,Clouds,No Rain,0,0,0,1,0,1,Market Activity,Medium,20
2026-05-08 15:33:32,Bonduma Gate to Mile 17,3.81,15,Friday,4,10.87,21.05,Low,Clouds,No Rain,0,0,0,1,0,1,Market Activity,Medium,20
2026-05-08 15:33:32,Bonduma to UB Junction,3.95,15,Friday,4,13.9,17.03,Low,Clouds,No Rain,0,0,0,1,0,1,Market Activity,Medium,20
2026-05-08 15:33:32,Bonduma to Molyko,3.11,15,Friday,4,9.88,18.89,Low,Clouds,No Rain,0,0,0,1,0,1,Market Activity,Medium,20
2026-05-08 15:33:32,Bonduma to Check Point,1.73,15,Friday,4,5.15,20.17,Low,Clouds,No Rain,0,0,0,1,0,1,Market Activity,Medium,20
2026-05-08 15:33:32,Bonduma to Muea,2.06,15,Friday,4,7.12,17.38,Low,Clouds,No Rain,0,0,0,1,0,1,Market Activity,Medium,20
2026-05-08 15:33:32,Bonduma to Great Soppo,2.95,15,Friday,4,10.37,17.07,Low,Clouds,No Rain,0,0,0,1,0,1,Market Activity,Medium,20
2026-05-08 15:33:32,Bonduma to Buea Town,2.06,15,Friday,4,7.12,17.38,Low,Clouds,No Rain,0,0,0,1,0,1,Market Activity,Medium,20
2026-05-08 15:33:32,Mile 16 to Mile 17,4.4,15,Friday,4,12.17,21.71,Low,Clouds,No Rain,0,0,0,1,0,1,Market Activity,Medium,20
2026-05-08 15:33:32,Mile 17 to Malingo,1.54,15,Friday,4,5.0,18.52,Low,Clouds,No Rain,0,0,0,1,0,1,Market Activity,Medium,20
2026-05-08 15:33:32,Mile 17 to UB Junction,2.05,15,Friday,4,7.63,16.14,Low,Clouds,No Rain,0,0,0,1,0,1,Market Activity,Medium,20
2026-05-08 15:33:32,Mile 17 to Check Point,2.47,15,Friday,4,9.12,16.27,Low,Clouds,No Rain,0,0,0,1,0,1,Market Activity,Medium,20
2026-05-08 15:33:32,Mile 17 to Muea,5.59,15,Friday,4,17.4,19.29,Low,Clouds,No Rain,0,0,0,1,0,1,Market Activity,Medium,20
2026-05-08 15:33:32,Mile 17 to Great Soppo,6.48,15,Friday,4,20.63,18.85,Low,Clouds,No Rain,0,0,0,1,0,1,Market Activity,Medium,20
2026-05-08 15:33:32,Malingo to UB Junction,3.47,15,Friday,4,11.85,17.56,Low,Clouds,No Rain,0,0,0,1,0,1,Market Activity,Medium,20
2026-05-08 15:33:32,Malingo to Check Point,2.02,15,Friday,4,7.12,17.05,Low,Clouds,No Rain,0,0,0,1,0,1,Market Activity,Medium,20
2026-05-08 15:33:32,Malingo to Molyko,6.09,15,Friday,4,18.45,19.82,Low,Clouds,No Rain,0,0,0,1,0,1,Market Activity,Medium,20
2026-05-08 15:33:32,Malingo to Muea,5.04,15,Friday,4,15.42,19.63,Low,Clouds,No Rain,0,0,0,1,0,1,Market Activity,Medium,20
2026-05-08 15:33:32,Malingo to Buea Town,5.04,15,Friday,4,15.42,19.63,Low,Clouds,No Rain,0,0,0,1,0,1,Market Activity,Medium,20
2026-05-08 15:33:32,UB Junction to Molyko,6.33,15,Friday,4,20.07,18.91,Low,Clouds,No Rain,0,0,0,1,0,1,Market Activity,Medium,20
2026-05-08 15:33:32,UB Junction to Check Point,2.15,15,Friday,4,9.15,14.13,Low,Clouds,No Rain,0,0,0,1,0,1,Market Activity,Medium,20
2026-05-08 15:33:32,UB Junction to Great Soppo,6.17,15,Friday,4,20.68,17.88,Low,Clouds,No Rain,0,0,0,1,0,1,Market Activity,Medium,20
2026-05-08 15:33:32,UB Junction to Buea Town,5.28,15,Friday,4,17.43,18.16,Low,Clouds,No Rain,0,0,0,1,0,1,Market Activity,Medium,20
2026-05-08 15:33:32,UB Junction to Muea,5.28,15,Friday,4,17.43,18.16,Low,Clouds,No Rain,0,0,0,1,0,1,Market Activity,Medium,20
2026-05-08 15:33:32,Molyko to Check Point,4.17,15,Friday,4,11.57,21.64,Low,Clouds,No Rain,0,0,0,1,0,1,Market Activity,Medium,20
2026-05-08 15:33:32,Molyko to Great Soppo,2.03,15,Friday,4,5.93,20.52,Low,Clouds,No Rain,0,0,0,1,0,1,Market Activity,Medium,20
2026-05-08 15:33:32,Molyko to Small Soppo,3.57,15,Friday,4,12.48,17.18,Low,Clouds,No Rain,0,0,0,1,0,1,Market Activity,Medium,20
2026-05-08 15:33:32,Molyko to Bongo Square,4.15,15,Friday,4,12.08,20.62,Low,Clouds,No Rain,0,0,0,1,0,1,Market Activity,Medium,20
2026-05-08 15:33:32,Molyko to Buea Town,2.92,15,Friday,4,9.17,19.1,Low,Clouds,No Rain,0,0,0,1,0,1,Market Activity,Medium,20
2026-05-08 15:33:32,Molyko to Muea,2.92,15,Friday,4,9.17,19.1,Low,Clouds,No Rain,0,0,0,1,0,1,Market Activity,Medium,20
2026-05-08 15:33:32,Molyko to Bokwango,6.15,15,Friday,4,22.22,16.62,Low,Clouds,No Rain,0,0,0,1,0,1,Market Activity,Medium,20
2026-05-08 15:33:32,Check Point to Buea Town,3.12,15,Friday,4,8.82,21.25,Low,Clouds,No Rain,0,0,0,1,0,1,Market Activity,Medium,20
2026-05-08 15:33:32,Check Point to Great Soppo,4.01,15,Friday,4,12.07,19.94,Low,Clouds,No Rain,0,0,0,1,0,1,Market Activity,Medium,20
2026-05-08 15:33:32,Check Point to Small Soppo,3.78,15,Friday,4,11.42,19.86,Low,Clouds,No Rain,0,0,0,1,0,1,Market Activity,Medium,20
2026-05-08 15:33:32,Check Point to Bongo Square,4.36,15,Friday,4,11.08,23.59,Low,Clouds,No Rain,0,0,0,1,0,1,Market Activity,Medium,20
2026-05-08 15:33:32,Check Point to Muea,3.12,15,Friday,4,8.82,21.25,Low,Clouds,No Rain,0,0,0,1,0,1,Market Activity,Medium,20
2026-05-08 15:33:32,Great Soppo to Small Soppo,1.54,15,Friday,4,6.03,15.36,Low,Clouds,No Rain,0,0,0,1,0,1,Market Activity,Medium,20
2026-05-08 15:33:32,Great Soppo to Bongo Square,2.12,15,Friday,4,5.8,21.97,Low,Clouds,No Rain,0,0,0,1,0,1,Market Activity,Medium,20
2026-05-08 15:33:32,Great Soppo to Buea Town,0.89,15,Friday,4,3.23,16.5,Low,Clouds,No Rain,0,0,0,1,0,1,Market Activity,Medium,20
2026-05-08 15:33:32,Great Soppo to Muea,0.89,15,Friday,4,3.23,16.5,Low,Clouds,No Rain,0,0,0,1,0,1,Market Activity,Medium,20
2026-05-08 15:33:32,Small Soppo to Bongo Square,1.07,15,Friday,4,3.62,17.72,Low,Clouds,No Rain,0,0,0,1,0,1,Market Activity,Medium,20
2026-05-08 15:33:32,Small Soppo to Buea Town,0.52,15,Friday,4,2.73,11.3,Low,Clouds,No Rain,0,0,0,1,0,1,Market Activity,Medium,20
2026-05-08 15:33:32,Small Soppo to Muea,0.52,15,Friday,4,2.73,11.3,Low,Clouds,No Rain,0,0,0,1,0,1,Market Activity,Medium,20
2026-05-08 15:33:32,Bongo Square to Buea Town,1.24,15,Friday,4,2.23,33.18,Low,Clouds,No Rain,0,0,0,1,0,1,Market Activity,Medium,20
2026-05-08 15:33:32,Bongo Square to Muea,1.24,15,Friday,4,2.23,33.18,Low,Clouds,No Rain,0,0,0,1,0,1,Market Activity,Medium,20
2026-05-08 15:33:32,Bokwango to Molyko,6.15,15,Friday,4,22.33,16.53,Low,Clouds,No Rain,0,0,0,1,0,1,Market Activity,Medium,20
2026-05-08 15:33:32,Bokwango to Check Point,5.26,15,Friday,4,19.73,16.0,Low,Clouds,No Rain,0,0,0,1,0,1,Market Activity,Medium,20
2026-05-08 15:33:32,Bokwango to Buea Town,8.38,15,Friday,4,27.9,18.03,Low,Clouds,No Rain,0,0,0,1,0,1,Market Activity,Medium,20
2026-05-08 15:33:32,Bokwango to Great Soppo,9.27,15,Friday,4,31.15,17.86,Low,Clouds,No Rain,0,0,0,1,0,1,Market Activity,Medium,20
2026-05-08 15:33:32,Muea to Great Soppo,0.89,15,Friday,4,3.23,16.5,Low,Clouds,No Rain,0,0,0,1,0,1,Market Activity,Medium,20
2026-05-08 15:33:32,Muea to Molyko,2.92,15,Friday,4,8.87,19.75,Low,Clouds,No Rain,0,0,0,1,0,1,Market Activity,Medium,20
2026-05-08 15:33:32,Muea to Check Point,3.12,15,Friday,4,7.95,23.56,Low,Clouds,No Rain,0,0,0,1,0,1,Market Activity,Medium,20
2026-05-08 15:33:32,Muea to Buea Town,0.0,15,Friday,4,0.0,0,Low,Clouds,No Rain,0,0,0,1,0,1,Market Activity,Medium,20
2026-05-08 15:33:32,Muea to Bonduma,2.06,15,Friday,4,6.32,19.58,Low,Clouds,No Rain,0,0,0,1,0,1,Market Activity,Medium,20
2026-05-08 15:33:32,Muea to Malingo,5.04,15,Friday,4,14.78,20.48,Low,Clouds,No Rain,0,0,0,1,0,1,Market Activity,Medium,20
2026-05-08 15:33:32,Clerks Quarters to Governor Junction,1.33,15,Friday,4,2.57,31.14,Low,Clouds,No Rain,0,0,0,1,0,1,Market Activity,Medium,20
2026-05-08 15:33:32,Governor Junction to Long Street,0.0,15,Friday,4,0.0,0,Low,Clouds,No Rain,0,0,0,1,0,1,Market Activity,Medium,20
2026-05-08 15:33:32,Long Street to Bongo Square,1.24,15,Friday,4,2.22,33.43,Low,Clouds,No Rain,0,0,0,1,0,1,Market Activity,Medium,20
2026-05-08 15:33:32,Governor Junction to Buea Town,0.0,15,Friday,4,0.0,0,Low,Clouds,No Rain,0,0,0,1,0,1,Market Activity,Medium,20
2026-05-08 15:33:32,Molyko to UB Junction,6.39,15,Friday,4,19.57,19.59,Low,Clouds,No Rain,0,0,0,1,0,1,Market Activity,Medium,20
2026-05-08 15:33:32,UB Junction to Bonduma,3.88,15,Friday,4,14.22,16.4,Low,Clouds,No Rain,0,0,0,1,0,1,Market Activity,Medium,20
2026-05-08 15:33:32,Check Point to Molyko,4.17,15,Friday,4,11.7,21.39,Low,Clouds,No Rain,0,0,0,1,0,1,Market Activity,Medium,20
2026-05-08 16:02:14,Bonduma Gate to Mile 17,3.81,16,Friday,4,10.85,21.09,Low,Clouds,No Rain,0,0,0,1,1,1,Market Activity,Medium,35
2026-05-08 16:02:14,Bonduma to UB Junction,3.95,16,Friday,4,13.92,17.01,Low,Clouds,No Rain,0,0,0,1,1,1,Market Activity,Medium,35
2026-05-08 16:02:14,Bonduma to Molyko,3.11,16,Friday,4,9.88,18.89,Low,Clouds,No Rain,0,0,0,1,1,1,Market Activity,Medium,35
2026-05-08 16:02:14,Bonduma to Check Point,1.73,16,Friday,4,5.08,20.43,Low,Clouds,No Rain,0,0,0,1,1,1,Market Activity,Medium,35
2026-05-08 16:02:14,Bonduma to Muea,2.06,16,Friday,4,6.53,18.93,Low,Clouds,No Rain,0,0,0,1,1,1,Market Activity,Medium,35
2026-05-08 16:02:14,Bonduma to Great Soppo,2.95,16,Friday,4,9.9,17.88,Low,Clouds,No Rain,0,0,0,1,1,1,Market Activity,Medium,35
2026-05-08 16:02:14,Bonduma to Buea Town,2.06,16,Friday,4,6.67,18.55,Low,Clouds,No Rain,0,0,0,1,1,1,Market Activity,Medium,35
2026-05-08 16:02:14,Mile 16 to Mile 17,4.4,16,Friday,4,12.15,21.74,Low,Clouds,No Rain,0,0,0,1,1,1,Market Activity,Medium,35
2026-05-08 16:02:14,Mile 17 to Malingo,1.54,16,Friday,4,5.28,17.52,Low,Clouds,No Rain,0,0,0,1,1,1,Market Activity,Medium,35
2026-05-08 16:02:14,Mile 17 to UB Junction,2.05,16,Friday,4,7.9,15.59,Low,Clouds,No Rain,0,0,0,1,1,1,Market Activity,Medium,35
2026-05-08 16:02:14,Mile 17 to Check Point,2.47,16,Friday,4,9.72,15.26,Low,Clouds,No Rain,0,0,0,1,1,1,Market Activity,Medium,35
2026-05-08 16:02:14,Mile 17 to Muea,5.59,16,Friday,4,18.32,18.32,Low,Clouds,No Rain,0,0,0,1,1,1,Market Activity,Medium,35
2026-05-08 16:02:14,Mile 17 to Great Soppo,6.48,16,Friday,4,21.53,18.06,Low,Clouds,No Rain,0,0,0,1,1,1,Market Activity,Medium,35
2026-05-08 16:02:14,Malingo to UB Junction,3.47,16,Friday,4,12.22,17.04,Low,Clouds,No Rain,0,0,0,1,1,1,Market Activity,Medium,35
2026-05-08 16:02:14,Malingo to Check Point,2.02,16,Friday,4,7.07,17.17,Low,Clouds,No Rain,0,0,0,1,1,1,Market Activity,Medium,35
2026-05-08 16:02:14,Malingo to Molyko,6.09,16,Friday,4,18.68,19.57,Low,Clouds,No Rain,0,0,0,1,1,1,Market Activity,Medium,35
2026-05-08 16:02:14,Malingo to Muea,5.04,16,Friday,4,15.6,19.4,Low,Clouds,No Rain,0,0,0,1,1,1,Market Activity,Medium,35
2026-05-08 16:02:14,Malingo to Buea Town,5.04,16,Friday,4,15.6,19.4,Low,Clouds,No Rain,0,0,0,1,1,1,Market Activity,Medium,35
2026-05-08 16:02:14,UB Junction to Molyko,6.33,16,Friday,4,20.52,18.5,Low,Clouds,No Rain,0,0,0,1,1,1,Market Activity,Medium,35
2026-05-08 16:02:14,UB Junction to Check Point,2.15,16,Friday,4,9.47,13.66,Low,Clouds,No Rain,0,0,0,1,1,1,Market Activity,Medium,35
2026-05-08 16:02:14,UB Junction to Great Soppo,6.17,16,Friday,4,21.32,17.35,Low,Clouds,No Rain,0,0,0,1,1,1,Market Activity,Medium,35
2026-05-08 16:02:14,UB Junction to Buea Town,5.28,16,Friday,4,18.07,17.52,Low,Clouds,No Rain,0,0,0,1,1,1,Market Activity,Medium,35
2026-05-08 16:02:14,UB Junction to Muea,5.28,16,Friday,4,18.05,17.54,Low,Clouds,No Rain,0,0,0,1,1,1,Market Activity,Medium,35
2026-05-08 16:02:14,Molyko to Check Point,4.17,16,Friday,4,11.37,22.02,Low,Clouds,No Rain,0,0,0,1,1,1,Market Activity,Medium,35
2026-05-08 16:02:14,Molyko to Great Soppo,2.03,16,Friday,4,5.93,20.52,Low,Clouds,No Rain,0,0,0,1,1,1,Market Activity,Medium,35
2026-05-08 16:02:14,Molyko to Small Soppo,3.57,16,Friday,4,12.48,17.18,Low,Clouds,No Rain,0,0,0,1,1,1,Market Activity,Medium,35
2026-05-08 16:02:14,Molyko to Bongo Square,4.15,16,Friday,4,12.07,20.65,Low,Clouds,No Rain,0,0,0,1,1,1,Market Activity,Medium,35
2026-05-08 16:02:14,Molyko to Buea Town,2.92,16,Friday,4,9.17,19.1,Low,Clouds,No Rain,0,0,0,1,1,1,Market Activity,Medium,35
2026-05-08 16:02:14,Molyko to Muea,2.92,16,Friday,4,9.17,19.1,Low,Clouds,No Rain,0,0,0,1,1,1,Market Activity,Medium,35
2026-05-08 16:02:14,Molyko to Bokwango,6.15,16,Friday,4,22.22,16.62,Low,Clouds,No Rain,0,0,0,1,1,1,Market Activity,Medium,35
2026-05-08 16:02:14,Check Point to Buea Town,3.12,16,Friday,4,8.4,22.3,Low,Clouds,No Rain,0,0,0,1,1,1,Market Activity,Medium,35
2026-05-08 16:02:14,Check Point to Great Soppo,4.01,16,Friday,4,11.65,20.66,Low,Clouds,No Rain,0,0,0,1,1,1,Market Activity,Medium,35
2026-05-08 16:02:14,Check Point to Small Soppo,3.78,16,Friday,4,10.95,20.7,Low,Clouds,No Rain,0,0,0,1,1,1,Market Activity,Medium,35
2026-05-08 16:02:14,Check Point to Bongo Square,4.36,16,Friday,4,10.6,24.66,Low,Clouds,No Rain,0,0,0,1,1,1,Market Activity,Medium,35
2026-05-08 16:12:14,Bonduma to UB Junction,3.95,16,Friday,4,14.08,16.81,Low,Clouds,No Rain,0,0,0,1,1,1,Market Activity,Medium,35
2026-05-08 16:12:14,Bonduma to Molyko,3.11,16,Friday,4,9.88,18.89,Low,Clouds,No Rain,0,0,0,1,1,1,Market Activity,Medium,35
2026-05-08 16:12:14,Bonduma to Check Point,1.73,16,Friday,4,5.2,19.97,Low,Clouds,No Rain,0,0,0,1,1,1,Market Activity,Medium,35
2026-05-08 16:12:14,Bonduma to Muea,2.06,16,Friday,4,6.68,18.5,Low,Clouds,No Rain,0,0,0,1,1,1,Market Activity,Medium,35
2026-05-08 16:12:14,Bonduma to Great Soppo,2.95,16,Friday,4,9.93,17.82,Low,Clouds,No Rain,0,0,0,1,1,1,Market Activity,Medium,35
2026-05-08 16:12:14,Bonduma to Buea Town,2.06,16,Friday,4,6.68,18.5,Low,Clouds,No Rain,0,0,0,1,1,1,Market Activity,Medium,35
2026-05-08 16:12:14,Mile 16 to Mile 17,4.4,16,Friday,4,12.62,20.93,Low,Clouds,No Rain,0,0,0,1,1,1,Market Activity,Medium,35
2026-05-08 16:12:14,Mile 17 to UB Junction,2.05,16,Friday,4,8.05,15.3,Low,Clouds,No Rain,0,0,0,1,1,1,Market Activity,Medium,35
2026-05-08 16:12:14,Mile 17 to Check Point,2.47,16,Friday,4,10.2,14.54,Low,Clouds,No Rain,0,0,0,1,1,1,Market Activity,Medium,35
2026-05-08 16:12:14,Mile 17 to Muea,5.59,16,Friday,4,18.97,17.7,Low,Clouds,No Rain,0,0,0,1,1,1,Market Activity,Medium,35
2026-05-08 16:12:14,Mile 17 to Great Soppo,6.48,16,Friday,4,22.22,17.51,Low,Clouds,No Rain,0,0,0,1,1,1,Market Activity,Medium,35
2026-05-08 16:12:14,Malingo to UB Junction,3.47,16,Friday,4,12.48,16.67,Low,Clouds,No Rain,0,0,0,1,1,1,Market Activity,Medium,35
2026-05-08 16:12:14,Malingo to Check Point,2.02,16,Friday,4,7.0,17.33,Low,Clouds,No Rain,0,0,0,1,1,1,Market Activity,Medium,35
2026-05-08 16:12:14,Malingo to Molyko,6.09,16,Friday,4,18.67,19.59,Low,Clouds,No Rain,0,0,0,1,1,1,Market Activity,Medium,35
2026-05-08 16:12:14,Malingo to Muea,5.04,16,Friday,4,15.77,19.2,Low,Clouds,No Rain,0,0,0,1,1,1,Market Activity,Medium,35
2026-05-08 16:12:14,Malingo to Buea Town,5.04,16,Friday,4,15.77,19.2,Low,Clouds,No Rain,0,0,0,1,1,1,Market Activity,Medium,35
2026-05-08 16:12:14,UB Junction to Molyko,6.33,16,Friday,4,20.83,18.22,Low,Clouds,No Rain,0,0,0,1,1,1,Market Activity,Medium,35
2026-05-08 16:12:14,UB Junction to Check Point,2.15,16,Friday,4,9.77,13.24,Low,Clouds,No Rain,0,0,0,1,1,1,Market Activity,Medium,35
2026-05-08 16:12:14,UB Junction to Great Soppo,6.17,16,Friday,4,21.78,16.98,Low,Clouds,No Rain,0,0,0,1,1,1,Market Activity,Medium,35
2026-05-08 16:12:14,UB Junction to Buea Town,5.28,16,Friday,4,18.55,17.07,Low,Clouds,No Rain,0,0,0,1,1,1,Market Activity,Medium,35
2026-05-08 16:12:14,UB Junction to Muea,5.28,16,Friday,4,18.53,17.08,Low,Clouds,No Rain,0,0,0,1,1,1,Market Activity,Medium,35
2026-05-08 16:12:14,Molyko to Check Point,4.17,16,Friday,4,11.53,21.7,Low,Clouds,No Rain,0,0,0,1,1,1,Market Activity,Medium,35
2026-05-08 16:12:14,Molyko to Great Soppo,2.03,16,Friday,4,5.93,20.52,Low,Clouds,No Rain,0,0,0,1,1,1,Market Activity,Medium,35
2026-05-08 16:12:14,Molyko to Small Soppo,3.57,16,Friday,4,12.45,17.22,Low,Clouds,No Rain,0,0,0,1,1,1,Market Activity,Medium,35
2026-05-08 16:12:14,Molyko to Bongo Square,4.15,16,Friday,4,12.15,20.51,Low,Clouds,No Rain,0,0,0,1,1,1,Market Activity,Medium,35
2026-05-08 16:12:14,Molyko to Buea Town,2.92,16,Friday,4,9.17,19.1,Low,Clouds,No Rain,0,0,0,1,1,1,Market Activity,Medium,35
2026-05-08 16:12:14,Molyko to Muea,2.92,16,Friday,4,9.17,19.1,Low,Clouds,No Rain,0,0,0,1,1,1,Market Activity,Medium,35
2026-05-08 16:12:14,Molyko to Bokwango,6.15,16,Friday,4,22.22,16.62,Low,Clouds,No Rain,0,0,0,1,1,1,Market Activity,Medium,35
2026-05-08 16:12:14,Check Point to Buea Town,3.12,16,Friday,4,8.57,21.87,Low,Clouds,No Rain,0,0,0,1,1,1,Market Activity,Medium,35
2026-05-08 16:12:14,Check Point to Great Soppo,4.01,16,Friday,4,11.82,20.37,Low,Clouds,No Rain,0,0,0,1,1,1,Market Activity,Medium,35
2026-05-08 16:12:14,Check Point to Small Soppo,3.78,16,Friday,4,11.1,20.42,Low,Clouds,No Rain,0,0,0,1,1,1,Market Activity,Medium,35
2026-05-08 16:12:14,Check Point to Bongo Square,4.36,16,Friday,4,10.8,24.21,Low,Clouds,No Rain,0,0,0,1,1,1,Market Activity,Medium,35
2026-05-08 16:12:14,Check Point to Muea,3.12,16,Friday,4,8.6,21.78,Low,Clouds,No Rain,0,0,0,1,1,1,Market Activity,Medium,35
2026-05-08 16:12:14,Great Soppo to Small Soppo,1.54,16,Friday,4,6.12,15.16,Low,Clouds,No Rain,0,0,0,1,1,1,Market Activity,Medium,35
2026-05-08 16:12:14,Great Soppo to Bongo Square,2.12,16,Friday,4,5.78,22.04,Low,Clouds,No Rain,0,0,0,1,1,1,Market Activity,Medium,35
2026-05-08 16:12:14,Great Soppo to Buea Town,0.89,16,Friday,4,3.23,16.5,Low,Clouds,No Rain,0,0,0,1,1,1,Market Activity,Medium,35
2026-05-08 16:12:14,Great Soppo to Muea,0.89,16,Friday,4,3.23,16.5,Low,Clouds,No Rain,0,0,0,1,1,1,Market Activity,Medium,35
2026-05-08 16:12:14,Small Soppo to Bongo Square,1.07,16,Friday,4,3.6,17.8,Low,Clouds,No Rain,0,0,0,1,1,1,Market Activity,Medium,35
2026-05-08 16:12:14,Small Soppo to Buea Town,0.52,16,Friday,4,2.77,11.17,Low,Clouds,No Rain,0,0,0,1,1,1,Market Activity,Medium,35
2026-05-08 16:12:14,Small Soppo to Muea,0.52,16,Friday,4,2.77,11.17,Low,Clouds,No Rain,0,0,0,1,1,1,Market Activity,Medium,35
2026-05-08 16:12:14,Bongo Square to Buea Town,1.24,16,Friday,4,2.45,30.24,Low,Clouds,No Rain,0,0,0,1,1,1,Market Activity,Medium,35
2026-05-08 16:12:14,Bongo Square to Muea,1.24,16,Friday,4,2.45,30.24,Low,Clouds,No Rain,0,0,0,1,1,1,Market Activity,Medium,35
2026-05-08 16:12:14,Bokwango to Molyko,6.15,16,Friday,4,22.33,16.53,Low,Clouds,No Rain,0,0,0,1,1,1,Market Activity,Medium,35
2026-05-08 16:12:14,Bokwango to Check Point,5.26,16,Friday,4,21.05,15.0,Low,Clouds,No Rain,0,0,0,1,1,1,Market Activity,Medium,35
2026-05-08 16:12:14,Bokwango to Buea Town,8.38,16,Friday,4,30.48,16.5,Low,Clouds,No Rain,0,0,0,1,1,1,Market Activity,Medium,35
2026-05-08 16:12:14,Bokwango to Great Soppo,8.18,16,Friday,4,28.17,17.43,Low,Clouds,No Rain,0,0,0,1,1,1,Market Activity,Medium,35
2026-05-08 16:12:14,Muea to Great Soppo,0.89,16,Friday,4,3.23,16.5,Low,Clouds,No Rain,0,0,0,1,1,1,Market Activity,Medium,35
2026-05-08 16:12:14,Muea to Molyko,2.92,16,Friday,4,8.87,19.75,Low,Clouds,No Rain,0,0,0,1,1,1,Market Activity,Medium,35
2026-05-08 16:12:14,Muea to Check Point,3.12,16,Friday,4,8.32,22.52,Low,Clouds,No Rain,0,0,0,1,1,1,Market Activity,Medium,35
2026-05-08 16:12:14,Muea to Buea Town,0.0,16,Friday,4,0.0,0,Low,Clouds,No Rain,0,0,0,1,1,1,Market Activity,Medium,35
2026-05-08 16:12:14,Muea to Bonduma,2.06,16,Friday,4,6.53,18.93,Low,Clouds,No Rain,0,0,0,1,1,1,Market Activity,Medium,35
2026-05-08 16:12:14,Muea to Malingo,5.04,16,Friday,4,15.17,19.96,Low,Clouds,No Rain,0,0,0,1,1,1,Market Activity,Medium,35
2026-05-08 16:12:14,Clerks Quarters to Governor Junction,1.33,16,Friday,4,2.87,27.88,Low,Clouds,No Rain,0,0,0,1,1,1,Market Activity,Medium,35
2026-05-08 16:12:14,Governor Junction to Long Street,0.0,16,Friday,4,0.0,0,Low,Clouds,No Rain,0,0,0,1,1,1,Market Activity,Medium,35
2026-05-08 16:12:14,Long Street to Bongo Square,1.24,16,Friday,4,2.2,33.68,Low,Clouds,No Rain,0,0,0,1,1,1,Market Activity,Medium,35
2026-05-08 16:12:14,Governor Junction to Buea Town,0.0,16,Friday,4,0.0,0,Low,Clouds,No Rain,0,0,0,1,1,1,Market Activity,Medium,35
2026-05-08 16:12:14,Molyko to UB Junction,6.39,16,Friday,4,19.72,19.44,Low,Clouds,No Rain,0,0,0,1,1,1,Market Activity,Medium,35
2026-05-08 16:12:14,UB Junction to Bonduma,3.88,16,Friday,4,15.13,15.4,Low,Clouds,No Rain,0,0,0,1,1,1,Market Activity,Medium,35
2026-05-08 16:12:14,Check Point to Molyko,4.17,16,Friday,4,11.92,21.01,Low,Clouds,No Rain,0,0,0,1,1,1,Market Activity,Medium,35
2026-05-08 16:12:14,Great Soppo to Check Point,4.01,16,Friday,4,11.98,20.08,Low,Clouds,No Rain,0,0,0,1,1,1,Market Activity,Medium,35
2026-05-08 16:12:14,Malingo to Bonduma,3.65,16,Friday,4,12.22,17.95,Low,Clouds,No Rain,0,0,0,1,1,1,Market Activity,Medium,35
2026-05-08 16:12:14,Buea Town to Malingo,5.04,16,Friday,4,15.15,19.98,Low,Clouds,No Rain,0,0,0,1,1,1,Market Activity,Medium,35
2026-05-08 16:12:14,Buea Town to Muea,0.0,16,Friday,4,0.0,0,Low,Clouds,No Rain,0,0,0,1,1,1,Market Activity,Medium,35
2026-05-08 16:22:14,Bonduma Gate to Mile 17,3.81,16,Friday,4,10.88,21.02,Low,Clouds,No Rain,0,0,0,1,1,1,Market Activity,Medium,35
2026-05-08 16:22:14,Bonduma to UB Junction,3.95,16,Friday,4,13.9,17.03,Low,Clouds,No Rain,0,0,0,1,1,1,Market Activity,Medium,35
2026-05-08 16:22:14,Bonduma to Molyko,3.11,16,Friday,4,9.88,18.89,Low,Clouds,No Rain,0,0,0,1,1,1,Market Activity,Medium,35
2026-05-08 16:22:14,Bonduma to Check Point,1.73,16,Friday,4,5.18,20.04,Low,Clouds,No Rain,0,0,0,1,1,1,Market Activity,Medium,35
2026-05-08 16:22:14,Bonduma to Muea,2.06,16,Friday,4,6.82,18.14,Low,Clouds,No Rain,0,0,0,1,1,1,Market Activity,Medium,35
2026-05-08 16:22:14,Bonduma to Great Soppo,2.95,16,Friday,4,10.07,17.58,Low,Clouds,No Rain,0,0,0,1,1,1,Market Activity,Medium,35
2026-05-08 16:22:14,Bonduma to Buea Town,2.06,16,Friday,4,6.82,18.14,Low,Clouds,No Rain,0,0,0,1,1,1,Market Activity,Medium,35
2026-05-08 16:22:14,Mile 16 to Mile 17,4.4,16,Friday,4,12.23,21.59,Low,Clouds,No Rain,0,0,0,1,1,1,Market Activity,Medium,35
2026-05-08 16:22:14,Mile 17 to Malingo,1.54,16,Friday,4,5.17,17.92,Low,Clouds,No Rain,0,0,0,1,1,1,Market Activity,Medium,35
2026-05-08 16:22:14,Mile 17 to UB Junction,2.05,16,Friday,4,8.02,15.37,Low,Clouds,No Rain,0,0,0,1,1,1,Market Activity,Medium,35
2026-05-08 16:22:14,Mile 17 to Check Point,2.47,16,Friday,4,10.22,14.52,Low,Clouds,No Rain,0,0,0,1,1,1,Market Activity,Medium,35
2026-05-08 16:22:14,Mile 17 to Muea,5.59,16,Friday,4,19.55,17.17,Medium,Clouds,No Rain,0,0,0,1,1,1,Market Activity,Medium,55
2026-05-08 16:22:14,Mile 17 to Great Soppo,6.48,16,Friday,4,22.8,17.06,Low,Clouds,No Rain,0,0,0,1,1,1,Market Activity,Medium,35
2026-05-08 16:22:14,Malingo to UB Junction,3.47,16,Friday,4,12.25,16.99,Low,Clouds,No Rain,0,0,0,1,1,1,Market Activity,Medium,35
2026-05-08 16:22:14,Malingo to Check Point,1.92,16,Friday,4,7.18,16.06,Low,Clouds,No Rain,0,0,0,1,1,1,Market Activity,Medium,35
2026-05-08 16:22:14,Malingo to Molyko,6.09,16,Friday,4,18.67,19.59,Low,Clouds,No Rain,0,0,0,1,1,1,Market Activity,Medium,35
2026-05-08 16:22:14,Malingo to Muea,5.04,16,Friday,4,16.1,18.8,Low,Clouds,No Rain,0,0,0,1,1,1,Market Activity,Medium,35
2026-05-08 16:22:14,Malingo to Buea Town,5.04,16,Friday,4,16.1,18.8,Low,Clouds,No Rain,0,0,0,1,1,1,Market Activity,Medium,35
2026-05-08 16:22:14,UB Junction to Molyko,6.33,16,Friday,4,20.97,18.1,Low,Clouds,No Rain,0,0,0,1,1,1,Market Activity,Medium,35
2026-05-08 16:22:14,UB Junction to Check Point,2.15,16,Friday,4,9.88,13.08,Low,Clouds,No Rain,0,0,0,1,1,1,Market Activity,Medium,35
2026-05-08 16:22:14,UB Junction to Great Soppo,6.17,16,Friday,4,22.43,16.49,Low,Clouds,No Rain,0,0,0,1,1,1,Market Activity,Medium,35
2026-05-08 16:22:14,UB Junction to Buea Town,5.28,16,Friday,4,19.2,16.49,Low,Clouds,No Rain,0,0,0,1,1,1,Market Activity,Medium,35
2026-05-08 16:22:14,UB Junction to Muea,5.28,16,Friday,4,19.2,16.49,Low,Clouds,No Rain,0,0,0,1,1,1,Market Activity,Medium,35
2026-05-08 16:22:14,Molyko to Check Point,4.17,16,Friday,4,11.5,21.77,Low,Clouds,No Rain,0,0,0,1,1,1,Market Activity,Medium,35
2026-05-08 16:22:14,Molyko to Great Soppo,2.03,16,Friday,4,5.93,20.52,Low,Clouds,No Rain,0,0,0,1,1,1,Market Activity,Medium,35
2026-05-08 16:22:14,Molyko to Small Soppo,3.57,16,Friday,4,12.45,17.22,Low,Clouds,No Rain,0,0,0,1,1,1,Market Activity,Medium,35
2026-05-08 16:22:14,Molyko to Bongo Square,4.15,16,Friday,4,12.15,20.51,Low,Clouds,No Rain,0,0,0,1,1,1,Market Activity,Medium,35
2026-05-08 16:22:14,Molyko to Buea Town,2.92,16,Friday,4,9.17,19.1,Low,Clouds,No Rain,0,0,0,1,1,1,Market Activity,Medium,35
2026-05-08 16:22:14,Molyko to Muea,2.92,16,Friday,4,9.17,19.1,Low,Clouds,No Rain,0,0,0,1,1,1,Market Activity,Medium,35
2026-05-08 16:22:14,Molyko to Bokwango,6.15,16,Friday,4,22.2,16.63,Low,Clouds,No Rain,0,0,0,1,1,1,Market Activity,Medium,35
2026-05-08 16:22:14,Check Point to Buea Town,3.12,16,Friday,4,8.72,21.49,Low,Clouds,No Rain,0,0,0,1,1,1,Market Activity,Medium,35
2026-05-08 16:22:14,Check Point to Great Soppo,4.01,16,Friday,4,11.97,20.11,Low,Clouds,No Rain,0,0,0,1,1,1,Market Activity,Medium,35
2026-05-08 16:22:14,Check Point to Small Soppo,3.78,16,Friday,4,11.25,20.15,Low,Clouds,No Rain,0,0,0,1,1,1,Market Activity,Medium,35
2026-05-08 16:22:14,Check Point to Bongo Square,4.36,16,Friday,4,10.92,23.95,Low,Clouds,No Rain,0,0,0,1,1,1,Market Activity,Medium,35
2026-05-08 16:22:14,Check Point to Muea,3.12,16,Friday,4,8.73,21.45,Low,Clouds,No Rain,0,0,0,1,1,1,Market Activity,Medium,35
2026-05-08 16:22:14,Great Soppo to Small Soppo,1.54,16,Friday,4,6.03,15.36,Low,Clouds,No Rain,0,0,0,1,1,1,Market Activity,Medium,35
2026-05-08 16:22:14,Great Soppo to Bongo Square,2.12,16,Friday,4,5.78,22.04,Low,Clouds,No Rain,0,0,0,1,1,1,Market Activity,Medium,35
2026-05-08 16:22:14,Great Soppo to Buea Town,0.89,16,Friday,4,3.23,16.5,Low,Clouds,No Rain,0,0,0,1,1,1,Market Activity,Medium,35
2026-05-08 16:22:14,Great Soppo to Muea,0.89,16,Friday,4,3.23,16.5,Low,Clouds,No Rain,0,0,0,1,1,1,Market Activity,Medium,35
2026-05-08 16:22:14,Small Soppo to Bongo Square,1.07,16,Friday,4,3.62,17.72,Low,Clouds,No Rain,0,0,0,1,1,1,Market Activity,Medium,35
2026-05-08 16:22:14,Small Soppo to Buea Town,0.52,16,Friday,4,2.78,11.1,Low,Clouds,No Rain,0,0,0,1,1,1,Market Activity,Medium,35
2026-05-08 16:22:14,Small Soppo to Muea,0.52,16,Friday,4,2.78,11.1,Low,Clouds,No Rain,0,0,0,1,1,1,Market Activity,Medium,35
2026-05-08 16:22:14,Bongo Square to Buea Town,1.24,16,Friday,4,2.37,31.31,Low,Clouds,No Rain,0,0,0,1,1,1,Market Activity,Medium,35
2026-05-08 16:22:14,Bongo Square to Muea,1.24,16,Friday,4,2.37,31.31,Low,Clouds,No Rain,0,0,0,1,1,1,Market Activity,Medium,35
2026-05-08 16:22:14,Bokwango to Molyko,6.15,16,Friday,4,22.37,16.51,Low,Clouds,No Rain,0,0,0,1,1,1,Market Activity,Medium,35
2026-05-08 16:22:14,Bokwango to Check Point,5.26,16,Friday,4,21.07,14.99,Low,Clouds,No Rain,0,0,0,1,1,1,Market Activity,Medium,35
2026-05-08 16:22:14,Bokwango to Buea Town,8.38,16,Friday,4,30.37,16.57,Low,Clouds,No Rain,0,0,0,1,1,1,Market Activity,Medium,35
2026-05-08 16:22:14,Bokwango to Great Soppo,8.18,16,Friday,4,28.18,17.42,Low,Clouds,No Rain,0,0,0,1,1,1,Market Activity,Medium,35
2026-05-08 16:22:14,Muea to Great Soppo,0.89,16,Friday,4,3.23,16.5,Low,Clouds,No Rain,0,0,0,1,1,1,Market Activity,Medium,35
2026-05-08 16:22:14,Muea to Molyko,2.92,16,Friday,4,8.87,19.75,Low,Clouds,No Rain,0,0,0,1,1,1,Market Activity,Medium,35
2026-05-08 16:22:14,Muea to Check Point,3.12,16,Friday,4,8.22,22.8,Low,Clouds,No Rain,0,0,0,1,1,1,Market Activity,Medium,35
2026-05-08 16:22:14,Muea to Buea Town,0.0,16,Friday,4,0.0,0,Low,Clouds,No Rain,0,0,0,1,1,1,Market Activity,Medium,35
2026-05-08 16:22:14,Muea to Bonduma,2.06,16,Friday,4,6.53,18.93,Low,Clouds,No Rain,0,0,0,1,1,1,Market Activity,Medium,35
2026-05-08 16:22:14,Muea to Malingo,5.04,16,Friday,4,15.07,20.09,Low,Clouds,No Rain,0,0,0,1,1,1,Market Activity,Medium,35
2026-05-08 16:22:14,Clerks Quarters to Governor Junction,1.33,16,Friday,4,2.78,28.71,Low,Clouds,No Rain,0,0,0,1,1,1,Market Activity,Medium,35
2026-05-08 16:22:14,Governor Junction to Long Street,0.0,16,Friday,4,0.0,0,Low,Clouds,No Rain,0,0,0,1,1,1,Market Activity,Medium,35
2026-05-08 16:22:14,Long Street to Bongo Square,1.24,16,Friday,4,2.22,33.43,Low,Clouds,No Rain,0,0,0,1,1,1,Market Activity,Medium,35
2026-05-08 16:22:14,Governor Junction to Buea Town,0.0,16,Friday,4,0.0,0,Low,Clouds,No Rain,0,0,0,1,1,1,Market Activity,Medium,35
2026-05-08 16:22:14,Molyko to UB Junction,6.39,16,Friday,4,19.68,19.47,Low,Clouds,No Rain,0,0,0,1,1,1,Market Activity,Medium,35
2026-05-08 16:22:14,UB Junction to Bonduma,3.88,16,Friday,4,15.2,15.34,Low,Clouds,No Rain,0,0,0,1,1,1,Market Activity,Medium,35
2026-05-08 16:22:14,Check Point to Molyko,4.17,16,Friday,4,11.73,21.33,Low,Clouds,No Rain,0,0,0,1,1,1,Market Activity,Medium,35
2026-05-08 16:22:14,Great Soppo to Check Point,4.01,16,Friday,4,12.05,19.97,Low,Clouds,No Rain,0,0,0,1,1,1,Market Activity,Medium,35
2026-05-08 16:22:14,Malingo to Bonduma,3.65,16,Friday,4,12.23,17.92,Low,Clouds,No Rain,0,0,0,1,1,1,Market Activity,Medium,35
2026-05-08 16:22:14,Buea Town to Malingo,5.04,16,Friday,4,15.07,20.09,Low,Clouds,No Rain,0,0,0,1,1,1,Market Activity,Medium,35
2026-05-08 16:22:14,Buea Town to Muea,0.0,16,Friday,4,0.0,0,Low,Clouds,No Rain,0,0,0,1,1,1,Market Activity,Medium,35
2026-05-08 16:32:14,Bonduma Gate to Mile 17,3.81,16,Friday,4,10.8,21.18,Low,Clouds,No Rain,0,0,0,1,1,1,Market Activity,Medium,35
2026-05-08 16:32:14,Bonduma to UB Junction,3.95,16,Friday,4,13.85,17.09,Low,Clouds,No Rain,0,0,0,1,1,1,Market Activity,Medium,35
2026-05-08 16:32:14,Bonduma to Molyko,3.11,16,Friday,4,9.88,18.89,Low,Clouds,No Rain,0,0,0,1,1,1,Market Activity,Medium,35
2026-05-08 16:32:14,Bonduma to Check Point,1.73,16,Friday,4,5.15,20.17,Low,Clouds,No Rain,0,0,0,1,1,1,Market Activity,Medium,35
2026-05-08 16:32:14,Bonduma to Muea,2.06,16,Friday,4,7.32,16.9,Medium,Clouds,No Rain,0,0,0,1,1,1,Market Activity,Medium,55
2026-05-08 16:32:14,Bonduma to Great Soppo,2.95,16,Friday,4,10.57,16.75,Low,Clouds,No Rain,0,0,0,1,1,1,Market Activity,Medium,35
2026-05-08 16:32:14,Bonduma to Buea Town,2.06,16,Friday,4,7.33,16.86,Medium,Clouds,No Rain,0,0,0,1,1,1,Market Activity,Medium,55
2026-05-08 16:32:14,Mile 16 to Mile 17,4.4,16,Friday,4,12.3,21.47,Low,Clouds,No Rain,0,0,0,1,1,1,Market Activity,Medium,35
2026-05-08 16:32:14,Mile 17 to Malingo,1.54,16,Friday,4,5.2,17.8,Low,Clouds,No Rain,0,0,0,1,1,1,Market Activity,Medium,35
2026-05-08 16:32:14,Mile 17 to UB Junction,2.05,16,Friday,4,8.08,15.24,Low,Clouds,No Rain,0,0,0,1,1,1,Market Activity,Medium,35
2026-05-08 16:32:14,Mile 17 to Check Point,2.47,16,Friday,4,10.48,14.15,Medium,Clouds,No Rain,0,0,0,1,1,1,Market Activity,Medium,55
2026-05-08 16:32:14,Mile 17 to Muea,5.59,16,Friday,4,19.8,16.95,Medium,Clouds,No Rain,0,0,0,1,1,1,Market Activity,Medium,55
2026-05-08 16:32:14,Mile 17 to Great Soppo,6.48,16,Friday,4,23.05,16.88,Medium,Clouds,No Rain,0,0,0,1,1,1,Market Activity,Medium,55
2026-05-08 16:32:14,Malingo to UB Junction,3.47,16,Friday,4,12.15,17.13,Low,Clouds,No Rain,0,0,0,1,1,1,Market Activity,Medium,35
2026-05-08 16:32:14,Malingo to Check Point,1.92,16,Friday,4,7.2,16.02,Low,Clouds,No Rain,0,0,0,1,1,1,Market Activity,Medium,35
2026-05-08 16:32:14,Malingo to Molyko,6.09,16,Friday,4,18.65,19.61,Low,Clouds,No Rain,0,0,0,1,1,1,Market Activity,Medium,35
2026-05-08 16:32:14,Malingo to Muea,5.04,16,Friday,4,16.43,18.42,Low,Clouds,No Rain,0,0,0,1,1,1,Market Activity,Medium,35
2026-05-08 16:32:14,Malingo to Buea Town,5.04,16,Friday,4,16.43,18.42,Low,Clouds,No Rain,0,0,0,1,1,1,Market Activity,Medium,35
2026-05-08 16:32:14,UB Junction to Molyko,6.33,16,Friday,4,21.03,18.05,Low,Clouds,No Rain,0,0,0,1,1,1,Market Activity,Medium,35
2026-05-08 16:32:14,UB Junction to Check Point,2.15,16,Friday,4,10.05,12.87,Low,Clouds,No Rain,0,0,0,1,1,1,Market Activity,Medium,35
2026-05-08 16:32:14,UB Junction to Great Soppo,6.17,16,Friday,4,22.63,16.34,Low,Clouds,No Rain,0,0,0,1,1,1,Market Activity,Medium,35
2026-05-08 16:32:14,UB Junction to Buea Town,5.28,16,Friday,4,19.4,16.32,Low,Clouds,No Rain,0,0,0,1,1,1,Market Activity,Medium,35
2026-05-08 16:32:14,UB Junction to Muea,5.28,16,Friday,4,19.4,16.32,Low,Clouds,No Rain,0,0,0,1,1,1,Market Activity,Medium,35
2026-05-08 16:32:14,Molyko to Check Point,4.17,16,Friday,4,11.63,21.52,Low,Clouds,No Rain,0,0,0,1,1,1,Market Activity,Medium,35
2026-05-08 16:32:14,Molyko to Great Soppo,2.03,16,Friday,4,5.93,20.52,Low,Clouds,No Rain,0,0,0,1,1,1,Market Activity,Medium,35
2026-05-08 16:32:14,Molyko to Small Soppo,3.57,16,Friday,4,12.48,17.18,Low,Clouds,No Rain,0,0,0,1,1,1,Market Activity,Medium,35
2026-05-08 16:32:14,Molyko to Bongo Square,4.15,16,Friday,4,12.18,20.45,Low,Clouds,No Rain,0,0,0,1,1,1,Market Activity,Medium,35
2026-05-08 16:32:14,Molyko to Buea Town,2.92,16,Friday,4,9.17,19.1,Low,Clouds,No Rain,0,0,0,1,1,1,Market Activity,Medium,35
2026-05-08 16:32:14,Molyko to Muea,2.92,16,Friday,4,9.17,19.1,Low,Clouds,No Rain,0,0,0,1,1,1,Market Activity,Medium,35
2026-05-08 16:32:14,Molyko to Bokwango,6.15,16,Friday,4,22.2,16.63,Low,Clouds,No Rain,0,0,0,1,1,1,Market Activity,Medium,35
2026-05-08 16:32:14,Check Point to Buea Town,3.12,16,Friday,4,9.4,19.93,Medium,Clouds,No Rain,0,0,0,1,1,1,Market Activity,Medium,55
2026-05-08 16:32:14,Check Point to Great Soppo,4.01,16,Friday,4,12.63,19.05,Low,Clouds,No Rain,0,0,0,1,1,1,Market Activity,Medium,35
2026-05-08 16:32:14,Check Point to Small Soppo,3.78,16,Friday,4,11.93,19.0,Medium,Clouds,No Rain,0,0,0,1,1,1,Market Activity,Medium,55
2026-05-08 16:32:14,Check Point to Bongo Square,4.36,16,Friday,4,11.62,22.5,Medium,Clouds,No Rain,0,0,0,1,1,1,Market Activity,Medium,55
2026-05-08 16:32:14,Check Point to Muea,3.12,16,Friday,4,9.4,19.93,Medium,Clouds,No Rain,0,0,0,1,1,1,Market Activity,Medium,55
2026-05-08 16:32:14,Great Soppo to Small Soppo,1.54,16,Friday,4,6.07,15.28,Low,Clouds,No Rain,0,0,0,1,1,1,Market Activity,Medium,35
2026-05-08 16:32:14,Great Soppo to Bongo Square,2.12,16,Friday,4,5.78,22.04,Low,Clouds,No Rain,0,0,0,1,1,1,Market Activity,Medium,35
2026-05-08 16:32:14,Great Soppo to Buea Town,0.89,16,Friday,4,3.23,16.5,Low,Clouds,No Rain,0,0,0,1,1,1,Market Activity,Medium,35
2026-05-08 16:32:14,Great Soppo to Muea,0.89,16,Friday,4,3.23,16.5,Low,Clouds,No Rain,0,0,0,1,1,1,Market Activity,Medium,35
2026-05-08 16:32:14,Small Soppo to Bongo Square,1.07,16,Friday,4,3.62,17.72,Low,Clouds,No Rain,0,0,0,1,1,1,Market Activity,Medium,35
2026-05-08 16:32:14,Small Soppo to Buea Town,0.52,16,Friday,4,2.78,11.1,Low,Clouds,No Rain,0,0,0,1,1,1,Market Activity,Medium,35
2026-05-08 16:32:14,Small Soppo to Muea,0.52,16,Friday,4,2.78,11.1,Low,Clouds,No Rain,0,0,0,1,1,1,Market Activity,Medium,35
2026-05-08 16:32:14,Bongo Square to Buea Town,1.24,16,Friday,4,2.38,31.09,Low,Clouds,No Rain,0,0,0,1,1,1,Market Activity,Medium,35
2026-05-08 16:32:14,Bongo Square to Muea,1.24,16,Friday,4,2.38,31.09,Low,Clouds,No Rain,0,0,0,1,1,1,Market Activity,Medium,35
2026-05-08 16:32:14,Bokwango to Molyko,6.15,16,Friday,4,22.42,16.47,Low,Clouds,No Rain,0,0,0,1,1,1,Market Activity,Medium,35
2026-05-08 16:32:14,Bokwango to Check Point,5.26,16,Friday,4,20.62,15.32,Low,Clouds,No Rain,0,0,0,1,1,1,Market Activity,Medium,35
2026-05-08 16:32:14,Bokwango to Buea Town,8.38,16,Friday,4,29.68,16.95,Low,Clouds,No Rain,0,0,0,1,1,1,Market Activity,Medium,35
2026-05-08 16:32:14,Bokwango to Great Soppo,9.27,16,Friday,4,32.93,16.9,Low,Clouds,No Rain,0,0,0,1,1,1,Market Activity,Medium,35
2026-05-08 16:32:14,Muea to Great Soppo,0.89,16,Friday,4,3.23,16.5,Low,Clouds,No Rain,0,0,0,1,1,1,Market Activity,Medium,35
2026-05-08 16:32:14,Muea to Molyko,2.92,16,Friday,4,8.87,19.75,Low,Clouds,No Rain,0,0,0,1,1,1,Market Activity,Medium,35
2026-05-08 16:32:14,Muea to Check Point,3.12,16,Friday,4,8.6,21.78,Medium,Clouds,No Rain,0,0,0,1,1,1,Market Activity,Medium,55
2026-05-08 16:32:14,Muea to Buea Town,0.0,16,Friday,4,0.0,0,Low,Clouds,No Rain,0,0,0,1,1,1,Market Activity,Medium,35
2026-05-08 16:32:14,Muea to Bonduma,2.06,16,Friday,4,6.95,17.79,Medium,Clouds,No Rain,0,0,0,1,1,1,Market Activity,Medium,55
2026-05-08 16:32:14,Muea to Malingo,5.04,16,Friday,4,15.4,19.66,Low,Clouds,No Rain,0,0,0,1,1,1,Market Activity,Medium,35
2026-05-08 16:32:14,Clerks Quarters to Governor Junction,1.33,16,Friday,4,2.82,28.37,Low,Clouds,No Rain,0,0,0,1,1,1,Market Activity,Medium,35
2026-05-08 16:32:14,Governor Junction to Long Street,0.0,16,Friday,4,0.0,0,Low,Clouds,No Rain,0,0,0,1,1,1,Market Activity,Medium,35
2026-05-08 16:32:14,Long Street to Bongo Square,1.24,16,Friday,4,2.2,33.68,Low,Clouds,No Rain,0,0,0,1,1,1,Market Activity,Medium,35
2026-05-08 16:32:14,Governor Junction to Buea Town,0.0,16,Friday,4,0.0,0,Low,Clouds,No Rain,0,0,0,1,1,1,Market Activity,Medium,35
2026-05-08 16:32:14,Molyko to UB Junction,6.39,16,Friday,4,19.8,19.35,Low,Clouds,No Rain,0,0,0,1,1,1,Market Activity,Medium,35
2026-05-08 16:32:14,UB Junction to Bonduma,3.88,16,Friday,4,15.3,15.24,Low,Clouds,No Rain,0,0,0,1,1,1,Market Activity,Medium,35
2026-05-08 16:32:14,Check Point to Molyko,4.17,16,Friday,4,11.77,21.27,Low,Clouds,No Rain,0,0,0,1,1,1,Market Activity,Medium,35
2026-05-08 16:32:14,Great Soppo to Check Point,4.01,16,Friday,4,12.63,19.05,Low,Clouds,No Rain,0,0,0,1,1,1,Market Activity,Medium,35
2026-05-08 16:32:14,Malingo to Bonduma,3.65,16,Friday,4,12.33,17.78,Low,Clouds,No Rain,0,0,0,1,1,1,Market Activity,Medium,35
2026-05-08 16:32:14,Buea Town to Malingo,5.04,16,Friday,4,15.4,19.66,Low,Clouds,No Rain,0,0,0,1,1,1,Market Activity,Medium,35
2026-05-08 16:32:14,Buea Town to Muea,0.0,16,Friday,4,0.0,0,Low,Clouds,No Rain,0,0,0,1,1,1,Market Activity,Medium,35
2026-05-08 16:42:14,Bonduma Gate to Mile 17,3.81,16,Friday,4,10.97,20.86,Low,Clouds,No Rain,0,0,0,1,1,1,Market Activity,Medium,35
2026-05-08 16:42:14,Bonduma to UB Junction,3.95,16,Friday,4,14.05,16.85,Low,Clouds,No Rain,0,0,0,1,1,1,Market Activity,Medium,35
2026-05-08 16:42:14,Bonduma to Molyko,3.11,16,Friday,4,9.88,18.89,Low,Clouds,No Rain,0,0,0,1,1,1,Market Activity,Medium,35
2026-05-08 16:42:14,Bonduma to Check Point,1.73,16,Friday,4,5.02,20.7,Low,Clouds,No Rain,0,0,0,1,1,1,Market Activity,Medium,35
2026-05-08 16:42:14,Bonduma to Muea,2.06,16,Friday,4,7.87,15.72,Medium,Clouds,No Rain,0,0,0,1,1,1,Market Activity,Medium,55
2026-05-08 16:42:14,Bonduma to Great Soppo,2.95,16,Friday,4,11.12,15.92,Medium,Clouds,No Rain,0,0,0,1,1,1,Market Activity,Medium,55
2026-05-08 16:42:14,Bonduma to Buea Town,2.06,16,Friday,4,7.87,15.72,Medium,Clouds,No Rain,0,0,0,1,1,1,Market Activity,Medium,55
2026-05-08 16:42:14,Mile 16 to Mile 17,4.4,16,Friday,4,12.95,20.4,Low,Clouds,No Rain,0,0,0,1,1,1,Market Activity,Medium,35
2026-05-08 16:42:14,Mile 17 to Malingo,1.54,16,Friday,4,5.28,17.52,Low,Clouds,No Rain,0,0,0,1,1,1,Market Activity,Medium,35
2026-05-08 16:42:14,Mile 17 to UB Junction,2.05,16,Friday,4,7.97,15.46,Low,Clouds,No Rain,0,0,0,1,1,1,Market Activity,Medium,35
2026-05-08 16:42:14,Mile 17 to Check Point,2.47,16,Friday,4,10.42,14.24,Medium,Clouds,No Rain,0,0,0,1,1,1,Market Activity,Medium,55
2026-05-08 16:42:14,Mile 17 to Muea,5.59,16,Friday,4,19.33,17.36,Medium,Clouds,No Rain,0,0,0,1,1,1,Market Activity,Medium,55
2026-05-08 16:42:14,Mile 17 to Great Soppo,6.48,16,Friday,4,22.57,17.24,Low,Clouds,No Rain,0,0,0,1,1,1,Market Activity,Medium,35
2026-05-08 16:42:14,Malingo to UB Junction,3.47,16,Friday,4,11.88,17.52,Low,Clouds,No Rain,0,0,0,1,1,1,Market Activity,Medium,35
2026-05-08 16:42:14,Malingo to Check Point,1.92,16,Friday,4,7.2,16.02,Low,Clouds,No Rain,0,0,0,1,1,1,Market Activity,Medium,35
2026-05-08 16:42:14,Malingo to Molyko,6.09,16,Friday,4,18.6,19.66,Low,Clouds,No Rain,0,0,0,1,1,1,Market Activity,Medium,35
2026-05-08 16:42:14,Malingo to Muea,5.04,16,Friday,4,16.23,18.65,Low,Clouds,No Rain,0,0,0,1,1,1,Market Activity,Medium,35
2026-05-08 16:42:14,Malingo to Buea Town,5.04,16,Friday,4,16.23,18.65,Low,Clouds,No Rain,0,0,0,1,1,1,Market Activity,Medium,35
2026-05-08 16:42:14,UB Junction to Molyko,6.33,16,Friday,4,20.93,18.13,Low,Clouds,No Rain,0,0,0,1,1,1,Market Activity,Medium,35
2026-05-08 16:42:14,UB Junction to Check Point,2.15,16,Friday,4,9.95,12.99,Low,Clouds,No Rain,0,0,0,1,1,1,Market Activity,Medium,35
2026-05-08 16:42:14,UB Junction to Great Soppo,6.17,16,Friday,4,22.27,16.61,Low,Clouds,No Rain,0,0,0,1,1,1,Market Activity,Medium,35
2026-05-08 16:42:14,UB Junction to Buea Town,5.28,16,Friday,4,19.02,16.65,Low,Clouds,No Rain,0,0,0,1,1,1,Market Activity,Medium,35
2026-05-08 16:42:14,UB Junction to Muea,5.28,16,Friday,4,19.07,16.6,Low,Clouds,No Rain,0,0,0,1,1,1,Market Activity,Medium,35
2026-05-08 16:42:14,Molyko to Check Point,4.17,16,Friday,4,11.58,21.61,Low,Clouds,No Rain,0,0,0,1,1,1,Market Activity,Medium,35
2026-05-08 16:42:14,Molyko to Great Soppo,2.03,16,Friday,4,5.93,20.52,Low,Clouds,No Rain,0,0,0,1,1,1,Market Activity,Medium,35
2026-05-08 16:42:14,Molyko to Small Soppo,3.57,16,Friday,4,12.58,17.04,Low,Clouds,No Rain,0,0,0,1,1,1,Market Activity,Medium,35
2026-05-08 16:42:14,Molyko to Bongo Square,4.15,16,Friday,4,12.2,20.42,Low,Clouds,No Rain,0,0,0,1,1,1,Market Activity,Medium,35
2026-05-08 16:42:14,Molyko to Buea Town,2.92,16,Friday,4,9.17,19.1,Low,Clouds,No Rain,0,0,0,1,1,1,Market Activity,Medium,35
2026-05-08 16:42:14,Molyko to Muea,2.92,16,Friday,4,9.17,19.1,Low,Clouds,No Rain,0,0,0,1,1,1,Market Activity,Medium,35
2026-05-08 16:42:14,Molyko to Bokwango,6.15,16,Friday,4,22.2,16.63,Low,Clouds,No Rain,0,0,0,1,1,1,Market Activity,Medium,35
2026-05-08 16:42:14,Check Point to Buea Town,3.12,16,Friday,4,9.55,19.61,Medium,Clouds,No Rain,0,0,0,1,1,1,Market Activity,Medium,55
2026-05-08 16:42:14,Check Point to Great Soppo,4.01,16,Friday,4,12.78,18.83,Medium,Clouds,No Rain,0,0,0,1,1,1,Market Activity,Medium,55
2026-05-08 16:42:14,Check Point to Small Soppo,3.78,16,Friday,4,12.12,18.71,Medium,Clouds,No Rain,0,0,0,1,1,1,Market Activity,Medium,55
2026-05-08 16:42:14,Check Point to Bongo Square,4.36,16,Friday,4,11.77,22.22,Medium,Clouds,No Rain,0,0,0,1,1,1,Market Activity,Medium,55
2026-05-08 16:42:14,Check Point to Muea,3.12,16,Friday,4,9.55,19.61,Medium,Clouds,No Rain,0,0,0,1,1,1,Market Activity,Medium,55
2026-05-08 16:42:14,Great Soppo to Small Soppo,1.54,16,Friday,4,6.1,15.2,Low,Clouds,No Rain,0,0,0,1,1,1,Market Activity,Medium,35
2026-05-08 16:42:14,Great Soppo to Bongo Square,2.12,16,Friday,4,5.82,21.91,Low,Clouds,No Rain,0,0,0,1,1,1,Market Activity,Medium,35
2026-05-08 16:42:14,Great Soppo to Buea Town,0.89,16,Friday,4,3.23,16.5,Low,Clouds,No Rain,0,0,0,1,1,1,Market Activity,Medium,35
2026-05-08 16:42:14,Great Soppo to Muea,0.89,16,Friday,4,3.23,16.5,Low,Clouds,No Rain,0,0,0,1,1,1,Market Activity,Medium,35
2026-05-08 16:42:14,Small Soppo to Bongo Square,1.07,16,Friday,4,3.63,17.64,Low,Clouds,No Rain,0,0,0,1,1,1,Market Activity,Medium,35
2026-05-08 16:42:14,Small Soppo to Buea Town,0.52,16,Friday,4,2.8,11.04,Low,Clouds,No Rain,0,0,0,1,1,1,Market Activity,Medium,35
2026-05-08 16:42:14,Small Soppo to Muea,0.52,16,Friday,4,2.8,11.04,Low,Clouds,No Rain,0,0,0,1,1,1,Market Activity,Medium,35
2026-05-08 16:42:14,Bongo Square to Buea Town,1.24,16,Friday,4,2.37,31.31,Low,Clouds,No Rain,0,0,0,1,1,1,Market Activity,Medium,35
2026-05-08 16:42:14,Bongo Square to Muea,1.24,16,Friday,4,2.37,31.31,Low,Clouds,No Rain,0,0,0,1,1,1,Market Activity,Medium,35
2026-05-08 16:42:14,Bokwango to Molyko,6.15,16,Friday,4,22.37,16.51,Low,Clouds,No Rain,0,0,0,1,1,1,Market Activity,Medium,35
2026-05-08 16:42:14,Bokwango to Check Point,5.26,16,Friday,4,20.53,15.38,Low,Clouds,No Rain,0,0,0,1,1,1,Market Activity,Medium,35
2026-05-08 16:42:14,Bokwango to Buea Town,8.38,16,Friday,4,29.33,17.15,Low,Clouds,No Rain,0,0,0,1,1,1,Market Activity,Medium,35
2026-05-08 16:42:14,Bokwango to Great Soppo,9.27,16,Friday,4,32.57,17.09,Low,Clouds,No Rain,0,0,0,1,1,1,Market Activity,Medium,35
2026-05-08 16:42:14,Muea to Great Soppo,0.89,16,Friday,4,3.23,16.5,Low,Clouds,No Rain,0,0,0,1,1,1,Market Activity,Medium,35
2026-05-08 16:42:14,Muea to Molyko,2.92,16,Friday,4,8.87,19.75,Low,Clouds,No Rain,0,0,0,1,1,1,Market Activity,Medium,35
2026-05-08 16:42:14,Muea to Check Point,3.12,16,Friday,4,9.23,20.29,Medium,Clouds,No Rain,0,0,0,1,1,1,Market Activity,Medium,55
2026-05-08 16:42:14,Muea to Buea Town,0.0,16,Friday,4,0.0,0,Low,Clouds,No Rain,0,0,0,1,1,1,Market Activity,Medium,35
2026-05-08 16:42:14,Muea to Bonduma,2.06,16,Friday,4,7.67,16.13,Medium,Clouds,No Rain,0,0,0,1,1,1,Market Activity,Medium,55
2026-05-08 16:42:14,Muea to Malingo,5.04,16,Friday,4,16.07,18.84,Low,Clouds,No Rain,0,0,0,1,1,1,Market Activity,Medium,35
2026-05-08 16:42:14,Clerks Quarters to Governor Junction,1.33,16,Friday,4,2.77,28.89,Low,Clouds,No Rain,0,0,0,1,1,1,Market Activity,Medium,35
2026-05-08 16:42:14,Governor Junction to Long Street,0.0,16,Friday,4,0.0,0,Low,Clouds,No Rain,0,0,0,1,1,1,Market Activity,Medium,35
2026-05-08 16:42:14,Long Street to Bongo Square,1.24,16,Friday,4,2.23,33.18,Low,Clouds,No Rain,0,0,0,1,1,1,Market Activity,Medium,35
2026-05-08 16:42:14,Governor Junction to Buea Town,0.0,16,Friday,4,0.0,0,Low,Clouds,No Rain,0,0,0,1,1,1,Market Activity,Medium,35
2026-05-08 16:42:14,Molyko to UB Junction,6.39,16,Friday,4,19.98,19.18,Low,Clouds,No Rain,0,0,0,1,1,1,Market Activity,Medium,35
2026-05-08 16:42:14,UB Junction to Bonduma,3.88,16,Friday,4,15.08,15.45,Low,Clouds,No Rain,0,0,0,1,1,1,Market Activity,Medium,35
2026-05-08 16:42:14,Check Point to Molyko,4.17,16,Friday,4,11.88,21.06,Low,Clouds,No Rain,0,0,0,1,1,1,Market Activity,Medium,35
2026-05-08 16:42:14,Great Soppo to Check Point,4.01,16,Friday,4,12.83,18.75,Low,Clouds,No Rain,0,0,0,1,1,1,Market Activity,Medium,35
2026-05-08 16:42:14,Malingo to Bonduma,3.65,16,Friday,4,12.28,17.85,Low,Clouds,No Rain,0,0,0,1,1,1,Market Activity,Medium,35
2026-05-08 16:42:14,Buea Town to Malingo,5.04,16,Friday,4,16.07,18.84,Low,Clouds,No Rain,0,0,0,1,1,1,Market Activity,Medium,35
2026-05-08 16:42:14,Buea Town to Muea,0.0,16,Friday,4,0.0,0,Low,Clouds,No Rain,0,0,0,1,1,1,Market Activity,Medium,35
2026-05-08 16:52:14,Bonduma Gate to Mile 17,3.81,16,Friday,4,11.22,20.4,Low,Clouds,No Rain,0,0,0,1,1,1,Market Activity,Medium,35
2026-05-08 16:52:14,Bonduma to UB Junction,3.95,16,Friday,4,14.22,16.65,Low,Clouds,No Rain,0,0,0,1,1,1,Market Activity,Medium,35
2026-05-08 16:52:14,Bonduma to Molyko,3.11,16,Friday,4,9.88,18.89,Low,Clouds,No Rain,0,0,0,1,1,1,Market Activity,Medium,35
2026-05-08 16:52:14,Bonduma to Check Point,1.73,16,Friday,4,5.05,20.57,Low,Clouds,No Rain,0,0,0,1,1,1,Market Activity,Medium,35
2026-05-08 16:52:14,Bonduma to Muea,2.06,16,Friday,4,7.7,16.06,Medium,Clouds,No Rain,0,0,0,1,1,1,Market Activity,Medium,55
2026-05-08 16:52:14,Bonduma to Great Soppo,2.95,16,Friday,4,10.93,16.19,Low,Clouds,No Rain,0,0,0,1,1,1,Market Activity,Medium,35
2026-05-08 16:52:14,Bonduma to Buea Town,2.06,16,Friday,4,7.7,16.06,Medium,Clouds,No Rain,0,0,0,1,1,1,Market Activity,Medium,55
2026-05-08 16:52:14,Mile 16 to Mile 17,4.4,16,Friday,4,13.27,19.91,Low,Clouds,No Rain,0,0,0,1,1,1,Market Activity,Medium,35
2026-05-08 16:52:14,Mile 17 to Malingo,1.54,16,Friday,4,5.32,17.41,Low,Clouds,No Rain,0,0,0,1,1,1,Market Activity,Medium,35
2026-05-08 16:52:14,Mile 17 to UB Junction,2.05,16,Friday,4,7.63,16.14,Low,Clouds,No Rain,0,0,0,1,1,1,Market Activity,Medium,35
2026-05-08 16:52:14,Mile 17 to Check Point,2.47,16,Friday,4,9.77,15.19,Low,Clouds,No Rain,0,0,0,1,1,1,Market Activity,Medium,35
2026-05-08 16:52:14,Mile 17 to Muea,5.59,16,Friday,4,18.58,18.06,Low,Clouds,No Rain,0,0,0,1,1,1,Market Activity,Medium,35
2026-05-08 16:52:14,Mile 17 to Great Soppo,6.48,16,Friday,4,21.82,17.83,Low,Clouds,No Rain,0,0,0,1,1,1,Market Activity,Medium,35
2026-05-08 16:52:14,Malingo to UB Junction,3.47,16,Friday,4,11.77,17.69,Low,Clouds,No Rain,0,0,0,1,1,1,Market Activity,Medium,35
2026-05-08 16:52:14,Malingo to Check Point,2.02,16,Friday,4,7.15,16.97,Low,Clouds,No Rain,0,0,0,1,1,1,Market Activity,Medium,35
2026-05-08 16:52:14,Malingo to Molyko,6.19,16,Friday,4,18.75,19.82,Low,Clouds,No Rain,0,0,0,1,1,1,Market Activity,Medium,35
2026-05-08 16:52:14,Malingo to Muea,5.04,16,Friday,4,15.92,19.02,Low,Clouds,No Rain,0,0,0,1,1,1,Market Activity,Medium,35
2026-05-08 16:52:14,Malingo to Buea Town,5.04,16,Friday,4,15.92,19.02,Low,Clouds,No Rain,0,0,0,1,1,1,Market Activity,Medium,35
2026-05-08 16:52:14,UB Junction to Molyko,6.33,16,Friday,4,20.72,18.32,Low,Clouds,No Rain,0,0,0,1,1,1,Market Activity,Medium,35
2026-05-08 16:52:14,UB Junction to Check Point,2.15,16,Friday,4,9.82,13.17,Low,Clouds,No Rain,0,0,0,1,1,1,Market Activity,Medium,35
2026-05-08 16:52:14,UB Junction to Great Soppo,6.17,16,Friday,4,21.83,16.94,Low,Clouds,No Rain,0,0,0,1,1,1,Market Activity,Medium,35
2026-05-08 16:52:14,UB Junction to Buea Town,5.28,16,Friday,4,18.6,17.02,Low,Clouds,No Rain,0,0,0,1,1,1,Market Activity,Medium,35
2026-05-08 16:52:14,UB Junction to Muea,5.28,16,Friday,4,18.6,17.02,Low,Clouds,No Rain,0,0,0,1,1,1,Market Activity,Medium,35
2026-05-08 16:52:14,Molyko to Check Point,4.17,16,Friday,4,11.55,21.67,Low,Clouds,No Rain,0,0,0,1,1,1,Market Activity,Medium,35
2026-05-08 16:52:14,Molyko to Great Soppo,2.03,16,Friday,4,5.93,20.52,Low,Clouds,No Rain,0,0,0,1,1,1,Market Activity,Medium,35
2026-05-08 16:52:14,Molyko to Small Soppo,3.57,16,Friday,4,12.6,17.02,Low,Clouds,No Rain,0,0,0,1,1,1,Market Activity,Medium,35
2026-05-08 16:52:14,Molyko to Bongo Square,4.15,16,Friday,4,12.22,20.4,Low,Clouds,No Rain,0,0,0,1,1,1,Market Activity,Medium,35
2026-05-08 16:52:14,Molyko to Buea Town,2.92,16,Friday,4,9.17,19.1,Low,Clouds,No Rain,0,0,0,1,1,1,Market Activity,Medium,35
2026-05-08 16:52:14,Molyko to Muea,2.92,16,Friday,4,9.17,19.1,Low,Clouds,No Rain,0,0,0,1,1,1,Market Activity,Medium,35
2026-05-08 16:52:14,Molyko to Bokwango,6.15,16,Friday,4,22.18,16.64,Low,Clouds,No Rain,0,0,0,1,1,1,Market Activity,Medium,35
2026-05-08 16:52:14,Check Point to Buea Town,3.12,16,Friday,4,9.18,20.4,Medium,Clouds,No Rain,0,0,0,1,1,1,Market Activity,Medium,55
2026-05-08 16:52:14,Check Point to Great Soppo,4.01,16,Friday,4,12.42,19.38,Low,Clouds,No Rain,0,0,0,1,1,1,Market Activity,Medium,35
2026-05-08 16:52:14,Check Point to Small Soppo,3.78,16,Friday,4,11.77,19.26,Low,Clouds,No Rain,0,0,0,1,1,1,Market Activity,Medium,35
2026-05-08 16:52:14,Check Point to Bongo Square,4.36,16,Friday,4,11.4,22.93,Low,Clouds,No Rain,0,0,0,1,1,1,Market Activity,Medium,35
2026-05-08 16:52:14,Check Point to Muea,3.12,16,Friday,4,9.18,20.4,Medium,Clouds,No Rain,0,0,0,1,1,1,Market Activity,Medium,55
2026-05-08 16:52:14,Great Soppo to Small Soppo,1.54,16,Friday,4,6.17,15.03,Low,Clouds,No Rain,0,0,0,1,1,1,Market Activity,Medium,35
2026-05-08 16:52:14,Great Soppo to Bongo Square,2.12,16,Friday,4,5.8,21.97,Low,Clouds,No Rain,0,0,0,1,1,1,Market Activity,Medium,35
2026-05-08 16:52:14,Great Soppo to Buea Town,0.89,16,Friday,4,3.23,16.5,Low,Clouds,No Rain,0,0,0,1,1,1,Market Activity,Medium,35
2026-05-08 16:52:14,Great Soppo to Muea,0.89,16,Friday,4,3.23,16.5,Low,Clouds,No Rain,0,0,0,1,1,1,Market Activity,Medium,35
2026-05-08 16:52:14,Small Soppo to Bongo Square,1.07,16,Friday,4,3.6,17.8,Low,Clouds,No Rain,0,0,0,1,1,1,Market Activity,Medium,35
2026-05-08 16:52:14,Small Soppo to Buea Town,0.52,16,Friday,4,2.78,11.1,Low,Clouds,No Rain,0,0,0,1,1,1,Market Activity,Medium,35
2026-05-08 16:52:14,Small Soppo to Muea,0.52,16,Friday,4,2.78,11.1,Low,Clouds,No Rain,0,0,0,1,1,1,Market Activity,Medium,35
2026-05-08 16:52:14,Bongo Square to Buea Town,1.24,16,Friday,4,2.32,31.99,Low,Clouds,No Rain,0,0,0,1,1,1,Market Activity,Medium,35
2026-05-08 16:52:14,Bongo Square to Muea,1.24,16,Friday,4,2.32,31.99,Low,Clouds,No Rain,0,0,0,1,1,1,Market Activity,Medium,35
2026-05-08 16:52:14,Bokwango to Molyko,6.15,16,Friday,4,22.33,16.53,Low,Clouds,No Rain,0,0,0,1,1,1,Market Activity,Medium,35
2026-05-08 16:52:14,Bokwango to Check Point,5.26,16,Friday,4,20.33,15.53,Low,Clouds,No Rain,0,0,0,1,1,1,Market Activity,Medium,35
2026-05-08 16:52:14,Bokwango to Buea Town,8.38,16,Friday,4,29.08,17.3,Low,Clouds,No Rain,0,0,0,1,1,1,Market Activity,Medium,35
2026-05-08 16:52:14,Bokwango to Great Soppo,9.27,16,Friday,4,32.32,17.22,Low,Clouds,No Rain,0,0,0,1,1,1,Market Activity,Medium,35
2026-05-08 16:52:14,Muea to Great Soppo,0.89,16,Friday,4,3.23,16.5,Low,Clouds,No Rain,0,0,0,1,1,1,Market Activity,Medium,35
2026-05-08 16:52:14,Muea to Molyko,2.92,16,Friday,4,8.87,19.75,Low,Clouds,No Rain,0,0,0,1,1,1,Market Activity,Medium,35
2026-05-08 16:52:14,Muea to Check Point,3.12,16,Friday,4,8.95,20.93,Medium,Clouds,No Rain,0,0,0,1,1,1,Market Activity,Medium,55
2026-05-08 16:52:14,Muea to Buea Town,0.0,16,Friday,4,0.0,0,Low,Clouds,No Rain,0,0,0,1,1,1,Market Activity,Medium,35
2026-05-08 16:52:14,Muea to Bonduma,2.06,16,Friday,4,7.28,16.98,Medium,Clouds,No Rain,0,0,0,1,1,1,Market Activity,Medium,55
2026-05-08 16:52:14,Muea to Malingo,5.04,16,Friday,4,15.78,19.18,Low,Clouds,No Rain,0,0,0,1,1,1,Market Activity,Medium,35
2026-05-08 16:52:14,Clerks Quarters to Governor Junction,1.33,16,Friday,4,2.72,29.42,Low,Clouds,No Rain,0,0,0,1,1,1,Market Activity,Medium,35
2026-05-08 16:52:14,Governor Junction to Long Street,0.0,16,Friday,4,0.0,0,Low,Clouds,No Rain,0,0,0,1,1,1,Market Activity,Medium,35
2026-05-08 16:52:14,Long Street to Bongo Square,1.24,16,Friday,4,2.23,33.18,Low,Clouds,No Rain,0,0,0,1,1,1,Market Activity,Medium,35
2026-05-08 16:52:14,Governor Junction to Buea Town,0.0,16,Friday,4,0.0,0,Low,Clouds,No Rain,0,0,0,1,1,1,Market Activity,Medium,35
2026-05-08 16:52:14,Molyko to UB Junction,6.39,16,Friday,4,19.88,19.27,Low,Clouds,No Rain,0,0,0,1,1,1,Market Activity,Medium,35
2026-05-08 16:52:14,UB Junction to Bonduma,3.88,16,Friday,4,14.93,15.61,Low,Clouds,No Rain,0,0,0,1,1,1,Market Activity,Medium,35
2026-05-08 16:52:14,Check Point to Molyko,4.17,16,Friday,4,11.78,21.24,Low,Clouds,No Rain,0,0,0,1,1,1,Market Activity,Medium,35
2026-05-08 16:52:14,Great Soppo to Check Point,4.01,16,Friday,4,12.75,18.88,Low,Clouds,No Rain,0,0,0,1,1,1,Market Activity,Medium,35
2026-05-08 16:52:14,Malingo to Bonduma,3.65,16,Friday,4,12.23,17.92,Low,Clouds,No Rain,0,0,0,1,1,1,Market Activity,Medium,35
2026-05-08 16:52:14,Buea Town to Malingo,5.04,16,Friday,4,15.78,19.18,Low,Clouds,No Rain,0,0,0,1,1,1,Market Activity,Medium,35
2026-05-08 16:52:14,Buea Town to Muea,0.0,16,Friday,4,0.0,0,Low,Clouds,No Rain,0,0,0,1,1,1,Market Activity,Medium,35
2026-05-08 17:02:14,Bonduma Gate to Mile 17,3.81,17,Friday,4,11.18,20.46,Low,Clouds,No Rain,0,0,0,0,1,1,Market Activity,Medium,35
2026-05-08 17:02:14,Bonduma to UB Junction,3.95,17,Friday,4,14.15,16.73,Low,Clouds,No Rain,0,0,0,0,1,1,Market Activity,Medium,35
2026-05-08 17:02:14,Bonduma to Check Point,1.73,17,Friday,4,5.18,20.04,Low,Clouds,No Rain,0,0,0,0,1,1,Market Activity,Medium,35
2026-05-08 17:02:14,Bonduma to Muea,2.06,17,Friday,4,7.2,17.17,Medium,Clouds,No Rain,0,0,0,0,1,1,Market Activity,Medium,55
2026-05-08 17:02:14,Bonduma to Great Soppo,2.95,17,Friday,4,10.43,16.96,Low,Clouds,No Rain,0,0,0,0,1,1,Market Activity,Medium,35
2026-05-08 17:02:14,Bonduma to Buea Town,2.06,17,Friday,4,7.18,17.21,Medium,Clouds,No Rain,0,0,0,0,1,1,Market Activity,Medium,55
2026-05-08 17:02:14,Mile 16 to Mile 17,4.4,17,Friday,4,13.17,20.06,Low,Clouds,No Rain,0,0,0,0,1,1,Market Activity,Medium,35
2026-05-08 17:02:14,Mile 17 to Malingo,1.54,17,Friday,4,5.52,16.78,Low,Clouds,No Rain,0,0,0,0,1,1,Market Activity,Medium,35
2026-05-08 17:02:14,Mile 17 to UB Junction,2.05,17,Friday,4,7.62,16.17,Low,Clouds,No Rain,0,0,0,0,1,1,Market Activity,Medium,35
2026-05-08 17:02:14,Mile 17 to Check Point,2.47,17,Friday,4,9.55,15.53,Low,Clouds,No Rain,0,0,0,0,1,1,Market Activity,Medium,35
2026-05-08 17:02:14,Mile 17 to Muea,5.59,17,Friday,4,18.32,18.32,Low,Clouds,No Rain,0,0,0,0,1,1,Market Activity,Medium,35
2026-05-08 17:02:14,Mile 17 to Great Soppo,6.48,17,Friday,4,21.55,18.05,Low,Clouds,No Rain,0,0,0,0,1,1,Market Activity,Medium,35
2026-05-08 17:02:14,Malingo to UB Junction,3.47,17,Friday,4,11.8,17.64,Low,Clouds,No Rain,0,0,0,0,1,1,Market Activity,Medium,35
2026-05-08 17:02:14,Malingo to Check Point,2.02,17,Friday,4,7.12,17.05,Low,Clouds,No Rain,0,0,0,0,1,1,Market Activity,Medium,35
2026-05-08 17:02:14,Malingo to Molyko,6.09,17,Friday,4,18.68,19.57,Low,Clouds,No Rain,0,0,0,0,1,1,Market Activity,Medium,35
2026-05-08 17:02:14,Malingo to Muea,5.04,17,Friday,4,15.82,19.14,Low,Clouds,No Rain,0,0,0,0,1,1,Market Activity,Medium,35
2026-05-08 17:02:14,Malingo to Buea Town,5.04,17,Friday,4,15.82,19.14,Low,Clouds,No Rain,0,0,0,0,1,1,Market Activity,Medium,35
2026-05-08 17:02:14,UB Junction to Molyko,6.33,17,Friday,4,20.65,18.38,Low,Clouds,No Rain,0,0,0,0,1,1,Market Activity,Medium,35
2026-05-08 17:02:14,UB Junction to Check Point,2.15,17,Friday,4,9.62,13.45,Low,Clouds,No Rain,0,0,0,0,1,1,Market Activity,Medium,35
2026-05-08 17:02:14,UB Junction to Great Soppo,6.17,17,Friday,4,21.6,17.12,Low,Clouds,No Rain,0,0,0,0,1,1,Market Activity,Medium,35
2026-05-08 17:02:14,UB Junction to Buea Town,5.28,17,Friday,4,18.37,17.24,Low,Clouds,No Rain,0,0,0,0,1,1,Market Activity,Medium,35
2026-05-08 17:02:14,UB Junction to Muea,5.28,17,Friday,4,18.37,17.24,Low,Clouds,No Rain,0,0,0,0,1,1,Market Activity,Medium,35
2026-05-08 17:02:14,Molyko to Check Point,4.17,17,Friday,4,11.53,21.7,Low,Clouds,No Rain,0,0,0,0,1,1,Market Activity,Medium,35
2026-05-08 17:02:14,Molyko to Great Soppo,2.03,17,Friday,4,5.93,20.52,Low,Clouds,No Rain,0,0,0,0,1,1,Market Activity,Medium,35
2026-05-08 17:02:14,Molyko to Small Soppo,3.57,17,Friday,4,12.5,17.16,Low,Clouds,No Rain,0,0,0,0,1,1,Market Activity,Medium,35
2026-05-08 17:02:14,Molyko to Bongo Square,4.15,17,Friday,4,12.12,20.57,Low,Clouds,No Rain,0,0,0,0,1,1,Market Activity,Medium,35
2026-05-08 17:02:14,Molyko to Buea Town,2.92,17,Friday,4,9.17,19.1,Low,Clouds,No Rain2026-05-08 17:12:14,Bonduma Gate to Mile 17,3.81,17,Friday,4,10.97,20.86,Low,Clouds
2026-05-08 17:12:14,Bonduma to UB Junction,3.95,17,Friday,4,14.03,16.87,Low,Clouds,No Rain,0,0,0,0,1,1,Market Activity,Medium,35
2026-05-08 17:12:14,Bonduma to Molyko,3.11,17,Friday,4,9.88,18.89,Low,Clouds,No Rain,0,0,0,0,1,1,Market Activity,Medium,35
2026-05-08 17:12:14,Bonduma to Check Point,1.73,17,Friday,4,5.13,20.23,Low,Clouds,No Rain,0,0,0,0,1,1,Market Activity,Medium,35
2026-05-08 17:12:14,Bonduma to Muea,2.06,17,Friday,4,7.17,17.25,Medium,Clouds,No Rain,0,0,0,0,1,1,Market Activity,Medium,55
2026-05-08 17:12:14,Bonduma to Great Soppo,2.95,17,Friday,4,10.4,17.02,Low,Clouds,No Rain,0,0,0,0,1,1,Market Activity,Medium,35
2026-05-08 17:12:14,Bonduma to Buea Town,2.06,17,Friday,4,7.17,17.25,Medium,Clouds,No Rain,0,0,0,0,1,1,Market Activity,Medium,55
2026-05-08 17:12:14,Mile 16 to Mile 17,4.4,17,Friday,4,12.48,21.16,Low,Clouds,No Rain,0,0,0,0,1,1,Market Activity,Medium,35
2026-05-08 17:12:14,Mile 17 to Malingo,1.54,17,Friday,4,5.67,16.34,Low,Clouds,No Rain,0,0,0,0,1,1,Market Activity,Medium,35
2026-05-08 17:12:14,Mile 17 to UB Junction,2.05,17,Friday,4,7.5,16.42,Low,Clouds,No Rain,0,0,0,0,1,1,Market Activity,Medium,35
2026-05-08 17:12:14,Mile 17 to Check Point,2.47,17,Friday,4,9.4,15.78,Low,Clouds,No Rain,0,0,0,0,1,1,Market Activity,Medium,35
2026-05-08 17:12:14,Mile 17 to Muea,5.59,17,Friday,4,18.15,18.49,Low,Clouds,No Rain,0,0,0,0,1,1,Market Activity,Medium,35
2026-05-08 17:12:14,Mile 17 to Great Soppo,6.48,17,Friday,4,21.38,18.19,Low,Clouds,No Rain,0,0,0,0,1,1,Market Activity,Medium,35
2026-05-08 17:12:14,Malingo to UB Junction,3.47,17,Friday,4,11.83,17.59,Low,Clouds,No Rain,0,0,0,0,1,1,Market Activity,Medium,35
2026-05-08 17:12:14,Malingo to Molyko,6.09,17,Friday,4,18.63,19.63,Low,Clouds,No Rain,0,0,0,0,1,1,Market Activity,Medium,35
2026-05-08 17:12:14,Malingo to Muea,5.04,17,Friday,4,15.77,19.2,Low,Clouds,No Rain,0,0,0,0,1,1,Market Activity,Medium,35
2026-05-08 17:12:14,Malingo to Buea Town,5.04,17,Friday,4,15.77,19.2,Low,Clouds,No Rain,0,0,0,0,1,1,Market Activity,Medium,35
2026-05-08 17:12:14,UB Junction to Molyko,6.33,17,Friday,4,20.73,18.31,Low,Clouds,No Rain,0,0,0,0,1,1,Market Activity,Medium,35
2026-05-08 17:12:14,UB Junction to Check Point,2.15,17,Friday,4,9.57,13.52,Low,Clouds,No Rain,0,0,0,0,1,1,Market Activity,Medium,35
2026-05-08 17:12:14,UB Junction to Great Soppo,6.17,17,Friday,4,21.55,17.16,Low,Clouds,No Rain,0,0,0,0,1,1,Market Activity,Medium,35
2026-05-08 17:12:14,UB Junction to Buea Town,5.28,17,Friday,4,18.32,17.28,Low,Clouds,No Rain,0,0,0,0,1,1,Market Activity,Medium,35
2026-05-08 17:12:14,UB Junction to Muea,5.28,17,Friday,4,18.32,17.28,Low,Clouds,No Rain,0,0,0,0,1,1,Market Activity,Medium,35
2026-05-08 17:12:14,Molyko to Check Point,4.17,17,Friday,4,11.5,21.77,Low,Clouds,No Rain,0,0,0,0,1,1,Market Activity,Medium,35
2026-05-08 17:12:14,Molyko to Great Soppo,2.03,17,Friday,4,5.93,20.52,Low,Clouds,No Rain,0,0,0,0,1,1,Market Activity,Medium,35
2026-05-08 17:12:14,Molyko to Small Soppo,3.57,17,Friday,4,12.5,17.16,Low,Clouds,No Rain,0,0,0,0,1,1,Market Activity,Medium,35
2026-05-08 17:12:14,Molyko to Bongo Square,4.15,17,Friday,4,12.17,20.48,Low,Clouds,No Rain,0,0,0,0,1,1,Market Activity,Medium,35
2026-05-08 17:12:14,Molyko to Buea Town,2.92,17,Friday,4,9.17,19.1,Low,Clouds,No Rain,0,0,0,0,1,1,Market Activity,Medium,35
2026-05-08 17:12:14,Molyko to Muea,2.92,17,Friday,4,9.17,19.1,Low,Clouds,No Rain,0,0,0,0,1,1,Market Activity,Medium,35
2026-05-08 17:12:14,Molyko to Bokwango,6.15,17,Friday,4,22.15,16.67,Low,Clouds,No Rain,0,0,0,0,1,1,Market Activity,Medium,35
2026-05-08 17:12:14,Check Point to Buea Town,3.12,17,Friday,4,8.8,21.29,Low,Clouds,No Rain,0,0,0,0,1,1,Market Activity,Medium,35
2026-05-08 17:12:14,Check Point to Great Soppo,4.01,17,Friday,4,12.05,19.97,Low,Clouds,No Rain,0,0,0,0,1,1,Market Activity,Medium,35
2026-05-08 17:12:14,Check Point to Small Soppo,3.78,17,Friday,4,11.32,20.03,Low,Clouds,No Rain,0,0,0,0,1,1,Market Activity,Medium,35
2026-05-08 17:12:14,Check Point to Bongo Square,4.36,17,Friday,4,10.97,23.84,Low,Clouds,No Rain,0,0,0,0,1,1,Market Activity,Medium,35
2026-05-08 17:12:14,Check Point to Muea,3.12,17,Friday,4,8.8,21.29,Low,Clouds,No Rain,0,0,0,0,1,1,Market Activity,Medium,35
2026-05-08 17:12:14,Great Soppo to Small Soppo,1.54,17,Friday,4,6.07,15.28,Low,Clouds,No Rain,0,0,0,0,1,1,Market Activity,Medium,35
2026-05-08 17:12:14,Great Soppo to Bongo Square,2.12,17,Friday,4,5.73,22.23,Low,Clouds,No Rain,0,0,0,0,1,1,Market Activity,Medium,35
2026-05-08 17:12:14,Great Soppo to Buea Town,0.89,17,Friday,4,3.23,16.5,Low,Clouds,No Rain,0,0,0,0,1,1,Market Activity,Medium,35
2026-05-08 17:12:14,Great Soppo to Muea,0.89,17,Friday,4,3.23,16.5,Low,Clouds,No Rain,0,0,0,0,1,1,Market Activity,Medium,35
2026-05-08 17:12:14,Small Soppo to Bongo Square,1.07,17,Friday,4,3.58,17.88,Low,Clouds,No Rain,0,0,0,0,1,1,Market Activity,Medium,35
2026-05-08 17:12:14,Small Soppo to Buea Town,0.52,17,Friday,4,2.83,10.91,Low,Clouds,No Rain,0,0,0,0,1,1,Market Activity,Medium,35
2026-05-08 17:12:14,Small Soppo to Muea,0.52,17,Friday,4,2.83,10.91,Low,Clouds,No Rain,0,0,0,0,1,1,Market Activity,Medium,35
2026-05-08 17:12:14,Bongo Square to Buea Town,1.24,17,Friday,4,2.35,31.53,Low,Clouds,No Rain,0,0,0,0,1,1,Market Activity,Medium,35
2026-05-08 17:12:14,Bongo Square to Muea,1.24,17,Friday,4,2.35,31.53,Low,Clouds,No Rain,0,0,0,0,1,1,Market Activity,Medium,35
2026-05-08 17:12:14,Bokwango to Molyko,6.15,17,Friday,4,22.33,16.53,Low,Clouds,No Rain,0,0,0,0,1,1,Market Activity,Medium,35
2026-05-08 17:12:14,Bokwango to Check Point,5.26,17,Friday,4,20.37,15.5,Low,Clouds,No Rain,0,0,0,0,1,1,Market Activity,Medium,35
2026-05-08 17:12:14,Bokwango to Buea Town,8.38,17,Friday,4,29.15,17.26,Low,Clouds,No Rain,0,0,0,0,1,1,Market Activity,Medium,35
2026-05-08 17:12:14,Bokwango to Great Soppo,9.27,17,Friday,4,32.4,17.17,Low,Clouds,No Rain,0,0,0,0,1,1,Market Activity,Medium,35
2026-05-08 17:12:14,Muea to Great Soppo,0.89,17,Friday,4,3.23,16.5,Low,Clouds,No Rain,0,0,0,0,1,1,Market Activity,Medium,35
2026-05-08 17:12:14,Muea to Molyko,2.92,17,Friday,4,8.87,19.75,Low,Clouds,No Rain,0,0,0,0,1,1,Market Activity,Medium,35
2026-05-08 17:12:14,Muea to Check Point,3.12,17,Friday,4,8.33,22.48,Low,Clouds,No Rain,0,0,0,0,1,1,Market Activity,Medium,35
2026-05-08 17:12:14,Muea to Buea Town,0.0,17,Friday,4,0.0,0,Low,Clouds,No Rain,0,0,0,0,1,1,Market Activity,Medium,35
2026-05-08 17:12:14,Muea to Bonduma,2.06,17,Friday,4,6.65,18.6,Medium,Clouds,No Rain,0,0,0,0,1,1,Market Activity,Medium,55
2026-05-08 17:12:14,Muea to Malingo,5.04,17,Friday,4,15.17,19.96,Low,Clouds,No Rain,0,0,0,0,1,1,Market Activity,Medium,35
2026-05-08 17:12:14,Clerks Quarters to Governor Junction,1.33,17,Friday,4,2.72,29.42,Low,Clouds,No Rain,0,0,0,0,1,1,Market Activity,Medium,35
2026-05-08 17:12:14,Governor Junction to Long Street,0.0,17,Friday,4,0.0,0,Low,Clouds,No Rain,0,0,0,0,1,1,Market Activity,Medium,35
2026-05-08 17:12:14,Long Street to Bongo Square,1.24,17,Friday,4,2.15,34.47,Low,Clouds,No Rain,0,0,0,0,1,1,Market Activity,Medium,35
2026-05-08 17:12:14,Governor Junction to Buea Town,0.0,17,Friday,4,0.0,0,Low,Clouds,No Rain,0,0,0,0,1,1,Market Activity,Medium,35
2026-05-08 17:12:14,Molyko to UB Junction,6.39,17,Friday,4,19.67,19.49,Low,Clouds,No Rain,0,0,0,0,1,1,Market Activity,Medium,35
2026-05-08 17:12:14,UB Junction to Bonduma,3.88,17,Friday,4,14.95,15.59,Low,Clouds,No Rain,0,0,0,0,1,1,Market Activity,Medium,35
2026-05-08 17:12:14,Check Point to Molyko,4.17,17,Friday,4,11.88,21.06,Low,Clouds,No Rain,0,0,0,0,1,1,Market Activity,Medium,35
2026-05-08 17:12:14,Great Soppo to Check Point,4.01,17,Friday,4,12.23,19.67,Low,Clouds,No Rain,0,0,0,0,1,1,Market Activity,Medium,35
2026-05-08 17:12:14,Malingo to Bonduma,3.65,17,Friday,4,12.3,17.82,Low,Clouds,No Rain,0,0,0,0,1,1,Market Activity,Medium,35
2026-05-08 17:12:14,Buea Town to Malingo,5.04,17,Friday,4,15.27,19.83,Low,Clouds,No Rain,0,0,0,0,1,1,Market Activity,Medium,35
2026-05-08 17:12:14,Buea Town to Muea,0.0,17,Friday,4,0.0,0,Low,Clouds,No Rain,0,0,0,0,1,1,Market Activity,Medium,35
2026-05-08 17:22:14,Bonduma Gate to Mile 17,3.81,17,Friday,4,11.07,20.67,Low,Clouds,No Rain,0,0,0,0,1,1,Market Activity,Medium,35
2026-05-08 17:22:14,Bonduma to UB Junction,3.95,17,Friday,4,14.03,16.87,Low,Clouds,No Rain,0,0,0,0,1,1,Market Activity,Medium,35
2026-05-08 17:22:14,Bonduma to Molyko,3.11,17,Friday,4,9.88,18.89,Low,Clouds,No Rain,0,0,0,0,1,1,Market Activity,Medium,35
2026-05-08 17:22:14,Bonduma to Check Point,1.73,17,Friday,4,5.13,20.23,Low,Clouds,No Rain,0,0,0,0,1,1,Market Activity,Medium,35
2026-05-08 17:22:14,Bonduma to Muea,2.06,17,Friday,4,6.95,17.79,Low,Clouds,No Rain,0,0,0,0,1,1,Market Activity,Medium,35
2026-05-08 17:22:14,Bonduma to Great Soppo,2.95,17,Friday,4,10.2,17.35,Low,Clouds,No Rain,0,0,0,0,1,1,Market Activity,Medium,35
2026-05-08 17:22:14,Bonduma to Buea Town,2.06,17,Friday,4,6.95,17.79,Low,Clouds,No Rain,0,0,0,0,1,1,Market Activity,Medium,35
2026-05-08 17:22:14,Mile 16 to Mile 17,4.4,17,Friday,4,12.68,20.82,Low,Clouds,No Rain,0,0,0,0,1,1,Market Activity,Medium,35
2026-05-08 17:22:14,Mile 17 to Malingo,1.54,17,Friday,4,5.98,15.47,Low,Clouds,No Rain,0,0,0,0,1,1,Market Activity,Medium,35
2026-05-08 17:22:14,Mile 17 to UB Junction,2.05,17,Friday,4,7.52,16.39,Low,Clouds,No Rain,0,0,0,0,1,1,Market Activity,Medium,35
2026-05-08 17:22:14,Mile 17 to Check Point,2.47,17,Friday,4,9.37,15.83,Low,Clouds,No Rain,0,0,0,0,1,1,Market Activity,Medium,35
2026-05-08 17:22:14,Mile 17 to Muea,5.59,17,Friday,4,18.12,18.53,Low,Clouds,No Rain,0,0,0,0,1,1,Market Activity,Medium,35
2026-05-08 17:22:14,Mile 17 to Great Soppo,6.48,17,Friday,4,21.35,18.22,Low,Clouds,No Rain,0,0,0,0,1,1,Market Activity,Medium,35
2026-05-08 17:22:14,Malingo to UB Junction,3.47,17,Friday,4,11.8,17.64,Low,Clouds,No Rain,0,0,0,0,1,1,Market Activity,Medium,35
2026-05-08 17:22:14,Malingo to Check Point,2.02,17,Friday,4,7.33,16.54,Low,Clouds,No Rain,0,0,0,0,1,1,Market Activity,Medium,35
2026-05-08 17:22:14,Malingo to Molyko,6.09,17,Friday,4,18.78,19.47,Low,Clouds,No Rain,0,0,0,0,1,1,Market Activity,Medium,35
2026-05-08 17:22:14,Malingo to Muea,5.04,17,Friday,4,15.8,19.16,Low,Clouds,No Rain,0,0,0,0,1,1,Market Activity,Medium,35
2026-05-08 17:22:14,Malingo to Buea Town,5.04,17,Friday,4,15.8,19.16,Low,Clouds,No Rain,0,0,0,0,1,1,Market Activity,Medium,35
2026-05-08 17:22:14,UB Junction to Molyko,6.33,17,Friday,4,20.87,18.19,Low,Clouds,No Rain,0,0,0,0,1,1,Market Activity,Medium,35
2026-05-08 17:22:14,UB Junction to Check Point,2.15,17,Friday,4,9.52,13.59,Low,Clouds,No Rain,0,0,0,0,1,1,Market Activity,Medium,35
2026-05-08 17:22:14,UB Junction to Great Soppo,6.17,17,Friday,4,21.5,17.2,Low,Clouds,No Rain,0,0,0,0,1,1,Market Activity,Medium,35
2026-05-08 17:22:14,UB Junction to Buea Town,5.28,17,Friday,4,18.27,17.33,Low,Clouds,No Rain,0,0,0,0,1,1,Market Activity,Medium,35
2026-05-08 17:22:14,UB Junction to Muea,5.28,17,Friday,4,18.27,17.33,Low,Clouds,No Rain,0,0,0,0,1,1,Market Activity,Medium,35
2026-05-08 17:22:14,Molyko to Check Point,4.17,17,Friday,4,11.55,21.67,Low,Clouds,No Rain,0,0,0,0,1,1,Market Activity,Medium,35
2026-05-08 17:22:14,Molyko to Great Soppo,2.03,17,Friday,4,5.93,20.52,Low,Clouds,No Rain,0,0,0,0,1,1,Market Activity,Medium,35
2026-05-08 17:22:14,Molyko to Small Soppo,3.57,17,Friday,4,12.52,17.13,Low,Clouds,No Rain,0,0,0,0,1,1,Market Activity,Medium,35
2026-05-08 17:22:14,Molyko to Bongo Square,4.15,17,Friday,4,12.18,20.45,Low,Clouds,No Rain,0,0,0,0,1,1,Market Activity,Medium,35
2026-05-08 17:22:14,Molyko to Buea Town,2.92,17,Friday,4,9.17,19.1,Low,Clouds,No Rain,0,0,0,0,1,1,Market Activity,Medium,35
2026-05-08 17:22:14,Molyko to Muea,2.92,17,Friday,4,9.17,19.1,Low,Clouds,No Rain,0,0,0,0,1,1,Market Activity,Medium,35
2026-05-08 17:22:14,Molyko to Bokwango,6.15,17,Friday,4,22.13,16.68,Low,Clouds,No Rain,0,0,0,0,1,1,Market Activity,Medium,35
2026-05-08 17:22:14,Check Point to Buea Town,3.12,17,Friday,4,8.72,21.49,Low,Clouds,No Rain,0,0,0,0,1,1,Market Activity,Medium,35
2026-05-08 17:22:14,Check Point to Great Soppo,4.01,17,Friday,4,11.95,20.14,Low,Clouds,No Rain,0,0,0,0,1,1,Market Activity,Medium,35
2026-05-08 17:22:14,Check Point to Small Soppo,3.78,17,Friday,4,11.23,20.18,Low,Clouds,No Rain,0,0,0,0,1,1,Market Activity,Medium,35
2026-05-08 17:22:14,Check Point to Bongo Square,4.36,17,Friday,4,10.9,23.98,Low,Clouds,No Rain,0,0,0,0,1,1,Market Activity,Medium,35
2026-05-08 17:22:14,Check Point to Muea,3.12,17,Friday,4,8.72,21.49,Low,Clouds,No Rain,0,0,0,0,1,1,Market Activity,Medium,35
2026-05-08 17:22:14,Great Soppo to Small Soppo,1.54,17,Friday,4,6.1,15.2,Low,Clouds,No Rain,0,0,0,0,1,1,Market Activity,Medium,35
2026-05-08 17:22:14,Great Soppo to Bongo Square,2.12,17,Friday,4,5.73,22.23,Low,Clouds,No Rain,0,0,0,0,1,1,Market Activity,Medium,35
2026-05-08 17:22:14,Great Soppo to Buea Town,0.89,17,Friday,4,3.23,16.5,Low,Clouds,No Rain,0,0,0,0,1,1,Market Activity,Medium,35
2026-05-08 17:22:14,Great Soppo to Muea,0.89,17,Friday,4,3.23,16.5,Low,Clouds,No Rain,0,0,0,0,1,1,Market Activity,Medium,35
2026-05-08 17:22:14,Small Soppo to Bongo Square,1.07,17,Friday,4,3.58,17.88,Low,Clouds,No Rain,0,0,0,0,1,1,Market Activity,Medium,35
2026-05-08 17:22:14,Small Soppo to Buea Town,0.52,17,Friday,4,2.82,10.97,Low,Clouds,No Rain,0,0,0,0,1,1,Market Activity,Medium,35
2026-05-08 17:22:14,Small Soppo to Muea,0.52,17,Friday,4,2.82,10.97,Low,Clouds,No Rain,0,0,0,0,1,1,Market Activity,Medium,35
2026-05-08 17:22:14,Bongo Square to Buea Town,1.24,17,Friday,4,2.37,31.31,Low,Clouds,No Rain,0,0,0,0,1,1,Market Activity,Medium,35
2026-05-08 17:22:14,Bongo Square to Muea,1.24,17,Friday,4,2.37,31.31,Low,Clouds,No Rain,0,0,0,0,1,1,Market Activity,Medium,35
2026-05-08 17:22:14,Bokwango to Molyko,6.15,17,Friday,4,22.32,16.54,Low,Clouds,No Rain,0,0,0,0,1,1,Market Activity,Medium,35
2026-05-08 17:22:14,Bokwango to Check Point,5.26,17,Friday,4,20.58,15.34,Low,Clouds,No Rain,0,0,0,0,1,1,Market Activity,Medium,35
2026-05-08 17:22:14,Bokwango to Buea Town,8.38,17,Friday,4,29.53,17.03,Low,Clouds,No Rain,0,0,0,0,1,1,Market Activity,Medium,35
2026-05-08 17:22:14,Bokwango to Great Soppo,9.27,17,Friday,4,32.77,16.98,Low,Clouds,No Rain,0,0,0,0,1,1,Market Activity,Medium,35
2026-05-08 17:22:14,Muea to Great Soppo,0.89,17,Friday,4,3.23,16.5,Low,Clouds,No Rain,0,0,0,0,1,1,Market Activity,Medium,35
2026-05-08 17:22:14,Muea to Molyko,2.92,17,Friday,4,8.87,19.75,Low,Clouds,No Rain,0,0,0,0,1,1,Market Activity,Medium,35
2026-05-08 17:22:14,Muea to Check Point,3.12,17,Friday,4,8.63,21.7,Medium,Clouds,No Rain,0,0,0,0,1,1,Market Activity,Medium,55
2026-05-08 17:22:14,Muea to Buea Town,0.0,17,Friday,4,0.0,0,Low,Clouds,No Rain,0,0,0,0,1,1,Market Activity,Medium,35
2026-05-08 17:22:14,Muea to Bonduma,2.06,17,Friday,4,6.88,17.97,Medium,Clouds,No Rain,0,0,0,0,1,1,Market Activity,Medium,55
2026-05-08 17:22:14,Muea to Malingo,5.04,17,Friday,4,15.48,19.55,Low,Clouds,No Rain,0,0,0,0,1,1,Market Activity,Medium,35
2026-05-08 17:22:14,Clerks Quarters to Governor Junction,1.33,17,Friday,4,2.75,29.06,Low,Clouds,No Rain,0,0,0,0,1,1,Market Activity,Medium,35
2026-05-08 17:22:14,Governor Junction to Long Street,0.0,17,Friday,4,0.0,0,Low,Clouds,No Rain,0,0,0,0,1,1,Market Activity,Medium,35
2026-05-08 17:22:14,Long Street to Bongo Square,1.24,17,Friday,4,2.17,34.2,Low,Clouds,No Rain,0,0,0,0,1,1,Market Activity,Medium,35
2026-05-08 17:22:14,Governor Junction to Buea Town,0.0,17,Friday,4,0.0,0,Low,Clouds,No Rain,0,0,0,0,1,1,Market Activity,Medium,35
2026-05-08 17:22:14,Molyko to UB Junction,6.39,17,Friday,4,19.7,19.45,Low,Clouds,No Rain,0,0,0,0,1,1,Market Activity,Medium,35
2026-05-08 17:22:14,UB Junction to Bonduma,3.88,17,Friday,4,15.0,15.54,Low,Clouds,No Rain,0,0,0,0,1,1,Market Activity,Medium,35
2026-05-08 17:22:14,Check Point to Molyko,4.17,17,Friday,4,11.8,21.21,Low,Clouds,No Rain,0,0,0,0,1,1,Market Activity,Medium,35
2026-05-08 17:22:14,Great Soppo to Check Point,4.01,17,Friday,4,12.4,19.41,Low,Clouds,No Rain,0,0,0,0,1,1,Market Activity,Medium,35
2026-05-08 17:22:14,Malingo to Bonduma,3.65,17,Friday,4,12.45,17.61,Low,Clouds,No Rain,0,0,0,0,1,1,Market Activity,Medium,35
2026-05-08 17:22:14,Buea Town to Malingo,5.04,17,Friday,4,15.47,19.57,Low,Clouds,No Rain,0,0,0,0,1,1,Market Activity,Medium,35
2026-05-08 17:22:14,Buea Town to Muea,0.0,17,Friday,4,0.0,0,Low,Clouds,No Rain,0,0,0,0,1,1,Market Activity,Medium,35
2026-05-08 17:32:14,Bonduma Gate to Mile 17,3.81,17,Friday,4,11.27,20.31,Low,Clouds,No Rain,0,0,0,0,1,1,Market Activity,Medium,35
2026-05-08 17:32:14,Bonduma to UB Junction,3.95,17,Friday,4,14.15,16.73,Low,Clouds,No Rain,0,0,0,0,1,1,Market Activity,Medium,35
2026-05-08 17:32:14,Bonduma to Molyko,3.11,17,Friday,4,9.88,18.89,Low,Clouds,No Rain,0,0,0,0,1,1,Market Activity,Medium,35
2026-05-08 17:32:14,Bonduma to Check Point,1.73,17,Friday,4,5.2,19.97,Low,Clouds,No Rain,0,0,0,0,1,1,Market Activity,Medium,35
2026-05-08 17:32:14,Bonduma to Muea,2.06,17,Friday,4,6.82,18.14,Low,Clouds,No Rain,0,0,0,0,1,1,Market Activity,Medium,35
2026-05-08 17:32:14,Bonduma to Great Soppo,2.95,17,Friday,4,10.05,17.61,Low,Clouds,No Rain,0,0,0,0,1,1,Market Activity,Medium,35
2026-05-08 17:32:14,Bonduma to Buea Town,2.06,17,Friday,4,6.82,18.14,Low,Clouds,No Rain,0,0,0,0,1,1,Market Activity,Medium,35
2026-05-08 17:32:14,Mile 16 to Mile 17,4.4,17,Friday,4,12.8,20.63,Low,Clouds,No Rain,0,0,0,0,1,1,Market Activity,Medium,35
2026-05-08 17:32:14,Mile 17 to Malingo,1.54,17,Friday,4,6.18,14.97,Low,Clouds,No Rain,0,0,0,0,1,1,Market Activity,Medium,35
2026-05-08 17:32:14,Mile 17 to UB Junction,2.05,17,Friday,4,7.53,16.35,Low,Clouds,No Rain,0,0,0,0,1,1,Market Activity,Medium,35
2026-05-08 17:32:14,Mile 17 to Check Point,2.47,17,Friday,4,9.53,15.56,Low,Clouds,No Rain,0,0,0,0,1,1,Market Activity,Medium,35
2026-05-08 17:32:14,Mile 17 to Muea,5.59,17,Friday,4,18.35,18.29,Low,Clouds,No Rain,0,0,0,0,1,1,Market Activity,Medium,35
2026-05-08 17:32:14,Mile 17 to Great Soppo,6.48,17,Friday,4,21.6,18.01,Low,Clouds,No Rain,0,0,0,0,1,1,Market Activity,Medium,35
2026-05-08 17:32:14,Malingo to UB Junction,3.47,17,Friday,4,11.87,17.54,Low,Clouds,No Rain,0,0,0,0,1,1,Market Activity,Medium,35
2026-05-08 17:32:14,Malingo to Check Point,2.02,17,Friday,4,7.37,16.47,Low,Clouds,No Rain,0,0,0,0,1,1,Market Activity,Medium,35
2026-05-08 17:32:14,Malingo to Molyko,6.09,17,Friday,4,18.85,19.4,Low,Clouds,No Rain,0,0,0,0,1,1,Market Activity,Medium,35
2026-05-08 17:32:14,Malingo to Muea,5.04,17,Friday,4,15.83,19.12,Low,Clouds,No Rain,0,0,0,0,1,1,Market Activity,Medium,35
2026-05-08 17:32:14,Malingo to Buea Town,5.04,17,Friday,4,15.83,19.12,Low,Clouds,No Rain,0,0,0,0,1,1,Market Activity,Medium,35
2026-05-08 17:32:14,UB Junction to Molyko,6.33,17,Friday,4,21.0,18.07,Low,Clouds,No Rain,0,0,0,0,1,1,Market Activity,Medium,35
2026-05-08 17:32:14,UB Junction to Check Point,2.15,17,Friday,4,9.63,13.42,Low,Clouds,No Rain,0,0,0,0,1,1,Market Activity,Medium,35
2026-05-08 17:32:14,UB Junction to Great Soppo,6.17,17,Friday,4,21.73,17.02,Low,Clouds,No Rain,0,0,0,0,1,1,Market Activity,Medium,35
2026-05-08 17:32:14,UB Junction to Buea Town,5.28,17,Friday,4,18.5,17.11,Low,Clouds,No Rain,0,0,0,0,1,1,Market Activity,Medium,35
2026-05-08 17:32:14,UB Junction to Muea,5.28,17,Friday,4,18.5,17.11,Low,Clouds,No Rain,0,0,0,0,1,1,Market Activity,Medium,35
2026-05-08 17:32:14,Molyko to Check Point,4.17,17,Friday,4,11.45,21.86,Low,Clouds,No Rain,0,0,0,0,1,1,Market Activity,Medium,35
2026-05-08 17:32:14,Molyko to Great Soppo,2.03,17,Friday,4,5.93,20.52,Low,Clouds,No Rain,0,0,0,0,1,1,Market Activity,Medium,35
2026-05-08 17:32:14,Molyko to Small Soppo,3.57,17,Friday,4,12.48,17.18,Low,Clouds,No Rain,0,0,0,0,1,1,Market Activity,Medium,35
2026-05-08 17:32:14,Molyko to Bongo Square,4.15,17,Friday,4,12.2,20.42,Low,Clouds,No Rain,0,0,0,0,1,1,Market Activity,Medium,35
2026-05-08 17:32:14,Molyko to Buea Town,2.92,17,Friday,4,9.17,19.1,Low,Clouds,No Rain,0,0,0,0,1,1,Market Activity,Medium,35
2026-05-08 17:32:14,Molyko to Muea,2.92,17,Friday,4,9.17,19.1,Low,Clouds,No Rain,0,0,0,0,1,1,Market Activity,Medium,35
2026-05-08 17:32:14,Molyko to Bokwango,6.15,17,Friday,4,22.12,16.69,Low,Clouds,No Rain,0,0,0,0,1,1,Market Activity,Medium,35
2026-05-08 17:32:14,Check Point to Buea Town,3.12,17,Friday,4,8.73,21.45,Low,Clouds,No Rain,0,0,0,0,1,1,Market Activity,Medium,35
2026-05-08 17:32:14,Check Point to Small Soppo,3.78,17,Friday,4,11.23,20.18,Low,Clouds,No Rain,0,0,0,0,1,1,Market Activity,Medium,35
2026-05-08 17:32:14,Check Point to Bongo Square,4.36,17,Friday,4,10.92,23.95,Low,Clouds,No Rain,0,0,0,0,1,1,Market Activity,Medium,35
2026-05-08 17:32:14,Check Point to Muea,3.12,17,Friday,4,8.73,21.45,Low,Clouds,No Rain,0,0,0,0,1,1,Market Activity,Medium,35
2026-05-08 17:32:14,Great Soppo to Small Soppo,1.54,17,Friday,4,6.1,15.2,Low,Clouds,No Rain,0,0,0,0,1,1,Market Activity,Medium,35
2026-05-08 17:32:14,Great Soppo to Bongo Square,2.12,17,Friday,4,5.75,22.16,Low,Clouds,No Rain,0,0,0,0,1,1,Market Activity,Medium,35
2026-05-08 17:32:14,Great Soppo to Buea Town,0.89,17,Friday,4,3.23,16.5,Low,Clouds,No Rain,0,0,0,0,1,1,Market Activity,Medium,35
2026-05-08 17:32:14,Great Soppo to Muea,0.89,17,Friday,4,3.23,16.5,Low,Clouds,No Rain,0,0,0,0,1,1,Market Activity,Medium,35
2026-05-08 17:32:14,Small Soppo to Bongo Square,1.07,17,Friday,4,3.6,17.8,Low,Clouds,No Rain,0,0,0,0,1,1,Market Activity,Medium,35
2026-05-08 17:32:14,Small Soppo to Buea Town,0.52,17,Friday,4,2.8,11.04,Low,Clouds,No Rain,0,0,0,0,1,1,Market Activity,Medium,35
2026-05-08 17:32:14,Small Soppo to Muea,0.52,17,Friday,4,2.8,11.04,Low,Clouds,No Rain,0,0,0,0,1,1,Market Activity,Medium,35
2026-05-08 17:32:14,Bongo Square to Buea Town,1.24,17,Friday,4,2.32,31.99,Low,Clouds,No Rain,0,0,0,0,1,1,Market Activity,Medium,35
2026-05-08 17:32:14,Bongo Square to Muea,1.24,17,Friday,4,2.32,31.99,Low,Clouds,No Rain,0,0,0,0,1,1,Market Activity,Medium,35
2026-05-08 17:32:14,Bokwango to Molyko,6.15,17,Friday,4,22.3,16.56,Low,Clouds,No Rain,0,0,0,0,1,1,Market Activity,Medium,35
2026-05-08 17:32:14,Bokwango to Check Point,5.26,17,Friday,4,20.47,15.43,Low,Clouds,No Rain,0,0,0,0,1,1,Market Activity,Medium,35
2026-05-08 17:32:14,Bokwango to Buea Town,8.38,17,Friday,4,29.45,17.08,Low,Clouds,No Rain,0,0,0,0,1,1,Market Activity,Medium,35
2026-05-08 17:32:14,Bokwango to Great Soppo,9.27,17,Friday,4,32.7,17.02,Low,Clouds,No Rain,0,0,0,0,1,1,Market Activity,Medium,35
2026-05-08 17:32:14,Muea to Great Soppo,0.89,17,Friday,4,3.23,16.5,Low,Clouds,No Rain,0,0,0,0,1,1,Market Activity,Medium,35
2026-05-08 17:32:14,Muea to Check Point,3.12,17,Friday,4,8.3,22.57,Low,Clouds,No Rain,0,0,0,0,1,1,Market Activity,Medium,35
2026-05-08 17:32:14,Muea to Buea Town,0.0,17,Friday,4,0.0,0,Low,Clouds,No Rain,0,0,0,0,1,1,Market Activity,Medium,35
2026-05-08 17:32:14,Muea to Bonduma,2.06,17,Friday,4,6.62,18.69,Low,Clouds,No Rain,0,0,0,0,1,1,Market Activity,Medium,35
2026-05-08 17:32:14,Muea to Malingo,5.04,17,Friday,4,15.13,20.0,Low,Clouds,No Rain,0,0,0,0,1,1,Market Activity,Medium,35
2026-05-08 17:32:14,Clerks Quarters to Governor Junction,1.33,17,Friday,4,2.65,30.16,Low,Clouds,No Rain,0,0,0,0,1,1,Market Activity,Medium,35
2026-05-08 17:32:14,Long Street to Bongo Square,1.24,17,Friday,4,2.15,34.47,Low,Clouds,No Rain,0,0,0,0,1,1,Market Activity,Medium,35
2026-05-08 17:32:14,Governor Junction to Buea Town,0.0,17,Friday,4,0.0,0,Low,Clouds,No Rain,0,0,0,0,1,1,Market Activity,Medium,35
2026-05-08 17:32:14,Molyko to UB Junction,6.39,17,Friday,4,19.62,19.54,Low,Clouds,No Rain,0,0,0,0,1,1,Market Activity,Medium,35
2026-05-08 17:32:14,UB Junction to Bonduma,3.88,17,Friday,4,15.18,15.35,Low,Clouds,No Rain,0,0,0,0,1,1,Market Activity,Medium,35
2026-05-08 17:32:14,Check Point to Molyko,4.17,17,Friday,4,11.93,20.98,Low,Clouds,No Rain,0,0,0,0,1,1,Market Activity,Medium,35
2026-05-08 17:32:14,Great Soppo to Check Point,4.01,17,Friday,4,12.0,20.05,Low,Clouds,No Rain,0,0,0,0,1,1,Market Activity,Medium,35
2026-05-08 17:32:14,Malingo to Bonduma,3.65,17,Friday,4,12.48,17.56,Low,Clouds,No Rain,0,0,0,0,1,1,Market Activity,Medium,35
2026-05-08 17:32:14,Buea Town to Malingo,5.04,17,Friday,4,15.2,19.91,Low,Clouds,No Rain,0,0,0,0,1,1,Market Activity,Medium,35
2026-05-08 17:32:14,Buea Town to Muea,0.0,17,Friday,4,0.0,0,Low,Clouds,No Rain,0,0,0,0,1,1,Market Activity,Medium,35
2026-05-08 17:42:14,Bonduma Gate to Mile 17,3.81,17,Friday,4,11.38,20.1,Low,Clouds,No Rain,0,0,0,0,1,1,Market Activity,Medium,35
2026-05-08 17:42:14,Bonduma to UB Junction,3.95,17,Friday,4,14.08,16.81,Low,Clouds,No Rain,0,0,0,0,1,1,Market Activity,Medium,35
2026-05-08 17:42:14,Bonduma to Molyko,3.11,17,Friday,4,9.88,18.89,Low,Clouds,No Rain,0,0,0,0,1,1,Market Activity,Medium,35
2026-05-08 17:42:14,Bonduma to Check Point,1.73,17,Friday,4,5.1,20.36,Low,Clouds,No Rain,0,0,0,0,1,1,Market Activity,Medium,35
2026-05-08 17:42:14,Bonduma to Muea,2.06,17,Friday,4,6.82,18.14,Low,Clouds,No Rain,0,0,0,0,1,1,Market Activity,Medium,35
2026-05-08 17:42:14,Bonduma to Great Soppo,2.95,17,Friday,4,10.07,17.58,Low,Clouds,No Rain,0,0,0,0,1,1,Market Activity,Medium,35
2026-05-08 17:42:14,Bonduma to Buea Town,2.06,17,Friday,4,6.82,18.14,Low,Clouds,No Rain,0,0,0,0,1,1,Market Activity,Medium,35
2026-05-08 17:42:14,Mile 16 to Mile 17,4.4,17,Friday,4,12.77,20.69,Low,Clouds,No Rain,0,0,0,0,1,1,Market Activity,Medium,35
2026-05-08 17:42:14,Mile 17 to Malingo,1.54,17,Friday,4,5.58,16.58,Low,Clouds,No Rain,0,0,0,0,1,1,Market Activity,Medium,35
2026-05-08 17:42:14,Mile 17 to UB Junction,2.05,17,Friday,4,7.53,16.35,Low,Clouds,No Rain,0,0,0,0,1,1,Market Activity,Medium,35
2026-05-08 17:42:14,Mile 17 to Check Point,2.47,17,Friday,4,9.5,15.61,Low,Clouds,No Rain,0,0,0,0,1,1,Market Activity,Medium,35
2026-05-08 17:42:14,Mile 17 to Muea,5.59,17,Friday,4,18.52,18.13,Low,Clouds,No Rain,0,0,0,0,1,1,Market Activity,Medium,35
2026-05-08 17:42:14,Mile 17 to Great Soppo,6.48,17,Friday,4,21.75,17.88,Low,Clouds,No Rain,0,0,0,0,1,1,Market Activity,Medium,35
2026-05-08 17:42:14,Malingo to UB Junction,3.47,17,Friday,4,11.77,17.69,Low,Clouds,No Rain,0,0,0,0,1,1,Market Activity,Medium,35
2026-05-08 17:42:14,Malingo to Check Point,1.92,17,Friday,4,7.3,15.81,Low,Clouds,No Rain,0,0,0,0,1,1,Market Activity,Medium,35
2026-05-08 17:42:14,Malingo to Molyko,6.09,17,Friday,4,19.07,19.18,Low,Clouds,No Rain,0,0,0,0,1,1,Market Activity,Medium,35
2026-05-08 17:42:14,Malingo to Muea,5.04,17,Friday,4,16.03,18.88,Low,Clouds,No Rain,0,0,0,0,1,1,Market Activity,Medium,35
2026-05-08 17:42:14,Malingo to Buea Town,5.04,17,Friday,4,16.03,18.88,Low,Clouds,No Rain,0,0,0,0,1,1,Market Activity,Medium,35
2026-05-08 17:42:14,UB Junction to Check Point,2.15,17,Friday,4,9.63,13.42,Low,Clouds,No Rain,0,0,0,0,1,1,Market Activity,Medium,35
2026-05-08 17:42:14,UB Junction to Great Soppo,6.17,17,Friday,4,21.88,16.9,Low,Clouds,No Rain,0,0,0,0,1,1,Market Activity,Medium,35
2026-05-08 17:42:14,UB Junction to Buea Town,5.28,17,Friday,4,18.63,16.99,Low,Clouds,No Rain,0,0,0,0,1,1,Market Activity,Medium,35
2026-05-08 17:42:14,UB Junction to Muea,5.28,17,Friday,4,18.63,16.99,Low,Clouds,No Rain,0,0,0,0,1,1,Market Activity,Medium,35
2026-05-08 17:42:14,Molyko to Check Point,4.17,17,Friday,4,11.45,21.86,Low,Clouds,No Rain,0,0,0,0,1,1,Market Activity,Medium,35
2026-05-08 17:42:14,Molyko to Great Soppo,2.03,17,Friday,4,5.93,20.52,Low,Clouds,No Rain,0,0,0,0,1,1,Market Activity,Medium,35
2026-05-08 17:42:14,Molyko to Small Soppo,3.57,17,Friday,4,12.52,17.13,Low,Clouds,No Rain,0,0,0,0,1,1,Market Activity,Medium,35
2026-05-08 17:42:14,Molyko to Bongo Square,4.15,17,Friday,4,12.18,20.45,Low,Clouds,No Rain,0,0,0,0,1,1,Market Activity,Medium,35
2026-05-08 17:42:14,Molyko to Buea Town,2.92,17,Friday,4,9.17,19.1,Low,Clouds,No Rain,0,0,0,0,1,1,Market Activity,Medium,35
2026-05-08 17:42:14,Molyko to Muea,2.92,17,Friday,4,9.17,19.1,Low,Clouds,No Rain,0,0,0,0,1,1,Market Activity,Medium,35
2026-05-08 17:42:14,Molyko to Bokwango,6.15,17,Friday,4,22.15,16.67,Low,Clouds,No Rain,0,0,0,0,1,1,Market Activity,Medium,35
2026-05-08 17:42:14,Check Point to Buea Town,3.12,17,Friday,4,8.88,21.09,Medium,Clouds,No Rain,0,0,0,0,1,1,Market Activity,Medium,55
2026-05-08 17:42:14,Check Point to Great Soppo,4.01,17,Friday,4,12.13,19.83,Low,Clouds,No Rain,0,0,0,0,1,1,Market Activity,Medium,35
2026-05-08 17:42:14,Check Point to Small Soppo,3.78,17,Friday,4,11.38,19.91,Low,Clouds,No Rain,0,0,0,0,1,1,Market Activity,Medium,35
2026-05-08 17:42:14,Check Point to Bongo Square,4.36,17,Friday,4,11.03,23.69,Low,Clouds,No Rain,0,0,0,0,1,1,Market Activity,Medium,35
2026-05-08 17:42:14,Check Point to Muea,3.12,17,Friday,4,8.88,21.09,Medium,Clouds,No Rain,0,0,0,0,1,1,Market Activity,Medium,55
2026-05-08 17:42:14,Great Soppo to Small Soppo,1.54,17,Friday,4,6.12,15.16,Low,Clouds,No Rain,0,0,0,0,1,1,Market Activity,Medium,35
2026-05-08 17:42:14,Great Soppo to Bongo Square,2.12,17,Friday,4,5.75,22.16,Low,Clouds,No Rain,0,0,0,0,1,1,Market Activity,Medium,35
2026-05-08 17:42:14,Great Soppo to Buea Town,0.89,17,Friday,4,3.23,16.5,Low,Clouds,No Rain,0,0,0,0,1,1,Market Activity,Medium,35
2026-05-08 17:42:14,Great Soppo to Muea,0.89,17,Friday,4,3.23,16.5,Low,Clouds,No Rain,0,0,0,0,1,1,Market Activity,Medium,35
2026-05-08 17:42:14,Small Soppo to Bongo Square,1.07,17,Friday,4,3.62,17.72,Low,Clouds,No Rain,0,0,0,0,1,1,Market Activity,Medium,35
2026-05-08 17:42:14,Small Soppo to Buea Town,0.52,17,Friday,4,2.83,10.91,Low,Clouds,No Rain,0,0,0,0,1,1,Market Activity,Medium,35
2026-05-08 17:42:14,Small Soppo to Muea,0.52,17,Friday,4,2.83,10.91,Low,Clouds,No Rain,0,0,0,0,1,1,Market Activity,Medium,35
2026-05-08 17:42:14,Bongo Square to Buea Town,1.24,17,Friday,4,2.23,33.18,Low,Clouds,No Rain,0,0,0,0,1,1,Market Activity,Medium,35
2026-05-08 17:42:14,Bongo Square to Muea,1.24,17,Friday,4,2.23,33.18,Low,Clouds,No Rain,0,0,0,0,1,1,Market Activity,Medium,35
2026-05-08 17:42:14,Bokwango to Molyko,6.15,17,Friday,4,22.3,16.56,Low,Clouds,No Rain,0,0,0,0,1,1,Market Activity,Medium,35
2026-05-08 17:42:14,Bokwango to Check Point,5.26,17,Friday,4,20.15,15.67,Low,Clouds,No Rain,0,0,0,0,1,1,Market Activity,Medium,35
2026-05-08 17:42:14,Bokwango to Buea Town,8.38,17,Friday,4,29.33,17.15,Low,Clouds,No Rain,0,0,0,0,1,1,Market Activity,Medium,35
2026-05-08 17:42:14,Bokwango to Great Soppo,9.27,17,Friday,4,32.57,17.09,Low,Clouds,No Rain,0,0,0,0,1,1,Market Activity,Medium,35
2026-05-08 17:42:14,Muea to Great Soppo,0.89,17,Friday,4,3.23,16.5,Low,Clouds,No Rain,0,0,0,0,1,1,Market Activity,Medium,35
2026-05-08 17:42:14,Muea to Molyko,2.92,17,Friday,4,8.87,19.75,Low,Clouds,No Rain,0,0,0,0,1,1,Market Activity,Medium,35
2026-05-08 17:42:14,Muea to Check Point,3.12,17,Friday,4,8.17,22.94,Low,Clouds,No Rain,0,0,0,0,1,1,Market Activity,Medium,35
2026-05-08 17:42:14,Muea to Buea Town,0.0,17,Friday,4,0.0,0,Low,Clouds,No Rain,0,0,0,0,1,1,Market Activity,Medium,35
2026-05-08 17:42:14,Muea to Bonduma,2.06,17,Friday,4,6.53,18.93,Low,Clouds,No Rain,0,0,0,0,1,1,Market Activity,Medium,35
2026-05-08 17:42:14,Muea to Malingo,5.04,17,Friday,4,15.0,20.18,Low,Clouds,No Rain,0,0,0,0,1,1,Market Activity,Medium,35
2026-05-08 17:42:14,Clerks Quarters to Governor Junction,1.33,17,Friday,4,2.58,30.94,Low,Clouds,No Rain,0,0,0,0,1,1,Market Activity,Medium,35
2026-05-08 17:42:14,Governor Junction to Long Street,0.0,17,Friday,4,0.0,0,Low,Clouds,No Rain,0,0,0,0,1,1,Market Activity,Medium,35
2026-05-08 17:42:14,Long Street to Bongo Square,1.24,17,Friday,4,2.17,34.2,Low,Clouds,No Rain,0,0,0,0,1,1,Market Activity,Medium,35
2026-05-08 17:42:14,Governor Junction to Buea Town,0.0,17,Friday,4,0.0,0,Low,Clouds,No Rain,0,0,0,0,1,1,Market Activity,Medium,35
2026-05-08 17:42:14,Molyko to UB Junction,6.39,17,Friday,4,19.68,19.47,Low,Clouds,No Rain,0,0,0,0,1,1,Market Activity,Medium,35
2026-05-08 17:42:14,UB Junction to Bonduma,3.88,17,Friday,4,15.25,15.29,Low,Clouds,No Rain,0,0,0,0,1,1,Market Activity,Medium,35
2026-05-08 17:42:14,Check Point to Molyko,4.17,17,Friday,4,12.02,20.83,Low,Clouds,No Rain,0,0,0,0,1,1,Market Activity,Medium,35
2026-05-08 17:42:14,Great Soppo to Check Point,4.01,17,Friday,4,11.9,20.22,Low,Clouds,No Rain,0,0,0,0,1,1,Market Activity,Medium,35
2026-05-08 17:42:14,Malingo to Bonduma,3.65,17,Friday,4,12.78,17.15,Low,Clouds,No Rain,0,0,0,0,1,1,Market Activity,Medium,35
2026-05-08 17:42:14,Buea Town to Malingo,5.04,17,Friday,4,15.05,20.11,Low,Clouds,No Rain,0,0,0,0,1,1,Market Activity,Medium,35
2026-05-08 17:42:14,Buea Town to Muea,0.0,17,Friday,4,0.0,0,Low,Clouds,No Rain,0,0,0,0,1,1,Market Activity,Medium,35
2026-05-08 17:52:14,Bonduma Gate to Mile 17,3.81,17,Friday,4,11.23,20.37,Low,Clouds,No Rain,0,0,0,0,1,1,Market Activity,Medium,35
2026-05-08 17:52:14,Bonduma to UB Junction,3.95,17,Friday,4,13.88,17.05,Low,Clouds,No Rain,0,0,0,0,1,1,Market Activity,Medium,35
2026-05-08 17:52:14,Bonduma to Molyko,3.11,17,Friday,4,9.88,18.89,Low,Clouds,No Rain,0,0,0,0,1,1,Market Activity,Medium,35
2026-05-08 17:52:14,Bonduma to Check Point,1.73,17,Friday,4,5.03,20.63,Low,Clouds,No Rain,0,0,0,0,1,1,Market Activity,Medium,35
2026-05-08 17:52:14,Bonduma to Muea,2.06,17,Friday,4,6.97,17.75,Low,Clouds,No Rain,0,0,0,0,1,1,Market Activity,Medium,35
2026-05-08 17:52:14,Bonduma to Great Soppo,2.95,17,Friday,4,10.22,17.32,Low,Clouds,No Rain,0,0,0,0,1,1,Market Activity,Medium,35
2026-05-08 17:52:14,Bonduma to Buea Town,2.06,17,Friday,4,6.97,17.75,Low,Clouds,No Rain,0,0,0,0,1,1,Market Activity,Medium,35
2026-05-08 17:52:14,Mile 16 to Mile 17,4.4,17,Friday,4,12.65,20.88,Low,Clouds,No Rain,0,0,0,0,1,1,Market Activity,Medium,35
2026-05-08 17:52:14,Mile 17 to Malingo,1.54,17,Friday,4,5.47,16.94,Low,Clouds,No Rain,0,0,0,0,1,1,Market Activity,Medium,35
2026-05-08 17:52:14,Mile 17 to UB Junction,2.05,17,Friday,4,7.53,16.35,Low,Clouds,No Rain,0,0,0,0,1,1,Market Activity,Medium,35
2026-05-08 17:52:14,Mile 17 to Check Point,2.47,17,Friday,4,9.33,15.89,Low,Clouds,No Rain,0,0,0,0,1,1,Market Activity,Medium,35
2026-05-08 17:52:14,Mile 17 to Muea,5.59,17,Friday,4,18.45,18.19,Low,Clouds,No Rain,0,0,0,0,1,1,Market Activity,Medium,35
2026-05-08 17:52:14,Mile 17 to Great Soppo,6.48,17,Friday,4,21.68,17.94,Low,Clouds,No Rain,0,0,0,0,1,1,Market Activity,Medium,35
2026-05-08 17:52:14,Malingo to UB Junction,3.47,17,Friday,4,11.65,17.87,Low,Clouds,No Rain,0,0,0,0,1,1,Market Activity,Medium,35
2026-05-08 17:52:14,Malingo to Check Point,1.92,17,Friday,4,7.3,15.81,Low,Clouds,No Rain,0,0,0,0,1,1,Market Activity,Medium,35
2026-05-08 17:52:14,Malingo to Molyko,6.09,17,Friday,4,19.13,19.11,Low,Clouds,No Rain,0,0,0,0,1,1,Market Activity,Medium,35
2026-05-08 17:52:14,Malingo to Muea,5.04,17,Friday,4,16.13,18.76,Low,Clouds,No Rain,0,0,0,0,1,1,Market Activity,Medium,35
2026-05-08 17:52:14,Malingo to Buea Town,5.04,17,Friday,4,16.13,18.76,Low,Clouds,No Rain,0,0,0,0,1,1,Market Activity,Medium,35
2026-05-08 17:52:14,UB Junction to Molyko,6.33,17,Friday,4,21.05,18.03,Low,Clouds,No Rain,0,0,0,0,1,1,Market Activity,Medium,35
2026-05-08 17:52:14,UB Junction to Check Point,2.15,17,Friday,4,9.47,13.66,Low,Clouds,No Rain,0,0,0,0,1,1,Market Activity,Medium,35
2026-05-08 17:52:14,UB Junction to Great Soppo,6.17,17,Friday,4,21.82,16.95,Low,Clouds,No Rain,0,0,0,0,1,1,Market Activity,Medium,35
2026-05-08 17:52:14,UB Junction to Buea Town,5.28,17,Friday,4,18.58,17.03,Low,Clouds,No Rain,0,0,0,0,1,1,Market Activity,Medium,35
2026-05-08 17:52:14,UB Junction to Muea,5.28,17,Friday,4,18.58,17.03,Low,Clouds,No Rain,0,0,0,0,1,1,Market Activity,Medium,35
2026-05-08 17:52:14,Molyko to Check Point,4.17,17,Friday,4,11.45,21.86,Low,Clouds,No Rain,0,0,0,0,1,1,Market Activity,Medium,35
2026-05-08 17:52:14,Molyko to Great Soppo,2.03,17,Friday,4,5.93,20.52,Low,Clouds,No Rain,0,0,0,0,1,1,Market Activity,Medium,35
2026-05-08 17:52:14,Molyko to Small Soppo,3.57,17,Friday,4,12.52,17.13,Low,Clouds,No Rain,0,0,0,0,1,1,Market Activity,Medium,35
2026-05-08 17:52:14,Molyko to Bongo Square,4.15,17,Friday,4,12.2,20.42,Low,Clouds,No Rain,0,0,0,0,1,1,Market Activity,Medium,35
2026-05-08 17:52:14,Molyko to Buea Town,2.92,17,Friday,4,9.17,19.1,Low,Clouds,No Rain,0,0,0,0,1,1,Market Activity,Medium,35
2026-05-08 17:52:14,Molyko to Muea,2.92,17,Friday,4,9.17,19.1,Low,Clouds,No Rain,0,0,0,0,1,1,Market Activity,Medium,35
2026-05-08 17:52:14,Molyko to Bokwango,6.15,17,Friday,4,22.17,16.65,Low,Clouds,No Rain,0,0,0,0,1,1,Market Activity,Medium,35
2026-05-08 17:52:14,Check Point to Buea Town,3.12,17,Friday,4,9.03,20.74,Medium,Clouds,No Rain,0,0,0,0,1,1,Market Activity,Medium,55
2026-05-08 17:52:14,Check Point to Great Soppo,4.01,17,Friday,4,12.27,19.62,Low,Clouds,No Rain,0,0,0,0,1,1,Market Activity,Medium,35
2026-05-08 17:52:14,Check Point to Small Soppo,3.78,17,Friday,4,11.52,19.68,Low,Clouds,No Rain,0,0,0,0,1,1,Market Activity,Medium,35
2026-05-08 17:52:14,Check Point to Bongo Square,4.36,17,Friday,4,11.17,23.41,Low,Clouds,No Rain,0,0,0,0,1,1,Market Activity,Medium,35
2026-05-08 17:52:14,Check Point to Muea,3.12,17,Friday,4,9.03,20.74,Medium,Clouds,No Rain,0,0,0,0,1,1,Market Activity,Medium,55
2026-05-08 17:52:14,Great Soppo to Small Soppo,1.54,17,Friday,4,6.12,15.16,Low,Clouds,No Rain,0,0,0,0,1,1,Market Activity,Medium,35
2026-05-08 17:52:14,Great Soppo to Bongo Square,2.12,17,Friday,4,5.7,22.36,Low,Clouds,No Rain,0,0,0,0,1,1,Market Activity,Medium,35
2026-05-08 17:52:14,Great Soppo to Buea Town,0.89,17,Friday,4,3.23,16.5,Low,Clouds,No Rain,0,0,0,0,1,1,Market Activity,Medium,35
2026-05-08 17:52:14,Great Soppo to Muea,0.89,17,Friday,4,3.23,16.5,Low,Clouds,No Rain,0,0,0,0,1,1,Market Activity,Medium,35
2026-05-08 17:52:14,Small Soppo to Bongo Square,1.07,17,Friday,4,3.58,17.88,Low,Clouds,No Rain,0,0,0,0,1,1,Market Activity,Medium,35
2026-05-08 17:52:14,Small Soppo to Buea Town,0.52,17,Friday,4,2.82,10.97,Low,Clouds,No Rain,0,0,0,0,1,1,Market Activity,Medium,35
2026-05-08 17:52:14,Small Soppo to Muea,0.52,17,Friday,4,2.82,10.97,Low,Clouds,No Rain,0,0,0,0,1,1,Market Activity,Medium,35
2026-05-08 17:52:14,Bongo Square to Buea Town,1.24,17,Friday,4,2.28,32.45,Low,Clouds,No Rain,0,0,0,0,1,1,Market Activity,Medium,35
2026-05-08 17:52:14,Bongo Square to Muea,1.24,17,Friday,4,2.28,32.45,Low,Clouds,No Rain,0,0,0,0,1,1,Market Activity,Medium,35
2026-05-08 17:52:14,Bokwango to Molyko,6.15,17,Friday,4,22.3,16.56,Low,Clouds,No Rain,0,0,0,0,1,1,Market Activity,Medium,35
2026-05-08 17:52:14,Bokwango to Buea Town,8.38,17,Friday,4,29.22,17.22,Low,Clouds,No Rain,0,0,0,0,1,1,Market Activity,Medium,35
2026-05-08 17:52:14,Bokwango to Great Soppo,9.27,17,Friday,4,32.45,17.15,Low,Clouds,No Rain,0,0,0,0,1,1,Market Activity,Medium,35
2026-05-08 17:52:14,Muea to Great Soppo,0.89,17,Friday,4,3.23,16.5,Low,Clouds,No Rain,0,0,0,0,1,1,Market Activity,Medium,35
2026-05-08 17:52:14,Muea to Molyko,2.92,17,Friday,4,8.87,19.75,Low,Clouds,No Rain,0,0,0,0,1,1,Market Activity,Medium,35
2026-05-08 17:52:14,Muea to Check Point,3.12,17,Friday,4,8.33,22.48,Low,Clouds,No Rain,0,0,0,0,1,1,Market Activity,Medium,35
2026-05-08 17:52:14,Muea to Buea Town,0.0,17,Friday,4,0.0,0,Low,Clouds,No Rain,0,0,0,0,1,1,Market Activity,Medium,35
2026-05-08 17:52:14,Muea to Bonduma,2.06,17,Friday,4,6.7,18.46,Medium,Clouds,No Rain,0,0,0,0,1,1,Market Activity,Medium,55
2026-05-08 17:52:14,Muea to Malingo,5.04,17,Friday,4,15.17,19.96,Low,Clouds,No Rain,0,0,0,0,1,1,Market Activity,Medium,35
2026-05-08 17:52:14,Clerks Quarters to Governor Junction,1.33,17,Friday,4,2.62,30.54,Low,Clouds,No Rain,0,0,0,0,1,1,Market Activity,Medium,35
2026-05-08 17:52:14,Governor Junction to Long Street,0.0,17,Friday,4,0.0,0,Low,Clouds,No Rain,0,0,0,0,1,1,Market Activity,Medium,35
2026-05-08 17:52:14,Long Street to Bongo Square,1.24,17,Friday,4,2.15,34.47,Low,Clouds,No Rain,0,0,0,0,1,1,Market Activity,Medium,35
2026-05-08 17:52:14,Governor Junction to Buea Town,0.0,17,Friday,4,0.0,0,Low,Clouds,No Rain,0,0,0,0,1,1,Market Activity,Medium,35
2026-05-08 17:52:14,Molyko to UB Junction,6.39,17,Friday,4,19.68,19.47,Low,Clouds,No Rain,0,0,0,0,1,1,Market Activity,Medium,35
2026-05-08 17:52:14,UB Junction to Bonduma,3.88,17,Friday,4,15.05,15.49,Low,Clouds,No Rain,0,0,0,0,1,1,Market Activity,Medium,35
2026-05-08 17:52:14,Check Point to Molyko,4.17,17,Friday,4,12.25,20.43,Low,Clouds,No Rain,0,0,0,0,1,1,Market Activity,Medium,35
2026-05-08 17:52:14,Great Soppo to Check Point,4.01,17,Friday,4,12.08,19.92,Low,Clouds,No Rain,0,0,0,0,1,1,Market Activity,Medium,35
2026-05-08 17:52:14,Malingo to Bonduma,3.65,17,Friday,4,12.8,17.13,Low,Clouds,No Rain,0,0,0,0,1,1,Market Activity,Medium,35
2026-05-08 17:52:14,Buea Town to Malingo,5.04,17,Friday,4,15.17,19.96,Low,Clouds,No Rain,0,0,0,0,1,1,Market Activity,Medium,35
2026-05-08 17:52:14,Buea Town to Muea,0.0,17,Friday,4,0.0,0,Low,Clouds,No Rain,0,0,0,0,1,1,Market Activity,Medium,35
2026-05-08 18:02:14,Bonduma Gate to Mile 17,3.81,18,Friday,4,11.32,20.22,Low,Clouds,No Rain,0,0,0,0,1,1,Market Activity,Medium,35
2026-05-08 18:02:14,Bonduma to UB Junction,3.95,18,Friday,4,13.87,17.07,Low,Clouds,No Rain,0,0,0,0,1,1,Market Activity,Medium,35
2026-05-08 18:02:14,Bonduma to Molyko,3.11,18,Friday,4,9.88,18.89,Low,Clouds,No Rain,0,0,0,0,1,1,Market Activity,Medium,35
2026-05-08 18:02:14,Bonduma to Check Point,1.73,18,Friday,4,5.08,20.43,Low,Clouds,No Rain,0,0,0,0,1,1,Market Activity,Medium,35
2026-05-08 18:02:14,Bonduma to Muea,2.06,18,Friday,4,6.93,17.84,Low,Clouds,No Rain,0,0,0,0,1,1,Market Activity,Medium,35
2026-05-08 18:02:14,Bonduma to Great Soppo,2.95,18,Friday,4,10.18,17.38,Low,Clouds,No Rain,0,0,0,0,1,1,Market Activity,Medium,35
2026-05-08 18:02:14,Bonduma to Buea Town,2.06,18,Friday,4,6.93,17.84,Low,Clouds,No Rain,0,0,0,0,1,1,Market Activity,Medium,35
2026-05-08 18:02:14,Mile 16 to Mile 17,4.4,18,Friday,4,12.7,20.8,Low,Clouds,No Rain,0,0,0,0,1,1,Market Activity,Medium,35
2026-05-08 18:02:14,Mile 17 to Malingo,1.54,18,Friday,4,5.5,16.83,Low,Clouds,No Rain,0,0,0,0,1,1,Market Activity,Medium,35
2026-05-08 18:02:14,Mile 17 to UB Junction,2.05,18,Friday,4,7.5,16.42,Low,Clouds,No Rain,0,0,0,0,1,1,Market Activity,Medium,35
2026-05-08 18:02:14,Mile 17 to Check Point,2.47,18,Friday,4,9.32,15.92,Low,Clouds,No Rain,0,0,0,0,1,1,Market Activity,Medium,35
2026-05-08 18:02:14,Mile 17 to Muea,5.59,18,Friday,4,18.27,18.37,Low,Clouds,No Rain,0,0,0,0,1,1,Market Activity,Medium,35
2026-05-08 18:02:14,Mile 17 to Great Soppo,6.48,18,Friday,4,21.5,18.09,Low,Clouds,No Rain,0,0,0,0,1,1,Market Activity,Medium,35
2026-05-08 18:02:14,Malingo to UB Junction,3.47,18,Friday,4,11.63,17.89,Low,Clouds,No Rain,0,0,0,0,1,1,Market Activity,Medium,35
2026-05-08 18:02:14,Malingo to Check Point,1.92,18,Friday,4,7.32,15.77,Low,Clouds,No Rain,0,0,0,0,1,1,Market Activity,Medium,35
2026-05-08 18:02:14,Malingo to Molyko,6.09,18,Friday,4,19.0,19.25,Low,Clouds,No Rain,0,0,0,0,1,1,Market Activity,Medium,35
2026-05-08 18:02:14,Malingo to Muea,5.04,18,Friday,4,16.0,18.92,Low,Clouds,No Rain,0,0,0,0,1,1,Market Activity,Medium,35
2026-05-08 18:02:14,Malingo to Buea Town,5.04,18,Friday,4,16.0,18.92,Low,Clouds,No Rain,0,0,0,0,1,1,Market Activity,Medium,35
2026-05-08 18:02:14,UB Junction to Molyko,6.33,18,Friday,4,20.92,18.15,Low,Clouds,No Rain,0,0,0,0,1,1,Market Activity,Medium,35
2026-05-08 18:02:14,UB Junction to Check Point,2.15,18,Friday,4,9.52,13.59,Low,Clouds,No Rain,0,0,0,0,1,1,Market Activity,Medium,35
2026-05-08 18:02:14,UB Junction to Great Soppo,6.17,18,Friday,4,21.67,17.07,Low,Clouds,No Rain,0,0,0,0,1,1,Market Activity,Medium,35
2026-05-08 18:02:14,UB Junction to Buea Town,5.28,18,Friday,4,18.43,17.17,Low,Clouds,No Rain,0,0,0,0,1,1,Market Activity,Medium,35
2026-05-08 18:02:14,UB Junction to Muea,5.28,18,Friday,4,18.43,17.17,Low,Clouds,No Rain,0,0,0,0,1,1,Market Activity,Medium,35
2026-05-08 18:02:14,Molyko to Check Point,4.17,18,Friday,4,11.8,21.21,Low,Clouds,No Rain,0,0,0,0,1,1,Market Activity,Medium,35
2026-05-08 18:02:14,Molyko to Great Soppo,2.03,18,Friday,4,5.93,20.52,Low,Clouds,No Rain,0,0,0,0,1,1,Market Activity,Medium,35
2026-05-08 18:02:14,Molyko to Small Soppo,3.57,18,Friday,4,12.53,17.11,Low,Clouds,No Rain,0,0,0,0,1,1,Market Activity,Medium,35
2026-05-08 18:02:14,Molyko to Bongo Square,4.15,18,Friday,4,12.22,20.4,Low,Clouds,No Rain,0,0,0,0,1,1,Market Activity,Medium,35
2026-05-08 18:02:14,Molyko to Buea Town,2.92,18,Friday,4,9.17,19.1,Low,Clouds,No Rain,0,0,0,0,1,1,Market Activity,Medium,35
2026-05-08 18:02:14,Molyko to Muea,2.92,18,Friday,4,9.17,19.1,Low,Clouds,No Rain,0,0,0,0,1,1,Market Activity,Medium,35
2026-05-08 18:02:14,Molyko to Bokwango,6.15,18,Friday,4,22.13,16.68,Low,Clouds,No Rain,0,0,0,0,1,1,Market Activity,Medium,35
2026-05-08 18:02:14,Check Point to Buea Town,3.12,18,Friday,4,9.22,20.32,Medium,Clouds,No Rain,0,0,0,0,1,1,Market Activity,Medium,55
2026-05-08 18:02:14,Check Point to Great Soppo,4.01,18,Friday,4,12.45,19.33,Low,Clouds,No Rain,0,0,0,0,1,1,Market Activity,Medium,35
2026-05-08 18:12:14,Bonduma to UB Junction,3.95,18,Friday,4,14.03,16.87,Low,Clouds,No Rain,0,0,0,0,1,1,Market Activity,Medium,35
2026-05-08 18:12:14,Bonduma to Molyko,3.11,18,Friday,4,9.88,18.89,Low,Clouds,No Rain,0,0,0,0,1,1,Market Activity,Medium,35
2026-05-08 18:12:14,Bonduma to Check Point,1.73,18,Friday,4,5.18,20.04,Low,Clouds,No Rain,0,0,0,0,1,1,Market Activity,Medium,35
2026-05-08 18:12:14,Bonduma to Muea,2.06,18,Friday,4,7.18,17.21,Medium,Clouds,No Rain,0,0,0,0,1,1,Market Activity,Medium,55
2026-05-08 18:12:14,Bonduma to Great Soppo,2.95,18,Friday,4,10.43,16.96,Low,Clouds,No Rain,0,0,0,0,1,1,Market Activity,Medium,35
2026-05-08 18:12:14,Bonduma to Buea Town,2.06,18,Friday,4,7.18,17.21,Medium,Clouds,No Rain,0,0,0,0,1,1,Market Activity,Medium,55
2026-05-08 18:12:14,Mile 16 to Mile 17,4.4,18,Friday,4,12.87,20.53,Low,Clouds,No Rain,0,0,0,0,1,1,Market Activity,Medium,35
2026-05-08 18:12:14,Mile 17 to Malingo,1.54,18,Friday,4,5.4,17.14,Low,Clouds,No Rain,0,0,0,0,1,1,Market Activity,Medium,35
2026-05-08 18:12:14,Mile 17 to UB Junction,2.05,18,Friday,4,7.37,16.72,Low,Clouds,No Rain,0,0,0,0,1,1,Market Activity,Medium,35
2026-05-08 18:12:14,Mile 17 to Check Point,2.47,18,Friday,4,9.18,16.15,Low,Clouds,No Rain,0,0,0,0,1,1,Market Activity,Medium,35
2026-05-08 18:12:14,Mile 17 to Muea,5.59,18,Friday,4,18.13,18.51,Low,Clouds,No Rain,0,0,0,0,1,1,Market Activity,Medium,35
2026-05-08 18:12:14,Mile 17 to Great Soppo,6.48,18,Friday,4,21.38,18.19,Low,Clouds,No Rain,0,0,0,0,1,1,Market Activity,Medium,35
2026-05-08 18:12:14,Malingo to UB Junction,3.47,18,Friday,4,11.45,18.18,Low,Clouds,No Rain,0,0,0,0,1,1,Market Activity,Medium,35
2026-05-08 18:12:14,Malingo to Check Point,1.92,18,Friday,4,7.33,15.73,Low,Clouds,No Rain,0,0,0,0,1,1,Market Activity,Medium,35
2026-05-08 18:12:14,Malingo to Molyko,6.09,18,Friday,4,19.0,19.25,Low,Clouds,No Rain,0,0,0,0,1,1,Market Activity,Medium,35
2026-05-08 18:12:14,Malingo to Muea,5.04,18,Friday,4,15.93,19.0,Low,Clouds,No Rain,0,0,0,0,1,1,Market Activity,Medium,35
2026-05-08 18:12:14,Malingo to Buea Town,5.04,18,Friday,4,15.93,19.0,Low,Clouds,No Rain,0,0,0,0,1,1,Market Activity,Medium,35
2026-05-08 18:12:14,UB Junction to Molyko,6.33,18,Friday,4,21.02,18.06,Low,Clouds,No Rain,0,0,0,0,1,1,Market Activity,Medium,35
2026-05-08 18:12:14,UB Junction to Check Point,2.15,18,Friday,4,9.48,13.63,Low,Clouds,No Rain,0,0,0,0,1,1,Market Activity,Medium,35
2026-05-08 18:12:14,UB Junction to Great Soppo,6.17,18,Friday,4,21.68,17.06,Low,Clouds,No Rain,0,0,0,0,1,1,Market Activity,Medium,35
2026-05-08 18:12:14,UB Junction to Buea Town,5.28,18,Friday,4,18.45,17.16,Low,Clouds,No Rain,0,0,0,0,1,1,Market Activity,Medium,35
2026-05-08 18:12:14,UB Junction to Muea,5.28,18,Friday,4,18.45,17.16,Low,Clouds,No Rain,0,0,0,0,1,1,Market Activity,Medium,35
2026-05-08 18:12:14,Molyko to Check Point,4.17,18,Friday,4,11.77,21.27,Low,Clouds,No Rain,0,0,0,0,1,1,Market Activity,Medium,35
2026-05-08 18:12:14,Molyko to Great Soppo,2.03,18,Friday,4,5.93,20.52,Low,Clouds,No Rain,0,0,0,0,1,1,Market Activity,Medium,35
2026-05-08 18:12:14,Molyko to Small Soppo,3.57,18,Friday,4,12.53,17.11,Low,Clouds,No Rain,0,0,0,0,1,1,Market Activity,Medium,35
2026-05-08 18:12:14,Molyko to Bongo Square,4.15,18,Friday,4,12.23,20.37,Low,Clouds,No Rain,0,0,0,0,1,1,Market Activity,Medium,35
2026-05-08 18:12:14,Molyko to Buea Town,2.92,18,Friday,4,9.17,19.1,Low,Clouds,No Rain,0,0,0,0,1,1,Market Activity,Medium,35
2026-05-08 18:12:14,Molyko to Muea,2.92,18,Friday,4,9.17,19.1,Low,Clouds,No Rain,0,0,0,0,1,1,Market Activity,Medium,35
2026-05-08 18:12:14,Molyko to Bokwango,6.15,18,Friday,4,22.12,16.69,Low,Clouds,No Rain,0,0,0,0,1,1,Market Activity,Medium,35
2026-05-08 18:12:14,Check Point to Buea Town,3.12,18,Friday,4,8.97,20.89,Medium,Clouds,No Rain,0,0,0,0,1,1,Market Activity,Medium,55
2026-05-08 18:12:14,Check Point to Great Soppo,4.01,18,Friday,4,12.22,19.7,Low,Clouds,No Rain,0,0,0,0,1,1,Market Activity,Medium,35
2026-05-08 18:12:14,Check Point to Small Soppo,3.78,18,Friday,4,11.45,19.8,Low,Clouds,No Rain,0,0,0,0,1,1,Market Activity,Medium,35
2026-05-08 18:12:14,Check Point to Bongo Square,4.36,18,Friday,4,11.12,23.52,Low,Clouds,No Rain,0,0,0,0,1,1,Market Activity,Medium,35
2026-05-08 18:12:14,Check Point to Muea,3.12,18,Friday,4,9.15,20.47,Medium,Clouds,No Rain,0,0,0,0,1,1,Market Activity,Medium,55
2026-05-08 18:12:14,Great Soppo to Small Soppo,1.54,18,Friday,4,6.13,15.11,Low,Clouds,No Rain,0,0,0,0,1,1,Market Activity,Medium,35
2026-05-08 18:12:14,Great Soppo to Bongo Square,2.12,18,Friday,4,5.7,22.36,Low,Clouds,No Rain,0,0,0,0,1,1,Market Activity,Medium,35
2026-05-08 18:12:14,Great Soppo to Buea Town,0.89,18,Friday,4,3.23,16.5,Low,Clouds,No Rain,0,0,0,0,1,1,Market Activity,Medium,35
2026-05-08 18:12:14,Great Soppo to Muea,0.89,18,Friday,4,3.23,16.5,Low,Clouds,No Rain,0,0,0,0,1,1,Market Activity,Medium,35
2026-05-08 18:12:14,Small Soppo to Bongo Square,1.07,18,Friday,4,3.58,17.88,Low,Clouds,No Rain,0,0,0,0,1,1,Market Activity,Medium,35
2026-05-08 18:12:14,Small Soppo to Buea Town,0.52,18,Friday,4,2.87,10.78,Low,Clouds,No Rain,0,0,0,0,1,1,Market Activity,Medium,35
2026-05-08 18:12:14,Small Soppo to Muea,0.52,18,Friday,4,2.87,10.78,Low,Clouds,No Rain,0,0,0,0,1,1,Market Activity,Medium,35
2026-05-08 18:12:14,Bongo Square to Buea Town,1.24,18,Friday,4,2.35,31.53,Low,Clouds,No Rain,0,0,0,0,1,1,Market Activity,Medium,35
2026-05-08 18:12:14,Bongo Square to Muea,1.24,18,Friday,4,2.35,31.53,Low,Clouds,No Rain,0,0,0,0,1,1,Market Activity,Medium,35
2026-05-08 18:12:14,Bokwango to Molyko,6.15,18,Friday,4,22.3,16.56,Low,Clouds,No Rain,0,0,0,0,1,1,Market Activity,Medium,35
2026-05-08 18:12:14,Bokwango to Check Point,5.26,18,Friday,4,20.3,15.56,Low,Clouds,No Rain,0,0,0,0,1,1,Market Activity,Medium,35
2026-05-08 18:12:14,Bokwango to Buea Town,8.38,18,Friday,4,29.25,17.2,Low,Clouds,No Rain,0,0,0,0,1,1,Market Activity,Medium,35
2026-05-08 18:12:14,Bokwango to Great Soppo,9.27,18,Friday,4,32.48,17.13,Low,Clouds,No Rain,0,0,0,0,1,1,Market Activity,Medium,35
2026-05-08 18:12:14,Muea to Great Soppo,0.89,18,Friday,4,3.23,16.5,Low,Clouds,No Rain,0,0,0,0,1,1,Market Activity,Medium,35
2026-05-08 18:12:14,Muea to Molyko,2.92,18,Friday,4,8.87,19.75,Low,Clouds,No Rain,0,0,0,0,1,1,Market Activity,Medium,35
2026-05-08 18:12:14,Muea to Check Point,3.12,18,Friday,4,8.18,22.89,Low,Clouds,No Rain,0,0,0,0,1,1,Market Activity,Medium,35
2026-05-08 18:12:14,Muea to Buea Town,0.0,18,Friday,4,0.0,0,Low,Clouds,No Rain,0,0,0,0,1,1,Market Activity,Medium,35
2026-05-08 18:12:14,Muea to Bonduma,2.06,18,Friday,4,6.47,19.12,Low,Clouds,No Rain,0,0,0,0,1,1,Market Activity,Medium,35
2026-05-08 18:12:14,Muea to Malingo,5.04,18,Friday,4,15.02,20.16,Low,Clouds,No Rain,0,0,0,0,1,1,Market Activity,Medium,35
2026-05-08 18:12:14,Clerks Quarters to Governor Junction,1.33,18,Friday,4,2.68,29.78,Low,Clouds,No Rain,0,0,0,0,1,1,Market Activity,Medium,35
2026-05-08 18:12:14,Governor Junction to Long Street,0.0,18,Friday,4,0.0,0,Low,Clouds,No Rain,0,0,0,0,1,1,Market Activity,Medium,35
2026-05-08 18:12:14,Long Street to Bongo Square,1.24,18,Friday,4,2.15,34.47,Low,Clouds,No Rain,0,0,0,0,1,1,Market Activity,Medium,35
2026-05-08 18:12:14,Governor Junction to Buea Town,0.0,18,Friday,4,0.0,0,Low,Clouds,No Rain,0,0,0,0,1,1,Market Activity,Medium,35
2026-05-08 18:12:14,Molyko to UB Junction,6.39,18,Friday,4,19.7,19.45,Low,Clouds,No Rain,0,0,0,0,1,1,Market Activity,Medium,35
2026-05-08 18:12:14,UB Junction to Bonduma,3.88,18,Friday,4,15.02,15.52,Low,Clouds,No Rain,0,0,0,0,1,1,Market Activity,Medium,35
2026-05-08 18:12:14,Check Point to Molyko,4.17,18,Friday,4,12.08,20.72,Low,Clouds,No Rain,0,0,0,0,1,1,Market Activity,Medium,35
2026-05-08 18:12:14,Great Soppo to Check Point,4.01,18,Friday,4,11.8,20.39,Low,Clouds,No Rain,0,0,0,0,1,1,Market Activity,Medium,35
2026-05-08 18:12:14,Malingo to Bonduma,3.65,18,Friday,4,12.7,17.26,Low,Clouds,No Rain,0,0,0,0,1,1,Market Activity,Medium,35
2026-05-08 18:12:14,Buea Town to Malingo,5.04,18,Friday,4,15.03,20.14,Low,Clouds,No Rain,0,0,0,0,1,1,Market Activity,Medium,35
2026-05-08 18:12:14,Buea Town to Muea,0.0,18,Friday,4,0.0,0,Low,Clouds,No Rain,0,0,0,0,1,1,Market Activity,Medium,35
2026-05-08 18:22:14,Bonduma Gate to Mile 17,3.81,18,Friday,4,11.33,20.19,Low,Clouds,No Rain,0,0,0,0,1,1,Market Activity,Medium,35
2026-05-08 18:22:14,Bonduma to UB Junction,3.95,18,Friday,4,13.87,17.07,Low,Clouds,No Rain,0,0,0,0,1,1,Market Activity,Medium,35
2026-05-08 18:22:14,Bonduma to Molyko,3.11,18,Friday,4,9.88,18.89,Low,Clouds,No Rain,0,0,0,0,1,1,Market Activity,Medium,35
2026-05-08 18:22:14,Bonduma to Check Point,1.73,18,Friday,4,5.15,20.17,Low,Clouds,No Rain,0,0,0,0,1,1,Market Activity,Medium,35
2026-05-08 18:22:14,Bonduma to Muea,2.06,18,Friday,4,6.95,17.79,Low,Clouds,No Rain,0,0,0,0,1,1,Market Activity,Medium,35
2026-05-08 18:22:14,Bonduma to Great Soppo,2.95,18,Friday,4,10.18,17.38,Low,Clouds,No Rain,0,0,0,0,1,1,Market Activity,Medium,35
2026-05-08 18:22:14,Bonduma to Buea Town,2.06,18,Friday,4,6.95,17.79,Low,Clouds,No Rain,0,0,0,0,1,1,Market Activity,Medium,35
2026-05-08 18:22:14,Mile 16 to Mile 17,4.4,18,Friday,4,12.57,21.02,Low,Clouds,No Rain,0,0,0,0,1,1,Market Activity,Medium,35
2026-05-08 18:22:14,Mile 17 to Malingo,1.54,18,Friday,4,5.23,17.69,Low,Clouds,No Rain,0,0,0,0,1,1,Market Activity,Medium,35
2026-05-08 18:22:14,Mile 17 to UB Junction,2.05,18,Friday,4,7.43,16.57,Low,Clouds,No Rain,0,0,0,0,1,1,Market Activity,Medium,35
2026-05-08 18:22:14,Mile 17 to Check Point,2.47,18,Friday,4,9.33,15.89,Low,Clouds,No Rain,0,0,0,0,1,1,Market Activity,Medium,35
2026-05-08 18:22:14,Mile 17 to Muea,5.59,18,Friday,4,18.25,18.39,Low,Clouds,No Rain,0,0,0,0,1,1,Market Activity,Medium,35
2026-05-08 18:22:14,Mile 17 to Great Soppo,6.48,18,Friday,4,21.48,18.11,Low,Clouds,No Rain,0,0,0,0,1,1,Market Activity,Medium,35
2026-05-08 18:22:14,Malingo to UB Junction,3.47,18,Friday,4,11.82,17.61,Low,Clouds,No Rain,0,0,0,0,1,1,Market Activity,Medium,35
2026-05-08 18:22:14,Malingo to Check Point,2.02,18,Friday,4,7.38,16.43,Low,Clouds,No Rain,0,0,0,0,1,1,Market Activity,Medium,35
2026-05-08 18:22:14,Malingo to Molyko,6.09,18,Friday,4,18.98,19.26,Low,Clouds,No Rain,0,0,0,0,1,1,Market Activity,Medium,35
2026-05-08 18:22:14,Malingo to Muea,5.04,18,Friday,4,15.97,18.96,Low,Clouds,No Rain,0,0,0,0,1,1,Market Activity,Medium,35
2026-05-08 18:22:14,Malingo to Buea Town,5.04,18,Friday,4,15.97,18.96,Low,Clouds,No Rain,0,0,0,0,1,1,Market Activity,Medium,35
2026-05-08 18:22:14,UB Junction to Molyko,6.33,18,Friday,4,21.12,17.97,Low,Clouds,No Rain,0,0,0,0,1,1,Market Activity,Medium,35
2026-05-08 18:22:14,UB Junction to Check Point,2.15,18,Friday,4,9.58,13.49,Low,Clouds,No Rain,0,0,0,0,1,1,Market Activity,Medium,35
2026-05-08 18:22:14,UB Junction to Great Soppo,6.17,18,Friday,4,21.72,17.03,Low,Clouds,No Rain,0,0,0,0,1,1,Market Activity,Medium,35
2026-05-08 18:22:14,UB Junction to Buea Town,5.28,18,Friday,4,18.48,17.13,Low,Clouds,No Rain,0,0,0,0,1,1,Market Activity,Medium,35
2026-05-08 18:22:14,UB Junction to Muea,5.28,18,Friday,4,18.48,17.13,Low,Clouds,No Rain,0,0,0,0,1,1,Market Activity,Medium,35
2026-05-08 18:22:14,Molyko to Check Point,4.17,18,Friday,4,11.68,21.43,Low,Clouds,No Rain,0,0,0,0,1,1,Market Activity,Medium,35
2026-05-08 18:22:14,Molyko to Great Soppo,2.03,18,Friday,4,5.93,20.52,Low,Clouds,No Rain,0,0,0,0,1,1,Market Activity,Medium,35
2026-05-08 18:22:14,Molyko to Small Soppo,3.57,18,Friday,4,12.53,17.11,Low,Clouds,No Rain,0,0,0,0,1,1,Market Activity,Medium,35
2026-05-08 18:22:14,Molyko to Bongo Square,4.15,18,Friday,4,12.28,20.29,Low,Clouds,No Rain,0,0,0,0,1,1,Market Activity,Medium,35
2026-05-08 18:22:14,Molyko to Buea Town,2.92,18,Friday,4,9.17,19.1,Low,Clouds,No Rain,0,0,0,0,1,1,Market Activity,Medium,35
2026-05-08 18:22:14,Molyko to Muea,2.92,18,Friday,4,9.17,19.1,Low,Clouds,No Rain,0,0,0,0,1,1,Market Activity,Medium,35
2026-05-08 18:22:14,Molyko to Bokwango,6.15,18,Friday,4,22.13,16.68,Low,Clouds,No Rain,0,0,0,0,1,1,Market Activity,Medium,35
2026-05-08 18:22:14,Check Point to Buea Town,3.12,18,Friday,4,8.97,20.89,Medium,Clouds,No Rain,0,0,0,0,1,1,Market Activity,Medium,55
2026-05-08 18:22:14,Check Point to Great Soppo,4.01,18,Friday,4,12.2,19.73,Low,Clouds,No Rain,0,0,0,0,1,1,Market Activity,Medium,35
2026-05-08 18:22:14,Check Point to Small Soppo,3.78,18,Friday,4,11.45,19.8,Low,Clouds,No Rain,0,0,0,0,1,1,Market Activity,Medium,35
2026-05-08 18:22:14,Check Point to Bongo Square,4.36,18,Friday,4,11.15,23.45,Low,Clouds,No Rain,0,0,0,0,1,1,Market Activity,Medium,35
2026-05-08 18:22:14,Check Point to Muea,3.12,18,Friday,4,8.97,20.89,Medium,Clouds,No Rain,0,0,0,0,1,1,Market Activity,Medium,55
2026-05-08 18:22:14,Great Soppo to Small Soppo,1.54,18,Friday,4,6.17,15.03,Low,Clouds,No Rain,0,0,0,0,1,1,Market Activity,Medium,35
2026-05-08 18:22:14,Great Soppo to Bongo Square,2.12,18,Friday,4,5.75,22.16,Low,Clouds,No Rain,0,0,0,0,1,1,Market Activity,Medium,35
2026-05-08 18:22:14,Great Soppo to Buea Town,0.89,18,Friday,4,3.23,16.5,Low,Clouds,No Rain,0,0,0,0,1,1,Market Activity,Medium,35
2026-05-08 18:22:14,Great Soppo to Muea,0.89,18,Friday,4,3.23,16.5,Low,Clouds,No Rain,0,0,0,0,1,1,Market Activity,Medium,35
2026-05-08 18:22:14,Small Soppo to Bongo Square,1.07,18,Friday,4,3.62,17.72,Low,Clouds,No Rain,0,0,0,0,1,1,Market Activity,Medium,35
2026-05-08 18:22:14,Small Soppo to Buea Town,0.52,18,Friday,4,2.88,10.72,Low,Clouds,No Rain,0,0,0,0,1,1,Market Activity,Medium,35
2026-05-08 18:22:14,Small Soppo to Muea,0.52,18,Friday,4,2.88,10.72,Low,Clouds,No Rain,0,0,0,0,1,1,Market Activity,Medium,35
2026-05-08 18:22:14,Bongo Square to Buea Town,1.24,18,Friday,4,2.32,31.99,Low,Clouds,No Rain,0,0,0,0,1,1,Market Activity,Medium,35
2026-05-08 18:22:14,Bongo Square to Muea,1.24,18,Friday,4,2.32,31.99,Low,Clouds,No Rain,0,0,0,0,1,1,Market Activity,Medium,35
2026-05-08 18:22:14,Bokwango to Molyko,6.15,18,Friday,4,22.25,16.59,Low,Clouds,No Rain,0,0,0,0,1,1,Market Activity,Medium,35
2026-05-08 18:22:14,Bokwango to Check Point,5.26,18,Friday,4,20.6,15.33,Low,Clouds,No Rain,0,0,0,0,1,1,Market Activity,Medium,35
2026-05-08 18:22:14,Bokwango to Buea Town,8.38,18,Friday,4,29.67,16.96,Low,Clouds,No Rain,0,0,0,0,1,1,Market Activity,Medium,35
2026-05-08 18:22:14,Bokwango to Great Soppo,8.18,18,Friday,4,27.95,17.56,Low,Clouds,No Rain,0,0,0,0,1,1,Market Activity,Medium,35
2026-05-08 18:22:14,Muea to Great Soppo,0.89,18,Friday,4,3.23,16.5,Low,Clouds,No Rain,0,0,0,0,1,1,Market Activity,Medium,35
2026-05-08 18:22:14,Muea to Molyko,2.92,18,Friday,4,8.87,19.75,Low,Clouds,No Rain,0,0,0,0,1,1,Market Activity,Medium,35
2026-05-08 18:22:14,Muea to Check Point,3.12,18,Friday,4,8.0,23.41,Low,Clouds,No Rain,0,0,0,0,1,1,Market Activity,Medium,35
2026-05-08 18:22:14,Muea to Buea Town,0.0,18,Friday,4,0.0,0,Low,Clouds,No Rain,0,0,0,0,1,1,Market Activity,Medium,35
2026-05-08 18:22:14,Muea to Bonduma,2.06,18,Friday,4,6.4,19.32,Low,Clouds,No Rain,0,0,0,0,1,1,Market Activity,Medium,35
2026-05-08 18:22:14,Muea to Malingo,5.04,18,Friday,4,14.85,20.38,Low,Clouds,No Rain,0,0,0,0,1,1,Market Activity,Medium,35
2026-05-08 18:22:14,Clerks Quarters to Governor Junction,1.33,18,Friday,4,2.67,29.97,Low,Clouds,No Rain,0,0,0,0,1,1,Market Activity,Medium,35
2026-05-08 18:22:14,Governor Junction to Long Street,0.0,18,Friday,4,0.0,0,Low,Clouds,No Rain,0,0,0,0,1,1,Market Activity,Medium,35
2026-05-08 18:22:14,Long Street to Bongo Square,1.24,18,Friday,4,2.15,34.47,Low,Clouds,No Rain,0,0,0,0,1,1,Market Activity,Medium,35
2026-05-08 18:22:14,Governor Junction to Buea Town,0.0,18,Friday,4,0.0,0,Low,Clouds,No Rain,0,0,0,0,1,1,Market Activity,Medium,35
2026-05-08 18:22:14,Molyko to UB Junction,6.39,18,Friday,4,19.68,19.47,Low,Clouds,No Rain,0,0,0,0,1,1,Market Activity,Medium,35
2026-05-08 18:22:14,UB Junction to Bonduma,3.88,18,Friday,4,15.15,15.39,Low,Clouds,No Rain,0,0,0,0,1,1,Market Activity,Medium,35
2026-05-08 18:22:14,Check Point to Molyko,4.17,18,Friday,4,12.13,20.63,Low,Clouds,No Rain,0,0,0,0,1,1,Market Activity,Medium,35
2026-05-08 18:22:14,Great Soppo to Check Point,4.01,18,Friday,4,11.83,20.34,Low,Clouds,No Rain,0,0,0,0,1,1,Market Activity,Medium,35
2026-05-08 18:22:14,Malingo to Bonduma,3.65,18,Friday,4,12.7,17.26,Low,Clouds,No Rain,0,0,0,0,1,1,Market Activity,Medium,35
2026-05-08 18:22:14,Buea Town to Malingo,5.04,18,Friday,4,14.83,20.41,Low,Clouds,No Rain,0,0,0,0,1,1,Market Activity,Medium,35
2026-05-08 18:22:14,Buea Town to Muea,0.0,18,Friday,4,0.0,0,Low,Clouds,No Rain,0,0,0,0,1,1,Market Activity,Medium,35
2026-05-08 18:32:14,Bonduma Gate to Mile 17,3.81,18,Friday,4,11.22,20.4,Low,Clouds,No Rain,0,0,0,0,1,1,Market Activity,Medium,35
2026-05-08 18:32:14,Bonduma to UB Junction,3.95,18,Friday,4,13.83,17.12,Low,Clouds,No Rain,0,0,0,0,1,1,Market Activity,Medium,35
2026-05-08 18:32:14,Bonduma to Molyko,3.11,18,Friday,4,9.88,18.89,Low,Clouds,No Rain,0,0,0,0,1,1,Market Activity,Medium,35
2026-05-08 18:32:14,Bonduma to Check Point,1.73,18,Friday,4,5.12,20.3,Low,Clouds,No Rain,0,0,0,0,1,1,Market Activity,Medium,35
2026-05-08 18:32:14,Bonduma to Muea,2.06,18,Friday,4,6.98,17.71,Low,Clouds,No Rain,0,0,0,0,1,1,Market Activity,Medium,35
2026-05-08 18:32:14,Bonduma to Great Soppo,2.95,18,Friday,4,10.23,17.3,Low,Clouds,No Rain,0,0,0,0,1,1,Market Activity,Medium,35
2026-05-08 18:32:14,Bonduma to Buea Town,2.06,18,Friday,4,6.98,17.71,Low,Clouds,No Rain,0,0,0,0,1,1,Market Activity,Medium,35
2026-05-08 18:32:14,Mile 16 to Mile 17,4.4,18,Friday,4,12.5,21.13,Low,Clouds,No Rain,0,0,0,0,1,1,Market Activity,Medium,35
2026-05-08 18:32:14,Mile 17 to Malingo,1.54,18,Friday,4,5.23,17.69,Low,Clouds,No Rain,0,0,0,0,1,1,Market Activity,Medium,35
2026-05-08 18:32:14,Mile 17 to UB Junction,2.05,18,Friday,4,7.6,16.21,Low,Clouds,No Rain,0,0,0,0,1,1,Market Activity,Medium,35
2026-05-08 18:32:14,Mile 17 to Check Point,2.47,18,Friday,4,9.78,15.16,Low,Clouds,No Rain,0,0,0,0,1,1,Market Activity,Medium,35
2026-05-08 18:32:14,Mile 17 to Muea,5.59,18,Friday,4,18.75,17.9,Low,Clouds,No Rain,0,0,0,0,1,1,Market Activity,Medium,35
2026-05-08 18:32:14,Mile 17 to Great Soppo,6.48,18,Friday,4,22.0,17.68,Low,Clouds,No Rain,0,0,0,0,1,1,Market Activity,Medium,35
2026-05-08 18:32:14,Malingo to UB Junction,3.47,18,Friday,4,11.72,17.76,Low,Clouds,No Rain,0,0,0,0,1,1,Market Activity,Medium,35
2026-05-08 18:32:14,Malingo to Check Point,1.92,18,Friday,4,7.33,15.73,Low,Clouds,No Rain,0,0,0,0,1,1,Market Activity,Medium,35
2026-05-08 18:32:14,Malingo to Molyko,6.09,18,Friday,4,19.07,19.18,Low,Clouds,No Rain,0,0,0,0,1,1,Market Activity,Medium,35
2026-05-08 18:32:14,Malingo to Muea,5.04,18,Friday,4,15.97,18.96,Low,Clouds,No Rain,0,0,0,0,1,1,Market Activity,Medium,35
2026-05-08 18:32:14,Malingo to Buea Town,5.04,18,Friday,4,15.97,18.96,Low,Clouds,No Rain,0,0,0,0,1,1,Market Activity,Medium,35
2026-05-08 18:32:14,UB Junction to Molyko,6.33,18,Friday,4,21.47,17.68,Low,Clouds,No Rain,0,0,0,0,1,1,Market Activity,Medium,35
2026-05-08 18:32:14,UB Junction to Check Point,2.15,18,Friday,4,9.85,13.13,Low,Clouds,No Rain,0,0,0,0,1,1,Market Activity,Medium,35
2026-05-08 18:32:14,UB Junction to Great Soppo,6.17,18,Friday,4,22.08,16.75,Low,Clouds,No Rain,0,0,0,0,1,1,Market Activity,Medium,35
2026-05-08 18:32:14,UB Junction to Buea Town,5.28,18,Friday,4,18.83,16.81,Low,Clouds,No Rain,0,0,0,0,1,1,Market Activity,Medium,35
2026-05-08 18:32:14,UB Junction to Muea,5.28,18,Friday,4,18.83,16.81,Low,Clouds,No Rain,0,0,0,0,1,1,Market Activity,Medium,35
2026-05-08 18:32:14,Molyko to Check Point,4.17,18,Friday,4,11.88,21.06,Low,Clouds,No Rain,0,0,0,0,1,1,Market Activity,Medium,35
2026-05-08 18:32:14,Molyko to Great Soppo,2.03,18,Friday,4,5.93,20.52,Low,Clouds,No Rain,0,0,0,0,1,1,Market Activity,Medium,35
2026-05-08 18:32:14,Molyko to Small Soppo,3.57,18,Friday,4,12.55,17.09,Low,Clouds,No Rain,0,0,0,0,1,1,Market Activity,Medium,35
2026-05-08 18:32:14,Molyko to Bongo Square,4.15,18,Friday,4,12.25,20.34,Low,Clouds,No Rain,0,0,0,0,1,1,Market Activity,Medium,35
2026-05-08 18:32:14,Molyko to Buea Town,2.92,18,Friday,4,9.17,19.1,Low,Clouds,No Rain,0,0,0,0,1,1,Market Activity,Medium,35
2026-05-08 18:32:14,Molyko to Muea,2.92,18,Friday,4,9.17,19.1,Low,Clouds,No Rain,0,0,0,0,1,1,Market Activity,Medium,35
2026-05-08 18:32:14,Molyko to Bokwango,6.15,18,Friday,4,22.15,16.67,Low,Clouds,No Rain,0,0,0,0,1,1,Market Activity,Medium,35
2026-05-08 18:32:14,Check Point to Buea Town,3.12,18,Friday,4,8.83,21.21,Low,Clouds,No Rain,0,0,0,0,1,1,Market Activity,Medium,35
2026-05-08 18:32:14,Check Point to Great Soppo,4.01,18,Friday,4,12.07,19.94,Low,Clouds,No Rain,0,0,0,0,1,1,Market Activity,Medium,35
2026-05-08 18:32:14,Check Point to Small Soppo,3.78,18,Friday,4,11.32,20.03,Low,Clouds,No Rain,0,0,0,0,1,1,Market Activity,Medium,35
2026-05-08 18:32:14,Check Point to Bongo Square,4.36,18,Friday,4,10.98,23.8,Low,Clouds,No Rain,0,0,0,0,1,1,Market Activity,Medium,35
2026-05-08 18:32:14,Check Point to Muea,3.12,18,Friday,4,8.83,21.21,Low,Clouds,No Rain,0,0,0,0,1,1,Market Activity,Medium,35
2026-05-08 18:32:14,Great Soppo to Small Soppo,1.54,18,Friday,4,6.15,15.07,Low,Clouds,No Rain,0,0,0,0,1,1,Market Activity,Medium,35
2026-05-08 18:32:14,Great Soppo to Bongo Square,2.12,18,Friday,4,5.75,22.16,Low,Clouds,No Rain,0,0,0,0,1,1,Market Activity,Medium,35
2026-05-08 18:32:14,Great Soppo to Buea Town,0.89,18,Friday,4,3.23,16.5,Low,Clouds,No Rain,0,0,0,0,1,1,Market Activity,Medium,35
2026-05-08 18:32:14,Great Soppo to Muea,0.89,18,Friday,4,3.23,16.5,Low,Clouds,No Rain,0,0,0,0,1,1,Market Activity,Medium,35
2026-05-08 18:32:14,Small Soppo to Bongo Square,1.07,18,Friday,4,3.65,17.56,Low,Clouds,No Rain,0,0,0,0,1,1,Market Activity,Medium,35
2026-05-08 18:32:14,Small Soppo to Buea Town,0.52,18,Friday,4,2.88,10.72,Low,Clouds,No Rain,0,0,0,0,1,1,Market Activity,Medium,35
2026-05-08 18:32:14,Small Soppo to Muea,0.52,18,Friday,4,2.88,10.72,Low,Clouds,No Rain,0,0,0,0,1,1,Market Activity,Medium,35
2026-05-08 18:32:14,Bongo Square to Buea Town,1.24,18,Friday,4,2.37,31.31,Low,Clouds,No Rain,0,0,0,0,1,1,Market Activity,Medium,35
2026-05-08 18:32:14,Bongo Square to Muea,1.24,18,Friday,4,2.37,31.31,Low,Clouds,No Rain,0,0,0,0,1,1,Market Activity,Medium,35
2026-05-08 18:32:14,Bokwango to Molyko,6.15,18,Friday,4,22.23,16.6,Low,Clouds,No Rain,0,0,0,0,1,1,Market Activity,Medium,35
2026-05-08 18:32:14,Bokwango to Check Point,5.26,18,Friday,4,20.9,15.11,Low,Clouds,No Rain,0,0,0,0,1,1,Market Activity,Medium,35
2026-05-08 18:32:14,Bokwango to Buea Town,8.38,18,Friday,4,30.17,16.68,Low,Clouds,No Rain,0,0,0,0,1,1,Market Activity,Medium,35
2026-05-08 18:32:14,Bokwango to Great Soppo,8.18,18,Friday,4,27.92,17.59,Low,Clouds,No Rain,0,0,0,0,1,1,Market Activity,Medium,35
2026-05-08 18:32:14,Muea to Great Soppo,0.89,18,Friday,4,3.23,16.5,Low,Clouds,No Rain,0,0,0,0,1,1,Market Activity,Medium,35
2026-05-08 18:32:14,Muea to Molyko,2.92,18,Friday,4,8.87,19.75,Low,Clouds,No Rain,0,0,0,0,1,1,Market Activity,Medium,35
2026-05-08 18:32:14,Muea to Check Point,3.12,18,Friday,4,8.08,23.17,Low,Clouds,No Rain,0,0,0,0,1,1,Market Activity,Medium,35
2026-05-08 18:32:14,Muea to Buea Town,0.0,18,Friday,4,0.0,0,Low,Clouds,No Rain,0,0,0,0,1,1,Market Activity,Medium,35
2026-05-08 18:32:14,Muea to Bonduma,2.06,18,Friday,4,6.43,19.22,Low,Clouds,No Rain,0,0,0,0,1,1,Market Activity,Medium,35
2026-05-08 18:32:14,Muea to Malingo,5.04,18,Friday,4,14.92,20.29,Low,Clouds,No Rain,0,0,0,0,1,1,Market Activity,Medium,35
2026-05-08 18:32:14,Clerks Quarters to Governor Junction,1.33,18,Friday,4,2.7,29.6,Low,Clouds,No Rain,0,0,0,0,1,1,Market Activity,Medium,35
2026-05-08 18:32:14,Governor Junction to Long Street,0.0,18,Friday,4,0.0,0,Low,Clouds,No Rain,0,0,0,0,1,1,Market Activity,Medium,35
2026-05-08 18:32:14,Long Street to Bongo Square,1.24,18,Friday,4,2.2,33.68,Low,Clouds,No Rain,0,0,0,0,1,1,Market Activity,Medium,35
2026-05-08 18:32:14,Governor Junction to Buea Town,0.0,18,Friday,4,0.0,0,Low,Clouds,No Rain,0,0,0,0,1,1,Market Activity,Medium,35
2026-05-08 18:32:14,Molyko to UB Junction,6.39,18,Friday,4,19.83,19.32,Low,Clouds,No Rain,0,0,0,0,1,1,Market Activity,Medium,35
2026-05-08 18:32:14,UB Junction to Bonduma,3.88,18,Friday,4,15.42,15.12,Low,Clouds,No Rain,0,0,0,0,1,1,Market Activity,Medium,35
2026-05-08 18:32:14,Check Point to Molyko,4.17,18,Friday,4,12.2,20.52,Low,Clouds,No Rain,0,0,0,0,1,1,Market Activity,Medium,35
2026-05-08 18:32:14,Great Soppo to Check Point,4.01,18,Friday,4,11.85,20.31,Low,Clouds,No Rain,0,0,0,0,1,1,Market Activity,Medium,35
2026-05-08 18:32:14,Malingo to Bonduma,3.65,18,Friday,4,12.83,17.08,Low,Clouds,No Rain,0,0,0,0,1,1,Market Activity,Medium,35
2026-05-08 18:32:14,Buea Town to Malingo,5.04,18,Friday,4,14.92,20.29,Low,Clouds,No Rain,0,0,0,0,1,1,Market Activity,Medium,35
2026-05-08 18:32:14,Buea Town to Muea,0.0,18,Friday,4,0.0,0,Low,Clouds,No Rain,0,0,0,0,1,1,Market Activity,Medium,35
2026-05-08 18:42:14,Bonduma Gate to Mile 17,3.81,18,Friday,4,11.28,20.28,Low,Clouds,No Rain,0,0,0,0,1,1,Market Activity,Medium,35
2026-05-08 18:42:14,Bonduma to UB Junction,3.95,18,Friday,4,13.97,16.95,Low,Clouds,No Rain,0,0,0,0,1,1,Market Activity,Medium,35
2026-05-08 18:42:14,Bonduma to Molyko,3.11,18,Friday,4,9.88,18.89,Low,Clouds,No Rain,0,0,0,0,1,1,Market Activity,Medium,35
2026-05-08 18:42:14,Bonduma to Check Point,1.73,18,Friday,4,5.17,20.1,Low,Clouds,No Rain,0,0,0,0,1,1,Market Activity,Medium,35
2026-05-08 18:42:14,Bonduma to Muea,2.06,18,Friday,4,6.87,18.01,Low,Clouds,No Rain,0,0,0,0,1,1,Market Activity,Medium,35
2026-05-08 18:42:14,Bonduma to Great Soppo,2.95,18,Friday,4,10.12,17.5,Low,Clouds,No Rain,0,0,0,0,1,1,Market Activity,Medium,35
2026-05-08 18:42:14,Bonduma to Buea Town,2.06,18,Friday,4,6.87,18.01,Low,Clouds,No Rain,0,0,0,0,1,1,Market Activity,Medium,35
2026-05-08 18:42:14,Mile 16 to Mile 17,4.4,18,Friday,4,12.55,21.05,Low,Clouds,No Rain,0,0,0,0,1,1,Market Activity,Medium,35
2026-05-08 18:42:14,Mile 17 to Malingo,1.54,18,Friday,4,5.15,17.98,Low,Clouds,No Rain,0,0,0,0,1,1,Market Activity,Medium,35
2026-05-08 18:42:14,Mile 17 to UB Junction,2.05,18,Friday,4,7.32,16.84,Low,Clouds,No Rain,0,0,0,0,1,1,Market Activity,Medium,35
2026-05-08 18:42:14,Mile 17 to Check Point,2.47,18,Friday,4,9.88,15.01,Low,Clouds,No Rain,0,0,0,0,1,1,Market Activity,Medium,35
2026-05-08 18:42:14,Mile 17 to Muea,5.59,18,Friday,4,19.05,17.62,Low,Clouds,No Rain,0,0,0,0,1,1,Market Activity,Medium,35
2026-05-08 18:42:14,Mile 17 to Great Soppo,6.48,18,Friday,4,22.3,17.44,Low,Clouds,No Rain,0,0,0,0,1,1,Market Activity,Medium,35
2026-05-08 18:42:14,Malingo to UB Junction,3.47,18,Friday,4,11.63,17.89,Low,Clouds,No Rain,0,0,0,0,1,1,Market Activity,Medium,35
2026-05-08 18:42:14,Malingo to Check Point,1.92,18,Friday,4,7.35,15.7,Low,Clouds,No Rain,0,0,0,0,1,1,Market Activity,Medium,35
2026-05-08 18:42:14,Malingo to Molyko,6.09,18,Friday,4,19.3,18.95,Low,Clouds,No Rain,0,0,0,0,1,1,Market Activity,Medium,35
2026-05-08 18:42:14,Malingo to Muea,5.04,18,Friday,4,16.18,18.7,Low,Clouds,No Rain,0,0,0,0,1,1,Market Activity,Medium,35
2026-05-08 18:42:14,Malingo to Buea Town,5.04,18,Friday,4,16.18,18.7,Low,Clouds,No Rain,0,0,0,0,1,1,Market Activity,Medium,35
2026-05-08 18:42:14,UB Junction to Molyko,6.33,18,Friday,4,22.05,17.21,Low,Clouds,No Rain,0,0,0,0,1,1,Market Activity,Medium,35
2026-05-08 18:42:14,UB Junction to Check Point,2.15,18,Friday,4,10.25,12.61,Low,Clouds,No Rain,0,0,0,0,1,1,Market Activity,Medium,35
2026-05-08 18:42:14,UB Junction to Great Soppo,6.17,18,Friday,4,22.65,16.33,Low,Clouds,No Rain,0,0,0,0,1,1,Market Activity,Medium,35
2026-05-08 18:42:14,UB Junction to Buea Town,5.28,18,Friday,4,19.42,16.3,Low,Clouds,No Rain,0,0,0,0,1,1,Market Activity,Medium,35
2026-05-08 18:42:14,UB Junction to Muea,5.28,18,Friday,4,19.42,16.3,Low,Clouds,No Rain,0,0,0,0,1,1,Market Activity,Medium,35
2026-05-08 18:42:14,Molyko to Check Point,4.17,18,Friday,4,11.9,21.04,Low,Clouds,No Rain,0,0,0,0,1,1,Market Activity,Medium,35
2026-05-08 18:42:14,Molyko to Great Soppo,2.03,18,Friday,4,5.93,20.52,Low,Clouds,No Rain,0,0,0,0,1,1,Market Activity,Medium,35
2026-05-08 18:42:14,Molyko to Small Soppo,3.57,18,Friday,4,12.62,17.0,Low,Clouds,No Rain,0,0,0,0,1,1,Market Activity,Medium,35
2026-05-08 18:42:14,Molyko to Bongo Square,4.15,18,Friday,4,12.27,20.31,Low,Clouds,No Rain,0,0,0,0,1,1,Market Activity,Medium,35
2026-05-08 18:42:14,Molyko to Buea Town,2.92,18,Friday,4,9.17,19.1,Low,Clouds,No Rain,0,0,0,0,1,1,Market Activity,Medium,35
2026-05-08 18:42:14,Molyko to Muea,2.92,18,Friday,4,9.17,19.1,Low,Clouds,No Rain,0,0,0,0,1,1,Market Activity,Medium,35
2026-05-08 18:42:14,Molyko to Bokwango,6.15,18,Friday,4,22.13,16.68,Low,Clouds,No Rain,0,0,0,0,1,1,Market Activity,Medium,35
2026-05-08 18:42:14,Check Point to Buea Town,3.12,18,Friday,4,9.02,20.77,Medium,Clouds,No Rain,0,0,0,0,1,1,Market Activity,Medium,55
2026-05-08 18:42:14,Check Point to Great Soppo,4.01,18,Friday,4,12.25,19.65,Low,Clouds,No Rain,0,0,0,0,1,1,Market Activity,Medium,35
2026-05-08 18:42:14,Check Point to Small Soppo,3.78,18,Friday,4,11.48,19.74,Low,Clouds,No Rain,0,0,0,0,1,1,Market Activity,Medium,35
2026-05-08 18:42:14,Check Point to Bongo Square,4.36,18,Friday,4,11.13,23.48,Low,Clouds,No Rain,0,0,0,0,1,1,Market Activity,Medium,35
2026-05-08 18:42:14,Check Point to Muea,3.12,18,Friday,4,9.0,20.81,Medium,Clouds,No Rain,0,0,0,0,1,1,Market Activity,Medium,55
2026-05-08 18:42:14,Great Soppo to Small Soppo,1.54,18,Friday,4,6.17,15.03,Low,Clouds,No Rain,0,0,0,0,1,1,Market Activity,Medium,35
2026-05-08 18:42:14,Great Soppo to Bongo Square,2.12,18,Friday,4,5.75,22.16,Low,Clouds,No Rain,0,0,0,0,1,1,Market Activity,Medium,35
2026-05-08 18:42:14,Great Soppo to Buea Town,0.89,18,Friday,4,3.23,16.5,Low,Clouds,No Rain,0,0,0,0,1,1,Market Activity,Medium,35
2026-05-08 18:42:14,Great Soppo to Muea,0.89,18,Friday,4,3.23,16.5,Low,Clouds,No Rain,0,0,0,0,1,1,Market Activity,Medium,35
2026-05-08 18:42:14,Small Soppo to Bongo Square,1.07,18,Friday,4,3.63,17.64,Low,Clouds,No Rain,0,0,0,0,1,1,Market Activity,Medium,35
2026-05-08 18:42:14,Small Soppo to Buea Town,0.52,18,Friday,4,2.88,10.72,Low,Clouds,No Rain,0,0,0,0,1,1,Market Activity,Medium,35
2026-05-08 18:42:14,Small Soppo to Muea,0.52,18,Friday,4,2.87,10.78,Low,Clouds,No Rain,0,0,0,0,1,1,Market Activity,Medium,35
2026-05-08 18:42:14,Bongo Square to Buea Town,1.24,18,Friday,4,2.3,32.22,Low,Clouds,No Rain,0,0,0,0,1,1,Market Activity,Medium,35
2026-05-08 18:42:14,Bongo Square to Muea,1.24,18,Friday,4,2.3,32.22,Low,Clouds,No Rain,0,0,0,0,1,1,Market Activity,Medium,35
2026-05-08 18:42:14,Bokwango to Molyko,6.15,18,Friday,4,22.22,16.62,Low,Clouds,No Rain,0,0,0,0,1,1,Market Activity,Medium,35
2026-05-08 18:42:14,Bokwango to Check Point,5.26,18,Friday,4,21.43,14.73,Low,Clouds,No Rain,0,0,0,0,1,1,Market Activity,Medium,35
2026-05-08 18:42:14,Bokwango to Buea Town,8.38,18,Friday,4,30.7,16.39,Low,Clouds,No Rain,0,0,0,0,1,1,Market Activity,Medium,35
2026-05-08 18:42:14,Bokwango to Great Soppo,8.18,18,Friday,4,27.9,17.6,Low,Clouds,No Rain,0,0,0,0,1,1,Market Activity,Medium,35
2026-05-08 18:42:14,Muea to Great Soppo,0.89,18,Friday,4,3.23,16.5,Low,Clouds,No Rain,0,0,0,0,1,1,Market Activity,Medium,35
2026-05-08 18:42:14,Muea to Molyko,2.92,18,Friday,4,8.87,19.75,Low,Clouds,No Rain,0,0,0,0,1,1,Market Activity,Medium,35
2026-05-08 18:42:14,Muea to Check Point,3.12,18,Friday,4,8.18,22.89,Low,Clouds,No Rain,0,0,0,0,1,1,Market Activity,Medium,35
2026-05-08 18:42:14,Muea to Buea Town,0.0,18,Friday,4,0.0,0,Low,Clouds,No Rain,0,0,0,0,1,1,Market Activity,Medium,35
2026-05-08 18:42:14,Muea to Bonduma,2.06,18,Friday,4,6.43,19.22,Low,Clouds,No Rain,0,0,0,0,1,1,Market Activity,Medium,35
2026-05-08 18:42:14,Muea to Malingo,5.04,18,Friday,4,15.05,20.11,Low,Clouds,No Rain,0,0,0,0,1,1,Market Activity,Medium,35
2026-05-08 18:42:14,Clerks Quarters to Governor Junction,1.33,18,Friday,4,2.63,30.35,Low,Clouds,No Rain,0,0,0,0,1,1,Market Activity,Medium,35
2026-05-08 18:42:14,Governor Junction to Long Street,0.0,18,Friday,4,0.0,0,Low,Clouds,No Rain,0,0,0,0,1,1,Market Activity,Medium,35
2026-05-08 18:42:14,Long Street to Bongo Square,1.24,18,Friday,4,2.17,34.2,Low,Clouds,No Rain,0,0,0,0,1,1,Market Activity,Medium,35
2026-05-08 18:42:14,Governor Junction to Buea Town,0.0,18,Friday,4,0.0,0,Low,Clouds,No Rain,0,0,0,0,1,1,Market Activity,Medium,35
2026-05-08 18:42:14,Molyko to UB Junction,6.39,18,Friday,4,20.35,18.83,Low,Clouds,No Rain,0,0,0,0,1,1,Market Activity,Medium,35
2026-05-08 18:42:14,UB Junction to Bonduma,3.88,18,Friday,4,15.98,14.58,Low,Clouds,No Rain,0,0,0,0,1,1,Market Activity,Medium,35
2026-05-08 18:42:14,Check Point to Molyko,4.17,18,Friday,4,12.33,20.3,Low,Clouds,No Rain,0,0,0,0,1,1,Market Activity,Medium,35
2026-05-08 18:42:14,Great Soppo to Check Point,4.01,18,Friday,4,11.95,20.14,Low,Clouds,No Rain,0,0,0,0,1,1,Market Activity,Medium,35
2026-05-08 18:42:14,Malingo to Bonduma,3.65,18,Friday,4,12.98,16.89,Low,Clouds,No Rain,0,0,0,0,1,1,Market Activity,Medium,35
2026-05-08 18:42:14,Buea Town to Malingo,5.04,18,Friday,4,15.05,20.11,Low,Clouds,No Rain,0,0,0,0,1,1,Market Activity,Medium,35
2026-05-08 18:42:14,Buea Town to Muea,0.0,18,Friday,4,0.0,0,Low,Clouds,No Rain,0,0,0,0,1,1,Market Activity,Medium,35
2026-05-08 18:52:14,Bonduma Gate to Mile 17,3.81,18,Friday,4,11.33,20.19,Low,Clouds,No Rain,0,0,0,0,1,1,Market Activity,Medium,35
2026-05-08 18:52:14,Bonduma to UB Junction,3.95,18,Friday,4,14.18,16.69,Low,Clouds,No Rain,0,0,0,0,1,1,Market Activity,Medium,35
2026-05-08 18:52:14,Bonduma to Molyko,3.11,18,Friday,4,9.88,18.89,Low,Clouds,No Rain,0,0,0,0,1,1,Market Activity,Medium,35
2026-05-08 18:52:14,Bonduma to Check Point,1.73,18,Friday,4,5.25,19.78,Low,Clouds,No Rain,0,0,0,0,1,1,Market Activity,Medium,35
2026-05-08 18:52:14,Bonduma to Muea,2.06,18,Friday,4,6.97,17.75,Low,Clouds,No Rain,0,0,0,0,1,1,Market Activity,Medium,35
2026-05-08 18:52:14,Bonduma to Great Soppo,2.95,18,Friday,4,10.22,17.32,Low,Clouds,No Rain,0,0,0,0,1,1,Market Activity,Medium,35
2026-05-08 18:52:14,Bonduma to Buea Town,2.06,18,Friday,4,6.97,17.75,Low,Clouds,No Rain,0,0,0,0,1,1,Market Activity,Medium,35
2026-05-08 18:52:14,Mile 16 to Mile 17,4.4,18,Friday,4,12.7,20.8,Low,Clouds,No Rain,0,0,0,0,1,1,Market Activity,Medium,35
2026-05-08 18:52:14,Mile 17 to Malingo,1.54,18,Friday,4,5.18,17.86,Low,Clouds,No Rain,0,0,0,0,1,1,Market Activity,Medium,35
2026-05-08 18:52:14,Mile 17 to UB Junction,2.05,18,Friday,4,7.48,16.46,Low,Clouds,No Rain,0,0,0,0,1,1,Market Activity,Medium,35
2026-05-08 18:52:14,Mile 17 to Check Point,2.47,18,Friday,4,10.57,14.04,Medium,Clouds,No Rain,0,0,0,0,1,1,Market Activity,Medium,55
2026-05-08 18:52:14,Mile 17 to Muea,5.59,18,Friday,4,19.78,16.97,Medium,Clouds,No Rain,0,0,0,0,1,1,Market Activity,Medium,55
2026-05-08 18:52:14,Mile 17 to Great Soppo,6.48,18,Friday,4,23.03,16.89,Medium,Clouds,No Rain,0,0,0,0,1,1,Market Activity,Medium,55
2026-05-08 18:52:14,Malingo to UB Junction,3.47,18,Friday,4,11.72,17.76,Low,Clouds,No Rain,0,0,0,0,1,1,Market Activity,Medium,35
2026-05-08 18:52:14,Malingo to Check Point,1.92,18,Friday,4,7.4,15.59,Low,Clouds,No Rain,0,0,0,0,1,1,Market Activity,Medium,35
2026-05-08 18:52:14,Malingo to Molyko,6.09,18,Friday,4,19.5,18.75,Low,Clouds,No Rain,0,0,0,0,1,1,Market Activity,Medium,35
2026-05-08 18:52:14,Malingo to Muea,5.04,18,Friday,4,16.25,18.63,Low,Clouds,No Rain,0,0,0,0,1,1,Market Activity,Medium,35
2026-05-08 18:52:14,Malingo to Buea Town,5.04,18,Friday,4,16.25,18.63,Low,Clouds,No Rain,0,0,0,0,1,1,Market Activity,Medium,35
2026-05-08 18:52:14,UB Junction to Molyko,6.33,18,Friday,4,22.67,16.75,Low,Clouds,No Rain,0,0,0,0,1,1,Market Activity,Medium,35
2026-05-08 18:52:14,UB Junction to Check Point,2.15,18,Friday,4,10.75,12.03,Low,Clouds,No Rain,0,0,0,0,1,1,Market Activity,Medium,35
2026-05-08 18:52:14,UB Junction to Great Soppo,6.17,18,Friday,4,23.22,15.93,Low,Clouds,No Rain,0,0,0,0,1,1,Market Activity,Medium,35
2026-05-08 18:52:14,UB Junction to Buea Town,5.28,18,Friday,4,19.98,15.84,Medium,Clouds,No Rain,0,0,0,0,1,1,Market Activity,Medium,55
2026-05-08 18:52:14,UB Junction to Muea,5.28,18,Friday,4,19.98,15.84,Medium,Clouds,No Rain,0,0,0,0,1,1,Market Activity,Medium,55
2026-05-08 18:52:14,Molyko to Check Point,4.17,18,Friday,4,11.92,21.01,Low,Clouds,No Rain,0,0,0,0,1,1,Market Activity,Medium,35
2026-05-08 18:52:14,Molyko to Great Soppo,2.03,18,Friday,4,5.93,20.52,Low,Clouds,No Rain,0,0,0,0,1,1,Market Activity,Medium,35
2026-05-08 18:52:14,Molyko to Small Soppo,3.57,18,Friday,4,12.63,16.97,Low,Clouds,No Rain,0,0,0,0,1,1,Market Activity,Medium,35
2026-05-08 18:52:14,Molyko to Bongo Square,4.15,18,Friday,4,12.28,20.29,Low,Clouds,No Rain,0,0,0,0,1,1,Market Activity,Medium,35
2026-05-08 18:52:14,Molyko to Buea Town,2.92,18,Friday,4,9.17,19.1,Low,Clouds,No Rain,0,0,0,0,1,1,Market Activity,Medium,35
2026-05-08 18:52:14,Molyko to Muea,2.92,18,Friday,4,9.17,19.1,Low,Clouds,No Rain,0,0,0,0,1,1,Market Activity,Medium,35
2026-05-08 18:52:14,Check Point to Buea Town,3.12,18,Friday,4,9.17,20.43,Medium,Clouds,No Rain,0,0,0,0,1,1,Market Activity,Medium,55
2026-05-08 18:52:14,Check Point to Great Soppo,4.01,18,Friday,4,12.4,19.41,Low,Clouds,No Rain,0,0,0,0,1,1,Market Activity,Medium,35
2026-05-08 18:52:14,Check Point to Small Soppo,3.78,18,Friday,4,11.65,19.46,Low,Clouds,No Rain,0,0,0,0,1,1,Market Activity,Medium,35
2026-05-08 18:52:14,Check Point to Bongo Square,4.36,18,Friday,4,11.3,23.13,Low,Clouds,No Rain,0,0,0,0,1,1,Market Activity,Medium,35
2026-05-08 18:52:14,Check Point to Muea,3.12,18,Friday,4,9.17,20.43,Medium,Clouds,No Rain,0,0,0,0,1,1,Market Activity,Medium,55
2026-05-08 18:52:14,Great Soppo to Small Soppo,1.54,18,Friday,4,6.17,15.03,Low,Clouds,No Rain,0,0,0,0,1,1,Market Activity,Medium,35
2026-05-08 18:52:14,Great Soppo to Bongo Square,2.12,18,Friday,4,5.73,22.23,Low,Clouds,No Rain,0,0,0,0,1,1,Market Activity,Medium,35
2026-05-08 18:52:14,Great Soppo to Buea Town,0.89,18,Friday,4,3.23,16.5,Low,Clouds,No Rain,0,0,0,0,1,1,Market Activity,Medium,35
2026-05-08 18:52:14,Great Soppo to Muea,0.89,18,Friday,4,3.23,16.5,Low,Clouds,No Rain,0,0,0,0,1,1,Market Activity,Medium,35
2026-05-08 18:52:14,Small Soppo to Bongo Square,1.07,18,Friday,4,3.62,17.72,Low,Clouds,No Rain,0,0,0,0,1,1,Market Activity,Medium,35
2026-05-08 18:52:14,Small Soppo to Buea Town,0.52,18,Friday,4,2.93,10.53,Low,Clouds,No Rain,0,0,0,0,1,1,Market Activity,Medium,35
2026-05-08 18:52:14,Small Soppo to Muea,0.52,18,Friday,4,2.93,10.53,Low,Clouds,No Rain,0,0,0,0,1,1,Market Activity,Medium,35
2026-05-08 18:52:14,Bongo Square to Buea Town,1.24,18,Friday,4,2.27,32.69,Low,Clouds,No Rain,0,0,0,0,1,1,Market Activity,Medium,35
2026-05-08 18:52:14,Bongo Square to Muea,1.24,18,Friday,4,2.27,32.69,Low,Clouds,No Rain,0,0,0,0,1,1,Market Activity,Medium,35
2026-05-08 18:52:14,Bokwango to Molyko,6.15,18,Friday,4,22.28,16.57,Low,Clouds,No Rain,0,0,0,0,1,1,Market Activity,Medium,35
2026-05-08 18:52:14,Bokwango to Check Point,5.26,18,Friday,4,21.62,14.61,Low,Clouds,No Rain,0,0,0,0,1,1,Market Activity,Medium,35
2026-05-08 18:52:14,Bokwango to Buea Town,8.38,18,Friday,4,30.68,16.4,Low,Clouds,No Rain,0,0,0,0,1,1,Market Activity,Medium,35
2026-05-08 18:52:14,Bokwango to Great Soppo,8.18,18,Friday,4,27.98,17.54,Low,Clouds,No Rain,0,0,0,0,1,1,Market Activity,Medium,35
2026-05-08 18:52:14,Muea to Great Soppo,0.89,18,Friday,4,3.23,16.5,Low,Clouds,No Rain,0,0,0,0,1,1,Market Activity,Medium,35
2026-05-08 18:52:14,Muea to Molyko,2.92,18,Friday,4,8.87,19.75,Low,Clouds,No Rain,0,0,0,0,1,1,Market Activity,Medium,35
2026-05-08 18:52:14,Muea to Check Point,3.12,18,Friday,4,8.37,22.39,Low,Clouds,No Rain,0,0,0,0,1,1,Market Activity,Medium,35
2026-05-08 18:52:14,Muea to Buea Town,0.0,18,Friday,4,0.0,0,Low,Clouds,No Rain,0,0,0,0,1,1,Market Activity,Medium,35
2026-05-08 18:52:14,Muea to Bonduma,2.06,18,Friday,4,6.43,19.22,Low,Clouds,No Rain,0,0,0,0,1,1,Market Activity,Medium,35
2026-05-08 18:52:14,Muea to Malingo,5.04,18,Friday,4,15.2,19.91,Low,Clouds,No Rain,0,0,0,0,1,1,Market Activity,Medium,35
2026-05-08 18:52:14,Clerks Quarters to Governor Junction,1.33,18,Friday,4,2.62,30.54,Low,Clouds,No Rain,0,0,0,0,1,1,Market Activity,Medium,35
2026-05-08 18:52:14,Governor Junction to Long Street,0.0,18,Friday,4,0.0,0,Low,Clouds,No Rain,0,0,0,0,1,1,Market Activity,Medium,35
2026-05-08 18:52:14,Long Street to Bongo Square,1.24,18,Friday,4,2.15,34.47,Low,Clouds,No Rain,0,0,0,0,1,1,Market Activity,Medium,35
2026-05-08 18:52:14,Governor Junction to Buea Town,0.0,18,Friday,4,0.0,0,Low,Clouds,No Rain,0,0,0,0,1,1,Market Activity,Medium,35
2026-05-08 18:52:14,Molyko to UB Junction,6.39,18,Friday,4,20.87,18.37,Low,Clouds,No Rain,0,0,0,0,1,1,Market Activity,Medium,35
2026-05-08 18:52:14,UB Junction to Bonduma,3.88,18,Friday,4,16.57,14.07,Low,Clouds,No Rain,0,0,0,0,1,1,Market Activity,Medium,35
2026-05-08 18:52:14,Check Point to Molyko,4.17,18,Friday,4,12.73,19.66,Low,Clouds,No Rain,0,0,0,0,1,1,Market Activity,Medium,35
2026-05-08 18:52:14,Great Soppo to Check Point,4.01,18,Friday,4,12.02,20.03,Low,Clouds,No Rain,0,0,0,0,1,1,Market Activity,Medium,35
2026-05-08 18:52:14,Malingo to Bonduma,3.65,18,Friday,4,13.25,16.55,Low,Clouds,No Rain,0,0,0,0,1,1,Market Activity,Medium,35
2026-05-08 18:52:14,Buea Town to Malingo,5.04,18,Friday,4,15.2,19.91,Low,Clouds,No Rain,0,0,0,0,1,1,Market Activity,Medium,35
2026-05-08 18:52:14,Buea Town to Muea,0.0,18,Friday,4,0.0,0,Low,Clouds,No Rain,0,0,0,0,1,1,Market Activity,Medium,35
2026-05-08 19:02:14,Bonduma Gate to Mile 17,3.81,19,Friday,4,12.07,18.96,Low,Clouds,No Rain,0,0,0,0,1,1,Market Activity,Medium,35
2026-05-08 19:02:14,Bonduma to UB Junction,3.95,19,Friday,4,15.02,15.77,Low,Clouds,No Rain,0,0,0,0,1,1,Market Activity,Medium,35
2026-05-08 19:02:14,Bonduma to Molyko,3.11,19,Friday,4,9.88,18.89,Low,Clouds,No Rain,0,0,0,0,1,1,Market Activity,Medium,35
2026-05-08 19:02:14,Bonduma to Check Point,1.73,19,Friday,4,5.4,19.23,Low,Clouds,No Rain,0,0,0,0,1,1,Market Activity,Medium,35
2026-05-08 19:02:14,Bonduma to Muea,2.06,19,Friday,4,7.02,17.62,Low,Clouds,No Rain,0,0,0,0,1,1,Market Activity,Medium,35
2026-05-08 19:02:14,Bonduma to Great Soppo,2.95,19,Friday,4,10.25,17.27,Low,Clouds,No Rain,0,0,0,0,1,1,Market Activity,Medium,35
2026-05-08 19:02:14,Bonduma to Buea Town,2.06,19,Friday,4,7.02,17.62,Low,Clouds,No Rain,0,0,0,0,1,1,Market Activity,Medium,35
2026-05-08 19:02:14,Mile 16 to Mile 17,4.4,19,Friday,4,13.45,19.64,Low,Clouds,No Rain,0,0,0,0,1,1,Market Activity,Medium,35
2026-05-08 19:02:14,Mile 17 to Malingo,1.54,19,Friday,4,5.13,18.04,Low,Clouds,No Rain,0,0,0,0,1,1,Market Activity,Medium,35
2026-05-08 19:02:14,Mile 17 to UB Junction,2.05,19,Friday,4,7.43,16.57,Low,Clouds,No Rain,0,0,0,0,1,1,Market Activity,Medium,35
2026-05-08 19:02:14,Mile 17 to Check Point,2.47,19,Friday,4,10.55,14.06,Medium,Clouds,No Rain,0,0,0,0,1,1,Market Activity,Medium,55
2026-05-08 19:02:14,Mile 17 to Muea,5.59,19,Friday,4,19.67,17.07,Medium,Clouds,No Rain,0,0,0,0,1,1,Market Activity,Medium,55
2026-05-08 19:02:14,Mile 17 to Great Soppo,6.48,19,Friday,4,22.9,16.99,Low,Clouds,No Rain,0,0,0,0,1,1,Market Activity,Medium,35
2026-05-08 19:02:14,Malingo to UB Junction,3.47,19,Friday,4,11.82,17.61,Low,Clouds,No Rain,0,0,0,0,1,1,Market Activity,Medium,35
2026-05-08 19:02:14,Malingo to Check Point,1.92,19,Friday,4,7.38,15.63,Low,Clouds,No Rain,0,0,0,0,1,1,Market Activity,Medium,35
2026-05-08 19:02:14,Malingo to Molyko,6.09,19,Friday,4,19.47,18.79,Low,Clouds,No Rain,0,0,0,0,1,1,Market Activity,Medium,35
2026-05-08 19:02:14,Malingo to Muea,5.04,19,Friday,4,16.3,18.57,Low,Clouds,No Rain,0,0,0,0,1,1,Market Activity,Medium,35
2026-05-08 19:02:14,Malingo to Buea Town,5.04,19,Friday,4,16.3,18.57,Low,Clouds,No Rain,0,0,0,0,1,1,Market Activity,Medium,35
2026-05-08 19:02:14,UB Junction to Molyko,6.33,19,Friday,4,22.55,16.83,Low,Clouds,No Rain,0,0,0,0,1,1,Market Activity,Medium,35
2026-05-08 19:02:14,UB Junction to Check Point,2.15,19,Friday,4,10.78,11.99,Low,Clouds,No Rain,0,0,0,0,1,1,Market Activity,Medium,35
2026-05-08 19:02:14,UB Junction to Great Soppo,6.17,19,Friday,4,23.1,16.01,Low,Clouds,No Rain,0,0,0,0,1,1,Market Activity,Medium,35
2026-05-08 19:02:14,UB Junction to Buea Town,5.28,19,Friday,4,19.85,15.95,Medium,Clouds,No Rain,0,0,0,0,1,1,Market Activity,Medium,55
2026-05-08 19:02:14,UB Junction to Muea,5.28,19,Friday,4,19.88,15.92,Medium,Clouds,No Rain,0,0,0,0,1,1,Market Activity,Medium,55
2026-05-08 19:02:14,Molyko to Check Point,4.17,19,Friday,4,12.2,20.52,Low,Clouds,No Rain,0,0,0,0,1,1,Market Activity,Medium,35
2026-05-08 19:02:14,Molyko to Great Soppo,2.03,19,Friday,4,5.93,20.52,Low,Clouds,No Rain,0,0,0,0,1,1,Market Activity,Medium,35
2026-05-08 19:02:14,Molyko to Small Soppo,3.57,19,Friday,4,12.63,16.97,Low,Clouds,No Rain,0,0,0,0,1,1,Market Activity,Medium,35
2026-05-08 19:12:14,Bonduma to UB Junction,3.95,19,Friday,4,15.98,14.81,Low,Clouds,No Rain,0,0,0,0,1,1,Market Activity,Medium,35
2026-05-08 19:12:14,Bonduma to Molyko,3.11,19,Friday,4,9.88,18.89,Low,Clouds,No Rain,0,0,0,0,1,1,Market Activity,Medium,35
2026-05-08 19:12:14,Bonduma to Check Point,1.73,19,Friday,4,5.45,19.06,Low,Clouds,No Rain,0,0,0,0,1,1,Market Activity,Medium,35
2026-05-08 19:12:14,Bonduma to Muea,2.06,19,Friday,4,6.95,17.79,Low,Clouds,No Rain,0,0,0,0,1,1,Market Activity,Medium,35
2026-05-08 19:12:14,Bonduma to Great Soppo,2.95,19,Friday,4,10.18,17.38,Low,Clouds,No Rain,0,0,0,0,1,1,Market Activity,Medium,35
2026-05-08 19:12:14,Bonduma to Buea Town,2.06,19,Friday,4,6.95,17.79,Low,Clouds,No Rain,0,0,0,0,1,1,Market Activity,Medium,35
2026-05-08 19:12:14,Mile 16 to Mile 17,4.4,19,Friday,4,14.62,18.07,Medium,Clouds,No Rain,0,0,0,0,1,1,Market Activity,Medium,55
2026-05-08 19:12:14,Mile 17 to Malingo,1.54,19,Friday,4,5.38,17.2,Low,Clouds,No Rain,0,0,0,0,1,1,Market Activity,Medium,35
2026-05-08 19:12:14,Mile 17 to UB Junction,2.05,19,Friday,4,7.62,16.17,Low,Clouds,No Rain,0,0,0,0,1,1,Market Activity,Medium,35
2026-05-08 19:12:14,Mile 17 to Check Point,2.47,19,Friday,4,10.88,13.63,Medium,Clouds,No Rain,0,0,0,0,1,1,Market Activity,Medium,55
2026-05-08 19:12:14,Mile 17 to Muea,5.59,19,Friday,4,19.52,17.2,Medium,Clouds,No Rain,0,0,0,0,1,1,Market Activity,Medium,55
2026-05-08 19:12:14,Mile 17 to Great Soppo,6.48,19,Friday,4,22.75,17.1,Low,Clouds,No Rain,0,0,0,0,1,1,Market Activity,Medium,35
2026-05-08 19:12:14,Malingo to UB Junction,3.47,19,Friday,4,11.82,17.61,Low,Clouds,No Rain,0,0,0,0,1,1,Market Activity,Medium,35
2026-05-08 19:12:14,Malingo to Check Point,1.92,19,Friday,4,7.38,15.63,Low,Clouds,No Rain,0,0,0,0,1,1,Market Activity,Medium,35
2026-05-08 19:12:14,Malingo to Molyko,6.09,19,Friday,4,19.2,19.05,Low,Clouds,No Rain,0,0,0,0,1,1,Market Activity,Medium,35
2026-05-08 19:12:14,Malingo to Muea,5.04,19,Friday,4,15.78,19.18,Low,Clouds,No Rain,0,0,0,0,1,1,Market Activity,Medium,35
2026-05-08 19:12:14,Malingo to Buea Town,5.04,19,Friday,4,15.78,19.18,Low,Clouds,No Rain,0,0,0,0,1,1,Market Activity,Medium,35
2026-05-08 19:12:14,UB Junction to Molyko,6.33,19,Friday,4,22.62,16.78,Low,Clouds,No Rain,0,0,0,0,1,1,Market Activity,Medium,35
2026-05-08 19:12:14,UB Junction to Check Point,2.15,19,Friday,4,10.93,11.83,Medium,Clouds,No Rain,0,0,0,0,1,1,Market Activity,Medium,55
2026-05-08 19:12:14,UB Junction to Great Soppo,6.17,19,Friday,4,22.82,16.21,Low,Clouds,No Rain,0,0,0,0,1,1,Market Activity,Medium,35
2026-05-08 19:12:14,UB Junction to Buea Town,5.28,19,Friday,4,19.57,16.18,Low,Clouds,No Rain,0,0,0,0,1,1,Market Activity,Medium,35
2026-05-08 19:12:14,UB Junction to Muea,5.28,19,Friday,4,19.57,16.18,Low,Clouds,No Rain,0,0,0,0,1,1,Market Activity,Medium,35
2026-05-08 19:12:14,Molyko to Check Point,4.17,19,Friday,4,12.27,20.41,Low,Clouds,No Rain,0,0,0,0,1,1,Market Activity,Medium,35
2026-05-08 19:12:14,Molyko to Great Soppo,2.03,19,Friday,4,5.93,20.52,Low,Clouds,No Rain,0,0,0,0,1,1,Market Activity,Medium,35
2026-05-08 19:12:14,Molyko to Small Soppo,3.57,19,Friday,4,12.65,16.95,Low,Clouds,No Rain,0,0,0,0,1,1,Market Activity,Medium,35
2026-05-08 19:12:14,Molyko to Bongo Square,4.15,19,Friday,4,12.37,20.15,Low,Clouds,No Rain,0,0,0,0,1,1,Market Activity,Medium,35
2026-05-08 19:12:14,Molyko to Buea Town,2.92,19,Friday,4,9.17,19.1,Low,Clouds,No Rain,0,0,0,0,1,1,Market Activity,Medium,35
2026-05-08 19:12:14,Molyko to Muea,2.92,19,Friday,4,9.17,19.1,Low,Clouds,No Rain,0,0,0,0,1,1,Market Activity,Medium,35
2026-05-08 19:12:14,Molyko to Bokwango,6.15,19,Friday,4,22.2,16.63,Low,Clouds,No Rain,0,0,0,0,1,1,Market Activity,Medium,35
2026-05-08 19:12:14,Check Point to Buea Town,3.12,19,Friday,4,9.37,20.0,Medium,Clouds,No Rain,0,0,0,0,1,1,Market Activity,Medium,55
2026-05-08 19:12:14,Check Point to Great Soppo,4.01,19,Friday,4,12.6,19.1,Low,Clouds,No Rain,0,0,0,0,1,1,Market Activity,Medium,35
2026-05-08 19:12:14,Check Point to Small Soppo,3.78,19,Friday,4,11.83,19.16,Low,Clouds,No Rain,0,0,0,0,1,1,Market Activity,Medium,35
2026-05-08 19:12:14,Check Point to Bongo Square,4.36,19,Friday,4,11.5,22.73,Low,Clouds,No Rain,0,0,0,0,1,1,Market Activity,Medium,35
2026-05-08 19:12:14,Check Point to Muea,3.12,19,Friday,4,9.35,20.03,Medium,Clouds,No Rain,0,0,0,0,1,1,Market Activity,Medium,55
2026-05-08 19:12:14,Great Soppo to Small Soppo,1.54,19,Friday,4,6.23,14.87,Low,Clouds,No Rain,0,0,0,0,1,1,Market Activity,Medium,35
2026-05-08 19:12:14,Great Soppo to Bongo Square,2.12,19,Friday,4,5.78,22.04,Low,Clouds,No Rain,0,0,0,0,1,1,Market Activity,Medium,35
2026-05-08 19:12:14,Great Soppo to Buea Town,0.89,19,Friday,4,3.23,16.5,Low,Clouds,No Rain,0,0,0,0,1,1,Market Activity,Medium,35
2026-05-08 19:12:14,Great Soppo to Muea,0.89,19,Friday,4,3.23,16.5,Low,Clouds,No Rain,0,0,0,0,1,1,Market Activity,Medium,35
2026-05-08 19:12:14,Small Soppo to Bongo Square,1.07,19,Friday,4,3.62,17.72,Low,Clouds,No Rain,0,0,0,0,1,1,Market Activity,Medium,35
2026-05-08 19:12:14,Small Soppo to Buea Town,0.52,19,Friday,4,2.95,10.47,Low,Clouds,No Rain,0,0,0,0,1,1,Market Activity,Medium,35
2026-05-08 19:12:14,Small Soppo to Muea,0.52,19,Friday,4,2.95,10.47,Low,Clouds,No Rain,0,0,0,0,1,1,Market Activity,Medium,35
2026-05-08 19:12:14,Bongo Square to Buea Town,1.24,19,Friday,4,2.33,31.76,Low,Clouds,No Rain,0,0,0,0,1,1,Market Activity,Medium,35
2026-05-08 19:12:14,Bongo Square to Muea,1.24,19,Friday,4,2.33,31.76,Low,Clouds,No Rain,0,0,0,0,1,1,Market Activity,Medium,35
2026-05-08 19:12:14,Bokwango to Molyko,6.15,19,Friday,4,22.32,16.54,Low,Clouds,No Rain,0,0,0,0,1,1,Market Activity,Medium,35
2026-05-08 19:12:14,Bokwango to Check Point,5.26,19,Friday,4,21.83,14.46,Low,Clouds,No Rain,0,0,0,0,1,1,Market Activity,Medium,35
2026-05-08 19:12:14,Bokwango to Buea Town,8.38,19,Friday,4,30.47,16.51,Low,Clouds,No Rain,0,0,0,0,1,1,Market Activity,Medium,35
2026-05-08 19:12:14,Bokwango to Great Soppo,8.18,19,Friday,4,28.05,17.5,Low,Clouds,No Rain,0,0,0,0,1,1,Market Activity,Medium,35
2026-05-08 19:12:14,Muea to Great Soppo,0.89,19,Friday,4,3.23,16.5,Low,Clouds,No Rain,0,0,0,0,1,1,Market Activity,Medium,35
2026-05-08 19:12:14,Muea to Molyko,2.92,19,Friday,4,8.87,19.75,Low,Clouds,No Rain,0,0,0,0,1,1,Market Activity,Medium,35
2026-05-08 19:12:14,Muea to Check Point,3.12,19,Friday,4,8.62,21.74,Medium,Clouds,No Rain,0,0,0,0,1,1,Market Activity,Medium,55
2026-05-08 19:12:14,Muea to Buea Town,0.0,19,Friday,4,0.0,0,Low,Clouds,No Rain,0,0,0,0,1,1,Market Activity,Medium,35
2026-05-08 19:12:14,Muea to Bonduma,2.06,19,Friday,4,6.58,18.78,Low,Clouds,No Rain,0,0,0,0,1,1,Market Activity,Medium,35
2026-05-08 19:12:14,Muea to Malingo,5.04,19,Friday,4,15.47,19.57,Low,Clouds,No Rain,0,0,0,0,1,1,Market Activity,Medium,35
2026-05-08 19:12:14,Clerks Quarters to Governor Junction,1.33,19,Friday,4,2.67,29.97,Low,Clouds,No Rain,0,0,0,0,1,1,Market Activity,Medium,35
2026-05-08 19:12:14,Governor Junction to Long Street,0.0,19,Friday,4,0.0,0,Low,Clouds,No Rain,0,0,0,0,1,1,Market Activity,Medium,35
2026-05-08 19:12:14,Long Street to Bongo Square,1.24,19,Friday,4,2.2,33.68,Low,Clouds,No Rain,0,0,0,0,1,1,Market Activity,Medium,35
2026-05-08 19:12:14,Governor Junction to Buea Town,0.0,19,Friday,4,0.0,0,Low,Clouds,No Rain,0,0,0,0,1,1,Market Activity,Medium,35
2026-05-08 19:12:14,Molyko to UB Junction,6.39,19,Friday,4,22.5,17.03,Low,Clouds,No Rain,0,0,0,0,1,1,Market Activity,Medium,35
2026-05-08 19:12:14,UB Junction to Bonduma,3.88,19,Friday,4,16.4,14.21,Low,Clouds,No Rain,0,0,0,0,1,1,Market Activity,Medium,35
2026-05-08 19:12:14,Check Point to Molyko,4.17,19,Friday,4,12.72,19.68,Low,Clouds,No Rain,0,0,0,0,1,1,Market Activity,Medium,35
2026-05-08 19:12:14,Great Soppo to Check Point,4.01,19,Friday,4,11.97,20.11,Low,Clouds,No Rain,0,0,0,0,1,1,Market Activity,Medium,35
2026-05-08 19:12:14,Malingo to Bonduma,3.65,19,Friday,4,12.87,17.04,Low,Clouds,No Rain,0,0,0,0,1,1,Market Activity,Medium,35
2026-05-08 19:12:14,Buea Town to Malingo,5.04,19,Friday,4,15.45,19.59,Low,Clouds,No Rain,0,0,0,0,1,1,Market Activity,Medium,35
2026-05-08 19:12:14,Buea Town to Muea,0.0,19,Friday,4,0.0,0,Low,Clouds,No Rain,0,0,0,0,1,1,Market Activity,Medium,35
2026-05-08 19:22:14,Bonduma Gate to Mile 17,3.81,19,Friday,4,13.45,17.01,Medium,Clouds,No Rain,0,0,0,0,1,1,Market Activity,Medium,55
2026-05-08 19:22:14,Bonduma to UB Junction,3.95,19,Friday,4,16.38,14.45,Low,Clouds,No Rain,0,0,0,0,1,1,Market Activity,Medium,35
2026-05-08 19:22:14,Bonduma to Molyko,3.11,19,Friday,4,9.88,18.89,Low,Clouds,No Rain,0,0,0,0,1,1,Market Activity,Medium,35
2026-05-08 19:22:14,Bonduma to Check Point,1.73,19,Friday,4,5.33,19.47,Low,Clouds,No Rain,0,0,0,0,1,1,Market Activity,Medium,35
2026-05-08 19:22:14,Bonduma to Muea,2.06,19,Friday,4,6.83,18.1,Low,Clouds,No Rain,0,0,0,0,1,1,Market Activity,Medium,35
2026-05-08 19:22:14,Bonduma to Great Soppo,2.95,19,Friday,4,10.08,17.55,Low,Clouds,No Rain,0,0,0,0,1,1,Market Activity,Medium,35
2026-05-08 19:22:14,Bonduma to Buea Town,2.06,19,Friday,4,6.83,18.1,Low,Clouds,No Rain,0,0,0,0,1,1,Market Activity,Medium,35
2026-05-08 19:22:14,Mile 16 to Mile 17,4.4,19,Friday,4,14.8,17.85,Medium,Clouds,No Rain,0,0,0,0,1,1,Market Activity,Medium,55
2026-05-08 19:22:14,Mile 17 to Malingo,1.54,19,Friday,4,5.27,17.58,Low,Clouds,No Rain,0,0,0,0,1,1,Market Activity,Medium,35
2026-05-08 19:22:14,Mile 17 to UB Junction,2.05,19,Friday,4,7.6,16.21,Low,Clouds,No Rain,0,0,0,0,1,1,Market Activity,Medium,35
2026-05-08 19:22:14,Mile 17 to Check Point,2.47,19,Friday,4,11.07,13.4,Medium,Clouds,No Rain,0,0,0,0,1,1,Market Activity,Medium,55
2026-05-08 19:22:14,Mile 17 to Muea,5.59,19,Friday,4,19.67,17.07,Medium,Clouds,No Rain,0,0,0,0,1,1,Market Activity,Medium,55
2026-05-08 19:22:14,Mile 17 to Great Soppo,6.48,19,Friday,4,22.9,16.99,Low,Clouds,No Rain,0,0,0,0,1,1,Market Activity,Medium,35
2026-05-08 19:22:14,Malingo to UB Junction,3.47,19,Friday,4,11.6,17.94,Low,Clouds,No Rain,0,0,0,0,1,1,Market Activity,Medium,35
2026-05-08 19:22:14,Malingo to Check Point,1.92,19,Friday,4,7.4,15.59,Low,Clouds,No Rain,0,0,0,0,1,1,Market Activity,Medium,35
2026-05-08 19:22:14,Malingo to Molyko,6.09,19,Friday,4,19.2,19.05,Low,Clouds,No Rain,0,0,0,0,1,1,Market Activity,Medium,35
2026-05-08 19:22:14,Malingo to Muea,5.04,19,Friday,4,15.62,19.38,Low,Clouds,No Rain,0,0,0,0,1,1,Market Activity,Medium,35
2026-05-08 19:22:14,Malingo to Buea Town,5.04,19,Friday,4,15.62,19.38,Low,Clouds,No Rain,0,0,0,0,1,1,Market Activity,Medium,35
2026-05-08 19:22:14,UB Junction to Molyko,6.33,19,Friday,4,22.7,16.72,Low,Clouds,No Rain,0,0,0,0,1,1,Market Activity,Medium,35
2026-05-08 19:22:14,UB Junction to Check Point,2.15,19,Friday,4,11.13,11.61,Medium,Clouds,No Rain,0,0,0,0,1,1,Market Activity,Medium,55
2026-05-08 19:22:14,UB Junction to Great Soppo,6.17,19,Friday,4,22.98,16.09,Low,Clouds,No Rain,0,0,0,0,1,1,Market Activity,Medium,35
2026-05-08 19:22:14,UB Junction to Buea Town,5.28,19,Friday,4,19.75,16.03,Medium,Clouds,No Rain,0,0,0,0,1,1,Market Activity,Medium,55
2026-05-08 19:22:14,UB Junction to Muea,5.28,19,Friday,4,19.75,16.03,Medium,Clouds,No Rain,0,0,0,0,1,1,Market Activity,Medium,55
2026-05-08 19:22:14,Molyko to Check Point,4.17,19,Friday,4,12.17,20.57,Low,Clouds,No Rain,0,0,0,0,1,1,Market Activity,Medium,35
2026-05-08 19:22:14,Molyko to Great Soppo,2.03,19,Friday,4,5.93,20.52,Low,Clouds,No Rain,0,0,0,0,1,1,Market Activity,Medium,35
2026-05-08 19:22:14,Molyko to Small Soppo,3.57,19,Friday,4,12.65,16.95,Low,Clouds,No Rain,0,0,0,0,1,1,Market Activity,Medium,35
2026-05-08 19:22:14,Molyko to Bongo Square,4.15,19,Friday,4,12.38,20.12,Low,Clouds,No Rain,0,0,0,0,1,1,Market Activity,Medium,35
2026-05-08 19:22:14,Molyko to Buea Town,2.92,19,Friday,4,9.17,19.1,Low,Clouds,No Rain,0,0,0,0,1,1,Market Activity,Medium,35
2026-05-08 19:22:14,Molyko to Muea,2.92,19,Friday,4,9.17,19.1,Low,Clouds,No Rain,0,0,0,0,1,1,Market Activity,Medium,35
2026-05-08 19:22:14,Molyko to Bokwango,6.15,19,Friday,4,22.27,16.58,Low,Clouds,No Rain,0,0,0,0,1,1,Market Activity,Medium,35
2026-05-08 19:22:14,Check Point to Buea Town,3.12,19,Friday,4,8.63,21.7,Low,Clouds,No Rain,0,0,0,0,1,1,Market Activity,Medium,35
2026-05-08 19:22:14,Check Point to Great Soppo,4.01,19,Friday,4,11.88,20.25,Low,Clouds,No Rain,0,0,0,0,1,1,Market Activity,Medium,35
2026-05-08 19:22:14,Check Point to Small Soppo,3.78,19,Friday,4,11.12,20.39,Low,Clouds,No Rain,0,0,0,0,1,1,Market Activity,Medium,35
2026-05-08 19:22:14,Check Point to Bongo Square,4.36,19,Friday,4,10.78,24.24,Low,Clouds,No Rain,0,0,0,0,1,1,Market Activity,Medium,35
2026-05-08 19:22:14,Check Point to Muea,3.12,19,Friday,4,8.63,21.7,Low,Clouds,No Rain,0,0,0,0,1,1,Market Activity,Medium,35
2026-05-08 19:22:14,Great Soppo to Small Soppo,1.54,19,Friday,4,6.23,14.87,Low,Clouds,No Rain,0,0,0,0,1,1,Market Activity,Medium,35
2026-05-08 19:22:14,Great Soppo to Bongo Square,2.12,19,Friday,4,5.72,22.29,Low,Clouds,No Rain,0,0,0,0,1,1,Market Activity,Medium,35
2026-05-08 19:22:14,Great Soppo to Buea Town,0.89,19,Friday,4,3.23,16.5,Low,Clouds,No Rain,0,0,0,0,1,1,Market Activity,Medium,35
2026-05-08 19:22:14,Great Soppo to Muea,0.89,19,Friday,4,3.23,16.5,Low,Clouds,No Rain,0,0,0,0,1,1,Market Activity,Medium,35
2026-05-08 19:22:14,Small Soppo to Bongo Square,1.07,19,Friday,4,3.6,17.8,Low,Clouds,No Rain,0,0,0,0,1,1,Market Activity,Medium,35
2026-05-08 19:22:14,Small Soppo to Buea Town,0.52,19,Friday,4,2.9,10.66,Low,Clouds,No Rain,0,0,0,0,1,1,Market Activity,Medium,35
2026-05-08 19:22:14,Small Soppo to Muea,0.52,19,Friday,4,2.9,10.66,Low,Clouds,No Rain,0,0,0,0,1,1,Market Activity,Medium,35
2026-05-08 19:22:14,Bongo Square to Buea Town,1.24,19,Friday,4,2.25,32.93,Low,Clouds,No Rain,0,0,0,0,1,1,Market Activity,Medium,35
2026-05-08 19:22:14,Bongo Square to Muea,1.24,19,Friday,4,2.25,32.93,Low,Clouds,No Rain,0,0,0,0,1,1,Market Activity,Medium,35
2026-05-08 19:22:14,Bokwango to Molyko,6.15,19,Friday,4,22.33,16.53,Low,Clouds,No Rain,0,0,0,0,1,1,Market Activity,Medium,35
2026-05-08 19:22:14,Bokwango to Check Point,5.26,19,Friday,4,21.85,14.45,Low,Clouds,No Rain,0,0,0,0,1,1,Market Activity,Medium,35
2026-05-08 19:22:14,Bokwango to Buea Town,8.38,19,Friday,4,30.37,16.57,Low,Clouds,No Rain,0,0,0,0,1,1,Market Activity,Medium,35
2026-05-08 19:22:14,Bokwango to Great Soppo,8.18,19,Friday,4,28.12,17.46,Low,Clouds,No Rain,0,0,0,0,1,1,Market Activity,Medium,35
2026-05-08 19:22:14,Muea to Great Soppo,0.89,19,Friday,4,3.23,16.5,Low,Clouds,No Rain,0,0,0,0,1,1,Market Activity,Medium,35
2026-05-08 19:22:14,Muea to Molyko,2.92,19,Friday,4,8.87,19.75,Low,Clouds,No Rain,0,0,0,0,1,1,Market Activity,Medium,35
2026-05-08 19:22:14,Muea to Check Point,3.12,19,Friday,4,8.15,22.98,Low,Clouds,No Rain,0,0,0,0,1,1,Market Activity,Medium,35
2026-05-08 19:22:14,Muea to Buea Town,0.0,19,Friday,4,0.0,0,Low,Clouds,No Rain,0,0,0,0,1,1,Market Activity,Medium,35
2026-05-08 19:22:14,Muea to Bonduma,2.06,19,Friday,4,6.22,19.89,Low,Clouds,No Rain,0,0,0,0,1,1,Market Activity,Medium,35
2026-05-08 19:22:14,Muea to Malingo,5.04,19,Friday,4,14.98,20.2,Low,Clouds,No Rain,0,0,0,0,1,1,Market Activity,Medium,35
2026-05-08 19:22:14,Clerks Quarters to Governor Junction,1.33,19,Friday,4,2.6,30.74,Low,Clouds,No Rain,0,0,0,0,1,1,Market Activity,Medium,35
2026-05-08 19:22:14,Governor Junction to Long Street,0.0,19,Friday,4,0.0,0,Low,Clouds,No Rain,0,0,0,0,1,1,Market Activity,Medium,35
2026-05-08 19:22:14,Long Street to Bongo Square,1.24,19,Friday,4,2.17,34.2,Low,Clouds,No Rain,0,0,0,0,1,1,Market Activity,Medium,35
2026-05-08 19:22:14,Governor Junction to Buea Town,0.0,19,Friday,4,0.0,0,Low,Clouds,No Rain,0,0,0,0,1,1,Market Activity,Medium,35
2026-05-08 19:22:14,Molyko to UB Junction,6.39,19,Friday,4,22.07,17.37,Low,Clouds,No Rain,0,0,0,0,1,1,Market Activity,Medium,35
2026-05-08 19:22:14,UB Junction to Bonduma,3.88,19,Friday,4,16.58,14.06,Low,Clouds,No Rain,0,0,0,0,1,1,Market Activity,Medium,35
2026-05-08 19:22:14,Check Point to Molyko,4.17,19,Friday,4,12.37,20.24,Low,Clouds,No Rain,0,0,0,0,1,1,Market Activity,Medium,35
2026-05-08 19:22:14,Great Soppo to Check Point,4.01,19,Friday,4,11.78,20.42,Low,Clouds,No Rain,0,0,0,0,1,1,Market Activity,Medium,35
2026-05-08 19:22:14,Malingo to Bonduma,3.65,19,Friday,4,12.88,17.02,Low,Clouds,No Rain,0,0,0,0,1,1,Market Activity,Medium,35
2026-05-08 19:22:14,Buea Town to Malingo,5.04,19,Friday,4,14.98,20.2,Low,Clouds,No Rain,0,0,0,0,1,1,Market Activity,Medium,35
2026-05-08 19:22:14,Buea Town to Muea,0.0,19,Friday,4,0.0,0,Low,Clouds,No Rain,0,0,0,0,1,1,Market Activity,Medium,35
2026-05-08 19:32:14,Bonduma Gate to Mile 17,3.81,19,Friday,4,12.93,17.69,Medium,Clouds,No Rain,0,0,0,0,0,1,Market Activity,Medium,40
2026-05-08 19:32:14,Bonduma to UB Junction,3.95,19,Friday,4,15.78,15.0,Low,Clouds,No Rain,0,0,0,0,0,1,Market Activity,Medium,20
2026-05-08 19:32:14,Bonduma to Molyko,3.11,19,Friday,4,9.88,18.89,Low,Clouds,No Rain,0,0,0,0,0,1,Market Activity,Medium,20
2026-05-08 19:32:14,Bonduma to Check Point,1.73,19,Friday,4,5.33,19.47,Low,Clouds,No Rain,0,0,0,0,0,1,Market Activity,Medium,20
2026-05-08 19:32:14,Bonduma to Muea,2.06,19,Friday,4,6.67,18.55,Low,Clouds,No Rain,0,0,0,0,0,1,Market Activity,Medium,20
2026-05-08 19:32:14,Bonduma to Great Soppo,2.95,19,Friday,4,9.9,17.88,Low,Clouds,No Rain,0,0,0,0,0,1,Market Activity,Medium,20
2026-05-08 19:32:14,Bonduma to Buea Town,2.06,19,Friday,4,6.67,18.55,Low,Clouds,No Rain,0,0,0,0,0,1,Market Activity,Medium,20
2026-05-08 19:32:14,Mile 16 to Mile 17,4.4,19,Friday,4,14.08,18.75,Medium,Clouds,No Rain,0,0,0,0,0,1,Market Activity,Medium,40
2026-05-08 19:32:14,Mile 17 to Malingo,1.54,19,Friday,4,5.25,17.63,Low,Clouds,No Rain,0,0,0,0,0,1,Market Activity,Medium,20
2026-05-08 19:32:14,Mile 17 to UB Junction,2.05,19,Friday,4,7.68,16.03,Low,Clouds,No Rain,0,0,0,0,0,1,Market Activity,Medium,20
2026-05-08 19:32:14,Mile 17 to Check Point,2.47,19,Friday,4,11.17,13.28,Medium,Clouds,No Rain,0,0,0,0,0,1,Market Activity,Medium,40
2026-05-08 19:32:14,Mile 17 to Muea,5.59,19,Friday,4,19.62,17.11,Medium,Clouds,No Rain,0,0,0,0,0,1,Market Activity,Medium,40
2026-05-08 19:32:14,Mile 17 to Great Soppo,6.48,19,Friday,4,22.87,17.01,Low,Clouds,No Rain,0,0,0,0,0,1,Market Activity,Medium,20
2026-05-08 19:32:14,Malingo to UB Junction,3.47,19,Friday,4,11.8,17.64,Low,Clouds,No Rain,0,0,0,0,0,1,Market Activity,Medium,20
2026-05-08 19:32:14,Malingo to Check Point,1.92,19,Friday,4,7.42,15.56,Low,Clouds,No Rain,0,0,0,0,0,1,Market Activity,Medium,20
2026-05-08 19:32:14,Malingo to Molyko,6.09,19,Friday,4,19.2,19.05,Low,Clouds,No Rain,0,0,0,0,0,1,Market Activity,Medium,20
2026-05-08 19:32:14,Malingo to Muea,5.04,19,Friday,4,15.53,19.49,Low,Clouds,No Rain,0,0,0,0,0,1,Market Activity,Medium,20
2026-05-08 19:32:14,Malingo to Buea Town,5.04,19,Friday,4,15.53,19.49,Low,Clouds,No Rain,0,0,0,0,0,1,Market Activity,Medium,20
2026-05-08 19:32:14,UB Junction to Molyko,6.33,19,Friday,4,22.78,16.66,Low,Clouds,No Rain,0,0,0,0,0,1,Market Activity,Medium,20
2026-05-08 19:32:14,UB Junction to Check Point,2.15,19,Friday,4,11.15,11.6,Medium,Clouds,No Rain,0,0,0,0,0,1,Market Activity,Medium,40
2026-05-08 19:32:14,UB Junction to Great Soppo,6.17,19,Friday,4,22.83,16.2,Low,Clouds,No Rain,0,0,0,0,0,1,Market Activity,Medium,20
2026-05-08 19:32:14,UB Junction to Buea Town,5.28,19,Friday,4,19.62,16.14,Low,Clouds,No Rain,0,0,0,0,0,1,Market Activity,Medium,20
2026-05-08 19:32:14,UB Junction to Muea,5.28,19,Friday,4,19.62,16.14,Low,Clouds,No Rain,0,0,0,0,0,1,Market Activity,Medium,20
2026-05-08 19:32:14,Molyko to Check Point,4.17,19,Friday,4,12.13,20.63,Low,Clouds,No Rain,0,0,0,0,0,1,Market Activity,Medium,20
2026-05-08 19:32:14,Molyko to Great Soppo,2.03,19,Friday,4,5.93,20.52,Low,Clouds,No Rain,0,0,0,0,0,1,Market Activity,Medium,20
2026-05-08 19:32:14,Molyko to Small Soppo,3.57,19,Friday,4,12.63,16.97,Low,Clouds,No Rain,0,0,0,0,0,1,Market Activity,Medium,20
2026-05-08 19:32:14,Molyko to Bongo Square,4.15,19,Friday,4,12.37,20.15,Low,Clouds,No Rain,0,0,0,0,0,1,Market Activity,Medium,20
2026-05-08 19:32:14,Molyko to Buea Town,2.92,19,Friday,4,9.17,19.1,Low,Clouds,No Rain,0,0,0,0,0,1,Market Activity,Medium,20
2026-05-08 19:32:14,Molyko to Muea,2.92,19,Friday,4,9.17,19.1,Low,Clouds,No Rain,0,0,0,0,0,1,Market Activity,Medium,20
2026-05-08 19:32:14,Molyko to Bokwango,6.15,19,Friday,4,22.3,16.56,Low,Clouds,No Rain,0,0,0,0,0,1,Market Activity,Medium,20
2026-05-08 19:32:14,Check Point to Buea Town,3.12,19,Friday,4,8.52,21.99,Low,Clouds,No Rain,0,0,0,0,0,1,Market Activity,Medium,20
2026-05-08 19:32:14,Check Point to Great Soppo,4.01,19,Friday,4,11.75,20.48,Low,Clouds,No Rain,0,0,0,0,0,1,Market Activity,Medium,20
2026-05-08 19:32:14,Check Point to Small Soppo,3.78,19,Friday,4,11.0,20.61,Low,Clouds,No Rain,0,0,0,0,0,1,Market Activity,Medium,20
2026-05-08 19:32:14,Check Point to Bongo Square,4.36,19,Friday,4,10.7,24.43,Low,Clouds,No Rain,0,0,0,0,0,1,Market Activity,Medium,20
2026-05-08 19:32:14,Check Point to Muea,3.12,19,Friday,4,8.52,21.99,Low,Clouds,No Rain,0,0,0,0,0,1,Market Activity,Medium,20
2026-05-08 19:32:14,Great Soppo to Small Soppo,1.54,19,Friday,4,6.27,14.79,Low,Clouds,No Rain,0,0,0,0,0,1,Market Activity,Medium,20
2026-05-08 19:32:14,Great Soppo to Bongo Square,2.12,19,Friday,4,5.77,22.1,Low,Clouds,No Rain,0,0,0,0,0,1,Market Activity,Medium,20
2026-05-08 19:32:14,Great Soppo to Buea Town,0.89,19,Friday,4,3.23,16.5,Low,Clouds,No Rain,0,0,0,0,0,1,Market Activity,Medium,20
2026-05-08 19:32:14,Great Soppo to Muea,0.89,19,Friday,4,3.23,16.5,Low,Clouds,No Rain,0,0,0,0,0,1,Market Activity,Medium,20
2026-05-08 19:32:14,Small Soppo to Bongo Square,1.07,19,Friday,4,3.6,17.8,Low,Clouds,No Rain,0,0,0,0,0,1,Market Activity,Medium,20
2026-05-08 19:32:14,Small Soppo to Buea Town,0.52,19,Friday,4,2.92,10.59,Low,Clouds,No Rain,0,0,0,0,0,1,Market Activity,Medium,20
2026-05-08 19:32:14,Small Soppo to Muea,0.52,19,Friday,4,2.92,10.59,Low,Clouds,No Rain,0,0,0,0,0,1,Market Activity,Medium,20
2026-05-08 19:32:14,Bongo Square to Buea Town,1.24,19,Friday,4,2.32,31.99,Low,Clouds,No Rain,0,0,0,0,0,1,Market Activity,Medium,20
2026-05-08 19:32:14,Bongo Square to Muea,1.24,19,Friday,4,2.32,31.99,Low,Clouds,No Rain,0,0,0,0,0,1,Market Activity,Medium,20
2026-05-08 19:32:14,Bokwango to Molyko,6.15,19,Friday,4,22.37,16.51,Low,Clouds,No Rain,0,0,0,0,0,1,Market Activity,Medium,20
2026-05-08 19:32:14,Bokwango to Check Point,5.26,19,Friday,4,21.48,14.7,Low,Clouds,No Rain,0,0,0,0,0,1,Market Activity,Medium,20
2026-05-08 19:32:14,Bokwango to Buea Town,8.38,19,Friday,4,29.92,16.82,Low,Clouds,No Rain,0,0,0,0,0,1,Market Activity,Medium,20
2026-05-08 19:32:14,Bokwango to Great Soppo,8.18,19,Friday,4,28.13,17.45,Low,Clouds,No Rain,0,0,0,0,0,1,Market Activity,Medium,20
2026-05-08 19:32:14,Muea to Great Soppo,0.89,19,Friday,4,3.23,16.5,Low,Clouds,No Rain,0,0,0,0,0,1,Market Activity,Medium,20
2026-05-08 19:32:14,Muea to Molyko,2.92,19,Friday,4,8.87,19.75,Low,Clouds,No Rain,0,0,0,0,0,1,Market Activity,Medium,20
2026-05-08 19:32:14,Muea to Check Point,3.12,19,Friday,4,8.15,22.98,Low,Clouds,No Rain,0,0,0,0,0,1,Market Activity,Medium,20
2026-05-08 19:32:14,Muea to Buea Town,0.0,19,Friday,4,0.0,0,Low,Clouds,No Rain,0,0,0,0,0,1,Market Activity,Medium,20
2026-05-08 19:32:14,Muea to Bonduma,2.06,19,Friday,4,6.23,19.84,Low,Clouds,No Rain,0,0,0,0,0,1,Market Activity,Medium,20
2026-05-08 19:32:14,Muea to Malingo,5.04,19,Friday,4,15.0,20.18,Low,Clouds,No Rain,0,0,0,0,0,1,Market Activity,Medium,20
2026-05-08 19:32:14,Clerks Quarters to Governor Junction,1.33,19,Friday,4,2.65,30.16,Low,Clouds,No Rain,0,0,0,0,0,1,Market Activity,Medium,20
2026-05-08 19:32:14,Governor Junction to Long Street,0.0,19,Friday,4,0.0,0,Low,Clouds,No Rain,0,0,0,0,0,1,Market Activity,Medium,20
2026-05-08 19:32:14,Long Street to Bongo Square,1.24,19,Friday,4,2.15,34.47,Low,Clouds,No Rain,0,0,0,0,0,1,Market Activity,Medium,20
2026-05-08 19:32:14,Governor Junction to Buea Town,0.0,19,Friday,4,0.0,0,Low,Clouds,No Rain,0,0,0,0,0,1,Market Activity,Medium,20
2026-05-08 19:32:14,Molyko to UB Junction,6.39,19,Friday,4,21.67,17.69,Low,Clouds,No Rain,0,0,0,0,0,1,Market Activity,Medium,20
2026-05-08 19:32:14,UB Junction to Bonduma,3.88,19,Friday,4,16.55,14.08,Low,Clouds,No Rain,0,0,0,0,0,1,Market Activity,Medium,20
2026-05-08 19:32:14,Check Point to Molyko,4.17,19,Friday,4,12.32,20.32,Low,Clouds,No Rain,0,0,0,0,0,1,Market Activity,Medium,20
2026-05-08 19:32:14,Great Soppo to Check Point,4.01,19,Friday,4,11.93,20.17,Low,Clouds,No Rain,0,0,0,0,0,1,Market Activity,Medium,20
2026-05-08 19:32:14,Malingo to Bonduma,3.65,19,Friday,4,12.75,17.2,Low,Clouds,No Rain,0,0,0,0,0,1,Market Activity,Medium,20
2026-05-08 19:32:14,Buea Town to Malingo,5.04,19,Friday,4,15.0,20.18,Low,Clouds,No Rain,0,0,0,0,0,1,Market Activity,Medium,20
2026-05-08 19:32:14,Buea Town to Muea,0.0,19,Friday,4,0.0,0,Low,Clouds,No Rain,0,0,0,0,0,1,Market Activity,Medium,20
2026-05-08 19:42:14,Bonduma Gate to Mile 17,3.81,19,Friday,4,12.68,18.04,Medium,Clouds,No Rain,0,0,0,0,0,1,Market Activity,Medium,40
2026-05-08 19:42:14,Bonduma to UB Junction,3.95,19,Friday,4,15.72,15.06,Low,Clouds,No Rain,0,0,0,0,0,1,Market Activity,Medium,20
2026-05-08 19:42:14,Bonduma to Molyko,3.11,19,Friday,4,9.88,18.89,Low,Clouds,No Rain,0,0,0,0,0,1,Market Activity,Medium,20
2026-05-08 19:42:14,Bonduma to Check Point,1.73,19,Friday,4,5.38,19.29,Low,Clouds,No Rain,0,0,0,0,0,1,Market Activity,Medium,20
2026-05-08 19:42:14,Bonduma to Muea,2.06,19,Friday,4,6.67,18.55,Low,Clouds,No Rain,0,0,0,0,0,1,Market Activity,Medium,20
2026-05-08 19:42:14,Bonduma to Great Soppo,2.95,19,Friday,4,9.9,17.88,Low,Clouds,No Rain,0,0,0,0,0,1,Market Activity,Medium,20
2026-05-08 19:42:14,Bonduma to Buea Town,2.06,19,Friday,4,6.67,18.55,Low,Clouds,No Rain,0,0,0,0,0,1,Market Activity,Medium,20
2026-05-08 19:42:14,Mile 16 to Mile 17,4.4,19,Friday,4,14.0,18.87,Low,Clouds,No Rain,0,0,0,0,0,1,Market Activity,Medium,20
2026-05-08 19:42:14,Mile 17 to Malingo,1.54,19,Friday,4,5.38,17.2,Low,Clouds,No Rain,0,0,0,0,0,1,Market Activity,Medium,20
2026-05-08 19:42:14,Mile 17 to UB Junction,2.05,19,Friday,4,7.75,15.89,Low,Clouds,No Rain,0,0,0,0,0,1,Market Activity,Medium,20
2026-05-08 19:42:14,Mile 17 to Check Point,2.47,19,Friday,4,11.17,13.28,Medium,Clouds,No Rain,0,0,0,0,0,1,Market Activity,Medium,40
2026-05-08 19:42:14,Mile 17 to Muea,5.59,19,Friday,4,19.23,17.45,Medium,Clouds,No Rain,0,0,0,0,0,1,Market Activity,Medium,40
2026-05-08 19:42:14,Mile 17 to Great Soppo,6.48,19,Friday,4,22.47,17.31,Low,Clouds,No Rain,0,0,0,0,0,1,Market Activity,Medium,20
2026-05-08 19:42:14,Malingo to UB Junction,3.47,19,Friday,4,11.88,17.52,Low,Clouds,No Rain,0,0,0,0,0,1,Market Activity,Medium,20
2026-05-08 19:42:14,Malingo to Check Point,1.92,19,Friday,4,7.4,15.59,Low,Clouds,No Rain,0,0,0,0,0,1,Market Activity,Medium,20
2026-05-08 19:42:14,Malingo to Molyko,6.09,19,Friday,4,19.13,19.11,Low,Clouds,No Rain,0,0,0,0,0,1,Market Activity,Medium,20
2026-05-08 19:42:14,Malingo to Muea,5.04,19,Friday,4,15.38,19.68,Low,Clouds,No Rain,0,0,0,0,0,1,Market Activity,Medium,20
2026-05-08 19:42:14,Malingo to Buea Town,5.04,19,Friday,4,15.38,19.68,Low,Clouds,No Rain,0,0,0,0,0,1,Market Activity,Medium,20
2026-05-08 19:42:14,UB Junction to Molyko,6.33,19,Friday,4,22.28,17.03,Low,Clouds,No Rain,0,0,0,0,0,1,Market Activity,Medium,20
2026-05-08 19:42:14,UB Junction to Check Point,2.15,19,Friday,4,10.77,12.01,Low,Clouds,No Rain,0,0,0,0,0,1,Market Activity,Medium,20
2026-05-08 19:42:14,UB Junction to Great Soppo,6.17,19,Friday,4,22.37,16.54,Low,Clouds,No Rain,0,0,0,0,0,1,Market Activity,Medium,20
2026-05-08 19:42:14,UB Junction to Buea Town,5.28,19,Friday,4,19.12,16.56,Low,Clouds,No Rain,0,0,0,0,0,1,Market Activity,Medium,20
2026-05-08 19:42:14,UB Junction to Muea,5.28,19,Friday,4,19.12,16.56,Low,Clouds,No Rain,0,0,0,0,0,1,Market Activity,Medium,20
2026-05-08 19:42:14,Molyko to Check Point,4.17,19,Friday,4,12.18,20.55,Low,Clouds,No Rain,0,0,0,0,0,1,Market Activity,Medium,20
2026-05-08 19:42:14,Molyko to Great Soppo,2.03,19,Friday,4,5.93,20.52,Low,Clouds,No Rain,0,0,0,0,0,1,Market Activity,Medium,20
2026-05-08 19:42:14,Molyko to Small Soppo,3.57,19,Friday,4,12.63,16.97,Low,Clouds,No Rain,0,0,0,0,0,1,Market Activity,Medium,20
2026-05-08 19:42:14,Molyko to Bongo Square,4.15,19,Friday,4,12.47,19.99,Low,Clouds,No Rain,0,0,0,0,0,1,Market Activity,Medium,20
2026-05-08 19:42:14,Molyko to Buea Town,2.92,19,Friday,4,9.17,19.1,Low,Clouds,No Rain,0,0,0,0,0,1,Market Activity,Medium,20
2026-05-08 19:42:14,Molyko to Muea,2.92,19,Friday,4,9.17,19.1,Low,Clouds,No Rain,0,0,0,0,0,1,Market Activity,Medium,20
2026-05-08 19:42:14,Molyko to Bokwango,6.15,19,Friday,4,22.3,16.56,Low,Clouds,No Rain,0,0,0,0,0,1,Market Activity,Medium,20
2026-05-08 19:42:14,Check Point to Buea Town,3.12,19,Friday,4,8.4,22.3,Low,Clouds,No Rain,0,0,0,0,0,1,Market Activity,Medium,20
2026-05-08 19:42:14,Check Point to Great Soppo,4.01,19,Friday,4,11.63,20.69,Low,Clouds,No Rain,0,0,0,0,0,1,Market Activity,Medium,20
2026-05-08 19:42:14,Check Point to Small Soppo,3.78,19,Friday,4,12.63,17.94,Medium,Clouds,No Rain,0,0,0,0,0,1,Market Activity,Medium,40
2026-05-08 19:42:14,Check Point to Bongo Square,4.36,19,Friday,4,10.58,24.7,Low,Clouds,No Rain,0,0,0,0,0,1,Market Activity,Medium,20
2026-05-08 19:42:14,Check Point to Muea,3.12,19,Friday,4,8.38,22.34,Low,Clouds,No Rain,0,0,0,0,0,1,Market Activity,Medium,20
2026-05-08 19:42:14,Great Soppo to Small Soppo,1.54,19,Friday,4,6.23,14.87,Low,Clouds,No Rain,0,0,0,0,0,1,Market Activity,Medium,20
2026-05-08 19:42:14,Great Soppo to Bongo Square,2.12,19,Friday,4,5.77,22.1,Low,Clouds,No Rain,0,0,0,0,0,1,Market Activity,Medium,20
2026-05-08 19:42:14,Great Soppo to Buea Town,0.89,19,Friday,4,3.23,16.5,Low,Clouds,No Rain,0,0,0,0,0,1,Market Activity,Medium,20
2026-05-08 19:42:14,Great Soppo to Muea,0.89,19,Friday,4,3.23,16.5,Low,Clouds,No Rain,0,0,0,0,0,1,Market Activity,Medium,20
2026-05-08 19:42:14,Small Soppo to Bongo Square,1.07,19,Friday,4,3.62,17.72,Low,Clouds,No Rain,0,0,0,0,0,1,Market Activity,Medium,20
2026-05-08 19:42:14,Small Soppo to Buea Town,0.52,19,Friday,4,2.92,10.59,Low,Clouds,No Rain,0,0,0,0,0,1,Market Activity,Medium,20
2026-05-08 19:42:14,Small Soppo to Muea,0.52,19,Friday,4,2.92,10.59,Low,Clouds,No Rain,0,0,0,0,0,1,Market Activity,Medium,20
2026-05-08 19:42:14,Bongo Square to Buea Town,1.24,19,Friday,4,2.33,31.76,Low,Clouds,No Rain,0,0,0,0,0,1,Market Activity,Medium,20
2026-05-08 19:42:14,Bongo Square to Muea,1.24,19,Friday,4,2.33,31.76,Low,Clouds,No Rain,0,0,0,0,0,1,Market Activity,Medium,20
2026-05-08 19:42:14,Bokwango to Molyko,6.15,19,Friday,4,22.42,16.47,Low,Clouds,No Rain,0,0,0,0,0,1,Market Activity,Medium,20
2026-05-08 19:42:14,Bokwango to Check Point,5.26,19,Friday,4,21.23,14.87,Low,Clouds,No Rain,0,0,0,0,0,1,Market Activity,Medium,20
2026-05-08 19:42:14,Bokwango to Buea Town,8.38,19,Friday,4,29.67,16.96,Low,Clouds,No Rain,0,0,0,0,0,1,Market Activity,Medium,20
2026-05-08 19:42:14,Bokwango to Great Soppo,9.27,19,Friday,4,32.9,16.91,Low,Clouds,No Rain,0,0,0,0,0,1,Market Activity,Medium,20
2026-05-08 19:42:14,Muea to Great Soppo,0.89,19,Friday,4,3.23,16.5,Low,Clouds,No Rain,0,0,0,0,0,1,Market Activity,Medium,20
2026-05-08 19:42:14,Muea to Molyko,2.92,19,Friday,4,8.87,19.75,Low,Clouds,No Rain,0,0,0,0,0,1,Market Activity,Medium,20
2026-05-08 19:42:14,Muea to Check Point,3.12,19,Friday,4,8.32,22.52,Low,Clouds,No Rain,0,0,0,0,0,1,Market Activity,Medium,20
2026-05-08 19:42:14,Muea to Buea Town,0.0,19,Friday,4,0.0,0,Low,Clouds,No Rain,0,0,0,0,0,1,Market Activity,Medium,20
2026-05-08 19:42:14,Muea to Bonduma,2.06,19,Friday,4,6.38,19.37,Low,Clouds,No Rain,0,0,0,0,0,1,Market Activity,Medium,20
2026-05-08 19:42:14,Muea to Malingo,5.04,19,Friday,4,15.17,19.96,Low,Clouds,No Rain,0,0,0,0,0,1,Market Activity,Medium,20
2026-05-08 19:42:14,Clerks Quarters to Governor Junction,1.33,19,Friday,4,2.68,29.78,Low,Clouds,No Rain,0,0,0,0,0,1,Market Activity,Medium,20
2026-05-08 19:42:14,Governor Junction to Long Street,0.0,19,Friday,4,0.0,0,Low,Clouds,No Rain,0,0,0,0,0,1,Market Activity,Medium,20
2026-05-08 19:42:14,Long Street to Bongo Square,1.24,19,Friday,4,2.22,33.43,Low,Clouds,No Rain,0,0,0,0,0,1,Market Activity,Medium,20
2026-05-08 19:42:14,Governor Junction to Buea Town,0.0,19,Friday,4,0.0,0,Low,Clouds,No Rain,0,0,0,0,0,1,Market Activity,Medium,20
2026-05-08 19:42:14,Molyko to UB Junction,6.39,19,Friday,4,21.5,17.82,Low,Clouds,No Rain,0,0,0,0,0,1,Market Activity,Medium,20
2026-05-08 19:42:14,UB Junction to Bonduma,3.88,19,Friday,4,16.13,14.45,Low,Clouds,No Rain,0,0,0,0,0,1,Market Activity,Medium,20
2026-05-08 19:42:14,Check Point to Molyko,4.17,19,Friday,4,12.17,20.57,Low,Clouds,No Rain,0,0,0,0,0,1,Market Activity,Medium,20
2026-05-08 19:42:14,Great Soppo to Check Point,4.01,19,Friday,4,11.98,20.08,Low,Clouds,No Rain,0,0,0,0,0,1,Market Activity,Medium,20
2026-05-08 19:42:14,Malingo to Bonduma,3.65,19,Friday,4,12.65,17.33,Low,Clouds,No Rain,0,0,0,0,0,1,Market Activity,Medium,20
2026-05-08 19:42:14,Buea Town to Malingo,5.04,19,Friday,4,15.17,19.96,Low,Clouds,No Rain,0,0,0,0,0,1,Market Activity,Medium,20
2026-05-08 19:42:14,Buea Town to Muea,0.0,19,Friday,4,0.0,0,Low,Clouds,No Rain,0,0,0,0,0,1,Market Activity,Medium,20
2026-05-08 19:52:14,Bonduma Gate to Mile 17,3.81,19,Friday,4,12.27,18.65,Low,Clouds,No Rain,0,0,0,0,0,1,Market Activity,Medium,20
2026-05-08 19:52:14,Bonduma to UB Junction,3.95,19,Friday,4,15.38,15.39,Low,Clouds,No Rain,0,0,0,0,0,1,Market Activity,Medium,20
2026-05-08 19:52:14,Bonduma to Molyko,3.11,19,Friday,4,9.88,18.89,Low,Clouds,No Rain,0,0,0,0,0,1,Market Activity,Medium,20
2026-05-08 19:52:14,Bonduma to Check Point,1.73,19,Friday,4,5.37,19.35,Low,Clouds,No Rain,0,0,0,0,0,1,Market Activity,Medium,20
2026-05-08 19:52:14,Bonduma to Muea,2.06,19,Friday,4,6.5,19.02,Low,Clouds,No Rain,0,0,0,0,0,1,Market Activity,Medium,20
2026-05-08 19:52:14,Bonduma to Great Soppo,2.95,19,Friday,4,9.73,18.18,Low,Clouds,No Rain,0,0,0,0,0,1,Market Activity,Medium,20
2026-05-08 19:52:14,Bonduma to Buea Town,2.06,19,Friday,4,6.5,19.02,Low,Clouds,No Rain,0,0,0,0,0,1,Market Activity,Medium,20
2026-05-08 19:52:14,Mile 16 to Mile 17,4.4,19,Friday,4,13.53,19.52,Low,Clouds,No Rain,0,0,0,0,0,1,Market Activity,Medium,20
2026-05-08 19:52:14,Mile 17 to Malingo,1.54,19,Friday,4,5.4,17.14,Low,Clouds,No Rain,0,0,0,0,0,1,Market Activity,Medium,20
2026-05-08 19:52:14,Mile 17 to UB Junction,2.05,19,Friday,4,7.82,15.76,Low,Clouds,No Rain,0,0,0,0,0,1,Market Activity,Medium,20
2026-05-08 19:52:14,Mile 17 to Check Point,2.47,19,Friday,4,10.42,14.24,Medium,Clouds,No Rain,0,0,0,0,0,1,Market Activity,Medium,40
2026-05-08 19:52:14,Mile 17 to Muea,5.59,19,Friday,4,18.7,17.95,Low,Clouds,No Rain,0,0,0,0,0,1,Market Activity,Medium,20
2026-05-08 19:52:14,Mile 17 to Great Soppo,6.48,19,Friday,4,21.88,17.78,Low,Clouds,No Rain,0,0,0,0,0,1,Market Activity,Medium,20
2026-05-08 19:52:14,Malingo to UB Junction,3.47,19,Friday,4,12.02,17.32,Low,Clouds,No Rain,0,0,0,0,0,1,Market Activity,Medium,20
2026-05-08 19:52:14,Malingo to Check Point,1.92,19,Friday,4,7.35,15.7,Low,Clouds,No Rain,0,0,0,0,0,1,Market Activity,Medium,20
2026-05-08 19:52:14,Malingo to Molyko,6.09,19,Friday,4,19.08,19.16,Low,Clouds,No Rain,0,0,0,0,0,1,Market Activity,Medium,20
2026-05-08 19:52:14,Malingo to Muea,5.04,19,Friday,4,15.35,19.72,Low,Clouds,No Rain,0,0,0,0,0,1,Market Activity,Medium,20
2026-05-08 19:52:14,Malingo to Buea Town,5.04,19,Friday,4,15.35,19.72,Low,Clouds,No Rain,0,0,0,0,0,1,Market Activity,Medium,20
2026-05-08 19:52:14,UB Junction to Molyko,6.33,19,Friday,4,21.83,17.38,Low,Clouds,No Rain,0,0,0,0,0,1,Market Activity,Medium,20
2026-05-08 19:52:14,UB Junction to Check Point,2.15,19,Friday,4,10.13,12.76,Low,Clouds,No Rain,0,0,0,0,0,1,Market Activity,Medium,20
2026-05-08 19:52:14,UB Junction to Great Soppo,6.17,19,Friday,4,21.73,17.02,Low,Clouds,No Rain,0,0,0,0,0,1,Market Activity,Medium,20
2026-05-08 19:52:14,UB Junction to Buea Town,5.28,19,Friday,4,18.48,17.13,Low,Clouds,No Rain,0,0,0,0,0,1,Market Activity,Medium,20
2026-05-08 19:52:14,UB Junction to Muea,5.28,19,Friday,4,18.48,17.13,Low,Clouds,No Rain,0,0,0,0,0,1,Market Activity,Medium,20
2026-05-08 19:52:14,Molyko to Check Point,4.17,19,Friday,4,11.98,20.89,Low,Clouds,No Rain,0,0,0,0,0,1,Market Activity,Medium,20
2026-05-08 19:52:14,Molyko to Great Soppo,2.03,19,Friday,4,5.93,20.52,Low,Clouds,No Rain,0,0,0,0,0,1,Market Activity,Medium,20
2026-05-08 19:52:14,Molyko to Small Soppo,3.57,19,Friday,4,12.62,17.0,Low,Clouds,No Rain,0,0,0,0,0,1,Market Activity,Medium,20
2026-05-08 19:52:14,Molyko to Bongo Square,4.15,19,Friday,4,12.47,19.99,Low,Clouds,No Rain,0,0,0,0,0,1,Market Activity,Medium,20
2026-05-08 19:52:14,Molyko to Buea Town,2.92,19,Friday,4,9.17,19.1,Low,Clouds,No Rain,0,0,0,0,0,1,Market Activity,Medium,20
2026-05-08 19:52:14,Molyko to Muea,2.92,19,Friday,4,9.17,19.1,Low,Clouds,No Rain,0,0,0,0,0,1,Market Activity,Medium,20
2026-05-08 19:52:14,Molyko to Bokwango,6.15,19,Friday,4,22.27,16.58,Low,Clouds,No Rain,0,0,0,0,0,1,Market Activity,Medium,20
2026-05-08 19:52:14,Check Point to Buea Town,3.12,19,Friday,4,8.3,22.57,Low,Clouds,No Rain,0,0,0,0,0,1,Market Activity,Medium,20
2026-05-08 19:52:14,Check Point to Great Soppo,4.01,19,Friday,4,11.53,20.87,Low,Clouds,No Rain,0,0,0,0,0,1,Market Activity,Medium,20
2026-05-08 19:52:14,Check Point to Small Soppo,3.78,19,Friday,4,10.78,21.02,Low,Clouds,No Rain,0,0,0,0,0,1,Market Activity,Medium,20
2026-05-08 19:52:14,Check Point to Bongo Square,4.36,19,Friday,4,10.55,24.78,Low,Clouds,No Rain,0,0,0,0,0,1,Market Activity,Medium,20
2026-05-08 19:52:14,Check Point to Muea,3.12,19,Friday,4,8.3,22.57,Low,Clouds,No Rain,0,0,0,0,0,1,Market Activity,Medium,20
2026-05-08 19:52:14,Great Soppo to Small Soppo,1.54,19,Friday,4,6.2,14.95,Low,Clouds,No Rain,0,0,0,0,0,1,Market Activity,Medium,20
2026-05-08 19:52:14,Great Soppo to Bongo Square,2.12,19,Friday,4,5.8,21.97,Low,Clouds,No Rain,0,0,0,0,0,1,Market Activity,Medium,20
2026-05-08 19:52:14,Great Soppo to Buea Town,0.89,19,Friday,4,3.23,16.5,Low,Clouds,No Rain,0,0,0,0,0,1,Market Activity,Medium,20
2026-05-08 19:52:14,Great Soppo to Muea,0.89,19,Friday,4,3.23,16.5,Low,Clouds,No Rain,0,0,0,0,0,1,Market Activity,Medium,20
2026-05-08 19:52:14,Small Soppo to Bongo Square,1.07,19,Friday,4,3.63,17.64,Low,Clouds,No Rain,0,0,0,0,0,1,Market Activity,Medium,20
2026-05-08 19:52:14,Small Soppo to Buea Town,0.52,19,Friday,4,2.87,10.78,Low,Clouds,No Rain,0,0,0,0,0,1,Market Activity,Medium,20
2026-05-08 19:52:14,Small Soppo to Muea,0.52,19,Friday,4,2.87,10.78,Low,Clouds,No Rain,0,0,0,0,0,1,Market Activity,Medium,20
2026-05-08 19:52:14,Bongo Square to Buea Town,1.24,19,Friday,4,2.23,33.18,Low,Clouds,No Rain,0,0,0,0,0,1,Market Activity,Medium,20
2026-05-08 19:52:14,Bongo Square to Muea,1.24,19,Friday,4,2.23,33.18,Low,Clouds,No Rain,0,0,0,0,0,1,Market Activity,Medium,20
2026-05-08 19:52:14,Bokwango to Molyko,6.15,19,Friday,4,22.4,16.48,Low,Clouds,No Rain,0,0,0,0,0,1,Market Activity,Medium,20
2026-05-08 19:52:14,Bokwango to Check Point,5.26,19,Friday,4,21.33,14.8,Low,Clouds,No Rain,0,0,0,0,0,1,Market Activity,Medium,20
2026-05-08 19:52:14,Bokwango to Buea Town,8.38,19,Friday,4,29.82,16.87,Low,Clouds,No Rain,0,0,0,0,0,1,Market Activity,Medium,20
2026-05-08 19:52:14,Bokwango to Great Soppo,9.27,19,Friday,4,33.05,16.84,Low,Clouds,No Rain,0,0,0,0,0,1,Market Activity,Medium,20
2026-05-08 19:52:14,Muea to Great Soppo,0.89,19,Friday,4,3.23,16.5,Low,Clouds,No Rain,0,0,0,0,0,1,Market Activity,Medium,20
2026-05-08 19:52:14,Muea to Molyko,2.92,19,Friday,4,8.87,19.75,Low,Clouds,No Rain,0,0,0,0,0,1,Market Activity,Medium,20
2026-05-08 19:52:14,Muea to Check Point,3.12,19,Friday,4,8.07,23.22,Low,Clouds,No Rain,0,0,0,0,0,1,Market Activity,Medium,20
2026-05-08 19:52:14,Muea to Buea Town,0.0,19,Friday,4,0.0,0,Low,Clouds,No Rain,0,0,0,0,0,1,Market Activity,Medium,20
2026-05-08 19:52:14,Muea to Bonduma,2.06,19,Friday,4,6.23,19.84,Low,Clouds,No Rain,0,0,0,0,0,1,Market Activity,Medium,20
2026-05-08 19:52:14,Muea to Malingo,5.04,19,Friday,4,14.9,20.32,Low,Clouds,No Rain,0,0,0,0,0,1,Market Activity,Medium,20
2026-05-08 19:52:14,Clerks Quarters to Governor Junction,1.33,19,Friday,4,2.57,31.14,Low,Clouds,No Rain,0,0,0,0,0,1,Market Activity,Medium,20
2026-05-08 19:52:14,Governor Junction to Long Street,0.0,19,Friday,4,0.0,0,Low,Clouds,No Rain,0,0,0,0,0,1,Market Activity,Medium,20
2026-05-08 19:52:14,Long Street to Bongo Square,1.24,19,Friday,4,2.2,33.68,Low,Clouds,No Rain,0,0,0,0,0,1,Market Activity,Medium,20
2026-05-08 19:52:14,Governor Junction to Buea Town,0.0,19,Friday,4,0.0,0,Low,Clouds,No Rain,0,0,0,0,0,1,Market Activity,Medium,20
2026-05-08 19:52:14,Molyko to UB Junction,6.39,19,Friday,4,21.62,17.73,Low,Clouds,No Rain,0,0,0,0,0,1,Market Activity,Medium,20
2026-05-08 19:52:14,UB Junction to Bonduma,3.88,19,Friday,4,15.45,15.09,Low,Clouds,No Rain,0,0,0,0,0,1,Market Activity,Medium,20
2026-05-08 19:52:14,Check Point to Molyko,4.17,19,Friday,4,12.22,20.49,Low,Clouds,No Rain,0,0,0,0,0,1,Market Activity,Medium,20
2026-05-08 19:52:14,Great Soppo to Check Point,4.01,19,Friday,4,11.68,20.6,Low,Clouds,No Rain,0,0,0,0,0,1,Market Activity,Medium,20
2026-05-08 19:52:14,Malingo to Bonduma,3.65,19,Friday,4,12.68,17.29,Low,Clouds,No Rain,0,0,0,0,0,1,Market Activity,Medium,20
2026-05-08 19:52:14,Buea Town to Malingo,5.04,19,Friday,4,14.9,20.32,Low,Clouds,No Rain,0,0,0,0,0,1,Market Activity,Medium,20
2026-05-08 19:52:14,Buea Town to Muea,0.0,19,Friday,4,0.0,0,Low,Clouds,No Rain,0,0,0,0,0,1,Market Activity,Medium,20
2026-05-08 20:02:14,Bonduma Gate to Mile 17,3.81,20,Friday,4,12.27,18.65,Low,Clouds,No Rain,0,0,0,0,0,1,Market Activity,Medium,15
2026-05-08 20:02:14,Bonduma to UB Junction,3.95,20,Friday,4,15.42,15.36,Low,Clouds,No Rain,0,0,0,0,0,1,Market Activity,Medium,15
2026-05-08 20:02:14,Bonduma to Molyko,3.11,20,Friday,4,9.88,18.89,Low,Clouds,No Rain,0,0,0,0,0,1,Market Activity,Medium,15
2026-05-08 20:02:14,Bonduma to Check Point,1.73,20,Friday,4,5.25,19.78,Low,Clouds,No Rain,0,0,0,0,0,1,Market Activity,Medium,15
2026-05-08 20:02:14,Bonduma to Muea,2.06,20,Friday,4,6.53,18.93,Low,Clouds,No Rain,0,0,0,0,0,1,Market Activity,Medium,15
2026-05-08 20:02:14,Bonduma to Great Soppo,2.95,20,Friday,4,9.77,18.12,Low,Clouds,No Rain,0,0,0,0,0,1,Market Activity,Medium,15
2026-05-08 20:02:14,Bonduma to Buea Town,2.06,20,Friday,4,6.53,18.93,Low,Clouds,No Rain,0,0,0,0,0,1,Market Activity,Medium,15
2026-05-08 20:02:14,Mile 16 to Mile 17,4.4,20,Friday,4,13.47,19.61,Low,Clouds,No Rain,0,0,0,0,0,1,Market Activity,Medium,15
2026-05-08 20:02:14,Mile 17 to Malingo,1.54,20,Friday,4,5.37,17.25,Low,Clouds,No Rain,0,0,0,0,0,1,Market Activity,Medium,15
2026-05-08 20:02:14,Mile 17 to UB Junction,2.05,20,Friday,4,7.85,15.69,Low,Clouds,No Rain,0,0,0,0,0,1,Market Activity,Medium,15
2026-05-08 20:02:14,Mile 17 to Check Point,2.47,20,Friday,4,10.22,14.52,Low,Clouds,No Rain,0,0,0,0,0,1,Market Activity,Medium,15
2026-05-08 20:02:14,Mile 17 to Muea,5.59,20,Friday,4,18.63,18.01,Low,Clouds,No Rain,0,0,0,0,0,1,Market Activity,Medium,15
2026-05-08 20:02:14,Mile 17 to Great Soppo,6.48,20,Friday,4,21.93,17.73,Low,Clouds,No Rain,0,0,0,0,0,1,Market Activity,Medium,15
2026-05-08 20:02:14,Malingo to UB Junction,3.47,20,Friday,4,12.27,16.97,Low,Clouds,No Rain,0,0,0,0,0,1,Market Activity,Medium,15
2026-05-08 20:02:14,Malingo to Check Point,1.92,20,Friday,4,7.32,15.77,Low,Clouds,No Rain,0,0,0,0,0,1,Market Activity,Medium,15
2026-05-08 20:02:14,Malingo to Molyko,6.09,20,Friday,4,18.92,19.33,Low,Clouds,No Rain,0,0,0,0,0,1,Market Activity,Medium,15
2026-05-08 20:02:14,Malingo to Muea,5.04,20,Friday,4,15.47,19.57,Low,Clouds,No Rain,0,0,0,0,0,1,Market Activity,Medium,15
2026-05-08 20:02:14,Malingo to Buea Town,5.04,20,Friday,4,15.47,19.57,Low,Clouds,No Rain,0,0,0,0,0,1,Market Activity,Medium,15
2026-05-08 20:02:14,UB Junction to Molyko,6.33,20,Friday,4,21.63,17.55,Low,Clouds,No Rain,0,0,0,0,0,1,Market Activity,Medium,15
2026-05-08 20:02:14,UB Junction to Check Point,2.15,20,Friday,4,10.03,12.89,Low,Clouds,No Rain,0,0,0,0,0,1,Market Activity,Medium,15
2026-05-08 20:02:14,UB Junction to Great Soppo,6.17,20,Friday,4,21.73,17.02,Low,Clouds,No Rain,0,0,0,0,0,1,Market Activity,Medium,15
2026-05-08 20:02:14,UB Junction to Buea Town,5.28,20,Friday,4,18.5,17.11,Low,Clouds,No Rain,0,0,0,0,0,1,Market Activity,Medium,15
2026-05-08 20:02:14,UB Junction to Muea,5.28,20,Friday,4,18.5,17.11,Low,Clouds,No Rain,0,0,0,0,0,1,Market Activity,Medium,15
2026-05-08 20:02:14,Molyko to Check Point,4.17,20,Friday,4,11.9,21.04,Low,Clouds,No Rain,0,0,0,0,0,1,Market Activity,Medium,15
2026-05-08 20:02:14,Molyko to Great Soppo,2.03,20,Friday,4,5.93,20.52,Low,Clouds,No Rain,0,0,0,0,0,1,Market Activity,Medium,15
2026-05-08 20:04:23,Bokwango to Buea Town,8.38,20,Friday,4,29.98,16.78,Low,Clouds,No Rain,0,0,0,0,0,1,Market Activity,Medium,15
2026-05-08 20:04:23,Bokwango to Great Soppo,8.18,20,Friday,4,28.3,17.35,Low,Clouds,No Rain,0,0,0,0,0,1,Market Activity,Medium,15
2026-05-08 20:04:23,Muea to Great Soppo,0.89,20,Friday,4,3.23,16.5,Low,Clouds,No Rain,0,0,0,0,0,1,Market Activity,Medium,15
2026-05-08 20:04:23,Muea to Molyko,2.92,20,Friday,4,8.87,19.75,Low,Clouds,No Rain,0,0,0,0,0,1,Market Activity,Medium,15
2026-05-08 20:04:23,Muea to Check Point,3.12,20,Friday,4,8.05,23.27,Low,Clouds,No Rain,0,0,0,0,0,1,Market Activity,Medium,15
2026-05-08 20:04:23,Muea to Buea Town,0.0,20,Friday,4,0.0,0,Low,Clouds,No Rain,0,0,0,0,0,1,Market Activity,Medium,15
2026-05-08 20:04:23,Muea to Bonduma,2.06,20,Friday,4,6.22,19.89,Low,Clouds,No Rain,0,0,0,0,0,1,Market Activity,Medium,15
2026-05-08 20:04:23,Muea to Malingo,5.04,20,Friday,4,14.88,20.34,Low,Clouds,No Rain,0,0,0,0,0,1,Market Activity,Medium,15
2026-05-08 20:04:23,Clerks Quarters to Governor Junction,1.33,20,Friday,4,2.6,30.74,Low,Clouds,No Rain,0,0,0,0,0,1,Market Activity,Medium,15
2026-05-08 20:04:23,Governor Junction to Long Street,0.0,20,Friday,4,0.0,0,Low,Clouds,No Rain,0,0,0,0,0,1,Market Activity,Medium,15
2026-05-08 20:04:23,Long Street to Bongo Square,1.24,20,Friday,4,2.23,33.18,Low,Clouds,No Rain,0,0,0,0,0,1,Market Activity,Medium,15
2026-05-08 20:04:23,Governor Junction to Buea Town,0.0,20,Friday,4,0.0,0,Low,Clouds,No Rain,0,0,0,0,0,1,Market Activity,Medium,15
2026-05-08 20:04:23,Molyko to UB Junction,6.39,20,Friday,4,21.37,17.94,Low,Clouds,No Rain,0,0,0,0,0,1,Market Activity,Medium,15
2026-05-08 20:04:23,UB Junction to Bonduma,3.88,20,Friday,4,15.42,15.12,Low,Clouds,No Rain,0,0,0,0,0,1,Market Activity,Medium,15
2026-05-08 20:04:23,Check Point to Molyko,4.17,20,Friday,4,12.18,20.55,Low,Clouds,No Rain,0,0,0,0,0,1,Market Activity,Medium,15
2026-05-08 20:04:23,Great Soppo to Check Point,4.01,20,Friday,4,11.7,20.57,Low,Clouds,No Rain,0,0,0,0,0,1,Market Activity,Medium,15
2026-05-08 20:04:23,Malingo to Bonduma,3.65,20,Friday,4,12.58,17.42,Low,Clouds,No Rain,0,0,0,0,0,1,Market Activity,Medium,15
2026-05-08 20:04:23,Buea Town to Malingo,5.04,20,Friday,4,14.87,20.36,Low,Clouds,No Rain,0,0,0,0,0,1,Market Activity,Medium,15
2026-05-08 20:04:23,Buea Town to Muea,0.0,20,Friday,4,0.0,0,Low,Clouds,No Rain,0,0,0,0,0,1,Market Activity,Medium,15
2026-05-09 06:28:35,Bonduma Gate to Mile 17,3.81,6,Saturday,5,8.72,26.25,Low,Clouds,No Rain,0,0,0,0,0,1,Heavy Commercial Activity,High,25
2026-05-09 06:28:35,Bonduma to UB Junction,3.95,6,Saturday,5,12.42,19.07,Low,Clouds,No Rain,0,0,0,0,0,1,Heavy Commercial Activity,High,25
2026-05-09 06:28:35,Bonduma to Molyko,3.11,6,Saturday,5,9.88,18.89,Low,Clouds,No Rain,0,0,0,0,0,1,Heavy Commercial Activity,High,25
2026-05-09 06:28:35,Bonduma to Check Point,1.73,6,Saturday,5,4.93,21.05,Low,Clouds,No Rain,0,0,0,0,0,1,Heavy Commercial Activity,High,25
2026-05-09 06:28:35,Bonduma to Muea,2.06,6,Saturday,5,5.42,22.83,Low,Clouds,No Rain,0,0,0,0,0,1,Heavy Commercial Activity,High,25
2026-05-09 06:28:35,Bonduma to Great Soppo,2.95,6,Saturday,5,8.67,20.42,Low,Clouds,No Rain,0,0,0,0,0,1,Heavy Commercial Activity,High,25
2026-05-09 06:28:35,Bonduma to Buea Town,2.06,6,Saturday,5,5.42,22.83,Low,Clouds,No Rain,0,0,0,0,0,1,Heavy Commercial Activity,High,25
2026-05-09 06:28:35,Mile 16 to Mile 17,4.4,6,Saturday,5,9.58,27.56,Low,Clouds,No Rain,0,0,0,0,0,1,Heavy Commercial Activity,High,25
2026-05-09 06:28:35,Mile 17 to Malingo,1.54,6,Saturday,5,4.67,19.84,Low,Clouds,No Rain,0,0,0,0,0,1,Heavy Commercial Activity,High,25
2026-05-09 06:28:35,Mile 17 to UB Junction,2.05,6,Saturday,5,6.67,18.48,Low,Clouds,No Rain,0,0,0,0,0,1,Heavy Commercial Activity,High,25
2026-05-09 06:28:35,Mile 17 to Check Point,2.47,6,Saturday,5,5.95,24.93,Low,Clouds,No Rain,0,0,0,0,0,1,Heavy Commercial Activity,High,25
2026-05-09 06:28:35,Mile 17 to Muea,5.59,6,Saturday,5,12.83,26.15,Low,Clouds,No Rain,0,0,0,0,0,1,Heavy Commercial Activity,High,25
2026-05-09 06:28:35,Mile 17 to Great Soppo,6.48,6,Saturday,5,16.17,24.06,Low,Clouds,No Rain,0,0,0,0,0,1,Heavy Commercial Activity,High,25
2026-05-09 06:28:35,Malingo to UB Junction,3.47,6,Saturday,5,10.57,19.7,Low,Clouds,No Rain,0,0,0,0,0,1,Heavy Commercial Activity,High,25
2026-05-09 06:28:35,Malingo to Check Point,2.02,6,Saturday,5,5.6,21.66,Low,Clouds,No Rain,0,0,0,0,0,1,Heavy Commercial Activity,High,25
2026-05-09 06:28:35,Malingo to Molyko,6.19,6,Saturday,5,16.68,22.28,Low,Clouds,No Rain,0,0,0,0,0,1,Heavy Commercial Activity,High,25
2026-05-09 06:28:35,Malingo to Muea,5.14,6,Saturday,5,13.13,23.5,Low,Clouds,No Rain,0,0,0,0,0,1,Heavy Commercial Activity,High,25
2026-05-09 06:28:35,Malingo to Buea Town,5.14,6,Saturday,5,13.13,23.5,Low,Clouds,No Rain,0,0,0,0,0,1,Heavy Commercial Activity,High,25
2026-05-09 06:28:35,UB Junction to Molyko,6.33,6,Saturday,5,17.28,21.96,Low,Clouds,No Rain,0,0,0,0,0,1,Heavy Commercial Activity,High,25
2026-05-09 06:28:35,UB Junction to Check Point,2.15,6,Saturday,5,6.98,18.52,Low,Clouds,No Rain,0,0,0,0,0,1,Heavy Commercial Activity,High,25
2026-05-09 06:28:35,UB Junction to Great Soppo,6.17,6,Saturday,5,17.22,21.48,Low,Clouds,No Rain,0,0,0,0,0,1,Heavy Commercial Activity,High,25
2026-05-09 06:28:35,UB Junction to Buea Town,5.28,6,Saturday,5,13.87,22.83,Low,Clouds,No Rain,0,0,0,0,0,1,Heavy Commercial Activity,High,25
2026-05-09 06:28:35,UB Junction to Muea,5.28,6,Saturday,5,13.88,22.8,Low,Clouds,No Rain,0,0,0,0,0,1,Heavy Commercial Activity,High,25
2026-05-09 06:28:35,Molyko to Check Point,4.17,6,Saturday,5,10.9,22.97,Low,Clouds,No Rain,0,0,0,0,0,1,Heavy Commercial Activity,High,25
2026-05-09 06:28:35,Molyko to Great Soppo,2.03,6,Saturday,5,5.93,20.52,Low,Clouds,No Rain,0,0,0,0,0,1,Heavy Commercial Activity,High,25
2026-05-09 06:28:35,Molyko to Small Soppo,3.57,6,Saturday,5,11.95,17.94,Low,Clouds,No Rain,0,0,0,0,0,1,Heavy Commercial Activity,High,25
2026-05-09 06:28:35,Molyko to Bongo Square,4.15,6,Saturday,5,11.57,21.54,Low,Clouds,No Rain,0,0,0,0,0,1,Heavy Commercial Activity,High,25
2026-05-09 06:28:35,Molyko to Buea Town,2.92,6,Saturday,5,9.23,18.96,Low,Clouds,No Rain,0,0,0,0,0,1,Heavy Commercial Activity,High,25
2026-05-09 06:28:35,Molyko to Muea,2.92,6,Saturday,5,9.23,18.96,Low,Clouds,No Rain,0,0,0,0,0,1,Heavy Commercial Activity,High,25
2026-05-09 06:28:35,Molyko to Bokwango,6.15,6,Saturday,5,21.97,16.81,Low,Clouds,No Rain,0,0,0,0,0,1,Heavy Commercial Activity,High,25
2026-05-09 06:28:35,Check Point to Buea Town,3.12,6,Saturday,5,6.73,27.82,Low,Clouds,No Rain,0,0,0,0,0,1,Heavy Commercial Activity,High,25
2026-05-09 06:28:35,Check Point to Great Soppo,4.01,6,Saturday,5,9.98,24.11,Low,Clouds,No Rain,0,0,0,0,0,1,Heavy Commercial Activity,High,25
2026-05-09 06:28:35,Check Point to Small Soppo,3.78,6,Saturday,5,9.12,24.86,Low,Clouds,No Rain,0,0,0,0,0,1,Heavy Commercial Activity,High,25
2026-05-09 06:28:35,Check Point to Bongo Square,4.36,6,Saturday,5,8.67,30.16,Low,Clouds,No Rain,0,0,0,0,0,1,Heavy Commercial Activity,High,25
2026-05-09 06:28:35,Check Point to Muea,3.12,6,Saturday,5,6.73,27.82,Low,Clouds,No Rain,0,0,0,0,0,1,Heavy Commercial Activity,High,25
2026-05-09 06:28:35,Great Soppo to Small Soppo,1.54,6,Saturday,5,5.7,16.26,Low,Clouds,No Rain,0,0,0,0,0,1,Heavy Commercial Activity,High,25
2026-05-09 06:28:35,Great Soppo to Bongo Square,2.12,6,Saturday,5,5.62,22.69,Low,Clouds,No Rain,0,0,0,0,0,1,Heavy Commercial Activity,High,25
2026-05-09 06:28:35,Great Soppo to Buea Town,0.89,6,Saturday,5,3.23,16.5,Low,Clouds,No Rain,0,0,0,0,0,1,Heavy Commercial Activity,High,25
2026-05-09 06:28:35,Great Soppo to Muea,0.89,6,Saturday,5,3.33,16.0,Low,Clouds,No Rain,0,0,0,0,0,1,Heavy Commercial Activity,High,25
2026-05-09 06:28:35,Small Soppo to Bongo Square,1.07,6,Saturday,5,3.57,17.97,Low,Clouds,No Rain,0,0,0,0,0,1,Heavy Commercial Activity,High,25
2026-05-09 06:28:35,Small Soppo to Buea Town,0.52,6,Saturday,5,2.63,11.73,Low,Clouds,No Rain,0,0,0,0,0,1,Heavy Commercial Activity,High,25
2026-05-09 06:28:35,Small Soppo to Muea,0.52,6,Saturday,5,2.63,11.73,Low,Clouds,No Rain,0,0,0,0,0,1,Heavy Commercial Activity,High,25
2026-05-09 06:28:35,Bongo Square to Buea Town,1.24,6,Saturday,5,1.93,38.33,Low,Clouds,No Rain,0,0,0,0,0,1,Heavy Commercial Activity,High,25
2026-05-09 06:28:35,Bongo Square to Muea,1.24,6,Saturday,5,1.93,38.33,Low,Clouds,No Rain,0,0,0,0,0,1,Heavy Commercial Activity,High,25
2026-05-09 06:28:35,Bokwango to Molyko,6.15,6,Saturday,5,21.93,16.83,Low,Clouds,No Rain,0,0,0,0,0,1,Heavy Commercial Activity,High,25
2026-05-09 06:28:35,Bokwango to Check Point,5.26,6,Saturday,5,16.7,18.91,Low,Clouds,No Rain,0,0,0,0,0,1,Heavy Commercial Activity,High,25
2026-05-09 06:28:35,Bokwango to Buea Town,8.38,6,Saturday,5,23.67,21.26,Low,Clouds,No Rain,0,0,0,0,0,1,Heavy Commercial Activity,High,25
2026-05-09 06:28:35,Bokwango to Great Soppo,9.27,6,Saturday,5,27.0,20.61,Low,Clouds,No Rain,0,0,0,0,0,1,Heavy Commercial Activity,High,25
2026-05-09 06:28:35,Muea to Great Soppo,0.89,6,Saturday,5,3.33,16.0,Low,Clouds,No Rain,0,0,0,0,0,1,Heavy Commercial Activity,High,25
2026-05-09 06:28:35,Muea to Molyko,2.92,6,Saturday,5,9.1,19.24,Low,Clouds,No Rain,0,0,0,0,0,1,Heavy Commercial Activity,High,25
2026-05-09 06:28:35,Muea to Check Point,3.12,6,Saturday,5,6.57,28.53,Low,Clouds,No Rain,0,0,0,0,0,1,Heavy Commercial Activity,High,25
2026-05-09 06:28:35,Muea to Buea Town,0.0,6,Saturday,5,0.0,0,Low,Clouds,No Rain,0,0,0,0,0,1,Heavy Commercial Activity,High,25
2026-05-09 06:28:35,Muea to Bonduma,2.06,6,Saturday,5,5.07,24.41,Low,Clouds,No Rain,0,0,0,0,0,1,Heavy Commercial Activity,High,25
2026-05-09 06:28:35,Muea to Malingo,5.14,6,Saturday,5,12.87,23.99,Low,Clouds,No Rain,0,0,0,0,0,1,Heavy Commercial Activity,High,25
2026-05-09 06:28:35,Clerks Quarters to Governor Junction,1.33,6,Saturday,5,2.25,35.52,Low,Clouds,No Rain,0,0,0,0,0,1,Heavy Commercial Activity,High,25
2026-05-09 06:28:35,Governor Junction to Long Street,0.0,6,Saturday,5,0.0,0,Low,Clouds,No Rain,0,0,0,0,0,1,Heavy Commercial Activity,High,25
2026-05-09 06:28:35,Long Street to Bongo Square,1.24,6,Saturday,5,1.92,38.66,Low,Clouds,No Rain,0,0,0,0,0,1,Heavy Commercial Activity,High,25
2026-05-09 06:28:35,Governor Junction to Buea Town,0.0,6,Saturday,5,0.0,0,Low,Clouds,No Rain,0,0,0,0,0,1,Heavy Commercial Activity,High,25
2026-05-09 06:28:35,Molyko to UB Junction,6.39,6,Saturday,5,17.53,21.86,Low,Clouds,No Rain,0,0,0,0,0,1,Heavy Commercial Activity,High,25
2026-05-09 06:28:35,UB Junction to Bonduma,3.88,6,Saturday,5,11.83,19.7,Low,Clouds,No Rain,0,0,0,0,0,1,Heavy Commercial Activity,High,25
2026-05-09 06:28:35,Check Point to Molyko,4.17,6,Saturday,5,10.98,22.79,Low,Clouds,No Rain,0,0,0,0,0,1,Heavy Commercial Activity,High,25
2026-05-09 06:28:35,Great Soppo to Check Point,4.01,6,Saturday,5,10.35,23.25,Low,Clouds,No Rain,0,0,0,0,0,1,Heavy Commercial Activity,High,25
2026-05-09 06:28:35,Malingo to Bonduma,3.75,6,Saturday,5,11.17,20.17,Low,Clouds,No Rain,0,0,0,0,0,1,Heavy Commercial Activity,High,25
2026-05-09 06:28:35,Buea Town to Malingo,5.14,6,Saturday,5,12.87,23.99,Low,Clouds,No Rain,0,0,0,0,0,1,Heavy Commercial Activity,High,25
2026-05-09 06:28:35,Buea Town to Muea,0.0,6,Saturday,5,0.0,0,Low,Clouds,No Rain,0,0,0,0,0,1,Heavy Commercial Activity,High,25
2026-05-09 06:38:35,Bonduma Gate to Mile 17,3.81,6,Saturday,5,8.68,26.35,Low,Clouds,No Rain,0,0,1,0,0,1,Heavy Commercial Activity,High,40
2026-05-09 06:38:35,Bonduma to UB Junction,3.95,6,Saturday,5,12.37,19.15,Low,Clouds,No Rain,0,0,1,0,0,1,Heavy Commercial Activity,High,40
2026-05-09 06:38:35,Bonduma to Molyko,3.11,6,Saturday,5,9.88,18.89,Low,Clouds,No Rain,0,0,1,0,0,1,Heavy Commercial Activity,High,40
2026-05-09 06:38:35,Bonduma to Check Point,1.73,6,Saturday,5,4.92,21.12,Low,Clouds,No Rain,0,0,1,0,0,1,Heavy Commercial Activity,High,40
2026-05-09 06:38:35,Bonduma to Muea,2.06,6,Saturday,5,5.52,22.42,Low,Clouds,No Rain,0,0,1,0,0,1,Heavy Commercial Activity,High,40
2026-05-09 06:38:35,Bonduma to Great Soppo,2.95,6,Saturday,5,8.85,20.0,Low,Clouds,No Rain,0,0,1,0,0,1,Heavy Commercial Activity,High,40
2026-05-09 06:38:35,Bonduma to Buea Town,2.06,6,Saturday,5,5.52,22.42,Low,Clouds,No Rain,0,0,1,0,0,1,Heavy Commercial Activity,High,40
2026-05-09 06:38:35,Mile 16 to Mile 17,4.4,6,Saturday,5,9.53,27.7,Low,Clouds,No Rain,0,0,1,0,0,1,Heavy Commercial Activity,High,40
2026-05-09 06:38:35,Mile 17 to Malingo,1.54,6,Saturday,5,4.7,19.7,Low,Clouds,No Rain,0,0,1,0,0,1,Heavy Commercial Activity,High,40
2026-05-09 06:38:35,Mile 17 to UB Junction,2.05,6,Saturday,5,6.73,18.29,Low,Clouds,No Rain,0,0,1,0,0,1,Heavy Commercial Activity,High,40
2026-05-09 06:38:35,Mile 17 to Check Point,2.47,6,Saturday,5,6.05,24.52,Low,Clouds,No Rain,0,0,1,0,0,1,Heavy Commercial Activity,High,40
2026-05-09 06:38:35,Mile 17 to Muea,5.59,6,Saturday,5,13.02,25.79,Low,Clouds,No Rain,0,0,1,0,0,1,Heavy Commercial Activity,High,40
2026-05-09 06:38:35,Mile 17 to Great Soppo,6.48,6,Saturday,5,16.27,23.91,Low,Clouds,No Rain,0,0,1,0,0,1,Heavy Commercial Activity,High,40
2026-05-09 06:38:35,Malingo to UB Junction,3.47,6,Saturday,5,10.73,19.39,Low,Clouds,No Rain,0,0,1,0,0,1,Heavy Commercial Activity,High,40
2026-05-09 06:38:35,Malingo to Check Point,2.02,6,Saturday,5,5.62,21.6,Low,Clouds,No Rain,0,0,1,0,0,1,Heavy Commercial Activity,High,40
2026-05-09 06:38:35,Malingo to Molyko,6.19,6,Saturday,5,16.8,22.12,Low,Clouds,No Rain,0,0,1,0,0,1,Heavy Commercial Activity,High,40
2026-05-09 06:38:35,Malingo to Muea,5.14,6,Saturday,5,13.22,23.35,Low,Clouds,No Rain,0,0,1,0,0,1,Heavy Commercial Activity,High,40
2026-05-09 06:38:35,Malingo to Buea Town,5.14,6,Saturday,5,13.27,23.26,Low,Clouds,No Rain,0,0,1,0,0,1,Heavy Commercial Activity,High,40
2026-05-09 06:38:35,UB Junction to Molyko,6.33,6,Saturday,5,17.38,21.83,Low,Clouds,No Rain,0,0,1,0,0,1,Heavy Commercial Activity,High,40
2026-05-09 06:38:35,UB Junction to Check Point,2.15,6,Saturday,5,7.02,18.43,Low,Clouds,No Rain,0,0,1,0,0,1,Heavy Commercial Activity,High,40
2026-05-09 06:38:35,UB Junction to Great Soppo,6.17,6,Saturday,5,17.32,21.36,Low,Clouds,No Rain,0,0,1,0,0,1,Heavy Commercial Activity,High,40
2026-05-09 06:38:35,UB Junction to Buea Town,5.28,6,Saturday,5,13.98,22.64,Low,Clouds,No Rain,0,0,1,0,0,1,Heavy Commercial Activity,High,40
2026-05-09 06:38:35,UB Junction to Muea,5.28,6,Saturday,5,13.98,22.64,Low,Clouds,No Rain,0,0,1,0,0,1,Heavy Commercial Activity,High,40
2026-05-09 06:38:35,Molyko to Check Point,4.17,6,Saturday,5,10.93,22.9,Low,Clouds,No Rain,0,0,1,0,0,1,Heavy Commercial Activity,High,40
2026-05-09 06:38:35,Molyko to Great Soppo,2.03,6,Saturday,5,5.93,20.52,Low,Clouds,No Rain,0,0,1,0,0,1,Heavy Commercial Activity,High,40
2026-05-09 06:38:35,Molyko to Small Soppo,3.57,6,Saturday,5,12.02,17.85,Low,Clouds,No Rain,0,0,1,0,0,1,Heavy Commercial Activity,High,40
2026-05-09 06:38:35,Molyko to Bongo Square,4.15,6,Saturday,5,11.7,21.3,Low,Clouds,No Rain,0,0,1,0,0,1,Heavy Commercial Activity,High,40
2026-05-09 06:38:35,Molyko to Buea Town,2.92,6,Saturday,5,9.23,18.96,Low,Clouds,No Rain,0,0,1,0,0,1,Heavy Commercial Activity,High,40
2026-05-09 06:38:35,Molyko to Muea,2.92,6,Saturday,5,9.17,19.1,Low,Clouds,No Rain,0,0,1,0,0,1,Heavy Commercial Activity,High,40
2026-05-09 06:38:35,Molyko to Bokwango,6.15,6,Saturday,5,22.07,16.73,Low,Clouds,No Rain,0,0,1,0,0,1,Heavy Commercial Activity,High,40
2026-05-09 06:38:35,Check Point to Buea Town,3.12,6,Saturday,5,6.83,27.41,Low,Clouds,No Rain,0,0,1,0,0,1,Heavy Commercial Activity,High,40
2026-05-09 06:38:35,Check Point to Great Soppo,4.01,6,Saturday,5,10.17,23.67,Low,Clouds,No Rain,0,0,1,0,0,1,Heavy Commercial Activity,High,40
2026-05-09 06:38:35,Check Point to Small Soppo,3.78,6,Saturday,5,9.22,24.59,Low,Clouds,No Rain,0,0,1,0,0,1,Heavy Commercial Activity,High,40
2026-05-09 06:38:35,Check Point to Bongo Square,4.36,6,Saturday,5,8.77,29.82,Low,Clouds,No Rain,0,0,1,0,0,1,Heavy Commercial Activity,High,40
2026-05-09 06:38:35,Check Point to Muea,3.12,6,Saturday,5,6.83,27.41,Low,Clouds,No Rain,0,0,1,0,0,1,Heavy Commercial Activity,High,40
2026-05-09 06:38:35,Great Soppo to Small Soppo,1.54,6,Saturday,5,5.82,15.94,Low,Clouds,No Rain,0,0,1,0,0,1,Heavy Commercial Activity,High,40
2026-05-09 06:38:35,Great Soppo to Bongo Square,2.12,6,Saturday,5,5.6,22.76,Low,Clouds,No Rain,0,0,1,0,0,1,Heavy Commercial Activity,High,40
2026-05-09 06:38:35,Great Soppo to Buea Town,0.89,6,Saturday,5,3.33,16.0,Low,Clouds,No Rain,0,0,1,0,0,1,Heavy Commercial Activity,High,40
2026-05-09 06:38:35,Great Soppo to Muea,0.89,6,Saturday,5,3.33,16.0,Low,Clouds,No Rain,0,0,1,0,0,1,Heavy Commercial Activity,High,40
2026-05-09 06:38:35,Small Soppo to Bongo Square,1.07,6,Saturday,5,3.57,17.97,Low,Clouds,No Rain,0,0,1,0,0,1,Heavy Commercial Activity,High,40
2026-05-09 06:38:35,Small Soppo to Buea Town,0.52,6,Saturday,5,2.63,11.73,Low,Clouds,No Rain,0,0,1,0,0,1,Heavy Commercial Activity,High,40
2026-05-09 06:38:35,Small Soppo to Muea,0.52,6,Saturday,5,2.63,11.73,Low,Clouds,No Rain,0,0,1,0,0,1,Heavy Commercial Activity,High,40
2026-05-09 06:38:35,Bongo Square to Buea Town,1.24,6,Saturday,5,1.93,38.33,Low,Clouds,No Rain,0,0,1,0,0,1,Heavy Commercial Activity,High,40
2026-05-09 06:38:35,Bongo Square to Muea,1.24,6,Saturday,5,1.93,38.33,Low,Clouds,No Rain,0,0,1,0,0,1,Heavy Commercial Activity,High,40
2026-05-09 06:38:35,Bokwango to Molyko,6.15,6,Saturday,5,22.03,16.76,Low,Clouds,No Rain,0,0,1,0,0,1,Heavy Commercial Activity,High,40
2026-05-09 06:38:35,Bokwango to Check Point,5.26,6,Saturday,5,17.12,18.45,Low,Clouds,No Rain,0,0,1,0,0,1,Heavy Commercial Activity,High,40
2026-05-09 06:38:35,Bokwango to Buea Town,8.38,6,Saturday,5,24.05,20.92,Low,Clouds,No Rain,0,0,1,0,0,1,Heavy Commercial Activity,High,40
2026-05-09 06:38:35,Bokwango to Great Soppo,9.27,6,Saturday,5,27.3,20.38,Low,Clouds,No Rain,0,0,1,0,0,1,Heavy Commercial Activity,High,40
2026-05-09 06:38:35,Muea to Great Soppo,0.89,6,Saturday,5,3.33,16.0,Low,Clouds,No Rain,0,0,1,0,0,1,Heavy Commercial Activity,High,40
2026-05-09 06:38:35,Muea to Molyko,2.92,6,Saturday,5,9.1,19.24,Low,Clouds,No Rain,0,0,1,0,0,1,Heavy Commercial Activity,High,40
2026-05-09 06:38:35,Muea to Check Point,3.12,6,Saturday,5,6.53,28.67,Low,Clouds,No Rain,0,0,1,0,0,1,Heavy Commercial Activity,High,40
2026-05-09 06:38:35,Muea to Buea Town,0.0,6,Saturday,5,0.0,0,Low,Clouds,No Rain,0,0,1,0,0,1,Heavy Commercial Activity,High,40
2026-05-09 06:38:35,Muea to Bonduma,2.06,6,Saturday,5,5.07,24.41,Low,Clouds,No Rain,0,0,1,0,0,1,Heavy Commercial Activity,High,40
2026-05-09 06:38:35,Muea to Malingo,5.14,6,Saturday,5,12.8,24.11,Low,Clouds,No Rain,0,0,1,0,0,1,Heavy Commercial Activity,High,40
2026-05-09 06:38:35,Clerks Quarters to Governor Junction,1.33,6,Saturday,5,2.25,35.52,Low,Clouds,No Rain,0,0,1,0,0,1,Heavy Commercial Activity,High,40
2026-05-09 06:38:35,Governor Junction to Long Street,0.0,6,Saturday,5,0.0,0,Low,Clouds,No Rain,0,0,1,0,0,1,Heavy Commercial Activity,High,40
2026-05-09 06:38:35,Long Street to Bongo Square,1.24,6,Saturday,5,1.92,38.66,Low,Clouds,No Rain,0,0,1,0,0,1,Heavy Commercial Activity,High,40
2026-05-09 06:38:35,Governor Junction to Buea Town,0.0,6,Saturday,5,0.0,0,Low,Clouds,No Rain,0,0,1,0,0,1,Heavy Commercial Activity,High,40
2026-05-09 06:38:35,Molyko to UB Junction,6.39,6,Saturday,5,17.6,21.77,Low,Clouds,No Rain,0,0,1,0,0,1,Heavy Commercial Activity,High,40
2026-05-09 06:38:35,UB Junction to Bonduma,3.88,6,Saturday,5,11.88,19.62,Low,Clouds,No Rain,0,0,1,0,0,1,Heavy Commercial Activity,High,40
2026-05-09 06:38:35,Check Point to Molyko,4.17,6,Saturday,5,10.97,22.83,Low,Clouds,No Rain,0,0,1,0,0,1,Heavy Commercial Activity,High,40
2026-05-09 06:38:35,Great Soppo to Check Point,4.01,6,Saturday,5,10.35,23.25,Low,Clouds,No Rain,0,0,1,0,0,1,Heavy Commercial Activity,High,40
2026-05-09 06:38:35,Malingo to Bonduma,3.75,6,Saturday,5,11.13,20.23,Low,Clouds,No Rain,0,0,1,0,0,1,Heavy Commercial Activity,High,40
2026-05-09 06:38:35,Buea Town to Malingo,5.14,6,Saturday,5,12.82,24.08,Low,Clouds,No Rain,0,0,1,0,0,1,Heavy Commercial Activity,High,40
2026-05-09 06:38:35,Buea Town to Muea,0.0,6,Saturday,5,0.0,0,Low,Clouds,No Rain,0,0,1,0,0,1,Heavy Commercial Activity,High,40
2026-05-09 06:48:35,Bonduma Gate to Mile 17,3.81,6,Saturday,5,8.65,26.45,Low,Clouds,No Rain,0,0,1,0,0,1,Heavy Commercial Activity,High,40
2026-05-09 06:48:35,Bonduma to UB Junction,3.95,6,Saturday,5,12.38,19.12,Low,Clouds,No Rain,0,0,1,0,0,1,Heavy Commercial Activity,High,40
2026-05-09 06:48:35,Bonduma to Molyko,3.11,6,Saturday,5,9.88,18.89,Low,Clouds,No Rain,0,0,1,0,0,1,Heavy Commercial Activity,High,40
2026-05-09 06:48:35,Bonduma to Check Point,1.73,6,Saturday,5,4.92,21.12,Low,Clouds,No Rain,0,0,1,0,0,1,Heavy Commercial Activity,High,40
2026-05-09 06:48:35,Bonduma to Muea,2.06,6,Saturday,5,5.58,22.15,Low,Clouds,No Rain,0,0,1,0,0,1,Heavy Commercial Activity,High,40
2026-05-09 06:48:35,Bonduma to Great Soppo,2.95,6,Saturday,5,8.92,19.85,Low,Clouds,No Rain,0,0,1,0,0,1,Heavy Commercial Activity,High,40
2026-05-09 06:48:35,Bonduma to Buea Town,2.06,6,Saturday,5,5.57,22.21,Low,Clouds,No Rain,0,0,1,0,0,1,Heavy Commercial Activity,High,40
2026-05-09 06:48:35,Mile 16 to Mile 17,4.4,6,Saturday,5,9.53,27.7,Low,Clouds,No Rain,0,0,1,0,0,1,Heavy Commercial Activity,High,40
2026-05-09 06:48:35,Mile 17 to Malingo,1.54,6,Saturday,5,4.7,19.7,Low,Clouds,No Rain,0,0,1,0,0,1,Heavy Commercial Activity,High,40
2026-05-09 06:48:35,Mile 17 to UB Junction,2.05,6,Saturday,5,6.87,17.94,Low,Clouds,No Rain,0,0,1,0,0,1,Heavy Commercial Activity,High,40
2026-05-09 06:48:35,Mile 17 to Check Point,2.47,6,Saturday,5,6.35,23.36,Low,Clouds,No Rain,0,0,1,0,0,1,Heavy Commercial Activity,High,40
2026-05-09 06:48:35,Mile 17 to Muea,5.59,6,Saturday,5,13.33,25.17,Low,Clouds,No Rain,0,0,1,0,0,1,Heavy Commercial Activity,High,40
2026-05-09 06:48:35,Mile 17 to Great Soppo,6.48,6,Saturday,5,16.67,23.34,Low,Clouds,No Rain,0,0,1,0,0,1,Heavy Commercial Activity,High,40
2026-05-09 06:48:35,Malingo to UB Junction,3.47,6,Saturday,5,10.88,19.12,Low,Clouds,No Rain,0,0,1,0,0,1,Heavy Commercial Activity,High,40
2026-05-09 06:48:35,Malingo to Check Point,2.02,6,Saturday,5,5.77,21.04,Low,Clouds,No Rain,0,0,1,0,0,1,Heavy Commercial Activity,High,40
2026-05-09 06:48:35,Malingo to Molyko,6.19,6,Saturday,5,16.97,21.9,Low,Clouds,No Rain,0,0,1,0,0,1,Heavy Commercial Activity,High,40
2026-05-09 06:48:35,Malingo to Muea,5.14,6,Saturday,5,13.37,23.09,Low,Clouds,No Rain,0,0,1,0,0,1,Heavy Commercial Activity,High,40
2026-05-09 06:48:35,Malingo to Buea Town,5.14,6,Saturday,5,13.38,23.06,Low,Clouds,No Rain,0,0,1,0,0,1,Heavy Commercial Activity,High,40
2026-05-09 06:48:35,UB Junction to Molyko,6.33,6,Saturday,5,17.65,21.5,Low,Clouds,No Rain,0,0,1,0,0,1,Heavy Commercial Activity,High,40
2026-05-09 06:48:35,UB Junction to Check Point,2.15,6,Saturday,5,7.32,17.67,Low,Clouds,No Rain,0,0,1,0,0,1,Heavy Commercial Activity,High,40
2026-05-09 06:48:35,UB Junction to Great Soppo,6.17,6,Saturday,5,17.63,20.98,Low,Clouds,No Rain,0,0,1,0,0,1,Heavy Commercial Activity,High,40
2026-05-09 06:48:35,UB Junction to Buea Town,5.28,6,Saturday,5,14.3,22.14,Low,Clouds,No Rain,0,0,1,0,0,1,Heavy Commercial Activity,High,40
2026-05-09 06:48:35,UB Junction to Muea,5.28,6,Saturday,5,14.3,22.14,Low,Clouds,No Rain,0,0,1,0,0,1,Heavy Commercial Activity,High,40
2026-05-09 06:48:35,Molyko to Check Point,4.17,6,Saturday,5,11.1,22.55,Low,Clouds,No Rain,0,0,1,0,0,1,Heavy Commercial Activity,High,40
2026-05-09 06:48:35,Molyko to Great Soppo,2.03,6,Saturday,5,5.9,20.63,Low,Clouds,No Rain,0,0,1,0,0,1,Heavy Commercial Activity,High,40
2026-05-09 06:48:35,Molyko to Small Soppo,3.57,6,Saturday,5,12.15,17.65,Low,Clouds,No Rain,0,0,1,0,0,1,Heavy Commercial Activity,High,40
2026-05-09 06:48:35,Molyko to Bongo Square,4.15,6,Saturday,5,11.75,21.21,Low,Clouds,No Rain,0,0,1,0,0,1,Heavy Commercial Activity,High,40
2026-05-09 06:48:35,Molyko to Buea Town,2.92,6,Saturday,5,9.23,18.96,Low,Clouds,No Rain,0,0,1,0,0,1,Heavy Commercial Activity,High,40
2026-05-09 06:48:35,Molyko to Muea,2.92,6,Saturday,5,9.23,18.96,Low,Clouds,No Rain,0,0,1,0,0,1,Heavy Commercial Activity,High,40
2026-05-09 06:48:35,Molyko to Bokwango,6.15,6,Saturday,5,22.17,16.65,Low,Clouds,No Rain,0,0,1,0,0,1,Heavy Commercial Activity,High,40
2026-05-09 06:48:35,Check Point to Buea Town,3.12,6,Saturday,5,6.88,27.21,Low,Clouds,No Rain,0,0,1,0,0,1,Heavy Commercial Activity,High,40
2026-05-09 06:48:35,Check Point to Great Soppo,4.01,6,Saturday,5,10.22,23.56,Low,Clouds,No Rain,0,0,1,0,0,1,Heavy Commercial Activity,High,40
2026-05-09 06:48:35,Check Point to Small Soppo,3.78,6,Saturday,5,9.28,24.42,Low,Clouds,No Rain,0,0,1,0,0,1,Heavy Commercial Activity,High,40
2026-05-09 06:48:35,Check Point to Bongo Square,4.36,6,Saturday,5,8.85,29.54,Low,Clouds,No Rain,0,0,1,0,0,1,Heavy Commercial Activity,High,40
2026-05-09 06:48:35,Check Point to Muea,3.12,6,Saturday,5,6.88,27.21,Low,Clouds,No Rain,0,0,1,0,0,1,Heavy Commercial Activity,High,40
2026-05-09 06:48:35,Great Soppo to Small Soppo,1.54,6,Saturday,5,5.87,15.8,Low,Clouds,No Rain,0,0,1,0,0,1,Heavy Commercial Activity,High,40
2026-05-09 06:48:35,Great Soppo to Bongo Square,2.12,6,Saturday,5,5.63,22.62,Low,Clouds,No Rain,0,0,1,0,0,1,Heavy Commercial Activity,High,40
2026-05-09 06:48:35,Great Soppo to Buea Town,0.89,6,Saturday,5,3.33,16.0,Low,Clouds,No Rain,0,0,1,0,0,1,Heavy Commercial Activity,High,40
2026-05-09 06:48:35,Great Soppo to Muea,0.89,6,Saturday,5,3.23,16.5,Low,Clouds,No Rain,0,0,1,0,0,1,Heavy Commercial Activity,High,40
2026-05-09 06:48:35,Small Soppo to Bongo Square,1.07,6,Saturday,5,3.57,17.97,Low,Clouds,No Rain,0,0,1,0,0,1,Heavy Commercial Activity,High,40
2026-05-09 06:48:35,Small Soppo to Buea Town,0.52,6,Saturday,5,2.65,11.66,Low,Clouds,No Rain,0,0,1,0,0,1,Heavy Commercial Activity,High,40
2026-05-09 06:48:35,Small Soppo to Muea,0.52,6,Saturday,5,2.65,11.66,Low,Clouds,No Rain,0,0,1,0,0,1,Heavy Commercial Activity,High,40
2026-05-09 06:48:35,Bongo Square to Buea Town,1.24,6,Saturday,5,1.93,38.33,Low,Clouds,No Rain,0,0,1,0,0,1,Heavy Commercial Activity,High,40
2026-05-09 06:48:35,Bongo Square to Muea,1.24,6,Saturday,5,1.93,38.33,Low,Clouds,No Rain,0,0,1,0,0,1,Heavy Commercial Activity,High,40
2026-05-09 06:48:35,Bokwango to Molyko,6.15,6,Saturday,5,22.15,16.67,Low,Clouds,No Rain,0,0,1,0,0,1,Heavy Commercial Activity,High,40
2026-05-09 06:48:35,Bokwango to Check Point,5.26,6,Saturday,5,17.43,18.11,Low,Clouds,No Rain,0,0,1,0,0,1,Heavy Commercial Activity,High,40
2026-05-09 06:48:35,Bokwango to Buea Town,8.38,6,Saturday,5,24.68,20.38,Low,Clouds,No Rain,0,0,1,0,0,1,Heavy Commercial Activity,High,40
2026-05-09 06:48:35,Bokwango to Great Soppo,9.27,6,Saturday,5,28.02,19.86,Low,Clouds,No Rain,0,0,1,0,0,1,Heavy Commercial Activity,High,40
2026-05-09 06:48:35,Muea to Great Soppo,0.89,6,Saturday,5,3.33,16.0,Low,Clouds,No Rain,0,0,1,0,0,1,Heavy Commercial Activity,High,40
2026-05-09 06:48:35,Muea to Molyko,2.92,6,Saturday,5,9.1,19.24,Low,Clouds,No Rain,0,0,1,0,0,1,Heavy Commercial Activity,High,40
2026-05-09 06:48:35,Muea to Check Point,3.12,6,Saturday,5,6.57,28.53,Low,Clouds,No Rain,0,0,1,0,0,1,Heavy Commercial Activity,High,40
2026-05-09 06:48:35,Muea to Buea Town,0.0,6,Saturday,5,0.0,0,Low,Clouds,No Rain,0,0,1,0,0,1,Heavy Commercial Activity,High,40
2026-05-09 06:48:35,Muea to Bonduma,2.06,6,Saturday,5,5.05,24.49,Low,Clouds,No Rain,0,0,1,0,0,1,Heavy Commercial Activity,High,40
2026-05-09 06:48:35,Muea to Malingo,5.14,6,Saturday,5,12.83,24.05,Low,Clouds,No Rain,0,0,1,0,0,1,Heavy Commercial Activity,High,40
2026-05-09 06:48:35,Clerks Quarters to Governor Junction,1.33,6,Saturday,5,2.27,35.26,Low,Clouds,No Rain,0,0,1,0,0,1,Heavy Commercial Activity,High,40
2026-05-09 06:48:35,Governor Junction to Long Street,0.0,6,Saturday,5,0.0,0,Low,Clouds,No Rain,0,0,1,0,0,1,Heavy Commercial Activity,High,40
2026-05-09 06:48:35,Long Street to Bongo Square,1.24,6,Saturday,5,1.93,38.33,Low,Clouds,No Rain,0,0,1,0,0,1,Heavy Commercial Activity,High,40
2026-05-09 06:48:35,Governor Junction to Buea Town,0.0,6,Saturday,5,0.0,0,Low,Clouds,No Rain,0,0,1,0,0,1,Heavy Commercial Activity,High,40
2026-05-09 06:48:35,Molyko to UB Junction,6.39,6,Saturday,5,17.78,21.55,Low,Clouds,No Rain,0,0,1,0,0,1,Heavy Commercial Activity,High,40
2026-05-09 06:48:35,UB Junction to Bonduma,3.88,6,Saturday,5,12.2,19.11,Low,Clouds,No Rain,0,0,1,0,0,1,Heavy Commercial Activity,High,40
2026-05-09 06:48:35,Check Point to Molyko,4.17,6,Saturday,5,11.03,22.69,Low,Clouds,No Rain,0,0,1,0,0,1,Heavy Commercial Activity,High,40
2026-05-09 06:48:35,Great Soppo to Check Point,4.01,6,Saturday,5,10.38,23.18,Low,Clouds,No Rain,0,0,1,0,0,1,Heavy Commercial Activity,High,40
2026-05-09 06:48:35,Malingo to Bonduma,3.75,6,Saturday,5,11.3,19.93,Low,Clouds,No Rain,0,0,1,0,0,1,Heavy Commercial Activity,High,40
2026-05-09 06:48:35,Buea Town to Malingo,5.14,6,Saturday,5,12.83,24.05,Low,Clouds,No Rain,0,0,1,0,0,1,Heavy Commercial Activity,High,40
2026-05-09 06:48:35,Buea Town to Muea,0.0,6,Saturday,5,0.0,0,Low,Clouds,No Rain,0,0,1,0,0,1,Heavy Commercial Activity,High,40
2026-05-09 06:58:35,Bonduma Gate to Mile 17,3.81,6,Saturday,5,8.8,26.0,Low,Clouds,No Rain,0,0,1,0,0,1,Heavy Commercial Activity,High,40
2026-05-09 06:58:35,Bonduma to UB Junction,3.95,6,Saturday,5,12.48,18.97,Low,Clouds,No Rain,0,0,1,0,0,1,Heavy Commercial Activity,High,40
2026-05-09 06:58:35,Bonduma to Molyko,3.11,6,Saturday,5,9.88,18.89,Low,Clouds,No Rain,0,0,1,0,0,1,Heavy Commercial Activity,High,40
2026-05-09 06:58:35,Bonduma to Check Point,1.73,6,Saturday,5,4.98,20.84,Low,Clouds,No Rain,0,0,1,0,0,1,Heavy Commercial Activity,High,40
2026-05-09 06:58:35,Bonduma to Muea,2.06,6,Saturday,5,5.63,21.95,Low,Clouds,No Rain,0,0,1,0,0,1,Heavy Commercial Activity,High,40
2026-05-09 06:58:35,Bonduma to Great Soppo,2.95,6,Saturday,5,8.97,19.74,Low,Clouds,No Rain,0,0,1,0,0,1,Heavy Commercial Activity,High,40
2026-05-09 06:58:35,Bonduma to Buea Town,2.06,6,Saturday,5,5.63,21.95,Low,Clouds,No Rain,0,0,1,0,0,1,Heavy Commercial Activity,High,40
2026-05-09 06:58:35,Mile 16 to Mile 17,4.4,6,Saturday,5,9.7,27.23,Low,Clouds,No Rain,0,0,1,0,0,1,Heavy Commercial Activity,High,40
2026-05-09 06:58:35,Mile 17 to Malingo,1.54,6,Saturday,5,4.63,19.98,Low,Clouds,No Rain,0,0,1,0,0,1,Heavy Commercial Activity,High,40
2026-05-09 06:58:35,Mile 17 to UB Junction,2.05,6,Saturday,5,6.88,17.9,Low,Clouds,No Rain,0,0,1,0,0,1,Heavy Commercial Activity,High,40
2026-05-09 06:58:35,Mile 17 to Check Point,2.47,6,Saturday,5,6.63,22.36,Low,Clouds,No Rain,0,0,1,0,0,1,Heavy Commercial Activity,High,40
2026-05-09 06:58:35,Mile 17 to Muea,5.59,6,Saturday,5,13.85,24.23,Low,Clouds,No Rain,0,0,1,0,0,1,Heavy Commercial Activity,High,40
2026-05-09 06:58:35,Mile 17 to Great Soppo,6.48,6,Saturday,5,17.2,22.62,Low,Clouds,No Rain,0,0,1,0,0,1,Heavy Commercial Activity,High,40
2026-05-09 06:58:35,Malingo to UB Junction,3.47,6,Saturday,5,11.02,18.89,Low,Clouds,No Rain,0,0,1,0,0,1,Heavy Commercial Activity,High,40
2026-05-09 06:58:35,Malingo to Check Point,2.02,6,Saturday,5,5.85,20.74,Low,Clouds,No Rain,0,0,1,0,0,1,Heavy Commercial Activity,High,40
2026-05-09 06:58:35,Malingo to Molyko,6.19,6,Saturday,5,17.13,21.69,Low,Clouds,No Rain,0,0,1,0,0,1,Heavy Commercial Activity,High,40
2026-05-09 06:58:35,Malingo to Muea,5.14,6,Saturday,5,13.65,22.61,Low,Clouds,No Rain,0,0,1,0,0,1,Heavy Commercial Activity,High,40
2026-05-09 06:58:35,Malingo to Buea Town,5.14,6,Saturday,5,13.65,22.61,Low,Clouds,No Rain,0,0,1,0,0,1,Heavy Commercial Activity,High,40
2026-05-09 06:58:35,UB Junction to Molyko,6.33,6,Saturday,5,17.78,21.34,Low,Clouds,No Rain,0,0,1,0,0,1,Heavy Commercial Activity,High,40
2026-05-09 06:58:35,UB Junction to Check Point,2.15,6,Saturday,5,7.4,17.47,Low,Clouds,No Rain,0,0,1,0,0,1,Heavy Commercial Activity,High,40
2026-05-09 06:58:35,UB Junction to Great Soppo,6.17,6,Saturday,5,17.98,20.57,Low,Clouds,No Rain,0,0,1,0,0,1,Heavy Commercial Activity,High,40
2026-05-09 06:58:35,UB Junction to Buea Town,5.28,6,Saturday,5,14.65,21.61,Low,Clouds,No Rain,0,0,1,0,0,1,Heavy Commercial Activity,High,40
2026-05-09 06:58:35,UB Junction to Muea,5.28,6,Saturday,5,14.65,21.61,Low,Clouds,No Rain,0,0,1,0,0,1,Heavy Commercial Activity,High,40
2026-05-09 06:58:35,Molyko to Check Point,4.17,6,Saturday,5,11.13,22.48,Low,Clouds,No Rain,0,0,1,0,0,1,Heavy Commercial Activity,High,40
2026-05-09 06:58:35,Molyko to Great Soppo,2.03,6,Saturday,5,5.9,20.63,Low,Clouds,No Rain,0,0,1,0,0,1,Heavy Commercial Activity,High,40
2026-05-09 06:58:35,Molyko to Small Soppo,3.57,6,Saturday,5,12.22,17.55,Low,Clouds,No Rain,0,0,1,0,0,1,Heavy Commercial Activity,High,40
2026-05-09 06:58:35,Molyko to Bongo Square,4.15,6,Saturday,5,11.93,20.88,Low,Clouds,No Rain,0,0,1,0,0,1,Heavy Commercial Activity,High,40
2026-05-09 06:58:35,Molyko to Buea Town,2.92,6,Saturday,5,9.23,18.96,Low,Clouds,No Rain,0,0,1,0,0,1,Heavy Commercial Activity,High,40
2026-05-09 06:58:35,Molyko to Muea,2.92,6,Saturday,5,9.23,18.96,Low,Clouds,No Rain,0,0,1,0,0,1,Heavy Commercial Activity,High,40
2026-05-09 06:58:35,Molyko to Bokwango,6.15,6,Saturday,5,22.25,16.59,Low,Clouds,No Rain,0,0,1,0,0,1,Heavy Commercial Activity,High,40
2026-05-09 06:58:35,Check Point to Buea Town,3.12,6,Saturday,5,7.0,26.76,Low,Clouds,No Rain,0,0,1,0,0,1,Heavy Commercial Activity,High,40
2026-05-09 06:58:35,Check Point to Great Soppo,4.01,6,Saturday,5,10.33,23.29,Low,Clouds,No Rain,0,0,1,0,0,1,Heavy Commercial Activity,High,40
2026-05-09 06:58:35,Check Point to Small Soppo,3.78,6,Saturday,5,9.42,24.07,Low,Clouds,No Rain,0,0,1,0,0,1,Heavy Commercial Activity,High,40
2026-05-09 06:58:35,Check Point to Bongo Square,4.36,6,Saturday,5,9.03,28.94,Low,Clouds,No Rain,0,0,1,0,0,1,Heavy Commercial Activity,High,40
2026-05-09 06:58:35,Check Point to Muea,3.12,6,Saturday,5,7.0,26.76,Low,Clouds,No Rain,0,0,1,0,0,1,Heavy Commercial Activity,High,40
2026-05-09 06:58:35,Great Soppo to Small Soppo,1.54,6,Saturday,5,5.92,15.67,Low,Clouds,No Rain,0,0,1,0,0,1,Heavy Commercial Activity,High,40
2026-05-09 06:58:35,Great Soppo to Bongo Square,2.12,6,Saturday,5,5.65,22.56,Low,Clouds,No Rain,0,0,1,0,0,1,Heavy Commercial Activity,High,40
2026-05-09 06:58:35,Great Soppo to Buea Town,0.89,6,Saturday,5,3.33,16.0,Low,Clouds,No Rain,0,0,1,0,0,1,Heavy Commercial Activity,High,40
2026-05-09 06:58:35,Great Soppo to Muea,0.89,6,Saturday,5,3.33,16.0,Low,Clouds,No Rain,0,0,1,0,0,1,Heavy Commercial Activity,High,40
2026-05-09 06:58:35,Small Soppo to Bongo Square,1.07,6,Saturday,5,3.58,17.88,Low,Clouds,No Rain,0,0,1,0,0,1,Heavy Commercial Activity,High,40
2026-05-09 06:58:35,Small Soppo to Buea Town,0.52,6,Saturday,5,2.67,11.59,Low,Clouds,No Rain,0,0,1,0,0,1,Heavy Commercial Activity,High,40
2026-05-09 06:58:35,Small Soppo to Muea,0.52,6,Saturday,5,2.67,11.59,Low,Clouds,No Rain,0,0,1,0,0,1,Heavy Commercial Activity,High,40
2026-05-09 06:58:35,Bongo Square to Buea Town,1.24,6,Saturday,5,1.95,38.0,Low,Clouds,No Rain,0,0,1,0,0,1,Heavy Commercial Activity,High,40
2026-05-09 06:58:35,Bongo Square to Muea,1.24,6,Saturday,5,1.95,38.0,Low,Clouds,No Rain,0,0,1,0,0,1,Heavy Commercial Activity,High,40
2026-05-09 06:58:35,Bokwango to Molyko,6.15,6,Saturday,5,22.23,16.6,Low,Clouds,No Rain,0,0,1,0,0,1,Heavy Commercial Activity,High,40
2026-05-09 06:58:35,Bokwango to Check Point,5.26,6,Saturday,5,18.67,16.92,Low,Clouds,No Rain,0,0,1,0,0,1,Heavy Commercial Activity,High,40
2026-05-09 06:58:35,Bokwango to Buea Town,8.38,6,Saturday,5,26.15,19.24,Low,Clouds,No Rain,0,0,1,0,0,1,Heavy Commercial Activity,High,40
2026-05-09 06:58:35,Bokwango to Great Soppo,9.27,6,Saturday,5,29.48,18.87,Low,Clouds,No Rain,0,0,1,0,0,1,Heavy Commercial Activity,High,40
2026-05-09 06:58:35,Muea to Great Soppo,0.89,6,Saturday,5,3.33,16.0,Low,Clouds,No Rain,0,0,1,0,0,1,Heavy Commercial Activity,High,40
2026-05-09 06:58:35,Muea to Molyko,2.92,6,Saturday,5,9.1,19.24,Low,Clouds,No Rain,0,0,1,0,0,1,Heavy Commercial Activity,High,40
2026-05-09 06:58:35,Muea to Check Point,3.12,6,Saturday,5,6.67,28.1,Low,Clouds,No Rain,0,0,1,0,0,1,Heavy Commercial Activity,High,40
2026-05-09 06:58:35,Muea to Buea Town,0.0,6,Saturday,5,0.0,0,Low,Clouds,No Rain,0,0,1,0,0,1,Heavy Commercial Activity,High,40
2026-05-09 06:58:35,Muea to Bonduma,2.06,6,Saturday,5,5.12,24.17,Low,Clouds,No Rain,0,0,1,0,0,1,Heavy Commercial Activity,High,40
2026-05-09 06:58:35,Muea to Malingo,5.14,6,Saturday,5,13.05,23.65,Low,Clouds,No Rain,0,0,1,0,0,1,Heavy Commercial Activity,High,40
2026-05-09 06:58:35,Clerks Quarters to Governor Junction,1.33,6,Saturday,5,2.28,35.0,Low,Clouds,No Rain,0,0,1,0,0,1,Heavy Commercial Activity,High,40
2026-05-09 06:58:35,Governor Junction to Long Street,0.0,6,Saturday,5,0.0,0,Low,Clouds,No Rain,0,0,1,0,0,1,Heavy Commercial Activity,High,40
2026-05-09 06:58:35,Long Street to Bongo Square,1.24,6,Saturday,5,1.98,37.36,Low,Clouds,No Rain,0,0,1,0,0,1,Heavy Commercial Activity,High,40
2026-05-09 06:58:35,Governor Junction to Buea Town,0.0,6,Saturday,5,0.0,0,Low,Clouds,No Rain,0,0,1,0,0,1,Heavy Commercial Activity,High,40
2026-05-09 06:58:35,Molyko to UB Junction,6.39,6,Saturday,5,18.05,21.23,Low,Clouds,No Rain,0,0,1,0,0,1,Heavy Commercial Activity,High,40
2026-05-09 06:58:35,UB Junction to Bonduma,3.88,6,Saturday,5,12.4,18.8,Low,Clouds,No Rain,0,0,1,0,0,1,Heavy Commercial Activity,High,40
2026-05-09 06:58:35,Check Point to Molyko,4.17,6,Saturday,5,11.13,22.48,Low,Clouds,No Rain,0,0,1,0,0,1,Heavy Commercial Activity,High,40
2026-05-09 06:58:35,Great Soppo to Check Point,4.01,6,Saturday,5,10.48,22.96,Low,Clouds,No Rain,0,0,1,0,0,1,Heavy Commercial Activity,High,40
2026-05-09 06:58:35,Malingo to Bonduma,3.75,6,Saturday,5,11.4,19.75,Low,Clouds,No Rain,0,0,1,0,0,1,Heavy Commercial Activity,High,40
2026-05-09 06:58:35,Buea Town to Malingo,5.14,6,Saturday,5,13.07,23.62,Low,Clouds,No Rain,0,0,1,0,0,1,Heavy Commercial Activity,High,40
2026-05-09 06:58:35,Buea Town to Muea,0.0,6,Saturday,5,0.0,0,Low,Clouds,No Rain,0,0,1,0,0,1,Heavy Commercial Activity,High,40
2026-05-09 07:08:35,Bonduma Gate to Mile 17,3.81,7,Saturday,5,9.07,25.23,Low,Clouds,No Rain,0,0,1,0,0,1,Heavy Commercial Activity,High,45
2026-05-09 07:08:35,Bonduma to UB Junction,3.95,7,Saturday,5,12.75,18.57,Low,Clouds,No Rain,0,0,1,0,0,1,Heavy Commercial Activity,High,45
2026-05-09 07:08:35,Bonduma to Molyko,3.11,7,Saturday,5,9.88,18.89,Low,Clouds,No Rain,0,0,1,0,0,1,Heavy Commercial Activity,High,45
2026-05-09 07:08:35,Bonduma to Check Point,1.73,7,Saturday,5,5.0,20.77,Low,Clouds,No Rain,0,0,1,0,0,1,Heavy Commercial Activity,High,45
2026-05-09 07:08:35,Bonduma to Muea,2.06,7,Saturday,5,5.93,20.84,Low,Clouds,No Rain,0,0,1,0,0,1,Heavy Commercial Activity,High,45
2026-05-09 07:08:35,Bonduma to Great Soppo,2.95,7,Saturday,5,9.27,19.1,Low,Clouds,No Rain,0,0,1,0,0,1,Heavy Commercial Activity,High,45
2026-05-09 07:08:35,Bonduma to Buea Town,2.06,7,Saturday,5,5.93,20.84,Low,Clouds,No Rain,0,0,1,0,0,1,Heavy Commercial Activity,High,45
2026-05-09 07:08:35,Mile 16 to Mile 17,4.4,7,Saturday,5,10.08,26.19,Low,Clouds,No Rain,0,0,1,0,0,1,Heavy Commercial Activity,High,45
2026-05-09 07:08:35,Mile 17 to Malingo,1.54,7,Saturday,5,4.67,19.84,Low,Clouds,No Rain,0,0,1,0,0,1,Heavy Commercial Activity,High,45
2026-05-09 07:08:35,Mile 17 to UB Junction,2.05,7,Saturday,5,7.3,16.87,Low,Clouds,No Rain,0,0,1,0,0,1,Heavy Commercial Activity,High,45
2026-05-09 07:08:35,Mile 17 to Check Point,2.47,7,Saturday,5,7.6,19.52,Low,Clouds,No Rain,0,0,1,0,0,1,Heavy Commercial Activity,High,45
2026-05-09 07:08:35,Mile 17 to Muea,5.59,7,Saturday,5,15.03,22.33,Low,Clouds,No Rain,0,0,1,0,0,1,Heavy Commercial Activity,High,45
2026-05-09 07:08:35,Mile 17 to Great Soppo,6.48,7,Saturday,5,18.38,21.16,Low,Clouds,No Rain,0,0,1,0,0,1,Heavy Commercial Activity,High,45
2026-05-09 07:08:35,Malingo to UB Junction,3.47,7,Saturday,5,11.78,17.66,Low,Clouds,No Rain,0,0,1,0,0,1,Heavy Commercial Activity,High,45
2026-05-09 07:08:35,Malingo to Check Point,2.02,7,Saturday,5,6.08,19.94,Low,Clouds,No Rain,0,0,1,0,0,1,Heavy Commercial Activity,High,45
2026-05-09 07:08:35,Malingo to Molyko,6.19,7,Saturday,5,17.4,21.36,Low,Clouds,No Rain,0,0,1,0,0,1,Heavy Commercial Activity,High,45
2026-05-09 07:08:35,Malingo to Muea,5.14,7,Saturday,5,14.12,21.86,Low,Clouds,No Rain,0,0,1,0,0,1,Heavy Commercial Activity,High,45
2026-05-09 07:08:35,Malingo to Buea Town,5.14,7,Saturday,5,14.12,21.86,Low,Clouds,No Rain,0,0,1,0,0,1,Heavy Commercial Activity,High,45
2026-05-09 07:08:35,UB Junction to Molyko,6.33,7,Saturday,5,18.38,20.65,Low,Clouds,No Rain,0,0,1,0,0,1,Heavy Commercial Activity,High,45
2026-05-09 07:08:35,UB Junction to Check Point,2.15,7,Saturday,5,7.97,16.23,Low,Clouds,No Rain,0,0,1,0,0,1,Heavy Commercial Activity,High,45
2026-05-09 07:08:35,UB Junction to Great Soppo,6.17,7,Saturday,5,18.73,19.75,Low,Clouds,No Rain,0,0,1,0,0,1,Heavy Commercial Activity,High,45
2026-05-09 07:08:35,UB Junction to Buea Town,5.28,7,Saturday,5,15.4,20.56,Low,Clouds,No Rain,0,0,1,0,0,1,Heavy Commercial Activity,High,45
2026-05-09 07:08:35,UB Junction to Muea,5.28,7,Saturday,5,15.4,20.56,Low,Clouds,No Rain,0,0,1,0,0,1,Heavy Commercial Activity,High,45
2026-05-09 07:08:35,Molyko to Check Point,4.17,7,Saturday,5,11.22,22.32,Low,Clouds,No Rain,0,0,1,0,0,1,Heavy Commercial Activity,High,45
2026-05-09 07:08:35,Molyko to Great Soppo,2.03,7,Saturday,5,5.9,20.63,Low,Clouds,No Rain,0,0,1,0,0,1,Heavy Commercial Activity,High,45
2026-05-09 07:08:35,Molyko to Small Soppo,3.57,7,Saturday,5,12.28,17.46,Low,Clouds,No Rain,0,0,1,0,0,1,Heavy Commercial Activity,High,45
2026-05-09 07:08:35,Molyko to Bongo Square,4.15,7,Saturday,5,12.08,20.62,Low,Clouds,No Rain,0,0,1,0,0,1,Heavy Commercial Activity,High,45
2026-05-09 07:08:35,Molyko to Buea Town,2.92,7,Saturday,5,9.23,18.96,Low,Clouds,No Rain,0,0,1,0,0,1,Heavy Commercial Activity,High,45
2026-05-09 07:08:35,Molyko to Muea,2.92,7,Saturday,5,9.23,18.96,Low,Clouds,No Rain,0,0,1,0,0,1,Heavy Commercial Activity,High,45
2026-05-09 07:08:35,Molyko to Bokwango,6.15,7,Saturday,5,22.32,16.54,Low,Clouds,No Rain,0,0,1,0,0,1,Heavy Commercial Activity,High,45
2026-05-09 07:08:35,Check Point to Buea Town,3.12,7,Saturday,5,7.37,25.43,Low,Clouds,No Rain,0,0,1,0,0,1,Heavy Commercial Activity,High,45
2026-05-09 07:08:35,Check Point to Great Soppo,4.01,7,Saturday,5,10.7,22.49,Low,Clouds,No Rain,0,0,1,0,0,1,Heavy Commercial Activity,High,45
2026-05-09 07:08:35,Check Point to Small Soppo,3.78,7,Saturday,5,9.8,23.13,Low,Clouds,No Rain,0,0,1,0,0,1,Heavy Commercial Activity,High,45
2026-05-09 07:08:35,Check Point to Bongo Square,4.36,7,Saturday,5,9.58,27.28,Low,Clouds,No Rain,0,0,1,0,0,1,Heavy Commercial Activity,High,45
2026-05-09 07:08:35,Check Point to Muea,3.12,7,Saturday,5,7.37,25.43,Low,Clouds,No Rain,0,0,1,0,0,1,Heavy Commercial Activity,High,45
2026-05-09 07:08:35,Great Soppo to Small Soppo,1.54,7,Saturday,5,6.0,15.45,Low,Clouds,No Rain,0,0,1,0,0,1,Heavy Commercial Activity,High,45
2026-05-09 07:08:35,Great Soppo to Bongo Square,2.12,7,Saturday,5,5.83,21.85,Low,Clouds,No Rain,0,0,1,0,0,1,Heavy Commercial Activity,High,45
2026-05-09 07:08:35,Great Soppo to Buea Town,0.89,7,Saturday,5,3.33,16.0,Low,Clouds,No Rain,0,0,1,0,0,1,Heavy Commercial Activity,High,45
2026-05-09 07:08:35,Great Soppo to Muea,0.89,7,Saturday,5,3.33,16.0,Low,Clouds,No Rain,0,0,1,0,0,1,Heavy Commercial Activity,High,45
2026-05-09 07:08:35,Small Soppo to Bongo Square,1.07,7,Saturday,5,3.67,17.48,Low,Clouds,No Rain,0,0,1,0,0,1,Heavy Commercial Activity,High,45
2026-05-09 07:08:35,Small Soppo to Buea Town,0.52,7,Saturday,5,2.67,11.59,Low,Clouds,No Rain,0,0,1,0,0,1,Heavy Commercial Activity,High,45
2026-05-09 07:08:35,Small Soppo to Muea,0.52,7,Saturday,5,2.67,11.59,Low,Clouds,No Rain,0,0,1,0,0,1,Heavy Commercial Activity,High,45
2026-05-09 07:08:35,Bongo Square to Buea Town,1.24,7,Saturday,5,1.97,37.68,Low,Clouds,No Rain,0,0,1,0,0,1,Heavy Commercial Activity,High,45
2026-05-09 07:08:35,Bongo Square to Muea,1.24,7,Saturday,5,1.97,37.68,Low,Clouds,No Rain,0,0,1,0,0,1,Heavy Commercial Activity,High,45
2026-05-09 07:08:35,Bokwango to Molyko,6.15,7,Saturday,5,22.25,16.59,Low,Clouds,No Rain,0,0,1,0,0,1,Heavy Commercial Activity,High,45
2026-05-09 07:08:35,Bokwango to Check Point,5.26,7,Saturday,5,19.85,15.91,Low,Clouds,No Rain,0,0,1,0,0,1,Heavy Commercial Activity,High,45
2026-05-09 07:08:35,Bokwango to Buea Town,8.38,7,Saturday,5,27.27,18.45,Low,Clouds,No Rain,0,0,1,0,0,1,Heavy Commercial Activity,High,45
2026-05-09 07:08:35,Bokwango to Great Soppo,9.27,7,Saturday,5,30.6,18.18,Low,Clouds,No Rain,0,0,1,0,0,1,Heavy Commercial Activity,High,45
2026-05-09 07:08:35,Muea to Great Soppo,0.89,7,Saturday,5,3.33,16.0,Low,Clouds,No Rain,0,0,1,0,0,1,Heavy Commercial Activity,High,45
2026-05-09 07:08:35,Muea to Molyko,2.92,7,Saturday,5,9.1,19.24,Low,Clouds,No Rain,0,0,1,0,0,1,Heavy Commercial Activity,High,45
2026-05-09 07:08:35,Muea to Check Point,3.12,7,Saturday,5,6.73,27.82,Low,Clouds,No Rain,0,0,1,0,0,1,Heavy Commercial Activity,High,45
2026-05-09 07:08:35,Muea to Buea Town,0.0,7,Saturday,5,0.0,0,Low,Clouds,No Rain,0,0,1,0,0,1,Heavy Commercial Activity,High,45
2026-05-09 07:08:35,Muea to Bonduma,2.06,7,Saturday,5,5.17,23.93,Low,Clouds,No Rain,0,0,1,0,0,1,Heavy Commercial Activity,High,45
2026-05-09 07:08:35,Muea to Malingo,5.14,7,Saturday,5,13.23,23.32,Low,Clouds,No Rain,0,0,1,0,0,1,Heavy Commercial Activity,High,45
2026-05-09 07:08:35,Clerks Quarters to Governor Junction,1.33,7,Saturday,5,2.3,34.75,Low,Clouds,No Rain,0,0,1,0,0,1,Heavy Commercial Activity,High,45
2026-05-09 07:08:35,Governor Junction to Long Street,0.0,7,Saturday,5,0.0,0,Low,Clouds,No Rain,0,0,1,0,0,1,Heavy Commercial Activity,High,45
2026-05-09 07:08:35,Long Street to Bongo Square,1.24,7,Saturday,5,2.07,35.85,Low,Clouds,No Rain,0,0,1,0,0,1,Heavy Commercial Activity,High,45
2026-05-09 07:08:35,Governor Junction to Buea Town,0.0,7,Saturday,5,0.0,0,Low,Clouds,No Rain,0,0,1,0,0,1,Heavy Commercial Activity,High,45
2026-05-09 07:08:35,Molyko to UB Junction,6.39,7,Saturday,5,18.27,20.98,Low,Clouds,No Rain,0,0,1,0,0,1,Heavy Commercial Activity,High,45
2026-05-09 07:08:35,UB Junction to Bonduma,3.88,7,Saturday,5,12.95,18.0,Low,Clouds,No Rain,0,0,1,0,0,1,Heavy Commercial Activity,High,45
2026-05-09 07:08:35,Check Point to Molyko,4.17,7,Saturday,5,11.27,22.22,Low,Clouds,No Rain,0,0,1,0,0,1,Heavy Commercial Activity,High,45
2026-05-09 07:08:35,Great Soppo to Check Point,4.01,7,Saturday,5,10.57,22.78,Low,Clouds,No Rain,0,0,1,0,0,1,Heavy Commercial Activity,High,45
2026-05-09 07:08:35,Malingo to Bonduma,3.75,7,Saturday,5,11.67,19.3,Low,Clouds,No Rain,0,0,1,0,0,1,Heavy Commercial Activity,High,45
2026-05-09 07:08:35,Buea Town to Malingo,5.14,7,Saturday,5,13.23,23.32,Low,Clouds,No Rain,0,0,1,0,0,1,Heavy Commercial Activity,High,45
2026-05-09 07:08:35,Buea Town to Muea,0.0,7,Saturday,5,0.0,0,Low,Clouds,No Rain,0,0,1,0,0,1,Heavy Commercial Activity,High,45
2026-05-09 07:18:35,Bonduma Gate to Mile 17,3.81,7,Saturday,5,9.5,24.08,Low,Clouds,No Rain,0,0,1,0,0,1,Heavy Commercial Activity,High,45
2026-05-09 07:18:35,Bonduma to UB Junction,3.95,7,Saturday,5,12.97,18.26,Low,Clouds,No Rain,0,0,1,0,0,1,Heavy Commercial Activity,High,45
2026-05-09 07:18:35,Bonduma to Molyko,3.11,7,Saturday,5,9.88,18.89,Low,Clouds,No Rain,0,0,1,0,0,1,Heavy Commercial Activity,High,45
2026-05-09 07:18:35,Bonduma to Check Point,1.73,7,Saturday,5,5.0,20.77,Low,Clouds,No Rain,0,0,1,0,0,1,Heavy Commercial Activity,High,45
2026-05-09 07:18:35,Bonduma to Muea,2.06,7,Saturday,5,5.95,20.78,Low,Clouds,No Rain,0,0,1,0,0,1,Heavy Commercial Activity,High,45
2026-05-09 07:18:35,Bonduma to Great Soppo,2.95,7,Saturday,5,9.28,19.07,Low,Clouds,No Rain,0,0,1,0,0,1,Heavy Commercial Activity,High,45
2026-05-09 07:18:35,Bonduma to Buea Town,2.06,7,Saturday,5,5.95,20.78,Low,Clouds,No Rain,0,0,1,0,0,1,Heavy Commercial Activity,High,45
2026-05-09 07:18:35,Mile 16 to Mile 17,4.4,7,Saturday,5,10.43,25.32,Low,Clouds,No Rain,0,0,1,0,0,1,Heavy Commercial Activity,High,45
2026-05-09 07:18:35,Mile 17 to Malingo,1.54,7,Saturday,5,4.8,19.29,Low,Clouds,No Rain,0,0,1,0,0,1,Heavy Commercial Activity,High,45
2026-05-09 07:18:35,Mile 17 to UB Junction,2.05,7,Saturday,5,7.93,15.53,Low,Clouds,No Rain,0,0,1,0,0,1,Heavy Commercial Activity,High,45
2026-05-09 07:18:35,Mile 17 to Check Point,2.47,7,Saturday,5,8.78,16.89,Low,Clouds,No Rain,0,0,1,0,0,1,Heavy Commercial Activity,High,45
2026-05-09 07:18:35,Mile 17 to Muea,5.59,7,Saturday,5,16.2,20.72,Low,Clouds,No Rain,0,0,1,0,0,1,Heavy Commercial Activity,High,45
2026-05-09 07:18:35,Mile 17 to Great Soppo,6.48,7,Saturday,5,19.53,19.91,Low,Clouds,No Rain,0,0,1,0,0,1,Heavy Commercial Activity,High,45
2026-05-09 07:18:35,Malingo to UB Junction,3.47,7,Saturday,5,12.22,17.04,Low,Clouds,No Rain,0,0,1,0,0,1,Heavy Commercial Activity,High,45
2026-05-09 07:18:35,Malingo to Check Point,2.02,7,Saturday,5,6.4,18.96,Low,Clouds,No Rain,0,0,1,0,0,1,Heavy Commercial Activity,High,45
2026-05-09 07:18:35,Malingo to Molyko,6.19,7,Saturday,5,17.62,21.1,Low,Clouds,No Rain,0,0,1,0,0,1,Heavy Commercial Activity,High,45
2026-05-09 07:18:35,Malingo to Muea,5.14,7,Saturday,5,14.4,21.43,Low,Clouds,No Rain,0,0,1,0,0,1,Heavy Commercial Activity,High,45
2026-05-09 07:18:35,Malingo to Buea Town,5.14,7,Saturday,5,14.4,21.43,Low,Clouds,No Rain,0,0,1,0,0,1,Heavy Commercial Activity,High,45
2026-05-09 07:18:35,UB Junction to Molyko,6.33,7,Saturday,5,18.9,20.08,Low,Clouds,No Rain,0,0,1,0,0,1,Heavy Commercial Activity,High,45
2026-05-09 07:18:35,UB Junction to Check Point,2.15,7,Saturday,5,8.5,15.21,Low,Clouds,No Rain,0,0,1,0,0,1,Heavy Commercial Activity,High,45
2026-05-09 07:18:35,UB Junction to Great Soppo,6.17,7,Saturday,5,19.25,19.22,Low,Clouds,No Rain,0,0,1,0,0,1,Heavy Commercial Activity,High,45
2026-05-09 07:18:35,UB Junction to Buea Town,5.28,7,Saturday,5,15.92,19.89,Low,Clouds,No Rain,0,0,1,0,0,1,Heavy Commercial Activity,High,45
2026-05-09 07:18:35,UB Junction to Muea,5.28,7,Saturday,5,15.92,19.89,Low,Clouds,No Rain,0,0,1,0,0,1,Heavy Commercial Activity,High,45
2026-05-09 07:18:35,Molyko to Check Point,4.17,7,Saturday,5,11.27,22.22,Low,Clouds,No Rain,0,0,1,0,0,1,Heavy Commercial Activity,High,45
2026-05-09 07:18:35,Molyko to Great Soppo,2.03,7,Saturday,5,5.9,20.63,Low,Clouds,No Rain,0,0,1,0,0,1,Heavy Commercial Activity,High,45
2026-05-09 07:18:35,Molyko to Small Soppo,3.57,7,Saturday,5,12.37,17.34,Low,Clouds,No Rain,0,0,1,0,0,1,Heavy Commercial Activity,High,45
2026-05-09 07:18:35,Molyko to Bongo Square,4.15,7,Saturday,5,12.2,20.42,Low,Clouds,No Rain,0,0,1,0,0,1,Heavy Commercial Activity,High,45
2026-05-09 07:18:35,Molyko to Buea Town,2.92,7,Saturday,5,9.23,18.96,Low,Clouds,No Rain,0,0,1,0,0,1,Heavy Commercial Activity,High,45
2026-05-09 07:18:35,Molyko to Muea,2.92,7,Saturday,5,9.23,18.96,Low,Clouds,No Rain,0,0,1,0,0,1,Heavy Commercial Activity,High,45
2026-05-09 07:18:35,Molyko to Bokwango,6.15,7,Saturday,5,22.27,16.58,Low,Clouds,No Rain,0,0,1,0,0,1,Heavy Commercial Activity,High,45
2026-05-09 07:18:35,Check Point to Buea Town,3.12,7,Saturday,5,7.38,25.37,Low,Clouds,No Rain,0,0,1,0,0,1,Heavy Commercial Activity,High,45
2026-05-09 07:18:35,Check Point to Great Soppo,4.01,7,Saturday,5,10.73,22.42,Low,Clouds,No Rain,0,0,1,0,0,1,Heavy Commercial Activity,High,45
2026-05-09 07:18:35,Check Point to Small Soppo,3.78,7,Saturday,5,9.82,23.09,Low,Clouds,No Rain,0,0,1,0,0,1,Heavy Commercial Activity,High,45
2026-05-09 07:18:35,Check Point to Bongo Square,4.36,7,Saturday,5,9.58,27.28,Low,Clouds,No Rain,0,0,1,0,0,1,Heavy Commercial Activity,High,45
2026-05-09 07:18:35,Check Point to Muea,3.12,7,Saturday,5,7.4,25.31,Low,Clouds,No Rain,0,0,1,0,0,1,Heavy Commercial Activity,High,45
2026-05-09 07:18:35,Great Soppo to Small Soppo,1.54,7,Saturday,5,6.02,15.41,Low,Clouds,No Rain,0,0,1,0,0,1,Heavy Commercial Activity,High,45
2026-05-09 07:18:35,Great Soppo to Bongo Square,2.12,7,Saturday,5,5.88,21.66,Low,Clouds,No Rain,0,0,1,0,0,1,Heavy Commercial Activity,High,45
2026-05-09 07:18:35,Great Soppo to Buea Town,0.89,7,Saturday,5,3.33,16.0,Low,Clouds,No Rain,0,0,1,0,0,1,Heavy Commercial Activity,High,45
2026-05-09 07:18:35,Great Soppo to Muea,0.89,7,Saturday,5,3.33,16.0,Low,Clouds,No Rain,0,0,1,0,0,1,Heavy Commercial Activity,High,45
2026-05-09 07:18:35,Small Soppo to Bongo Square,1.07,7,Saturday,5,3.77,17.01,Low,Clouds,No Rain,0,0,1,0,0,1,Heavy Commercial Activity,High,45
2026-05-09 07:18:35,Small Soppo to Buea Town,0.52,7,Saturday,5,2.68,11.52,Low,Clouds,No Rain,0,0,1,0,0,1,Heavy Commercial Activity,High,45
2026-05-09 07:18:35,Small Soppo to Muea,0.52,7,Saturday,5,2.68,11.52,Low,Clouds,No Rain,0,0,1,0,0,1,Heavy Commercial Activity,High,45
2026-05-09 07:18:35,Bongo Square to Buea Town,1.24,7,Saturday,5,1.98,37.36,Low,Clouds,No Rain,0,0,1,0,0,1,Heavy Commercial Activity,High,45
2026-05-09 07:18:35,Bongo Square to Muea,1.24,7,Saturday,5,1.98,37.36,Low,Clouds,No Rain,0,0,1,0,0,1,Heavy Commercial Activity,High,45
2026-05-09 07:18:35,Bokwango to Molyko,6.15,7,Saturday,5,22.32,16.54,Low,Clouds,No Rain,0,0,1,0,0,1,Heavy Commercial Activity,High,45
2026-05-09 07:18:35,Bokwango to Check Point,5.26,7,Saturday,5,20.13,15.68,Low,Clouds,No Rain,0,0,1,0,0,1,Heavy Commercial Activity,High,45
2026-05-09 07:18:35,Bokwango to Buea Town,8.38,7,Saturday,5,27.65,18.2,Low,Clouds,No Rain,0,0,1,0,0,1,Heavy Commercial Activity,High,45
2026-05-09 07:18:35,Bokwango to Great Soppo,9.27,7,Saturday,5,30.98,17.96,Low,Clouds,No Rain,0,0,1,0,0,1,Heavy Commercial Activity,High,45
2026-05-09 07:18:35,Muea to Great Soppo,0.89,7,Saturday,5,3.33,16.0,Low,Clouds,No Rain,0,0,1,0,0,1,Heavy Commercial Activity,High,45
2026-05-09 07:18:35,Muea to Molyko,2.92,7,Saturday,5,9.1,19.24,Low,Clouds,No Rain,0,0,1,0,0,1,Heavy Commercial Activity,High,45
2026-05-09 07:18:35,Muea to Check Point,3.12,7,Saturday,5,6.77,27.68,Low,Clouds,No Rain,0,0,1,0,0,1,Heavy Commercial Activity,High,45
2026-05-09 07:18:35,Muea to Buea Town,0.0,7,Saturday,5,0.0,0,Low,Clouds,No Rain,0,0,1,0,0,1,Heavy Commercial Activity,High,45
2026-05-09 07:18:35,Muea to Bonduma,2.06,7,Saturday,5,5.23,23.63,Low,Clouds,No Rain,0,0,1,0,0,1,Heavy Commercial Activity,High,45
2026-05-09 07:18:35,Muea to Malingo,5.14,7,Saturday,5,13.38,23.06,Low,Clouds,No Rain,0,0,1,0,0,1,Heavy Commercial Activity,High,45
2026-05-09 07:18:35,Clerks Quarters to Governor Junction,1.33,7,Saturday,5,2.3,34.75,Low,Clouds,No Rain,0,0,1,0,0,1,Heavy Commercial Activity,High,45
2026-05-09 07:18:35,Governor Junction to Long Street,0.0,7,Saturday,5,0.0,0,Low,Clouds,No Rain,0,0,1,0,0,1,Heavy Commercial Activity,High,45
2026-05-09 07:18:35,Long Street to Bongo Square,1.24,7,Saturday,5,2.2,33.68,Low,Clouds,No Rain,0,0,1,0,0,1,Heavy Commercial Activity,High,45
2026-05-09 07:18:35,Governor Junction to Buea Town,0.0,7,Saturday,5,0.0,0,Low,Clouds,No Rain,0,0,1,0,0,1,Heavy Commercial Activity,High,45
2026-05-09 07:18:35,Molyko to UB Junction,6.39,7,Saturday,5,18.43,20.79,Low,Clouds,No Rain,0,0,1,0,0,1,Heavy Commercial Activity,High,45
2026-05-09 07:18:35,UB Junction to Bonduma,3.88,7,Saturday,5,13.45,17.33,Low,Clouds,No Rain,0,0,1,0,0,1,Heavy Commercial Activity,High,45
2026-05-09 07:18:35,Check Point to Molyko,4.17,7,Saturday,5,11.3,22.15,Low,Clouds,No Rain,0,0,1,0,0,1,Heavy Commercial Activity,High,45
2026-05-09 07:18:35,Great Soppo to Check Point,4.01,7,Saturday,5,10.57,22.78,Low,Clouds,No Rain,0,0,1,0,0,1,Heavy Commercial Activity,High,45
2026-05-09 07:18:35,Malingo to Bonduma,3.75,7,Saturday,5,11.95,18.84,Low,Clouds,No Rain,0,0,1,0,0,1,Heavy Commercial Activity,High,45
2026-05-09 07:18:35,Buea Town to Malingo,5.14,7,Saturday,5,13.38,23.06,Low,Clouds,No Rain,0,0,1,0,0,1,Heavy Commercial Activity,High,45
2026-05-09 07:18:35,Buea Town to Muea,0.0,7,Saturday,5,0.0,0,Low,Clouds,No Rain,0,0,1,0,0,1,Heavy Commercial Activity,High,45
2026-05-09 07:28:35,Bonduma Gate to Mile 17,3.81,7,Saturday,5,9.77,23.42,Low,Clouds,No Rain,0,0,1,0,0,1,Heavy Commercial Activity,High,45
2026-05-09 07:28:35,Bonduma to UB Junction,3.95,7,Saturday,5,13.07,18.12,Low,Clouds,No Rain,0,0,1,0,0,1,Heavy Commercial Activity,High,45
2026-05-09 07:28:35,Bonduma to Molyko,3.11,7,Saturday,5,9.88,18.89,Low,Clouds,No Rain,0,0,1,0,0,1,Heavy Commercial Activity,High,45
2026-05-09 07:28:35,Bonduma to Check Point,1.73,7,Saturday,5,4.97,20.91,Low,Clouds,No Rain,0,0,1,0,0,1,Heavy Commercial Activity,High,45
2026-05-09 07:28:35,Bonduma to Muea,2.06,7,Saturday,5,5.98,20.67,Low,Clouds,No Rain,0,0,1,0,0,1,Heavy Commercial Activity,High,45
2026-05-09 07:28:35,Bonduma to Great Soppo,2.95,7,Saturday,5,9.32,19.0,Low,Clouds,No Rain,0,0,1,0,0,1,Heavy Commercial Activity,High,45
2026-05-09 07:28:35,Bonduma to Buea Town,2.06,7,Saturday,5,5.98,20.67,Low,Clouds,No Rain,0,0,1,0,0,1,Heavy Commercial Activity,High,45
2026-05-09 07:28:35,Mile 16 to Mile 17,4.4,7,Saturday,5,10.7,24.68,Low,Clouds,No Rain,0,0,1,0,0,1,Heavy Commercial Activity,High,45
2026-05-09 07:28:35,Mile 17 to Malingo,1.54,7,Saturday,5,4.75,19.49,Low,Clouds,No Rain,0,0,1,0,0,1,Heavy Commercial Activity,High,45
2026-05-09 07:28:35,Mile 17 to UB Junction,2.05,7,Saturday,5,7.98,15.43,Low,Clouds,No Rain,0,0,1,0,0,1,Heavy Commercial Activity,High,45
2026-05-09 07:28:35,Mile 17 to Check Point,2.47,7,Saturday,5,9.07,16.36,Low,Clouds,No Rain,0,0,1,0,0,1,Heavy Commercial Activity,High,45
2026-05-09 07:28:35,Mile 17 to Muea,5.59,7,Saturday,5,16.53,20.3,Low,Clouds,No Rain,0,0,1,0,0,1,Heavy Commercial Activity,High,45
2026-05-09 07:28:35,Mile 17 to Great Soppo,6.48,7,Saturday,5,19.87,19.58,Low,Clouds,No Rain,0,0,1,0,0,1,Heavy Commercial Activity,High,45
2026-05-09 07:28:35,Malingo to UB Junction,3.47,7,Saturday,5,12.4,16.79,Low,Clouds,No Rain,0,0,1,0,0,1,Heavy Commercial Activity,High,45
2026-05-09 07:28:35,Malingo to Check Point,2.02,7,Saturday,5,6.7,18.11,Low,Clouds,No Rain,0,0,1,0,0,1,Heavy Commercial Activity,High,45
2026-05-09 07:28:35,Malingo to Molyko,6.19,7,Saturday,5,18.0,20.65,Low,Clouds,No Rain,0,0,1,0,0,1,Heavy Commercial Activity,High,45
2026-05-09 07:28:35,Malingo to Muea,5.04,7,Saturday,5,14.47,20.92,Low,Clouds,No Rain,0,0,1,0,0,1,Heavy Commercial Activity,High,45
2026-05-09 07:28:35,Malingo to Buea Town,5.04,7,Saturday,5,14.47,20.92,Low,Clouds,No Rain,0,0,1,0,0,1,Heavy Commercial Activity,High,45
2026-05-09 07:28:35,UB Junction to Molyko,6.33,7,Saturday,5,19.17,19.8,Low,Clouds,No Rain,0,0,1,0,0,1,Heavy Commercial Activity,High,45
2026-05-09 07:28:35,UB Junction to Check Point,2.15,7,Saturday,5,8.72,14.83,Low,Clouds,No Rain,0,0,1,0,0,1,Heavy Commercial Activity,High,45
2026-05-09 07:28:35,UB Junction to Great Soppo,6.17,7,Saturday,5,19.53,18.94,Low,Clouds,No Rain,0,0,1,0,0,1,Heavy Commercial Activity,High,45
2026-05-09 07:28:35,UB Junction to Buea Town,5.28,7,Saturday,5,16.2,19.54,Low,Clouds,No Rain,0,0,1,0,0,1,Heavy Commercial Activity,High,45
2026-05-09 07:28:35,UB Junction to Muea,5.28,7,Saturday,5,16.2,19.54,Low,Clouds,No Rain,0,0,1,0,0,1,Heavy Commercial Activity,High,45
2026-05-09 07:28:35,Molyko to Check Point,4.17,7,Saturday,5,11.4,21.96,Low,Clouds,No Rain,0,0,1,0,0,1,Heavy Commercial Activity,High,45
2026-05-09 07:28:35,Molyko to Great Soppo,2.03,7,Saturday,5,5.9,20.63,Low,Clouds,No Rain,0,0,1,0,0,1,Heavy Commercial Activity,High,45
2026-05-09 07:28:35,Molyko to Small Soppo,3.57,7,Saturday,5,12.42,17.27,Low,Clouds,No Rain,0,0,1,0,0,1,Heavy Commercial Activity,High,45
2026-05-09 07:28:35,Molyko to Bongo Square,4.15,7,Saturday,5,12.2,20.42,Low,Clouds,No Rain,0,0,1,0,0,1,Heavy Commercial Activity,High,45
2026-05-09 07:28:35,Molyko to Buea Town,2.92,7,Saturday,5,9.23,18.96,Low,Clouds,No Rain,0,0,1,0,0,1,Heavy Commercial Activity,High,45
2026-05-09 07:28:35,Molyko to Muea,2.92,7,Saturday,5,9.23,18.96,Low,Clouds,No Rain,0,0,1,0,0,1,Heavy Commercial Activity,High,45
2026-05-09 07:28:35,Molyko to Bokwango,6.15,7,Saturday,5,22.25,16.59,Low,Clouds,No Rain,0,0,1,0,0,1,Heavy Commercial Activity,High,45
2026-05-09 07:28:35,Check Point to Buea Town,3.12,7,Saturday,5,7.45,25.14,Low,Clouds,No Rain,0,0,1,0,0,1,Heavy Commercial Activity,High,45
2026-05-09 07:28:35,Check Point to Great Soppo,4.01,7,Saturday,5,10.78,22.32,Low,Clouds,No Rain,0,0,1,0,0,1,Heavy Commercial Activity,High,45
2026-05-09 07:28:35,Check Point to Small Soppo,3.78,7,Saturday,5,9.87,22.97,Low,Clouds,No Rain,0,0,1,0,0,1,Heavy Commercial Activity,High,45
2026-05-09 07:28:35,Check Point to Bongo Square,4.36,7,Saturday,5,9.58,27.28,Low,Clouds,No Rain,0,0,1,0,0,1,Heavy Commercial Activity,High,45
2026-05-09 07:28:35,Check Point to Muea,3.12,7,Saturday,5,7.45,25.14,Low,Clouds,No Rain,0,0,1,0,0,1,Heavy Commercial Activity,High,45
2026-05-09 07:28:35,Great Soppo to Small Soppo,1.54,7,Saturday,5,6.07,15.28,Low,Clouds,No Rain,0,0,1,0,0,1,Heavy Commercial Activity,High,45
2026-05-09 07:28:35,Great Soppo to Bongo Square,2.12,7,Saturday,5,5.85,21.78,Low,Clouds,No Rain,0,0,1,0,0,1,Heavy Commercial Activity,High,45
2026-05-09 07:28:35,Great Soppo to Buea Town,0.89,7,Saturday,5,3.33,16.0,Low,Clouds,No Rain,0,0,1,0,0,1,Heavy Commercial Activity,High,45
2026-05-09 07:28:35,Great Soppo to Muea,0.89,7,Saturday,5,3.33,16.0,Low,Clouds,No Rain,0,0,1,0,0,1,Heavy Commercial Activity,High,45
2026-05-09 07:28:35,Small Soppo to Bongo Square,1.07,7,Saturday,5,3.75,17.09,Low,Clouds,No Rain,0,0,1,0,0,1,Heavy Commercial Activity,High,45
2026-05-09 07:28:35,Small Soppo to Buea Town,0.52,7,Saturday,5,2.7,11.44,Low,Clouds,No Rain,0,0,1,0,0,1,Heavy Commercial Activity,High,45
2026-05-09 07:28:35,Small Soppo to Muea,0.52,7,Saturday,5,2.7,11.44,Low,Clouds,No Rain,0,0,1,0,0,1,Heavy Commercial Activity,High,45
2026-05-09 07:28:35,Bongo Square to Buea Town,1.24,7,Saturday,5,1.97,37.68,Low,Clouds,No Rain,0,0,1,0,0,1,Heavy Commercial Activity,High,45
2026-05-09 07:28:35,Bongo Square to Muea,1.24,7,Saturday,5,1.97,37.68,Low,Clouds,No Rain,0,0,1,0,0,1,Heavy Commercial Activity,High,45
2026-05-09 07:28:35,Bokwango to Molyko,6.15,7,Saturday,5,22.42,16.47,Low,Clouds,No Rain,0,0,1,0,0,1,Heavy Commercial Activity,High,45
2026-05-09 07:28:35,Bokwango to Check Point,5.26,7,Saturday,5,19.67,16.06,Low,Clouds,No Rain,0,0,1,0,0,1,Heavy Commercial Activity,High,45
2026-05-09 07:28:35,Bokwango to Buea Town,8.38,7,Saturday,5,27.33,18.41,Low,Clouds,No Rain,0,0,1,0,0,1,Heavy Commercial Activity,High,45
2026-05-09 07:28:35,Bokwango to Great Soppo,9.27,7,Saturday,5,30.68,18.13,Low,Clouds,No Rain,0,0,1,0,0,1,Heavy Commercial Activity,High,45
2026-05-09 07:28:35,Muea to Great Soppo,0.89,7,Saturday,5,3.33,16.0,Low,Clouds,No Rain,0,0,1,0,0,1,Heavy Commercial Activity,High,45
2026-05-09 07:28:35,Muea to Molyko,2.92,7,Saturday,5,9.1,19.24,Low,Clouds,No Rain,0,0,1,0,0,1,Heavy Commercial Activity,High,45
2026-05-09 07:28:35,Muea to Check Point,3.12,7,Saturday,5,6.8,27.55,Low,Clouds,No Rain,0,0,1,0,0,1,Heavy Commercial Activity,High,45
2026-05-09 07:28:35,Muea to Buea Town,0.0,7,Saturday,5,0.0,0,Low,Clouds,No Rain,0,0,1,0,0,1,Heavy Commercial Activity,High,45
2026-05-09 07:28:35,Muea to Bonduma,2.06,7,Saturday,5,5.28,23.41,Low,Clouds,No Rain,0,0,1,0,0,1,Heavy Commercial Activity,High,45
2026-05-09 07:28:35,Muea to Malingo,5.14,7,Saturday,5,13.48,22.89,Low,Clouds,No Rain,0,0,1,0,0,1,Heavy Commercial Activity,High,45
2026-05-09 07:28:35,Clerks Quarters to Governor Junction,1.33,7,Saturday,5,2.3,34.75,Low,Clouds,No Rain,0,0,1,0,0,1,Heavy Commercial Activity,High,45
2026-05-09 07:28:35,Governor Junction to Long Street,0.0,7,Saturday,5,0.0,0,Low,Clouds,No Rain,0,0,1,0,0,1,Heavy Commercial Activity,High,45
2026-05-09 07:28:35,Long Street to Bongo Square,1.24,7,Saturday,5,2.18,33.94,Low,Clouds,No Rain,0,0,1,0,0,1,Heavy Commercial Activity,High,45
2026-05-09 07:28:35,Governor Junction to Buea Town,0.0,7,Saturday,5,0.0,0,Low,Clouds,No Rain,0,0,1,0,0,1,Heavy Commercial Activity,High,45
2026-05-09 07:28:35,Molyko to UB Junction,6.39,7,Saturday,5,18.5,20.71,Low,Clouds,No Rain,0,0,1,0,0,1,Heavy Commercial Activity,High,45
2026-05-09 07:28:35,UB Junction to Bonduma,3.88,7,Saturday,5,13.72,16.99,Low,Clouds,No Rain,0,0,1,0,0,1,Heavy Commercial Activity,High,45
2026-05-09 07:28:35,Check Point to Molyko,4.17,7,Saturday,5,11.4,21.96,Low,Clouds,No Rain,0,0,1,0,0,1,Heavy Commercial Activity,High,45
2026-05-09 07:28:35,Great Soppo to Check Point,4.01,7,Saturday,5,10.63,22.63,Low,Clouds,No Rain,0,0,1,0,0,1,Heavy Commercial Activity,High,45
2026-05-09 07:28:35,Malingo to Bonduma,3.65,7,Saturday,5,12.1,18.12,Low,Clouds,No Rain,0,0,1,0,0,1,Heavy Commercial Activity,High,45
2026-05-09 07:28:35,Buea Town to Malingo,5.14,7,Saturday,5,13.52,22.83,Low,Clouds,No Rain,0,0,1,0,0,1,Heavy Commercial Activity,High,45
2026-05-09 07:28:35,Buea Town to Muea,0.0,7,Saturday,5,0.0,0,Low,Clouds,No Rain,0,0,1,0,0,1,Heavy Commercial Activity,High,45
2026-05-09 07:38:35,Bonduma Gate to Mile 17,3.81,7,Saturday,5,9.82,23.31,Low,Clouds,No Rain,0,0,1,0,0,1,Heavy Commercial Activity,High,45
2026-05-09 07:38:35,Bonduma to UB Junction,3.95,7,Saturday,5,13.05,18.14,Low,Clouds,No Rain,0,0,1,0,0,1,Heavy Commercial Activity,High,45
2026-05-09 07:38:35,Bonduma to Molyko,3.11,7,Saturday,5,9.88,18.89,Low,Clouds,No Rain,0,0,1,0,0,1,Heavy Commercial Activity,High,45
2026-05-09 07:38:35,Bonduma to Check Point,1.73,7,Saturday,5,4.95,20.98,Low,Clouds,No Rain,0,0,1,0,0,1,Heavy Commercial Activity,High,45
2026-05-09 07:38:35,Bonduma to Muea,2.06,7,Saturday,5,6.0,20.61,Low,Clouds,No Rain,0,0,1,0,0,1,Heavy Commercial Activity,High,45
2026-05-09 07:38:35,Bonduma to Great Soppo,2.95,7,Saturday,5,9.33,18.96,Low,Clouds,No Rain,0,0,1,0,0,1,Heavy Commercial Activity,High,45
2026-05-09 07:38:35,Bonduma to Buea Town,2.06,7,Saturday,5,6.0,20.61,Low,Clouds,No Rain,0,0,1,0,0,1,Heavy Commercial Activity,High,45
2026-05-09 07:38:35,Mile 16 to Mile 17,4.4,7,Saturday,5,10.78,24.49,Low,Clouds,No Rain,0,0,1,0,0,1,Heavy Commercial Activity,High,45
2026-05-09 07:38:35,Mile 17 to Malingo,1.54,7,Saturday,5,4.9,18.89,Low,Clouds,No Rain,0,0,1,0,0,1,Heavy Commercial Activity,High,45
2026-05-09 07:38:35,Mile 17 to UB Junction,2.05,7,Saturday,5,7.65,16.1,Low,Clouds,No Rain,0,0,1,0,0,1,Heavy Commercial Activity,High,45
2026-05-09 07:38:35,Mile 17 to Check Point,2.47,7,Saturday,5,8.72,17.02,Low,Clouds,No Rain,0,0,1,0,0,1,Heavy Commercial Activity,High,45
2026-05-09 07:38:35,Mile 17 to Muea,5.59,7,Saturday,5,16.3,20.59,Low,Clouds,No Rain,0,0,1,0,0,1,Heavy Commercial Activity,High,45
2026-05-09 07:38:35,Mile 17 to Great Soppo,6.48,7,Saturday,5,19.65,19.8,Low,Clouds,No Rain,0,0,1,0,0,1,Heavy Commercial Activity,High,45
2026-05-09 07:38:35,Malingo to UB Junction,3.47,7,Saturday,5,11.85,17.56,Low,Clouds,No Rain,0,0,1,0,0,1,Heavy Commercial Activity,High,45
2026-05-09 07:38:35,Malingo to Check Point,2.02,7,Saturday,5,6.8,17.84,Low,Clouds,No Rain,0,0,1,0,0,1,Heavy Commercial Activity,High,45
2026-05-09 07:38:35,Malingo to Molyko,6.19,7,Saturday,5,18.18,20.44,Low,Clouds,No Rain,0,0,1,0,0,1,Heavy Commercial Activity,High,45
2026-05-09 07:38:35,Malingo to Muea,5.04,7,Saturday,5,14.52,20.85,Low,Clouds,No Rain,0,0,1,0,0,1,Heavy Commercial Activity,High,45
2026-05-09 07:38:35,Malingo to Buea Town,5.04,7,Saturday,5,14.52,20.85,Low,Clouds,No Rain,0,0,1,0,0,1,Heavy Commercial Activity,High,45
2026-05-09 07:38:35,UB Junction to Molyko,6.33,7,Saturday,5,19.18,19.79,Low,Clouds,No Rain,0,0,1,0,0,1,Heavy Commercial Activity,High,45
2026-05-09 07:38:35,UB Junction to Check Point,2.15,7,Saturday,5,8.73,14.81,Low,Clouds,No Rain,0,0,1,0,0,1,Heavy Commercial Activity,High,45
2026-05-09 07:38:35,UB Junction to Great Soppo,6.17,7,Saturday,5,19.65,18.82,Low,Clouds,No Rain,0,0,1,0,0,1,Heavy Commercial Activity,High,45
2026-05-09 07:38:35,UB Junction to Buea Town,5.28,7,Saturday,5,16.3,19.42,Low,Clouds,No Rain,0,0,1,0,0,1,Heavy Commercial Activity,High,45
2026-05-09 07:38:35,UB Junction to Muea,5.28,7,Saturday,5,16.3,19.42,Low,Clouds,No Rain,0,0,1,0,0,1,Heavy Commercial Activity,High,45
2026-05-09 07:38:35,Molyko to Check Point,4.17,7,Saturday,5,11.42,21.93,Low,Clouds,No Rain,0,0,1,0,0,1,Heavy Commercial Activity,High,45
2026-05-09 07:38:35,Molyko to Great Soppo,2.03,7,Saturday,5,5.9,20.63,Low,Clouds,No Rain,0,0,1,0,0,1,Heavy Commercial Activity,High,45
2026-05-09 07:38:35,Molyko to Small Soppo,3.57,7,Saturday,5,12.4,17.29,Low,Clouds,No Rain,0,0,1,0,0,1,Heavy Commercial Activity,High,45
2026-05-09 07:38:35,Molyko to Bongo Square,4.15,7,Saturday,5,12.13,20.54,Low,Clouds,No Rain,0,0,1,0,0,1,Heavy Commercial Activity,High,45
2026-05-09 07:38:35,Molyko to Buea Town,2.92,7,Saturday,5,9.23,18.96,Low,Clouds,No Rain,0,0,1,0,0,1,Heavy Commercial Activity,High,45
2026-05-09 07:38:35,Molyko to Muea,2.92,7,Saturday,5,9.23,18.96,Low,Clouds,No Rain,0,0,1,0,0,1,Heavy Commercial Activity,High,45
2026-05-09 07:38:35,Molyko to Bokwango,6.15,7,Saturday,5,22.25,16.59,Low,Clouds,No Rain,0,0,1,0,0,1,Heavy Commercial Activity,High,45
2026-05-09 07:38:35,Check Point to Buea Town,3.12,7,Saturday,5,7.48,25.03,Low,Clouds,No Rain,0,0,1,0,0,1,Heavy Commercial Activity,High,45
2026-05-09 07:38:35,Check Point to Great Soppo,4.01,7,Saturday,5,10.83,22.21,Low,Clouds,No Rain,0,0,1,0,0,1,Heavy Commercial Activity,High,45
2026-05-09 07:38:35,Check Point to Small Soppo,3.78,7,Saturday,5,9.93,22.82,Low,Clouds,No Rain,0,0,1,0,0,1,Heavy Commercial Activity,High,45
2026-05-09 07:38:35,Check Point to Bongo Square,4.36,7,Saturday,5,9.6,27.23,Low,Clouds,No Rain,0,0,1,0,0,1,Heavy Commercial Activity,High,45
2026-05-09 07:38:35,Check Point to Muea,3.12,7,Saturday,5,7.48,25.03,Low,Clouds,No Rain,0,0,1,0,0,1,Heavy Commercial Activity,High,45
2026-05-09 07:38:35,Great Soppo to Small Soppo,1.54,7,Saturday,5,6.07,15.28,Low,Clouds,No Rain,0,0,1,0,0,1,Heavy Commercial Activity,High,45
2026-05-09 07:38:35,Great Soppo to Bongo Square,2.12,7,Saturday,5,5.82,21.91,Low,Clouds,No Rain,0,0,1,0,0,1,Heavy Commercial Activity,High,45
2026-05-09 07:38:35,Great Soppo to Buea Town,0.89,7,Saturday,5,3.33,16.0,Low,Clouds,No Rain,0,0,1,0,0,1,Heavy Commercial Activity,High,45
2026-05-09 07:38:35,Great Soppo to Muea,0.89,7,Saturday,5,3.33,16.0,Low,Clouds,No Rain,0,0,1,0,0,1,Heavy Commercial Activity,High,45
2026-05-09 07:38:35,Small Soppo to Bongo Square,1.07,7,Saturday,5,3.7,17.32,Low,Clouds,No Rain,0,0,1,0,0,1,Heavy Commercial Activity,High,45
2026-05-09 07:38:35,Small Soppo to Buea Town,0.52,7,Saturday,5,2.73,11.3,Low,Clouds,No Rain,0,0,1,0,0,1,Heavy Commercial Activity,High,45
2026-05-09 07:38:35,Small Soppo to Muea,0.52,7,Saturday,5,2.73,11.3,Low,Clouds,No Rain,0,0,1,0,0,1,Heavy Commercial Activity,High,45
2026-05-09 07:38:35,Bongo Square to Buea Town,1.24,7,Saturday,5,1.97,37.68,Low,Clouds,No Rain,0,0,1,0,0,1,Heavy Commercial Activity,High,45
2026-05-09 07:38:35,Bongo Square to Muea,1.24,7,Saturday,5,1.97,37.68,Low,Clouds,No Rain,0,0,1,0,0,1,Heavy Commercial Activity,High,45
2026-05-09 07:38:35,Bokwango to Molyko,6.15,7,Saturday,5,22.42,16.47,Low,Clouds,No Rain,0,0,1,0,0,1,Heavy Commercial Activity,High,45
2026-05-09 07:38:35,Bokwango to Check Point,5.26,7,Saturday,5,19.43,16.25,Low,Clouds,No Rain,0,0,1,0,0,1,Heavy Commercial Activity,High,45
2026-05-09 07:38:35,Bokwango to Buea Town,8.38,7,Saturday,5,27.33,18.41,Low,Clouds,No Rain,0,0,1,0,0,1,Heavy Commercial Activity,High,45
2026-05-09 07:38:35,Bokwango to Great Soppo,9.27,7,Saturday,5,30.65,18.15,Low,Clouds,No Rain,0,0,1,0,0,1,Heavy Commercial Activity,High,45
2026-05-09 07:38:35,Muea to Great Soppo,0.89,7,Saturday,5,3.33,16.0,Low,Clouds,No Rain,0,0,1,0,0,1,Heavy Commercial Activity,High,45
2026-05-09 07:38:35,Muea to Molyko,2.92,7,Saturday,5,9.1,19.24,Low,Clouds,No Rain,0,0,1,0,0,1,Heavy Commercial Activity,High,45
2026-05-09 07:38:35,Muea to Check Point,3.12,7,Saturday,5,6.83,27.41,Low,Clouds,No Rain,0,0,1,0,0,1,Heavy Commercial Activity,High,45
2026-05-09 07:38:35,Muea to Buea Town,0.0,7,Saturday,5,0.0,0,Low,Clouds,No Rain,0,0,1,0,0,1,Heavy Commercial Activity,High,45
2026-05-09 07:38:35,Muea to Bonduma,2.06,7,Saturday,5,5.3,23.33,Low,Clouds,No Rain,0,0,1,0,0,1,Heavy Commercial Activity,High,45
2026-05-09 07:38:35,Muea to Malingo,5.14,7,Saturday,5,13.52,22.83,Low,Clouds,No Rain,0,0,1,0,0,1,Heavy Commercial Activity,High,45
2026-05-09 07:38:35,Clerks Quarters to Governor Junction,1.33,7,Saturday,5,2.28,35.0,Low,Clouds,No Rain,0,0,1,0,0,1,Heavy Commercial Activity,High,45
2026-05-09 07:38:35,Governor Junction to Long Street,0.0,7,Saturday,5,0.0,0,Low,Clouds,No Rain,0,0,1,0,0,1,Heavy Commercial Activity,High,45
2026-05-09 07:38:35,Long Street to Bongo Square,1.24,7,Saturday,5,2.15,34.47,Low,Clouds,No Rain,0,0,1,0,0,1,Heavy Commercial Activity,High,45
2026-05-09 07:38:35,Governor Junction to Buea Town,0.0,7,Saturday,5,0.0,0,Low,Clouds,No Rain,0,0,1,0,0,1,Heavy Commercial Activity,High,45
2026-05-09 07:38:35,Molyko to UB Junction,6.39,7,Saturday,5,18.55,20.66,Low,Clouds,No Rain,0,0,1,0,0,1,Heavy Commercial Activity,High,45
2026-05-09 07:38:35,UB Junction to Bonduma,3.88,7,Saturday,5,13.73,16.97,Low,Clouds,No Rain,0,0,1,0,0,1,Heavy Commercial Activity,High,45
2026-05-09 07:38:35,Check Point to Molyko,4.17,7,Saturday,5,11.6,21.58,Low,Clouds,No Rain,0,0,1,0,0,1,Heavy Commercial Activity,High,45
2026-05-09 07:38:35,Great Soppo to Check Point,4.01,7,Saturday,5,10.63,22.63,Low,Clouds,No Rain,0,0,1,0,0,1,Heavy Commercial Activity,High,45
2026-05-09 07:38:35,Malingo to Bonduma,3.65,7,Saturday,5,12.08,18.14,Low,Clouds,No Rain,0,0,1,0,0,1,Heavy Commercial Activity,High,45
2026-05-09 07:38:35,Buea Town to Malingo,5.14,7,Saturday,5,13.52,22.83,Low,Clouds,No Rain,0,0,1,0,0,1,Heavy Commercial Activity,High,45
2026-05-09 07:38:35,Buea Town to Muea,0.0,7,Saturday,5,0.0,0,Low,Clouds,No Rain,0,0,1,0,0,1,Heavy Commercial Activity,High,45
2026-05-09 07:48:35,Bonduma Gate to Mile 17,3.81,7,Saturday,5,9.73,23.5,Low,Clouds,No Rain,0,0,1,0,0,1,Heavy Commercial Activity,High,45
2026-05-09 07:48:35,Bonduma to UB Junction,3.95,7,Saturday,5,12.92,18.33,Low,Clouds,No Rain,0,0,1,0,0,1,Heavy Commercial Activity,High,45
2026-05-09 07:48:35,Bonduma to Molyko,3.11,7,Saturday,5,9.88,18.89,Low,Clouds,No Rain,0,0,1,0,0,1,Heavy Commercial Activity,High,45
2026-05-09 07:48:35,Bonduma to Check Point,1.73,7,Saturday,5,4.97,20.91,Low,Clouds,No Rain,0,0,1,0,0,1,Heavy Commercial Activity,High,45
2026-05-09 07:48:35,Bonduma to Muea,2.06,7,Saturday,5,6.05,20.44,Low,Clouds,No Rain,0,0,1,0,0,1,Heavy Commercial Activity,High,45
2026-05-09 07:48:35,Bonduma to Great Soppo,2.95,7,Saturday,5,9.38,18.86,Low,Clouds,No Rain,0,0,1,0,0,1,Heavy Commercial Activity,High,45
2026-05-09 07:48:35,Bonduma to Buea Town,2.06,7,Saturday,5,6.05,20.44,Low,Clouds,No Rain,0,0,1,0,0,1,Heavy Commercial Activity,High,45
2026-05-09 07:48:35,Mile 16 to Mile 17,4.4,7,Saturday,5,10.65,24.8,Low,Clouds,No Rain,0,0,1,0,0,1,Heavy Commercial Activity,High,45
2026-05-09 07:48:35,Mile 17 to Malingo,1.54,7,Saturday,5,5.25,17.63,Low,Clouds,No Rain,0,0,1,0,0,1,Heavy Commercial Activity,High,45
2026-05-09 07:48:35,Mile 17 to UB Junction,2.05,7,Saturday,5,7.48,16.46,Low,Clouds,No Rain,0,0,1,0,0,1,Heavy Commercial Activity,High,45
2026-05-09 07:48:35,Mile 17 to Check Point,2.47,7,Saturday,5,8.68,17.08,Low,Clouds,No Rain,0,0,1,0,0,1,Heavy Commercial Activity,High,45
2026-05-09 07:48:35,Mile 17 to Muea,5.59,7,Saturday,5,16.5,20.34,Low,Clouds,No Rain,0,0,1,0,0,1,Heavy Commercial Activity,High,45
2026-05-09 07:48:35,Mile 17 to Great Soppo,6.48,7,Saturday,5,19.83,19.61,Low,Clouds,No Rain,0,0,1,0,0,1,Heavy Commercial Activity,High,45
2026-05-09 07:48:35,Malingo to UB Junction,3.47,7,Saturday,5,11.58,17.97,Low,Clouds,No Rain,0,0,1,0,0,1,Heavy Commercial Activity,High,45
2026-05-09 07:48:35,Malingo to Check Point,2.02,7,Saturday,5,6.9,17.58,Low,Clouds,No Rain,0,0,1,0,0,1,Heavy Commercial Activity,High,45
2026-05-09 07:48:35,Malingo to Molyko,6.09,7,Saturday,5,18.23,20.06,Low,Clouds,No Rain,0,0,1,0,0,1,Heavy Commercial Activity,High,45
2026-05-09 07:48:35,Malingo to Muea,5.04,7,Saturday,5,14.75,20.52,Low,Clouds,No Rain,0,0,1,0,0,1,Heavy Commercial Activity,High,45
2026-05-09 07:48:35,Malingo to Buea Town,5.04,7,Saturday,5,14.75,20.52,Low,Clouds,No Rain,0,0,1,0,0,1,Heavy Commercial Activity,High,45
2026-05-09 07:48:35,UB Junction to Molyko,6.33,7,Saturday,5,19.45,19.51,Low,Clouds,No Rain,0,0,1,0,0,1,Heavy Commercial Activity,High,45
2026-05-09 07:48:35,UB Junction to Check Point,2.15,7,Saturday,5,8.85,14.61,Low,Clouds,No Rain,0,0,1,0,0,1,Heavy Commercial Activity,High,45
2026-05-09 07:48:35,UB Junction to Great Soppo,6.17,7,Saturday,5,20.0,18.5,Low,Clouds,No Rain,0,0,1,0,0,1,Heavy Commercial Activity,High,45
2026-05-09 07:48:35,UB Junction to Buea Town,5.28,7,Saturday,5,16.67,18.99,Low,Clouds,No Rain,0,0,1,0,0,1,Heavy Commercial Activity,High,45
2026-05-09 07:48:35,UB Junction to Muea,5.28,7,Saturday,5,16.67,18.99,Low,Clouds,No Rain,0,0,1,0,0,1,Heavy Commercial Activity,High,45
2026-05-09 07:48:35,Molyko to Check Point,4.17,7,Saturday,5,11.47,21.83,Low,Clouds,No Rain,0,0,1,0,0,1,Heavy Commercial Activity,High,45
2026-05-09 07:48:35,Molyko to Great Soppo,2.03,7,Saturday,5,5.9,20.63,Low,Clouds,No Rain,0,0,1,0,0,1,Heavy Commercial Activity,High,45
2026-05-09 07:48:35,Molyko to Small Soppo,3.57,7,Saturday,5,12.38,17.32,Low,Clouds,No Rain,0,0,1,0,0,1,Heavy Commercial Activity,High,45
2026-05-09 07:48:35,Molyko to Bongo Square,4.15,7,Saturday,5,12.03,20.71,Low,Clouds,No Rain,0,0,1,0,0,1,Heavy Commercial Activity,High,45
2026-05-09 07:48:35,Molyko to Buea Town,2.92,7,Saturday,5,9.23,18.96,Low,Clouds,No Rain,0,0,1,0,0,1,Heavy Commercial Activity,High,45
2026-05-09 07:48:35,Molyko to Muea,2.92,7,Saturday,5,9.23,18.96,Low,Clouds,No Rain,0,0,1,0,0,1,Heavy Commercial Activity,High,45
2026-05-09 07:48:35,Molyko to Bokwango,6.15,7,Saturday,5,22.3,16.56,Low,Clouds,No Rain,0,0,1,0,0,1,Heavy Commercial Activity,High,45
2026-05-09 07:48:35,Check Point to Buea Town,3.12,7,Saturday,5,7.6,24.65,Low,Clouds,No Rain,0,0,1,0,0,1,Heavy Commercial Activity,High,45
2026-05-09 07:48:35,Check Point to Great Soppo,4.01,7,Saturday,5,10.92,22.05,Low,Clouds,No Rain,0,0,1,0,0,1,Heavy Commercial Activity,High,45
2026-05-09 07:48:35,Check Point to Small Soppo,3.78,7,Saturday,5,10.03,22.59,Low,Clouds,No Rain,0,0,1,0,0,1,Heavy Commercial Activity,High,45
2026-05-09 07:48:35,Check Point to Bongo Square,4.36,7,Saturday,5,9.7,26.95,Low,Clouds,No Rain,0,0,1,0,0,1,Heavy Commercial Activity,High,45
2026-05-09 07:48:35,Check Point to Muea,3.12,7,Saturday,5,7.58,24.7,Low,Clouds,No Rain,0,0,1,0,0,1,Heavy Commercial Activity,High,45
2026-05-09 07:48:35,Great Soppo to Small Soppo,1.54,7,Saturday,5,6.08,15.24,Low,Clouds,No Rain,0,0,1,0,0,1,Heavy Commercial Activity,High,45
2026-05-09 07:48:35,Great Soppo to Bongo Square,2.12,7,Saturday,5,5.8,21.97,Low,Clouds,No Rain,0,0,1,0,0,1,Heavy Commercial Activity,High,45
2026-05-09 07:48:35,Great Soppo to Buea Town,0.89,7,Saturday,5,3.33,16.0,Low,Clouds,No Rain,0,0,1,0,0,1,Heavy Commercial Activity,High,45
2026-05-09 07:48:35,Great Soppo to Muea,0.89,7,Saturday,5,3.33,16.0,Low,Clouds,No Rain,0,0,1,0,0,1,Heavy Commercial Activity,High,45
2026-05-09 07:48:35,Small Soppo to Bongo Square,1.07,7,Saturday,5,3.67,17.48,Low,Clouds,No Rain,0,0,1,0,0,1,Heavy Commercial Activity,High,45
2026-05-09 07:48:35,Small Soppo to Buea Town,0.52,7,Saturday,5,2.73,11.3,Low,Clouds,No Rain,0,0,1,0,0,1,Heavy Commercial Activity,High,45
2026-05-09 07:48:35,Small Soppo to Muea,0.52,7,Saturday,5,2.73,11.3,Low,Clouds,No Rain,0,0,1,0,0,1,Heavy Commercial Activity,High,45
2026-05-09 07:48:35,Bongo Square to Buea Town,1.24,7,Saturday,5,1.97,37.68,Low,Clouds,No Rain,0,0,1,0,0,1,Heavy Commercial Activity,High,45
2026-05-09 07:48:35,Bongo Square to Muea,1.24,7,Saturday,5,1.97,37.68,Low,Clouds,No Rain,0,0,1,0,0,1,Heavy Commercial Activity,High,45
2026-05-09 07:48:35,Bokwango to Molyko,6.15,7,Saturday,5,22.38,16.49,Low,Clouds,No Rain,0,0,1,0,0,1,Heavy Commercial Activity,High,45
2026-05-09 07:48:35,Bokwango to Check Point,5.26,7,Saturday,5,19.4,16.28,Low,Clouds,No Rain,0,0,1,0,0,1,Heavy Commercial Activity,High,45
2026-05-09 07:48:35,Bokwango to Buea Town,8.38,7,Saturday,5,27.43,18.34,Low,Clouds,No Rain,0,0,1,0,0,1,Heavy Commercial Activity,High,45
2026-05-09 07:48:35,Bokwango to Great Soppo,9.27,7,Saturday,5,30.77,18.09,Low,Clouds,No Rain,0,0,1,0,0,1,Heavy Commercial Activity,High,45
2026-05-09 07:48:35,Muea to Great Soppo,0.89,7,Saturday,5,3.33,16.0,Low,Clouds,No Rain,0,0,1,0,0,1,Heavy Commercial Activity,High,45
2026-05-09 07:48:35,Muea to Molyko,2.92,7,Saturday,5,9.1,19.24,Low,Clouds,No Rain,0,0,1,0,0,1,Heavy Commercial Activity,High,45
2026-05-09 07:48:35,Muea to Check Point,3.12,7,Saturday,5,6.78,27.61,Low,Clouds,No Rain,0,0,1,0,0,1,Heavy Commercial Activity,High,45
2026-05-09 07:48:35,Muea to Buea Town,0.0,7,Saturday,5,0.0,0,Low,Clouds,No Rain,0,0,1,0,0,1,Heavy Commercial Activity,High,45
2026-05-09 07:48:35,Muea to Bonduma,2.06,7,Saturday,5,5.27,23.48,Low,Clouds,No Rain,0,0,1,0,0,1,Heavy Commercial Activity,High,45
2026-05-09 07:48:35,Muea to Malingo,5.14,7,Saturday,5,13.37,23.09,Low,Clouds,No Rain,0,0,1,0,0,1,Heavy Commercial Activity,High,45
2026-05-09 07:48:35,Clerks Quarters to Governor Junction,1.33,7,Saturday,5,2.28,35.0,Low,Clouds,No Rain,0,0,1,0,0,1,Heavy Commercial Activity,High,45
2026-05-09 07:48:35,Governor Junction to Long Street,0.0,7,Saturday,5,0.0,0,Low,Clouds,No Rain,0,0,1,0,0,1,Heavy Commercial Activity,High,45
2026-05-09 07:48:35,Long Street to Bongo Square,1.24,7,Saturday,5,2.12,35.01,Low,Clouds,No Rain,0,0,1,0,0,1,Heavy Commercial Activity,High,45
2026-05-09 07:48:35,Governor Junction to Buea Town,0.0,7,Saturday,5,0.0,0,Low,Clouds,No Rain,0,0,1,0,0,1,Heavy Commercial Activity,High,45
2026-05-09 07:48:35,Molyko to UB Junction,6.39,7,Saturday,5,18.42,20.81,Low,Clouds,No Rain,0,0,1,0,0,1,Heavy Commercial Activity,High,45
2026-05-09 07:48:35,UB Junction to Bonduma,3.88,7,Saturday,5,13.95,16.71,Low,Clouds,No Rain,0,0,1,0,0,1,Heavy Commercial Activity,High,45
2026-05-09 07:48:35,Check Point to Molyko,4.17,7,Saturday,5,11.6,21.58,Low,Clouds,No Rain,0,0,1,0,0,1,Heavy Commercial Activity,High,45
2026-05-09 07:48:35,Great Soppo to Check Point,4.01,7,Saturday,5,10.65,22.6,Low,Clouds,No Rain,0,0,1,0,0,1,Heavy Commercial Activity,High,45
2026-05-09 07:48:35,Malingo to Bonduma,3.65,7,Saturday,5,12.02,18.24,Low,Clouds,No Rain,0,0,1,0,0,1,Heavy Commercial Activity,High,45
2026-05-09 07:48:35,Buea Town to Malingo,5.14,7,Saturday,5,13.37,23.09,Low,Clouds,No Rain,0,0,1,0,0,1,Heavy Commercial Activity,High,45
2026-05-09 07:48:35,Buea Town to Muea,0.0,7,Saturday,5,0.0,0,Low,Clouds,No Rain,0,0,1,0,0,1,Heavy Commercial Activity,High,45
2026-05-09 07:58:35,Bonduma Gate to Mile 17,3.81,7,Saturday,5,9.68,23.63,Low,Clouds,No Rain,0,0,1,0,0,1,Heavy Commercial Activity,High,45
2026-05-09 07:58:35,Bonduma to UB Junction,3.95,7,Saturday,5,12.87,18.4,Low,Clouds,No Rain,0,0,1,0,0,1,Heavy Commercial Activity,High,45
2026-05-09 07:58:35,Bonduma to Molyko,3.11,7,Saturday,5,9.88,18.89,Low,Clouds,No Rain,0,0,1,0,0,1,Heavy Commercial Activity,High,45
2026-05-09 07:58:35,Bonduma to Check Point,1.73,7,Saturday,5,4.97,20.91,Low,Clouds,No Rain,0,0,1,0,0,1,Heavy Commercial Activity,High,45
2026-05-09 07:58:35,Bonduma to Muea,2.06,7,Saturday,5,6.23,19.84,Low,Clouds,No Rain,0,0,1,0,0,1,Heavy Commercial Activity,High,45
2026-05-09 07:58:35,Bonduma to Great Soppo,2.95,7,Saturday,5,9.57,18.5,Low,Clouds,No Rain,0,0,1,0,0,1,Heavy Commercial Activity,High,45
2026-05-09 07:58:35,Bonduma to Buea Town,2.06,7,Saturday,5,6.23,19.84,Low,Clouds,No Rain,0,0,1,0,0,1,Heavy Commercial Activity,High,45
2026-05-09 07:58:35,Mile 16 to Mile 17,4.4,7,Saturday,5,10.62,24.88,Low,Clouds,No Rain,0,0,1,0,0,1,Heavy Commercial Activity,High,45
2026-05-09 07:58:35,Mile 17 to Malingo,1.54,7,Saturday,5,5.1,18.15,Low,Clouds,No Rain,0,0,1,0,0,1,Heavy Commercial Activity,High,45
2026-05-09 07:58:35,Mile 17 to UB Junction,2.05,7,Saturday,5,7.47,16.5,Low,Clouds,No Rain,0,0,1,0,0,1,Heavy Commercial Activity,High,45
2026-05-09 07:58:35,Mile 17 to Check Point,2.47,7,Saturday,5,8.88,16.7,Low,Clouds,No Rain,0,0,1,0,0,1,Heavy Commercial Activity,High,45
2026-05-09 07:58:35,Mile 17 to Muea,5.59,7,Saturday,5,16.85,19.92,Low,Clouds,No Rain,0,0,1,0,0,1,Heavy Commercial Activity,High,45
2026-05-09 07:58:35,Mile 17 to Great Soppo,6.48,7,Saturday,5,20.18,19.27,Low,Clouds,No Rain,0,0,1,0,0,1,Heavy Commercial Activity,High,45
2026-05-09 07:58:35,Malingo to UB Junction,3.47,7,Saturday,5,11.43,18.2,Low,Clouds,No Rain,0,0,1,0,0,1,Heavy Commercial Activity,High,45
2026-05-09 07:58:35,Malingo to Check Point,2.02,7,Saturday,5,7.03,17.25,Low,Clouds,No Rain,0,0,1,0,0,1,Heavy Commercial Activity,High,45
2026-05-09 07:58:35,Malingo to Molyko,6.09,7,Saturday,5,18.3,19.98,Low,Clouds,No Rain,0,0,1,0,0,1,Heavy Commercial Activity,High,45
2026-05-09 07:58:35,Malingo to Muea,5.04,7,Saturday,5,14.92,20.29,Low,Clouds,No Rain,0,0,1,0,0,1,Heavy Commercial Activity,High,45
2026-05-09 07:58:35,Malingo to Buea Town,5.04,7,Saturday,5,14.92,20.29,Low,Clouds,No Rain,0,0,1,0,0,1,Heavy Commercial Activity,High,45
2026-05-09 07:58:35,UB Junction to Molyko,6.33,7,Saturday,5,19.87,19.11,Low,Clouds,No Rain,0,0,1,0,0,1,Heavy Commercial Activity,High,45
2026-05-09 07:58:35,UB Junction to Check Point,2.15,7,Saturday,5,9.07,14.26,Low,Clouds,No Rain,0,0,1,0,0,1,Heavy Commercial Activity,High,45
2026-05-09 07:58:35,UB Junction to Great Soppo,6.17,7,Saturday,5,20.37,18.16,Low,Clouds,No Rain,0,0,1,0,0,1,Heavy Commercial Activity,High,45
2026-05-09 07:58:35,UB Junction to Buea Town,5.28,7,Saturday,5,17.03,18.58,Low,Clouds,No Rain,0,0,1,0,0,1,Heavy Commercial Activity,High,45
2026-05-09 07:58:35,UB Junction to Muea,5.28,7,Saturday,5,17.03,18.58,Low,Clouds,No Rain,0,0,1,0,0,1,Heavy Commercial Activity,High,45
2026-05-09 07:58:35,Molyko to Check Point,4.17,7,Saturday,5,11.33,22.09,Low,Clouds,No Rain,0,0,1,0,0,1,Heavy Commercial Activity,High,45
2026-05-09 07:58:35,Molyko to Great Soppo,2.03,7,Saturday,5,5.9,20.63,Low,Clouds,No Rain,0,0,1,0,0,1,Heavy Commercial Activity,High,45
2026-05-09 07:58:35,Molyko to Small Soppo,3.57,7,Saturday,5,12.43,17.25,Low,Clouds,No Rain,0,0,1,0,0,1,Heavy Commercial Activity,High,45
2026-05-09 07:58:35,Molyko to Bongo Square,4.15,7,Saturday,5,12.05,20.68,Low,Clouds,No Rain,0,0,1,0,0,1,Heavy Commercial Activity,High,45
2026-05-09 07:58:35,Molyko to Buea Town,2.92,7,Saturday,5,9.23,18.96,Low,Clouds,No Rain,0,0,1,0,0,1,Heavy Commercial Activity,High,45
2026-05-09 07:58:35,Molyko to Muea,2.92,7,Saturday,5,9.23,18.96,Low,Clouds,No Rain,0,0,1,0,0,1,Heavy Commercial Activity,High,45
2026-05-09 07:58:35,Molyko to Bokwango,6.15,7,Saturday,5,22.35,16.52,Low,Clouds,No Rain,0,0,1,0,0,1,Heavy Commercial Activity,High,45
2026-05-09 07:58:35,Check Point to Buea Town,3.12,7,Saturday,5,7.83,23.91,Low,Clouds,No Rain,0,0,1,0,0,1,Heavy Commercial Activity,High,45
2026-05-09 07:58:35,Check Point to Great Soppo,4.01,7,Saturday,5,11.17,21.55,Low,Clouds,No Rain,0,0,1,0,0,1,Heavy Commercial Activity,High,45
2026-05-09 07:58:35,Check Point to Small Soppo,3.78,7,Saturday,5,10.32,21.97,Low,Clouds,No Rain,0,0,1,0,0,1,Heavy Commercial Activity,High,45
2026-05-09 07:58:35,Check Point to Bongo Square,4.36,7,Saturday,5,9.98,26.19,Low,Clouds,No Rain,0,0,1,0,0,1,Heavy Commercial Activity,High,45
2026-05-09 07:58:35,Check Point to Muea,3.12,7,Saturday,5,7.83,23.91,Low,Clouds,No Rain,0,0,1,0,0,1,Heavy Commercial Activity,High,45
2026-05-09 07:58:35,Great Soppo to Small Soppo,1.54,7,Saturday,5,6.1,15.2,Low,Clouds,No Rain,0,0,1,0,0,1,Heavy Commercial Activity,High,45
2026-05-09 07:58:35,Great Soppo to Bongo Square,2.12,7,Saturday,5,5.82,21.91,Low,Clouds,No Rain,0,0,1,0,0,1,Heavy Commercial Activity,High,45
2026-05-09 07:58:35,Great Soppo to Buea Town,0.89,7,Saturday,5,3.33,16.0,Low,Clouds,No Rain,0,0,1,0,0,1,Heavy Commercial Activity,High,45
2026-05-09 07:58:35,Great Soppo to Muea,0.89,7,Saturday,5,3.33,16.0,Low,Clouds,No Rain,0,0,1,0,0,1,Heavy Commercial Activity,High,45
2026-05-09 07:58:35,Small Soppo to Bongo Square,1.07,7,Saturday,5,3.67,17.48,Low,Clouds,No Rain,0,0,1,0,0,1,Heavy Commercial Activity,High,45
2026-05-09 07:58:35,Small Soppo to Buea Town,0.52,7,Saturday,5,2.73,11.3,Low,Clouds,No Rain,0,0,1,0,0,1,Heavy Commercial Activity,High,45
2026-05-09 07:58:35,Small Soppo to Muea,0.52,7,Saturday,5,2.73,11.3,Low,Clouds,No Rain,0,0,1,0,0,1,Heavy Commercial Activity,High,45
2026-05-09 07:58:35,Bongo Square to Buea Town,1.24,7,Saturday,5,2.02,36.74,Low,Clouds,No Rain,0,0,1,0,0,1,Heavy Commercial Activity,High,45
2026-05-09 07:58:35,Bongo Square to Muea,1.24,7,Saturday,5,2.02,36.74,Low,Clouds,No Rain,0,0,1,0,0,1,Heavy Commercial Activity,High,45
2026-05-09 07:58:35,Bokwango to Molyko,6.15,7,Saturday,5,22.45,16.44,Low,Clouds,No Rain,0,0,1,0,0,1,Heavy Commercial Activity,High,45
2026-05-09 07:58:35,Bokwango to Check Point,5.26,7,Saturday,5,19.87,15.89,Low,Clouds,No Rain,0,0,1,0,0,1,Heavy Commercial Activity,High,45
2026-05-09 07:58:35,Bokwango to Buea Town,8.38,7,Saturday,5,28.05,17.94,Low,Clouds,No Rain,0,0,1,0,0,1,Heavy Commercial Activity,High,45
2026-05-09 07:58:35,Bokwango to Great Soppo,9.27,7,Saturday,5,31.4,17.72,Low,Clouds,No Rain,0,0,1,0,0,1,Heavy Commercial Activity,High,45
2026-05-09 07:58:35,Muea to Great Soppo,0.89,7,Saturday,5,3.33,16.0,Low,Clouds,No Rain,0,0,1,0,0,1,Heavy Commercial Activity,High,45
2026-05-09 07:58:35,Muea to Molyko,2.92,7,Saturday,5,9.1,19.24,Low,Clouds,No Rain,0,0,1,0,0,1,Heavy Commercial Activity,High,45
2026-05-09 07:58:35,Muea to Check Point,3.12,7,Saturday,5,7.02,26.7,Low,Clouds,No Rain,0,0,1,0,0,1,Heavy Commercial Activity,High,45
2026-05-09 07:58:35,Muea to Buea Town,0.0,7,Saturday,5,0.0,0,Low,Clouds,No Rain,0,0,1,0,0,1,Heavy Commercial Activity,High,45
2026-05-09 07:58:35,Muea to Bonduma,2.06,7,Saturday,5,5.45,22.69,Low,Clouds,No Rain,0,0,1,0,0,1,Heavy Commercial Activity,High,45
2026-05-09 07:58:35,Muea to Malingo,5.14,7,Saturday,5,13.65,22.61,Low,Clouds,No Rain,0,0,1,0,0,1,Heavy Commercial Activity,High,45
2026-05-09 07:58:35,Clerks Quarters to Governor Junction,1.33,7,Saturday,5,2.37,33.77,Low,Clouds,No Rain,0,0,1,0,0,1,Heavy Commercial Activity,High,45
2026-05-09 07:58:35,Governor Junction to Long Street,0.0,7,Saturday,5,0.0,0,Low,Clouds,No Rain,0,0,1,0,0,1,Heavy Commercial Activity,High,45
2026-05-09 07:58:35,Long Street to Bongo Square,1.24,7,Saturday,5,2.15,34.47,Low,Clouds,No Rain,0,0,1,0,0,1,Heavy Commercial Activity,High,45
2026-05-09 07:58:35,Governor Junction to Buea Town,0.0,7,Saturday,5,0.0,0,Low,Clouds,No Rain,0,0,1,0,0,1,Heavy Commercial Activity,High,45
2026-05-09 07:58:35,Molyko to UB Junction,6.39,7,Saturday,5,18.7,20.49,Low,Clouds,No Rain,0,0,1,0,0,1,Heavy Commercial Activity,High,45
2026-05-09 07:58:35,UB Junction to Bonduma,3.88,7,Saturday,5,14.33,16.26,Low,Clouds,No Rain,0,0,1,0,0,1,Heavy Commercial Activity,High,45
2026-05-09 07:58:35,Check Point to Molyko,4.17,7,Saturday,5,11.58,21.61,Low,Clouds,No Rain,0,0,1,0,0,1,Heavy Commercial Activity,High,45
2026-05-09 07:58:35,Great Soppo to Check Point,4.01,7,Saturday,5,10.93,22.01,Low,Clouds,No Rain,0,0,1,0,0,1,Heavy Commercial Activity,High,45
2026-05-09 07:58:35,Malingo to Bonduma,3.65,7,Saturday,5,12.05,18.19,Low,Clouds,No Rain,0,0,1,0,0,1,Heavy Commercial Activity,High,45
2026-05-09 07:58:35,Buea Town to Malingo,5.14,7,Saturday,5,13.77,22.42,Low,Clouds,No Rain,0,0,1,0,0,1,Heavy Commercial Activity,High,45
2026-05-09 07:58:35,Buea Town to Muea,0.0,7,Saturday,5,0.0,0,Low,Clouds,No Rain,0,0,1,0,0,1,Heavy Commercial Activity,High,45
2026-05-09 08:08:35,Bonduma Gate to Mile 17,3.81,8,Saturday,5,10.03,22.8,Low,Clouds,No Rain,0,0,0,0,0,1,Heavy Commercial Activity,High,30
2026-05-09 08:08:35,Bonduma to UB Junction,3.95,8,Saturday,5,13.08,18.1,Low,Clouds,No Rain,0,0,0,0,0,1,Heavy Commercial Activity,High,30
2026-05-09 08:08:35,Bonduma to Molyko,3.11,8,Saturday,5,9.88,18.89,Low,Clouds,No Rain,0,0,0,0,0,1,Heavy Commercial Activity,High,30
2026-05-09 08:08:35,Bonduma to Check Point,1.73,8,Saturday,5,5.02,20.7,Low,Clouds,No Rain,0,0,0,0,0,1,Heavy Commercial Activity,High,30
2026-05-09 08:08:35,Bonduma to Muea,2.06,8,Saturday,5,6.35,19.47,Low,Clouds,No Rain,0,0,0,0,0,1,Heavy Commercial Activity,High,30
2026-05-09 08:08:35,Bonduma to Great Soppo,2.95,8,Saturday,5,9.68,18.28,Low,Clouds,No Rain,0,0,0,0,0,1,Heavy Commercial Activity,High,30
2026-05-09 08:08:35,Bonduma to Buea Town,2.06,8,Saturday,5,6.35,19.47,Low,Clouds,No Rain,0,0,0,0,0,1,Heavy Commercial Activity,High,30
2026-05-09 08:08:35,Mile 16 to Mile 17,4.4,8,Saturday,5,10.97,24.08,Low,Clouds,No Rain,0,0,0,0,0,1,Heavy Commercial Activity,High,30
2026-05-09 08:08:35,Mile 17 to Malingo,1.54,8,Saturday,5,5.27,17.58,Low,Clouds,No Rain,0,0,0,0,0,1,Heavy Commercial Activity,High,30
2026-05-09 08:08:35,Mile 17 to UB Junction,2.05,8,Saturday,5,7.58,16.24,Low,Clouds,No Rain,0,0,0,0,0,1,Heavy Commercial Activity,High,30
2026-05-09 08:08:35,Mile 17 to Check Point,2.47,8,Saturday,5,9.32,15.92,Low,Clouds,No Rain,0,0,0,0,0,1,Heavy Commercial Activity,High,30
2026-05-09 08:08:35,Mile 17 to Muea,5.59,8,Saturday,5,17.4,19.29,Low,Clouds,No Rain,0,0,0,0,0,1,Heavy Commercial Activity,High,30
2026-05-09 08:08:35,Mile 17 to Great Soppo,6.48,8,Saturday,5,20.75,18.75,Low,Clouds,No Rain,0,0,0,0,0,1,Heavy Commercial Activity,High,30
2026-05-09 08:08:35,Malingo to UB Junction,3.47,8,Saturday,5,11.6,17.94,Low,Clouds,No Rain,0,0,0,0,0,1,Heavy Commercial Activity,High,30
2026-05-09 08:08:35,Malingo to Check Point,2.02,8,Saturday,5,7.17,16.93,Low,Clouds,No Rain,0,0,0,0,0,1,Heavy Commercial Activity,High,30
2026-05-09 08:08:35,Malingo to Molyko,6.09,8,Saturday,5,18.43,19.84,Low,Clouds,No Rain,0,0,0,0,0,1,Heavy Commercial Activity,High,30
2026-05-09 08:08:35,Malingo to Muea,5.04,8,Saturday,5,15.0,20.18,Low,Clouds,No Rain,0,0,0,0,0,1,Heavy Commercial Activity,High,30
2026-05-09 08:08:35,Malingo to Buea Town,5.04,8,Saturday,5,15.0,20.18,Low,Clouds,No Rain,0,0,0,0,0,1,Heavy Commercial Activity,High,30
2026-05-09 08:08:35,UB Junction to Molyko,6.33,8,Saturday,5,20.23,18.76,Low,Clouds,No Rain,0,0,0,0,0,1,Heavy Commercial Activity,High,30
2026-05-09 08:08:35,UB Junction to Check Point,2.15,8,Saturday,5,9.38,13.78,Low,Clouds,No Rain,0,0,0,0,0,1,Heavy Commercial Activity,High,30
2026-05-09 08:08:35,UB Junction to Great Soppo,6.17,8,Saturday,5,20.82,17.77,Low,Clouds,No Rain,0,0,0,0,0,1,Heavy Commercial Activity,High,30
2026-05-09 08:08:35,UB Junction to Buea Town,5.28,8,Saturday,5,17.47,18.12,Low,Clouds,No Rain,0,0,0,0,0,1,Heavy Commercial Activity,High,30
2026-05-09 08:08:35,UB Junction to Muea,5.28,8,Saturday,5,17.48,18.11,Low,Clouds,No Rain,0,0,0,0,0,1,Heavy Commercial Activity,High,30
2026-05-09 08:08:35,Molyko to Check Point,4.17,8,Saturday,5,11.37,22.02,Low,Clouds,No Rain,0,0,0,0,0,1,Heavy Commercial Activity,High,30
2026-05-09 08:08:35,Molyko to Great Soppo,2.03,8,Saturday,5,5.9,20.63,Low,Clouds,No Rain,0,0,0,0,0,1,Heavy Commercial Activity,High,30
2026-05-09 08:08:35,Molyko to Small Soppo,3.57,8,Saturday,5,12.47,17.2,Low,Clouds,No Rain,0,0,0,0,0,1,Heavy Commercial Activity,High,30
2026-05-09 08:08:35,Molyko to Bongo Square,4.15,8,Saturday,5,12.13,20.54,Low,Clouds,No Rain,0,0,0,0,0,1,Heavy Commercial Activity,High,30
2026-05-09 08:08:35,Molyko to Buea Town,2.92,8,Saturday,5,9.23,18.96,Low,Clouds,No Rain,0,0,0,0,0,1,Heavy Commercial Activity,High,30
2026-05-09 08:08:35,Molyko to Muea,2.92,8,Saturday,5,9.23,18.96,Low,Clouds,No Rain,0,0,0,0,0,1,Heavy Commercial Activity,High,30
2026-05-09 08:08:35,Molyko to Bokwango,6.15,8,Saturday,5,22.35,16.52,Low,Clouds,No Rain,0,0,0,0,0,1,Heavy Commercial Activity,High,30
2026-05-09 08:08:35,Check Point to Buea Town,3.12,8,Saturday,5,8.07,23.22,Low,Clouds,No Rain,0,0,0,0,0,1,Heavy Commercial Activity,High,30
2026-05-09 08:08:35,Check Point to Great Soppo,4.01,8,Saturday,5,11.4,21.11,Low,Clouds,No Rain,0,0,0,0,0,1,Heavy Commercial Activity,High,30
2026-05-09 08:08:35,Check Point to Small Soppo,3.78,8,Saturday,5,10.55,21.49,Low,Clouds,No Rain,0,0,0,0,0,1,Heavy Commercial Activity,High,30
2026-05-09 08:08:35,Check Point to Bongo Square,4.36,8,Saturday,5,10.23,25.55,Low,Clouds,No Rain,0,0,0,0,0,1,Heavy Commercial Activity,High,30
2026-05-09 08:08:35,Check Point to Muea,3.12,8,Saturday,5,8.07,23.22,Low,Clouds,No Rain,0,0,0,0,0,1,Heavy Commercial Activity,High,30
2026-05-09 08:08:35,Great Soppo to Small Soppo,1.54,8,Saturday,5,6.12,15.16,Low,Clouds,No Rain,0,0,0,0,0,1,Heavy Commercial Activity,High,30
2026-05-09 08:08:35,Great Soppo to Bongo Square,2.12,8,Saturday,5,5.85,21.78,Low,Clouds,No Rain,0,0,0,0,0,1,Heavy Commercial Activity,High,30
2026-05-09 08:08:35,Great Soppo to Buea Town,0.89,8,Saturday,5,3.33,16.0,Low,Clouds,No Rain,0,0,0,0,0,1,Heavy Commercial Activity,High,30
2026-05-09 08:08:35,Great Soppo to Muea,0.89,8,Saturday,5,3.33,16.0,Low,Clouds,No Rain,0,0,0,0,0,1,Heavy Commercial Activity,High,30
2026-05-09 08:08:35,Small Soppo to Bongo Square,1.07,8,Saturday,5,3.67,17.48,Low,Clouds,No Rain,0,0,0,0,0,1,Heavy Commercial Activity,High,30
2026-05-09 08:08:35,Small Soppo to Buea Town,0.52,8,Saturday,5,2.73,11.3,Low,Clouds,No Rain,0,0,0,0,0,1,Heavy Commercial Activity,High,30
2026-05-09 08:08:35,Small Soppo to Muea,0.52,8,Saturday,5,2.73,11.3,Low,Clouds,No Rain,0,0,0,0,0,1,Heavy Commercial Activity,High,30
2026-05-09 08:08:35,Bongo Square to Buea Town,1.24,8,Saturday,5,2.03,36.44,Low,Clouds,No Rain,0,0,0,0,0,1,Heavy Commercial Activity,High,30
2026-05-09 08:08:35,Bongo Square to Muea,1.24,8,Saturday,5,2.03,36.44,Low,Clouds,No Rain,0,0,0,0,0,1,Heavy Commercial Activity,High,30
2026-05-09 08:08:35,Bokwango to Molyko,6.15,8,Saturday,5,22.5,16.41,Low,Clouds,No Rain,0,0,0,0,0,1,Heavy Commercial Activity,High,30
2026-05-09 08:08:35,Bokwango to Check Point,5.26,8,Saturday,5,20.38,15.49,Low,Clouds,No Rain,0,0,0,0,0,1,Heavy Commercial Activity,High,30
2026-05-09 08:08:35,Bokwango to Buea Town,8.38,8,Saturday,5,28.9,17.41,Low,Clouds,No Rain,0,0,0,0,0,1,Heavy Commercial Activity,High,30
2026-05-09 08:08:35,Bokwango to Great Soppo,9.27,8,Saturday,5,32.23,17.26,Low,Clouds,No Rain,0,0,0,0,0,1,Heavy Commercial Activity,High,30
2026-05-09 08:08:35,Muea to Great Soppo,0.89,8,Saturday,5,3.33,16.0,Low,Clouds,No Rain,0,0,0,0,0,1,Heavy Commercial Activity,High,30
2026-05-09 08:08:35,Muea to Molyko,2.92,8,Saturday,5,9.1,19.24,Low,Clouds,No Rain,0,0,0,0,0,1,Heavy Commercial Activity,High,30
2026-05-09 08:08:35,Muea to Check Point,3.12,8,Saturday,5,7.13,26.26,Low,Clouds,No Rain,0,0,0,0,0,1,Heavy Commercial Activity,High,30
2026-05-09 08:08:35,Muea to Buea Town,0.0,8,Saturday,5,0.0,0,Low,Clouds,No Rain,0,0,0,0,0,1,Heavy Commercial Activity,High,30
2026-05-09 08:08:35,Muea to Bonduma,2.06,8,Saturday,5,5.57,22.21,Low,Clouds,No Rain,0,0,0,0,0,1,Heavy Commercial Activity,High,30
2026-05-09 08:08:35,Muea to Malingo,5.14,8,Saturday,5,13.83,22.31,Low,Clouds,No Rain,0,0,0,0,0,1,Heavy Commercial Activity,High,30
2026-05-09 08:08:35,Clerks Quarters to Governor Junction,1.33,8,Saturday,5,2.35,34.01,Low,Clouds,No Rain,0,0,0,0,0,1,Heavy Commercial Activity,High,30
2026-05-09 08:08:35,Governor Junction to Long Street,0.0,8,Saturday,5,0.0,0,Low,Clouds,No Rain,0,0,0,0,0,1,Heavy Commercial Activity,High,30
2026-05-09 08:08:35,Long Street to Bongo Square,1.24,8,Saturday,5,2.18,33.94,Low,Clouds,No Rain,0,0,0,0,0,1,Heavy Commercial Activity,High,30
2026-05-09 08:08:35,Governor Junction to Buea Town,0.0,8,Saturday,5,0.0,0,Low,Clouds,No Rain,0,0,0,0,0,1,Heavy Commercial Activity,High,30
2026-05-09 08:08:35,Molyko to UB Junction,6.39,8,Saturday,5,18.83,20.35,Low,Clouds,No Rain,0,0,0,0,0,1,Heavy Commercial Activity,High,30
2026-05-09 08:08:35,UB Junction to Bonduma,3.88,8,Saturday,5,14.65,15.91,Low,Clouds,No Rain,0,0,0,0,0,1,Heavy Commercial Activity,High,30
2026-05-09 08:08:35,Check Point to Molyko,4.17,8,Saturday,5,11.58,21.61,Low,Clouds,No Rain,0,0,0,0,0,1,Heavy Commercial Activity,High,30
2026-05-09 08:08:35,Great Soppo to Check Point,4.01,8,Saturday,5,10.9,22.08,Low,Clouds,No Rain,0,0,0,0,0,1,Heavy Commercial Activity,High,30
2026-05-09 08:08:35,Malingo to Bonduma,3.65,8,Saturday,5,12.07,18.17,Low,Clouds,No Rain,0,0,0,0,0,1,Heavy Commercial Activity,High,30
2026-05-09 08:08:35,Buea Town to Malingo,5.14,8,Saturday,5,13.83,22.31,Low,Clouds,No Rain,0,0,0,0,0,1,Heavy Commercial Activity,High,30
2026-05-09 08:08:35,Buea Town to Muea,0.0,8,Saturday,5,0.0,0,Low,Clouds,No Rain,0,0,0,0,0,1,Heavy Commercial Activity,High,30
2026-05-09 08:18:35,Bonduma Gate to Mile 17,3.81,8,Saturday,5,10.03,22.8,Low,Clouds,No Rain,0,0,0,0,0,1,Heavy Commercial Activity,High,30
2026-05-09 08:18:35,Bonduma to UB Junction,3.95,8,Saturday,5,13.1,18.07,Low,Clouds,No Rain,0,0,0,0,0,1,Heavy Commercial Activity,High,30
2026-05-09 08:18:35,Bonduma to Molyko,3.11,8,Saturday,5,9.88,18.89,Low,Clouds,No Rain,0,0,0,0,0,1,Heavy Commercial Activity,High,30
2026-05-09 08:18:35,Bonduma to Check Point,1.73,8,Saturday,5,5.0,20.77,Low,Clouds,No Rain,0,0,0,0,0,1,Heavy Commercial Activity,High,30
2026-05-09 08:18:35,Bonduma to Muea,2.06,8,Saturday,5,6.35,19.47,Low,Clouds,No Rain,0,0,0,0,0,1,Heavy Commercial Activity,High,30
2026-05-09 08:18:35,Bonduma to Great Soppo,2.95,8,Saturday,5,9.7,18.25,Low,Clouds,No Rain,0,0,0,0,0,1,Heavy Commercial Activity,High,30
2026-05-09 08:18:35,Bonduma to Buea Town,2.06,8,Saturday,5,6.35,19.47,Low,Clouds,No Rain,0,0,0,0,0,1,Heavy Commercial Activity,High,30
2026-05-09 08:18:35,Mile 16 to Mile 17,4.4,8,Saturday,5,10.98,24.05,Low,Clouds,No Rain,0,0,0,0,0,1,Heavy Commercial Activity,High,30
2026-05-09 08:18:35,Mile 17 to Malingo,1.54,8,Saturday,5,5.35,17.3,Low,Clouds,No Rain,0,0,0,0,0,1,Heavy Commercial Activity,High,30
2026-05-09 08:18:35,Mile 17 to UB Junction,2.05,8,Saturday,5,7.65,16.1,Low,Clouds,No Rain,0,0,0,0,0,1,Heavy Commercial Activity,High,30
2026-05-09 08:18:35,Mile 17 to Check Point,2.47,8,Saturday,5,9.88,15.01,Low,Clouds,No Rain,0,0,0,0,0,1,Heavy Commercial Activity,High,30
2026-05-09 08:18:35,Mile 17 to Muea,5.59,8,Saturday,5,18.32,18.32,Low,Clouds,No Rain,0,0,0,0,0,1,Heavy Commercial Activity,High,30
2026-05-09 08:18:35,Mile 17 to Great Soppo,6.48,8,Saturday,5,21.67,17.95,Low,Clouds,No Rain,0,0,0,0,0,1,Heavy Commercial Activity,High,30
2026-05-09 08:18:35,Malingo to UB Junction,3.47,8,Saturday,5,11.48,18.13,Low,Clouds,No Rain,0,0,0,0,0,1,Heavy Commercial Activity,High,30
2026-05-09 08:18:35,Malingo to Check Point,1.92,8,Saturday,5,7.13,16.17,Low,Clouds,No Rain,0,0,0,0,0,1,Heavy Commercial Activity,High,30
2026-05-09 08:18:35,Malingo to Molyko,6.09,8,Saturday,5,18.6,19.66,Low,Clouds,No Rain,0,0,0,0,0,1,Heavy Commercial Activity,High,30
2026-05-09 08:18:35,Malingo to Muea,5.04,8,Saturday,5,15.4,19.66,Low,Clouds,No Rain,0,0,0,0,0,1,Heavy Commercial Activity,High,30
2026-05-09 08:18:35,Malingo to Buea Town,5.04,8,Saturday,5,15.4,19.66,Low,Clouds,No Rain,0,0,0,0,0,1,Heavy Commercial Activity,High,30
2026-05-09 08:18:35,UB Junction to Molyko,6.33,8,Saturday,5,20.9,18.16,Low,Clouds,No Rain,0,0,0,0,0,1,Heavy Commercial Activity,High,30
2026-05-09 08:18:35,UB Junction to Check Point,2.15,8,Saturday,5,9.9,13.06,Low,Clouds,No Rain,0,0,0,0,0,1,Heavy Commercial Activity,High,30
2026-05-09 08:18:35,UB Junction to Great Soppo,6.17,8,Saturday,5,21.67,17.07,Low,Clouds,No Rain,0,0,0,0,0,1,Heavy Commercial Activity,High,30
2026-05-09 08:18:35,UB Junction to Buea Town,5.28,8,Saturday,5,18.33,17.27,Low,Clouds,No Rain,0,0,0,0,0,1,Heavy Commercial Activity,High,30
2026-05-09 08:18:35,UB Junction to Muea,5.28,8,Saturday,5,18.33,17.27,Low,Clouds,No Rain,0,0,0,0,0,1,Heavy Commercial Activity,High,30
2026-05-09 08:18:35,Molyko to Check Point,4.17,8,Saturday,5,11.37,22.02,Low,Clouds,No Rain,0,0,0,0,0,1,Heavy Commercial Activity,High,30
2026-05-09 08:18:35,Molyko to Great Soppo,2.03,8,Saturday,5,5.9,20.63,Low,Clouds,No Rain,0,0,0,0,0,1,Heavy Commercial Activity,High,30
2026-05-09 08:18:35,Molyko to Small Soppo,3.57,8,Saturday,5,12.45,17.22,Low,Clouds,No Rain,0,0,0,0,0,1,Heavy Commercial Activity,High,30
2026-05-09 08:18:35,Molyko to Bongo Square,4.15,8,Saturday,5,12.08,20.62,Low,Clouds,No Rain,0,0,0,0,0,1,Heavy Commercial Activity,High,30
2026-05-09 08:18:35,Molyko to Buea Town,2.92,8,Saturday,5,9.23,18.96,Low,Clouds,No Rain,0,0,0,0,0,1,Heavy Commercial Activity,High,30
2026-05-09 08:18:35,Molyko to Muea,2.92,8,Saturday,5,9.23,18.96,Low,Clouds,No Rain,0,0,0,0,0,1,Heavy Commercial Activity,High,30
2026-05-09 08:18:35,Molyko to Bokwango,6.15,8,Saturday,5,22.35,16.52,Low,Clouds,No Rain,0,0,0,0,0,1,Heavy Commercial Activity,High,30
2026-05-09 08:18:35,Check Point to Buea Town,3.12,8,Saturday,5,8.13,23.03,Low,Clouds,No Rain,0,0,0,0,0,1,Heavy Commercial Activity,High,30
2026-05-09 08:18:35,Check Point to Great Soppo,4.01,8,Saturday,5,11.47,20.99,Low,Clouds,No Rain,0,0,0,0,0,1,Heavy Commercial Activity,High,30
2026-05-09 08:18:35,Check Point to Small Soppo,3.78,8,Saturday,5,10.63,21.32,Low,Clouds,No Rain,0,0,0,0,0,1,Heavy Commercial Activity,High,30
2026-05-09 08:18:35,Check Point to Bongo Square,4.36,8,Saturday,5,10.3,25.38,Low,Clouds,No Rain,0,0,0,0,0,1,Heavy Commercial Activity,High,30
2026-05-09 08:18:35,Check Point to Muea,3.12,8,Saturday,5,8.13,23.03,Low,Clouds,No Rain,0,0,0,0,0,1,Heavy Commercial Activity,High,30
2026-05-09 08:18:35,Great Soppo to Small Soppo,1.54,8,Saturday,5,6.08,15.24,Low,Clouds,No Rain,0,0,0,0,0,1,Heavy Commercial Activity,High,30
2026-05-09 08:18:35,Great Soppo to Bongo Square,2.12,8,Saturday,5,5.85,21.78,Low,Clouds,No Rain,0,0,0,0,0,1,Heavy Commercial Activity,High,30
2026-05-09 08:18:35,Great Soppo to Buea Town,0.89,8,Saturday,5,3.33,16.0,Low,Clouds,No Rain,0,0,0,0,0,1,Heavy Commercial Activity,High,30
2026-05-09 08:18:35,Great Soppo to Muea,0.89,8,Saturday,5,3.33,16.0,Low,Clouds,No Rain,0,0,0,0,0,1,Heavy Commercial Activity,High,30
2026-05-09 08:18:35,Small Soppo to Bongo Square,1.07,8,Saturday,5,3.68,17.4,Low,Clouds,No Rain,0,0,0,0,0,1,Heavy Commercial Activity,High,30
2026-05-09 08:18:35,Small Soppo to Buea Town,0.52,8,Saturday,5,2.72,11.37,Low,Clouds,No Rain,0,0,0,0,0,1,Heavy Commercial Activity,High,30
2026-05-09 08:18:35,Small Soppo to Muea,0.52,8,Saturday,5,2.72,11.37,Low,Clouds,No Rain,0,0,0,0,0,1,Heavy Commercial Activity,High,30
2026-05-09 08:18:35,Bongo Square to Buea Town,1.24,8,Saturday,5,2.03,36.44,Low,Clouds,No Rain,0,0,0,0,0,1,Heavy Commercial Activity,High,30
2026-05-09 08:18:35,Bongo Square to Muea,1.24,8,Saturday,5,2.03,36.44,Low,Clouds,No Rain,0,0,0,0,0,1,Heavy Commercial Activity,High,30
2026-05-09 08:18:35,Bokwango to Molyko,6.15,8,Saturday,5,22.52,16.4,Low,Clouds,No Rain,0,0,0,0,0,1,Heavy Commercial Activity,High,30
2026-05-09 08:18:35,Bokwango to Check Point,5.26,8,Saturday,5,20.27,15.58,Low,Clouds,No Rain,0,0,0,0,0,1,Heavy Commercial Activity,High,30
2026-05-09 08:18:35,Bokwango to Buea Town,8.38,8,Saturday,5,28.77,17.49,Low,Clouds,No Rain,0,0,0,0,0,1,Heavy Commercial Activity,High,30
2026-05-09 08:18:35,Bokwango to Great Soppo,9.27,8,Saturday,5,32.1,17.33,Low,Clouds,No Rain,0,0,0,0,0,1,Heavy Commercial Activity,High,30
2026-05-09 08:18:35,Muea to Great Soppo,0.89,8,Saturday,5,3.33,16.0,Low,Clouds,No Rain,0,0,0,0,0,1,Heavy Commercial Activity,High,30
2026-05-09 08:18:35,Muea to Molyko,2.92,8,Saturday,5,9.1,19.24,Low,Clouds,No Rain,0,0,0,0,0,1,Heavy Commercial Activity,High,30
2026-05-09 08:18:35,Muea to Check Point,3.12,8,Saturday,5,7.05,26.57,Low,Clouds,No Rain,0,0,0,0,0,1,Heavy Commercial Activity,High,30
2026-05-09 08:18:35,Muea to Buea Town,0.0,8,Saturday,5,0.0,0,Low,Clouds,No Rain,0,0,0,0,0,1,Heavy Commercial Activity,High,30
2026-05-09 08:18:35,Muea to Bonduma,2.06,8,Saturday,5,5.5,22.48,Low,Clouds,No Rain,0,0,0,0,0,1,Heavy Commercial Activity,High,30
2026-05-09 08:18:35,Muea to Malingo,5.14,8,Saturday,5,13.77,22.42,Low,Clouds,No Rain,0,0,0,0,0,1,Heavy Commercial Activity,High,30
2026-05-09 08:18:35,Clerks Quarters to Governor Junction,1.33,8,Saturday,5,2.37,33.77,Low,Clouds,No Rain,0,0,0,0,0,1,Heavy Commercial Activity,High,30
2026-05-09 08:18:35,Governor Junction to Long Street,0.0,8,Saturday,5,0.0,0,Low,Clouds,No Rain,0,0,0,0,0,1,Heavy Commercial Activity,High,30
2026-05-09 08:18:35,Long Street to Bongo Square,1.24,8,Saturday,5,2.18,33.94,Low,Clouds,No Rain,0,0,0,0,0,1,Heavy Commercial Activity,High,30
2026-05-09 08:18:35,Governor Junction to Buea Town,0.0,8,Saturday,5,0.0,0,Low,Clouds,No Rain,0,0,0,0,0,1,Heavy Commercial Activity,High,30
2026-05-09 08:18:35,Molyko to UB Junction,6.39,8,Saturday,5,18.93,20.24,Low,Clouds,No Rain,0,0,0,0,0,1,Heavy Commercial Activity,High,30
2026-05-09 08:18:35,UB Junction to Bonduma,3.88,8,Saturday,5,15.35,15.19,Low,Clouds,No Rain,0,0,0,0,0,1,Heavy Commercial Activity,High,30
2026-05-09 08:18:35,Check Point to Molyko,4.17,8,Saturday,5,11.55,21.67,Low,Clouds,No Rain,0,0,0,0,0,1,Heavy Commercial Activity,High,30
2026-05-09 08:18:35,Great Soppo to Check Point,4.01,8,Saturday,5,10.97,21.94,Low,Clouds,No Rain,0,0,0,0,0,1,Heavy Commercial Activity,High,30
2026-05-09 08:18:35,Malingo to Bonduma,3.65,8,Saturday,5,12.33,17.78,Low,Clouds,No Rain,0,0,0,0,0,1,Heavy Commercial Activity,High,30
2026-05-09 08:18:35,Buea Town to Malingo,5.14,8,Saturday,5,13.83,22.31,Low,Clouds,No Rain,0,0,0,0,0,1,Heavy Commercial Activity,High,30
2026-05-09 08:18:35,Buea Town to Muea,0.0,8,Saturday,5,0.0,0,Low,Clouds,No Rain,0,0,0,0,0,1,Heavy Commercial Activity,High,30
2026-05-09 08:28:35,Bonduma to UB Junction,3.95,8,Saturday,5,13.25,17.87,Low,Error,Unknown,0,0,0,0,0,1,Heavy Commercial Activity,High,30
2026-05-09 08:28:35,Bonduma to Molyko,3.11,8,Saturday,5,9.88,18.89,Low,Error,Unknown,0,0,0,0,0,1,Heavy Commercial Activity,High,30
2026-05-09 08:28:35,Bonduma to Check Point,1.73,8,Saturday,5,5.03,20.63,Low,Error,Unknown,0,0,0,0,0,1,Heavy Commercial Activity,High,30
2026-05-09 08:28:35,Bonduma to Muea,2.06,8,Saturday,5,6.48,19.07,Low,Error,Unknown,0,0,0,0,0,1,Heavy Commercial Activity,High,30
2026-05-09 08:28:35,Bonduma to Great Soppo,2.95,8,Saturday,5,9.82,18.03,Low,Error,Unknown,0,0,0,0,0,1,Heavy Commercial Activity,High,30
2026-05-09 08:28:35,Bonduma to Buea Town,2.06,8,Saturday,5,6.48,19.07,Low,Error,Unknown,0,0,0,0,0,1,Heavy Commercial Activity,High,30
2026-05-09 08:28:35,Mile 16 to Mile 17,4.4,8,Saturday,5,11.27,23.44,Low,Error,Unknown,0,0,0,0,0,1,Heavy Commercial Activity,High,30
2026-05-09 08:28:35,Mile 17 to Malingo,1.54,8,Saturday,5,5.45,16.99,Low,Error,Unknown,0,0,0,0,0,1,Heavy Commercial Activity,High,30
2026-05-09 08:28:35,Mile 17 to UB Junction,2.05,8,Saturday,5,7.6,16.21,Low,Error,Unknown,0,0,0,0,0,1,Heavy Commercial Activity,High,30
2026-05-09 08:28:35,Mile 17 to Check Point,2.47,8,Saturday,5,9.9,14.98,Low,Error,Unknown,0,0,0,0,0,1,Heavy Commercial Activity,High,30
2026-05-09 08:28:35,Mile 17 to Muea,5.59,8,Saturday,5,18.33,18.31,Low,Error,Unknown,0,0,0,0,0,1,Heavy Commercial Activity,High,30
2026-05-09 08:28:35,Mile 17 to Great Soppo,6.48,8,Saturday,5,21.67,17.95,Low,Error,Unknown,0,0,0,0,0,1,Heavy Commercial Activity,High,30
2026-05-09 08:28:35,Malingo to UB Junction,3.47,8,Saturday,5,11.43,18.2,Low,Error,Unknown,0,0,0,0,0,1,Heavy Commercial Activity,High,30
2026-05-09 08:28:35,Malingo to Check Point,1.92,8,Saturday,5,7.13,16.17,Low,Error,Unknown,0,0,0,0,0,1,Heavy Commercial Activity,High,30
2026-05-09 08:28:35,Malingo to Molyko,6.09,8,Saturday,5,18.57,19.7,Low,Error,Unknown,0,0,0,0,0,1,Heavy Commercial Activity,High,30
2026-05-09 08:28:35,Malingo to Muea,5.04,8,Saturday,5,15.42,19.63,Low,Error,Unknown,0,0,0,0,0,1,Heavy Commercial Activity,High,30
2026-05-09 08:28:35,Malingo to Buea Town,5.04,8,Saturday,5,15.42,19.63,Low,Error,Unknown,0,0,0,0,0,1,Heavy Commercial Activity,High,30
2026-05-09 08:28:35,UB Junction to Molyko,6.33,8,Saturday,5,20.85,18.2,Low,Error,Unknown,0,0,0,0,0,1,Heavy Commercial Activity,High,30
2026-05-09 08:28:35,UB Junction to Check Point,2.15,8,Saturday,5,9.95,12.99,Low,Error,Unknown,0,0,0,0,0,1,Heavy Commercial Activity,High,30
2026-05-09 08:28:35,UB Junction to Great Soppo,6.17,8,Saturday,5,21.7,17.05,Low,Error,Unknown,0,0,0,0,0,1,Heavy Commercial Activity,High,30
2026-05-09 08:28:35,UB Junction to Buea Town,5.28,8,Saturday,5,18.35,17.25,Low,Error,Unknown,0,0,0,0,0,1,Heavy Commercial Activity,High,30
2026-05-09 08:28:35,UB Junction to Muea,5.28,8,Saturday,5,18.35,17.25,Low,Error,Unknown,0,0,0,0,0,1,Heavy Commercial Activity,High,30
2026-05-09 08:28:35,Molyko to Check Point,4.17,8,Saturday,5,11.47,21.83,Low,Error,Unknown,0,0,0,0,0,1,Heavy Commercial Activity,High,30
2026-05-09 08:28:35,Molyko to Great Soppo,2.03,8,Saturday,5,5.9,20.63,Low,Error,Unknown,0,0,0,0,0,1,Heavy Commercial Activity,High,30
2026-05-09 08:28:35,Molyko to Small Soppo,3.57,8,Saturday,5,12.45,17.22,Low,Error,Unknown,0,0,0,0,0,1,Heavy Commercial Activity,High,30
2026-05-09 08:28:35,Molyko to Bongo Square,4.15,8,Saturday,5,12.18,20.45,Low,Error,Unknown,0,0,0,0,0,1,Heavy Commercial Activity,High,30
2026-05-09 08:28:35,Molyko to Buea Town,2.92,8,Saturday,5,9.23,18.96,Low,Error,Unknown,0,0,0,0,0,1,Heavy Commercial Activity,High,30
2026-05-09 08:28:35,Molyko to Muea,2.92,8,Saturday,5,9.23,18.96,Low,Error,Unknown,0,0,0,0,0,1,Heavy Commercial Activity,High,30
2026-05-09 08:28:35,Molyko to Bokwango,6.15,8,Saturday,5,22.4,16.48,Low,Error,Unknown,0,0,0,0,0,1,Heavy Commercial Activity,High,30
2026-05-09 08:28:35,Check Point to Buea Town,3.12,8,Saturday,5,8.57,21.87,Low,Error,Unknown,0,0,0,0,0,1,Heavy Commercial Activity,High,30
2026-05-09 08:28:35,Check Point to Great Soppo,4.01,8,Saturday,5,11.9,20.22,Low,Error,Unknown,0,0,0,0,0,1,Heavy Commercial Activity,High,30
2026-05-09 08:28:35,Check Point to Small Soppo,3.78,8,Saturday,5,11.07,20.48,Low,Error,Unknown,0,0,0,0,0,1,Heavy Commercial Activity,High,30
2026-05-09 08:28:35,Check Point to Bongo Square,4.36,8,Saturday,5,10.77,24.28,Low,Error,Unknown,0,0,0,0,0,1,Heavy Commercial Activity,High,30
2026-05-09 08:28:35,Check Point to Muea,3.12,8,Saturday,5,8.57,21.87,Low,Error,Unknown,0,0,0,0,0,1,Heavy Commercial Activity,High,30
2026-05-09 08:28:35,Great Soppo to Small Soppo,1.54,8,Saturday,5,6.12,15.16,Low,Error,Unknown,0,0,0,0,0,1,Heavy Commercial Activity,High,30
2026-05-09 08:28:35,Great Soppo to Bongo Square,2.12,8,Saturday,5,5.87,21.72,Low,Error,Unknown,0,0,0,0,0,1,Heavy Commercial Activity,High,30
2026-05-09 08:28:35,Great Soppo to Buea Town,0.89,8,Saturday,5,3.33,16.0,Low,Error,Unknown,0,0,0,0,0,1,Heavy Commercial Activity,High,30
2026-05-09 08:28:35,Great Soppo to Muea,0.89,8,Saturday,5,3.33,16.0,Low,Error,Unknown,0,0,0,0,0,1,Heavy Commercial Activity,High,30
2026-05-09 08:28:35,Bokwango to Buea Town,8.38,8,Saturday,5,28.57,17.61,Low,Error,Unknown,0,0,0,0,0,1,Heavy Commercial Activity,High,30
2026-05-09 08:28:35,Bokwango to Great Soppo,9.27,8,Saturday,5,31.9,17.44,Low,Error,Unknown,0,0,0,0,0,1,Heavy Commercial Activity,High,30
2026-05-09 08:28:35,Muea to Great Soppo,0.89,8,Saturday,5,3.33,16.0,Low,Error,Unknown,0,0,0,0,0,1,Heavy Commercial Activity,High,30
2026-05-09 08:28:35,Muea to Molyko,2.92,8,Saturday,5,9.1,19.24,Low,Error,Unknown,0,0,0,0,0,1,Heavy Commercial Activity,High,30
2026-05-09 08:28:35,Muea to Check Point,3.12,8,Saturday,5,7.42,25.26,Low,Error,Unknown,0,0,0,0,0,1,Heavy Commercial Activity,High,30
2026-05-09 08:28:35,Muea to Buea Town,0.0,8,Saturday,5,0.0,0,Low,Error,Unknown,0,0,0,0,0,1,Heavy Commercial Activity,High,30
2026-05-09 08:28:35,Muea to Bonduma,2.06,8,Saturday,5,5.77,21.44,Low,Error,Unknown,0,0,0,0,0,1,Heavy Commercial Activity,High,30
2026-05-09 08:28:35,Muea to Malingo,5.14,8,Saturday,5,14.3,21.58,Low,Error,Unknown,0,0,0,0,0,1,Heavy Commercial Activity,High,30
2026-05-09 08:28:35,Clerks Quarters to Governor Junction,1.33,8,Saturday,5,2.38,33.53,Low,Error,Unknown,0,0,0,0,0,1,Heavy Commercial Activity,High,30
2026-05-09 08:28:35,Governor Junction to Long Street,0.0,8,Saturday,5,0.0,0,Low,Error,Unknown,0,0,0,0,0,1,Heavy Commercial Activity,High,30
2026-05-09 08:28:35,Long Street to Bongo Square,1.24,8,Saturday,5,2.18,33.94,Low,Error,Unknown,0,0,0,0,0,1,Heavy Commercial Activity,High,30
2026-05-09 08:28:35,Governor Junction to Buea Town,0.0,8,Saturday,5,0.0,0,Low,Error,Unknown,0,0,0,0,0,1,Heavy Commercial Activity,High,30
2026-05-09 08:28:35,Molyko to UB Junction,6.39,8,Saturday,5,19.15,20.01,Low,Error,Unknown,0,0,0,0,0,1,Heavy Commercial Activity,High,30
2026-05-09 08:28:35,UB Junction to Bonduma,3.88,8,Saturday,5,15.17,15.37,Low,Error,Unknown,0,0,0,0,0,1,Heavy Commercial Activity,High,30
2026-05-09 08:28:35,Check Point to Molyko,4.17,8,Saturday,5,11.95,20.95,Low,Error,Unknown,0,0,0,0,0,1,Heavy Commercial Activity,High,30
2026-05-09 08:28:35,Great Soppo to Check Point,4.01,8,Saturday,5,11.3,21.3,Low,Error,Unknown,0,0,0,0,0,1,Heavy Commercial Activity,High,30
2026-05-09 08:28:35,Malingo to Bonduma,3.65,8,Saturday,5,12.18,18.0,Low,Error,Unknown,0,0,0,0,0,1,Heavy Commercial Activity,High,30
2026-05-09 08:28:35,Buea Town to Malingo,5.14,8,Saturday,5,14.3,21.58,Low,Error,Unknown,0,0,0,0,0,1,Heavy Commercial Activity,High,30
2026-05-09 08:28:35,Buea Town to Muea,0.0,8,Saturday,5,0.0,0,Low,Error,Unknown,0,0,0,0,0,1,Heavy Commercial Activity,High,30
2026-05-09 08:38:35,Bonduma Gate to Mile 17,3.81,8,Saturday,5,10.62,21.55,Low,Clouds,No Rain,0,0,0,0,0,1,Heavy Commercial Activity,High,30
2026-05-09 08:38:35,Bonduma to UB Junction,3.95,8,Saturday,5,13.5,17.54,Low,Clouds,No Rain,0,0,0,0,0,1,Heavy Commercial Activity,High,30
2026-05-09 08:38:35,Bonduma to Molyko,3.11,8,Saturday,5,9.88,18.89,Low,Clouds,No Rain,0,0,0,0,0,1,Heavy Commercial Activity,High,30
2026-05-09 08:38:35,Bonduma to Check Point,1.73,8,Saturday,5,5.1,20.36,Low,Clouds,No Rain,0,0,0,0,0,1,Heavy Commercial Activity,High,30
2026-05-09 08:38:35,Bonduma to Muea,2.06,8,Saturday,5,6.55,18.88,Low,Clouds,No Rain,0,0,0,0,0,1,Heavy Commercial Activity,High,30
2026-05-09 08:38:35,Bonduma to Great Soppo,2.95,8,Saturday,5,9.88,17.91,Low,Clouds,No Rain,0,0,0,0,0,1,Heavy Commercial Activity,High,30
2026-05-09 08:38:35,Bonduma to Buea Town,2.06,8,Saturday,5,6.55,18.88,Low,Clouds,No Rain,0,0,0,0,0,1,Heavy Commercial Activity,High,30
2026-05-09 08:38:35,Mile 16 to Mile 17,4.4,8,Saturday,5,11.73,22.51,Low,Clouds,No Rain,0,0,0,0,0,1,Heavy Commercial Activity,High,30
2026-05-09 08:38:35,Mile 17 to Malingo,1.54,8,Saturday,5,5.28,17.52,Low,Clouds,No Rain,0,0,0,0,0,1,Heavy Commercial Activity,High,30
2026-05-09 08:38:35,Mile 17 to UB Junction,2.05,8,Saturday,5,7.4,16.65,Low,Clouds,No Rain,0,0,0,0,0,1,Heavy Commercial Activity,High,30
2026-05-09 08:38:35,Mile 17 to Check Point,2.47,8,Saturday,5,9.52,15.59,Low,Clouds,No Rain,0,0,0,0,0,1,Heavy Commercial Activity,High,30
2026-05-09 08:38:35,Mile 17 to Muea,5.59,8,Saturday,5,18.03,18.61,Low,Clouds,No Rain,0,0,0,0,0,1,Heavy Commercial Activity,High,30
2026-05-09 08:38:35,Mile 17 to Great Soppo,6.48,8,Saturday,5,21.37,18.2,Low,Clouds,No Rain,0,0,0,0,0,1,Heavy Commercial Activity,High,30
2026-05-09 08:38:35,Malingo to UB Junction,3.47,8,Saturday,5,11.38,18.28,Low,Clouds,No Rain,0,0,0,0,0,1,Heavy Commercial Activity,High,30
2026-05-09 08:38:35,Malingo to Check Point,1.92,8,Saturday,5,7.13,16.17,Low,Clouds,No Rain,0,0,0,0,0,1,Heavy Commercial Activity,High,30
2026-05-09 08:38:35,Malingo to Molyko,6.09,8,Saturday,5,18.4,19.88,Low,Clouds,No Rain,0,0,0,0,0,1,Heavy Commercial Activity,High,30
2026-05-09 08:38:35,Malingo to Muea,5.04,8,Saturday,5,15.45,19.59,Low,Clouds,No Rain,0,0,0,0,0,1,Heavy Commercial Activity,High,30
2026-05-09 08:38:35,Malingo to Buea Town,5.04,8,Saturday,5,15.45,19.59,Low,Clouds,No Rain,0,0,0,0,0,1,Heavy Commercial Activity,High,30
2026-05-09 08:38:35,UB Junction to Molyko,6.33,8,Saturday,5,20.62,18.41,Low,Clouds,No Rain,0,0,0,0,0,1,Heavy Commercial Activity,High,30
2026-05-09 08:38:35,UB Junction to Check Point,2.15,8,Saturday,5,9.75,13.26,Low,Clouds,No Rain,0,0,0,0,0,1,Heavy Commercial Activity,High,30
2026-05-09 08:38:35,UB Junction to Great Soppo,6.17,8,Saturday,5,21.62,17.11,Low,Clouds,No Rain,0,0,0,0,0,1,Heavy Commercial Activity,High,30
2026-05-09 08:38:35,UB Junction to Buea Town,5.28,8,Saturday,5,18.28,17.31,Low,Clouds,No Rain,0,0,0,0,0,1,Heavy Commercial Activity,High,30
2026-05-09 08:38:35,UB Junction to Muea,5.28,8,Saturday,5,18.28,17.31,Low,Clouds,No Rain,0,0,0,0,0,1,Heavy Commercial Activity,High,30
2026-05-09 08:38:35,Molyko to Check Point,4.17,8,Saturday,5,11.48,21.8,Low,Clouds,No Rain,0,0,0,0,0,1,Heavy Commercial Activity,High,30
2026-05-09 08:38:35,Molyko to Great Soppo,2.03,8,Saturday,5,5.9,20.63,Low,Clouds,No Rain,0,0,0,0,0,1,Heavy Commercial Activity,High,30
2026-05-09 08:38:35,Molyko to Small Soppo,3.57,8,Saturday,5,12.47,17.2,Low,Clouds,No Rain,0,0,0,0,0,1,Heavy Commercial Activity,High,30
2026-05-09 08:38:35,Molyko to Bongo Square,4.15,8,Saturday,5,12.2,20.42,Low,Clouds,No Rain,0,0,0,0,0,1,Heavy Commercial Activity,High,30
2026-05-09 08:38:35,Molyko to Muea,2.92,8,Saturday,5,9.23,18.96,Low,Clouds,No Rain,0,0,0,0,0,1,Heavy Commercial Activity,High,30
2026-05-09 08:38:35,Molyko to Bokwango,6.15,8,Saturday,5,22.45,16.44,Low,Clouds,No Rain,0,0,0,0,0,1,Heavy Commercial Activity,High,30
2026-05-09 08:38:35,Check Point to Buea Town,3.12,8,Saturday,5,8.43,22.21,Low,Clouds,No Rain,0,0,0,0,0,1,Heavy Commercial Activity,High,30
2026-05-09 08:38:35,Check Point to Small Soppo,3.78,8,Saturday,5,10.9,20.8,Low,Clouds,No Rain,0,0,0,0,0,1,Heavy Commercial Activity,High,30
2026-05-09 08:38:35,Check Point to Bongo Square,4.36,8,Saturday,5,10.58,24.7,Low,Clouds,No Rain,0,0,0,0,0,1,Heavy Commercial Activity,High,30
2026-05-09 08:38:35,Check Point to Muea,3.12,8,Saturday,5,8.4,22.3,Low,Clouds,No Rain,0,0,0,0,0,1,Heavy Commercial Activity,High,30
2026-05-09 08:38:35,Great Soppo to Small Soppo,1.54,8,Saturday,5,6.13,15.11,Low,Clouds,No Rain,0,0,0,0,0,1,Heavy Commercial Activity,High,30
2026-05-09 08:38:35,Great Soppo to Bongo Square,2.12,8,Saturday,5,5.88,21.66,Low,Clouds,No Rain,0,0,0,0,0,1,Heavy Commercial Activity,High,30
2026-05-09 08:38:35,Great Soppo to Buea Town,0.89,8,Saturday,5,3.33,16.0,Low,Clouds,No Rain,0,0,0,0,0,1,Heavy Commercial Activity,High,30
2026-05-09 08:38:35,Great Soppo to Muea,0.89,8,Saturday,5,3.33,16.0,Low,Clouds,No Rain,0,0,0,0,0,1,Heavy Commercial Activity,High,30
2026-05-09 08:38:35,Small Soppo to Bongo Square,1.07,8,Saturday,5,3.7,17.32,Low,Clouds,No Rain,0,0,0,0,0,1,Heavy Commercial Activity,High,30
2026-05-09 08:38:35,Small Soppo to Buea Town,0.52,8,Saturday,5,2.72,11.37,Low,Clouds,No Rain,0,0,0,0,0,1,Heavy Commercial Activity,High,30
2026-05-09 08:38:35,Small Soppo to Muea,0.52,8,Saturday,5,2.72,11.37,Low,Clouds,No Rain,0,0,0,0,0,1,Heavy Commercial Activity,High,30
2026-05-09 08:38:35,Bongo Square to Buea Town,1.24,8,Saturday,5,2.05,36.15,Low,Clouds,No Rain,0,0,0,0,0,1,Heavy Commercial Activity,High,30
2026-05-09 08:38:35,Bongo Square to Muea,1.24,8,Saturday,5,2.05,36.15,Low,Clouds,No Rain,0,0,0,0,0,1,Heavy Commercial Activity,High,30
2026-05-09 08:38:35,Bokwango to Molyko,6.15,8,Saturday,5,22.57,16.36,Low,Clouds,No Rain,0,0,0,0,0,1,Heavy Commercial Activity,High,30
2026-05-09 08:38:35,Bokwango to Check Point,5.26,8,Saturday,5,19.92,15.86,Low,Clouds,No Rain,0,0,0,0,0,1,Heavy Commercial Activity,High,30
2026-05-09 08:38:35,Bokwango to Buea Town,8.38,8,Saturday,5,28.57,17.61,Low,Clouds,No Rain,0,0,0,0,0,1,Heavy Commercial Activity,High,30
2026-05-09 08:38:35,Bokwango to Great Soppo,9.27,8,Saturday,5,31.92,17.43,Low,Clouds,No Rain,0,0,0,0,0,1,Heavy Commercial Activity,High,30
2026-05-09 08:38:35,Muea to Great Soppo,0.89,8,Saturday,5,3.33,16.0,Low,Clouds,No Rain,0,0,0,0,0,1,Heavy Commercial Activity,High,30
2026-05-09 08:38:35,Muea to Molyko,2.92,8,Saturday,5,9.1,19.24,Low,Clouds,No Rain,0,0,0,0,0,1,Heavy Commercial Activity,High,30
2026-05-09 08:38:35,Muea to Check Point,3.12,8,Saturday,5,7.55,24.81,Low,Clouds,No Rain,0,0,0,0,0,1,Heavy Commercial Activity,High,30
2026-05-09 08:38:35,Muea to Buea Town,0.0,8,Saturday,5,0.0,0,Low,Clouds,No Rain,0,0,0,0,0,1,Heavy Commercial Activity,High,30
2026-05-09 08:38:35,Muea to Bonduma,2.06,8,Saturday,5,5.88,21.02,Low,Clouds,No Rain,0,0,0,0,0,1,Heavy Commercial Activity,High,30
2026-05-09 08:38:35,Muea to Malingo,5.14,8,Saturday,5,14.5,21.29,Low,Clouds,No Rain,0,0,0,0,0,1,Heavy Commercial Activity,High,30
2026-05-09 08:38:35,Clerks Quarters to Governor Junction,1.33,8,Saturday,5,2.4,33.3,Low,Clouds,No Rain,0,0,0,0,0,1,Heavy Commercial Activity,High,30
2026-05-09 08:38:35,Governor Junction to Long Street,0.0,8,Saturday,5,0.0,0,Low,Clouds,No Rain,0,0,0,0,0,1,Heavy Commercial Activity,High,30
2026-05-09 08:38:35,Long Street to Bongo Square,1.24,8,Saturday,5,2.22,33.43,Low,Clouds,No Rain,0,0,0,0,0,1,Heavy Commercial Activity,High,30
2026-05-09 08:38:35,Governor Junction to Buea Town,0.0,8,Saturday,5,0.0,0,Low,Clouds,No Rain,0,0,0,0,0,1,Heavy Commercial Activity,High,30
2026-05-09 08:38:35,Molyko to UB Junction,6.39,8,Saturday,5,19.27,19.89,Low,Clouds,No Rain,0,0,0,0,0,1,Heavy Commercial Activity,High,30
2026-05-09 08:38:35,UB Junction to Bonduma,3.88,8,Saturday,5,15.07,15.47,Low,Clouds,No Rain,0,0,0,0,0,1,Heavy Commercial Activity,High,30
2026-05-09 08:38:35,Check Point to Molyko,4.17,8,Saturday,5,11.72,21.36,Low,Clouds,No Rain,0,0,0,0,0,1,Heavy Commercial Activity,High,30
2026-05-09 08:38:35,Great Soppo to Check Point,4.01,8,Saturday,5,11.38,21.14,Low,Clouds,No Rain,0,0,0,0,0,1,Heavy Commercial Activity,High,30
2026-05-09 08:38:35,Malingo to Bonduma,3.65,8,Saturday,5,12.2,17.97,Low,Clouds,No Rain,0,0,0,0,0,1,Heavy Commercial Activity,High,30
2026-05-09 08:38:35,Buea Town to Malingo,5.14,8,Saturday,5,14.5,21.29,Low,Clouds,No Rain,0,0,0,0,0,1,Heavy Commercial Activity,High,30
2026-05-09 08:38:35,Buea Town to Muea,0.0,8,Saturday,5,0.0,0,Low,Clouds,No Rain,0,0,0,0,0,1,Heavy Commercial Activity,High,30
2026-05-09 08:48:35,Bonduma Gate to Mile 17,3.81,8,Saturday,5,10.45,21.89,Low,Clouds,No Rain,0,0,0,0,0,1,Heavy Commercial Activity,High,30
2026-05-09 08:48:35,Bonduma to UB Junction,3.95,8,Saturday,5,13.43,17.62,Low,Clouds,No Rain,0,0,0,0,0,1,Heavy Commercial Activity,High,30
2026-05-09 08:48:35,Bonduma to Molyko,3.11,8,Saturday,5,9.88,18.89,Low,Clouds,No Rain,0,0,0,0,0,1,Heavy Commercial Activity,High,30
2026-05-09 08:48:35,Bonduma to Check Point,1.73,8,Saturday,5,5.07,20.5,Low,Clouds,No Rain,0,0,0,0,0,1,Heavy Commercial Activity,High,30
2026-05-09 08:48:35,Bonduma to Muea,2.06,8,Saturday,5,6.68,18.5,Low,Clouds,No Rain,0,0,0,0,0,1,Heavy Commercial Activity,High,30
2026-05-09 08:48:35,Bonduma to Great Soppo,2.95,8,Saturday,5,10.02,17.67,Low,Clouds,No Rain,0,0,0,0,0,1,Heavy Commercial Activity,High,30
2026-05-09 08:48:35,Bonduma to Buea Town,2.06,8,Saturday,5,6.68,18.5,Low,Clouds,No Rain,0,0,0,0,0,1,Heavy Commercial Activity,High,30
2026-05-09 08:48:35,Mile 16 to Mile 17,4.4,8,Saturday,5,11.62,22.74,Low,Clouds,No Rain,0,0,0,0,0,1,Heavy Commercial Activity,High,30
2026-05-09 08:48:35,Mile 17 to Malingo,1.54,8,Saturday,5,5.33,17.36,Low,Clouds,No Rain,0,0,0,0,0,1,Heavy Commercial Activity,High,30
2026-05-09 08:48:35,Mile 17 to UB Junction,2.05,8,Saturday,5,7.3,16.87,Low,Clouds,No Rain,0,0,0,0,0,1,Heavy Commercial Activity,High,30
2026-05-09 08:48:35,Mile 17 to Check Point,2.47,8,Saturday,5,9.27,16.01,Low,Clouds,No Rain,0,0,0,0,0,1,Heavy Commercial Activity,High,30
2026-05-09 08:48:35,Mile 17 to Muea,5.59,8,Saturday,5,17.88,18.77,Low,Clouds,No Rain,0,0,0,0,0,1,Heavy Commercial Activity,High,30
2026-05-09 08:48:35,Mile 17 to Great Soppo,6.48,8,Saturday,5,21.22,18.33,Low,Clouds,No Rain,0,0,0,0,0,1,Heavy Commercial Activity,High,30
2026-05-09 08:48:35,Malingo to UB Junction,3.47,8,Saturday,5,11.38,18.28,Low,Clouds,No Rain,0,0,0,0,0,1,Heavy Commercial Activity,High,30
2026-05-09 08:48:35,Malingo to Check Point,1.92,8,Saturday,5,7.13,16.17,Low,Clouds,No Rain,0,0,0,0,0,1,Heavy Commercial Activity,High,30
2026-05-09 08:48:35,Malingo to Molyko,6.09,8,Saturday,5,18.52,19.75,Low,Clouds,No Rain,0,0,0,0,0,1,Heavy Commercial Activity,High,30
2026-05-09 08:48:35,Malingo to Muea,5.04,8,Saturday,5,15.6,19.4,Low,Clouds,No Rain,0,0,0,0,0,1,Heavy Commercial Activity,High,30
2026-05-09 08:48:35,Malingo to Buea Town,5.04,8,Saturday,5,15.6,19.4,Low,Clouds,No Rain,0,0,0,0,0,1,Heavy Commercial Activity,High,30
2026-05-09 08:48:35,UB Junction to Molyko,6.33,8,Saturday,5,20.42,18.59,Low,Clouds,No Rain,0,0,0,0,0,1,Heavy Commercial Activity,High,30
2026-05-09 08:48:35,UB Junction to Check Point,2.15,8,Saturday,5,9.6,13.47,Low,Clouds,No Rain,0,0,0,0,0,1,Heavy Commercial Activity,High,30
2026-05-09 08:48:35,UB Junction to Great Soppo,6.17,8,Saturday,5,21.57,17.15,Low,Clouds,No Rain,0,0,0,0,0,1,Heavy Commercial Activity,High,30
2026-05-09 08:48:35,UB Junction to Buea Town,5.28,8,Saturday,5,18.23,17.36,Low,Clouds,No Rain,0,0,0,0,0,1,Heavy Commercial Activity,High,30
2026-05-09 08:48:35,UB Junction to Muea,5.28,8,Saturday,5,18.23,17.36,Low,Clouds,No Rain,0,0,0,0,0,1,Heavy Commercial Activity,High,30
2026-05-09 08:48:35,Molyko to Check Point,4.17,8,Saturday,5,11.33,22.09,Low,Clouds,No Rain,0,0,0,0,0,1,Heavy Commercial Activity,High,30
2026-05-09 08:48:35,Molyko to Great Soppo,2.03,8,Saturday,5,5.9,20.63,Low,Clouds,No Rain,0,0,0,0,0,1,Heavy Commercial Activity,High,30
2026-05-09 08:48:35,Molyko to Small Soppo,3.57,8,Saturday,5,12.45,17.22,Low,Clouds,No Rain,0,0,0,0,0,1,Heavy Commercial Activity,High,30
2026-05-09 08:48:35,Molyko to Bongo Square,4.15,8,Saturday,5,12.07,20.65,Low,Clouds,No Rain,0,0,0,0,0,1,Heavy Commercial Activity,High,30
2026-05-09 08:48:35,Molyko to Buea Town,2.92,8,Saturday,5,9.23,18.96,Low,Clouds,No Rain,0,0,0,0,0,1,Heavy Commercial Activity,High,30
2026-05-09 08:48:35,Molyko to Muea,2.92,8,Saturday,5,9.23,18.96,Low,Clouds,No Rain,0,0,0,0,0,1,Heavy Commercial Activity,High,30
2026-05-09 08:48:35,Molyko to Bokwango,6.15,8,Saturday,5,22.48,16.42,Low,Clouds,No Rain,0,0,0,0,0,1,Heavy Commercial Activity,High,30
2026-05-09 08:48:35,Check Point to Buea Town,3.12,8,Saturday,5,8.57,21.87,Low,Clouds,No Rain,0,0,0,0,0,1,Heavy Commercial Activity,High,30
2026-05-09 08:48:35,Check Point to Great Soppo,4.01,8,Saturday,5,11.92,20.2,Low,Clouds,No Rain,0,0,0,0,0,1,Heavy Commercial Activity,High,30
2026-05-09 08:48:35,Check Point to Small Soppo,3.78,8,Saturday,5,11.05,20.51,Low,Clouds,No Rain,0,0,0,0,0,1,Heavy Commercial Activity,High,30
2026-05-09 08:48:35,Check Point to Bongo Square,4.36,8,Saturday,5,10.73,24.36,Low,Clouds,No Rain,0,0,0,0,0,1,Heavy Commercial Activity,High,30
2026-05-09 08:48:35,Check Point to Muea,3.12,8,Saturday,5,8.57,21.87,Low,Clouds,No Rain,0,0,0,0,0,1,Heavy Commercial Activity,High,30
2026-05-09 08:48:35,Great Soppo to Small Soppo,1.54,8,Saturday,5,6.13,15.11,Low,Clouds,No Rain,0,0,0,0,0,1,Heavy Commercial Activity,High,30
2026-05-09 08:48:35,Great Soppo to Bongo Square,2.12,8,Saturday,5,5.85,21.78,Low,Clouds,No Rain,0,0,0,0,0,1,Heavy Commercial Activity,High,30
2026-05-09 08:48:35,Great Soppo to Buea Town,0.89,8,Saturday,5,3.33,16.0,Low,Clouds,No Rain,0,0,0,0,0,1,Heavy Commercial Activity,High,30
2026-05-09 08:48:35,Great Soppo to Muea,0.89,8,Saturday,5,3.33,16.0,Low,Clouds,No Rain,0,0,0,0,0,1,Heavy Commercial Activity,High,30
2026-05-09 08:48:35,Small Soppo to Bongo Square,1.07,8,Saturday,5,3.7,17.32,Low,Clouds,No Rain,0,0,0,0,0,1,Heavy Commercial Activity,High,30
2026-05-09 08:48:35,Small Soppo to Buea Town,0.52,8,Saturday,5,2.73,11.3,Low,Clouds,No Rain,0,0,0,0,0,1,Heavy Commercial Activity,High,30
2026-05-09 08:48:35,Small Soppo to Muea,0.52,8,Saturday,5,2.73,11.3,Low,Clouds,No Rain,0,0,0,0,0,1,Heavy Commercial Activity,High,30
2026-05-09 08:48:35,Bongo Square to Buea Town,1.24,8,Saturday,5,2.05,36.15,Low,Clouds,No Rain,0,0,0,0,0,1,Heavy Commercial Activity,High,30
2026-05-09 08:48:35,Bongo Square to Muea,1.24,8,Saturday,5,2.05,36.15,Low,Clouds,No Rain,0,0,0,0,0,1,Heavy Commercial Activity,High,30
2026-05-09 08:48:35,Bokwango to Molyko,6.15,8,Saturday,5,22.48,16.42,Low,Clouds,No Rain,0,0,0,0,0,1,Heavy Commercial Activity,High,30
2026-05-09 08:48:35,Bokwango to Check Point,5.26,8,Saturday,5,19.82,15.94,Low,Clouds,No Rain,0,0,0,0,0,1,Heavy Commercial Activity,High,30
2026-05-09 08:48:35,Bokwango to Buea Town,8.38,8,Saturday,5,28.47,17.67,Low,Clouds,No Rain,0,0,0,0,0,1,Heavy Commercial Activity,High,30
2026-05-09 08:48:35,Bokwango to Great Soppo,9.27,8,Saturday,5,31.82,17.49,Low,Clouds,No Rain,0,0,0,0,0,1,Heavy Commercial Activity,High,30
2026-05-09 08:48:35,Muea to Great Soppo,0.89,8,Saturday,5,3.33,16.0,Low,Clouds,No Rain,0,0,0,0,0,1,Heavy Commercial Activity,High,30
2026-05-09 08:48:35,Muea to Molyko,2.92,8,Saturday,5,9.1,19.24,Low,Clouds,No Rain,0,0,0,0,0,1,Heavy Commercial Activity,High,30
2026-05-09 08:48:35,Muea to Check Point,3.12,8,Saturday,5,7.45,25.14,Low,Clouds,No Rain,0,0,0,0,0,1,Heavy Commercial Activity,High,30
2026-05-09 08:48:35,Muea to Buea Town,0.0,8,Saturday,5,0.0,0,Low,Clouds,No Rain,0,0,0,0,0,1,Heavy Commercial Activity,High,30
2026-05-09 08:48:35,Muea to Bonduma,2.06,8,Saturday,5,5.92,20.9,Low,Clouds,No Rain,0,0,0,0,0,1,Heavy Commercial Activity,High,30
2026-05-09 08:48:35,Muea to Malingo,5.14,8,Saturday,5,14.28,21.61,Low,Clouds,No Rain,0,0,0,0,0,1,Heavy Commercial Activity,High,30
2026-05-09 08:48:35,Clerks Quarters to Governor Junction,1.33,8,Saturday,5,2.38,33.53,Low,Clouds,No Rain,0,0,0,0,0,1,Heavy Commercial Activity,High,30
2026-05-09 08:48:35,Governor Junction to Long Street,0.0,8,Saturday,5,0.0,0,Low,Clouds,No Rain,0,0,0,0,0,1,Heavy Commercial Activity,High,30
2026-05-09 08:48:35,Long Street to Bongo Square,1.24,8,Saturday,5,2.2,33.68,Low,Clouds,No Rain,0,0,0,0,0,1,Heavy Commercial Activity,High,30
2026-05-09 08:48:35,Governor Junction to Buea Town,0.0,8,Saturday,5,0.0,0,Low,Clouds,No Rain,0,0,0,0,0,1,Heavy Commercial Activity,High,30
2026-05-09 08:48:35,Molyko to UB Junction,6.39,8,Saturday,5,19.08,20.08,Low,Clouds,No Rain,0,0,0,0,0,1,Heavy Commercial Activity,High,30
2026-05-09 08:48:35,UB Junction to Bonduma,3.88,8,Saturday,5,14.9,15.64,Low,Clouds,No Rain,0,0,0,0,0,1,Heavy Commercial Activity,High,30
2026-05-09 08:48:35,Check Point to Molyko,4.17,8,Saturday,5,11.78,21.24,Low,Clouds,No Rain,0,0,0,0,0,1,Heavy Commercial Activity,High,30
2026-05-09 08:48:35,Great Soppo to Check Point,4.01,8,Saturday,5,11.22,21.46,Low,Clouds,No Rain,0,0,0,0,0,1,Heavy Commercial Activity,High,30
2026-05-09 08:48:35,Malingo to Bonduma,3.65,8,Saturday,5,12.42,17.66,Low,Clouds,No Rain,0,0,0,0,0,1,Heavy Commercial Activity,High,30
2026-05-09 08:48:35,Buea Town to Malingo,5.14,8,Saturday,5,14.27,21.63,Low,Clouds,No Rain,0,0,0,0,0,1,Heavy Commercial Activity,High,30
2026-05-09 08:48:35,Buea Town to Muea,0.0,8,Saturday,5,0.0,0,Low,Clouds,No Rain,0,0,0,0,0,1,Heavy Commercial Activity,High,30
2026-05-09 09:07:24,Bonduma Gate to Mile 17,3.81,9,Saturday,5,10.55,21.69,Low,Clouds,No Rain,0,0,0,0,0,1,Heavy Commercial Activity,High,30
2026-05-09 09:07:24,Bonduma to UB Junction,3.95,9,Saturday,5,13.55,17.47,Low,Clouds,No Rain,0,0,0,0,0,1,Heavy Commercial Activity,High,30
2026-05-09 09:07:24,Bonduma to Molyko,3.11,9,Saturday,5,9.88,18.89,Low,Clouds,No Rain,0,0,0,0,0,1,Heavy Commercial Activity,High,30
2026-05-09 09:07:24,Bonduma to Check Point,1.73,9,Saturday,5,5.08,20.43,Low,Clouds,No Rain,0,0,0,0,0,1,Heavy Commercial Activity,High,30
2026-05-09 09:07:24,Bonduma to Muea,2.06,9,Saturday,5,6.87,18.01,Low,Clouds,No Rain,0,0,0,0,0,1,Heavy Commercial Activity,High,30
2026-05-09 09:07:24,Bonduma to Great Soppo,2.95,9,Saturday,5,10.22,17.32,Low,Clouds,No Rain,0,0,0,0,0,1,Heavy Commercial Activity,High,30
2026-05-09 09:07:24,Bonduma to Buea Town,2.06,9,Saturday,5,6.87,18.01,Low,Clouds,No Rain,0,0,0,0,0,1,Heavy Commercial Activity,High,30
2026-05-09 09:07:24,Mile 16 to Mile 17,4.4,9,Saturday,5,11.67,22.64,Low,Clouds,No Rain,0,0,0,0,0,1,Heavy Commercial Activity,High,30
2026-05-09 09:07:24,Mile 17 to Malingo,1.54,9,Saturday,5,5.2,17.8,Low,Clouds,No Rain,0,0,0,0,0,1,Heavy Commercial Activity,High,30
2026-05-09 09:07:24,Mile 17 to UB Junction,2.05,9,Saturday,5,7.22,17.07,Low,Clouds,No Rain,0,0,0,0,0,1,Heavy Commercial Activity,High,30
2026-05-09 09:07:24,Mile 17 to Check Point,2.47,9,Saturday,5,8.97,16.54,Low,Clouds,No Rain,0,0,0,0,0,1,Heavy Commercial Activity,High,30
2026-05-09 09:07:24,Mile 17 to Muea,5.59,9,Saturday,5,17.62,19.05,Low,Clouds,No Rain,0,0,0,0,0,1,Heavy Commercial Activity,High,30
2026-05-09 09:07:24,Mile 17 to Great Soppo,6.48,9,Saturday,5,20.95,18.57,Low,Clouds,No Rain,0,0,0,0,0,1,Heavy Commercial Activity,High,30
2026-05-09 09:07:24,Malingo to UB Junction,3.47,9,Saturday,5,11.3,18.42,Low,Clouds,No Rain,0,0,0,0,0,1,Heavy Commercial Activity,High,30
2026-05-09 09:07:24,Malingo to Check Point,1.92,9,Saturday,5,7.15,16.14,Low,Clouds,No Rain,0,0,0,0,0,1,Heavy Commercial Activity,High,30
2026-05-09 09:07:24,Malingo to Molyko,6.09,9,Saturday,5,18.52,19.75,Low,Clouds,No Rain,0,0,0,0,0,1,Heavy Commercial Activity,High,30
2026-05-09 09:07:24,Malingo to Muea,5.04,9,Saturday,5,15.63,19.36,Low,Clouds,No Rain,0,0,0,0,0,1,Heavy Commercial Activity,High,30
2026-05-09 09:07:24,Malingo to Buea Town,5.04,9,Saturday,5,15.63,19.36,Low,Clouds,No Rain,0,0,0,0,0,1,Heavy Commercial Activity,High,30
2026-05-09 09:07:24,UB Junction to Molyko,6.33,9,Saturday,5,20.25,18.74,Low,Clouds,No Rain,0,0,0,0,0,1,Heavy Commercial Activity,High,30
2026-05-09 09:07:24,UB Junction to Check Point,2.15,9,Saturday,5,9.4,13.76,Low,Clouds,No Rain,0,0,0,0,0,1,Heavy Commercial Activity,High,30
2026-05-09 09:07:24,UB Junction to Great Soppo,6.17,9,Saturday,5,21.4,17.29,Low,Clouds,No Rain,0,0,0,0,0,1,Heavy Commercial Activity,High,30
2026-05-09 09:07:24,UB Junction to Buea Town,5.28,9,Saturday,5,18.07,17.52,Low,Clouds,No Rain,0,0,0,0,0,1,Heavy Commercial Activity,High,30
2026-05-09 09:07:24,UB Junction to Muea,5.28,9,Saturday,5,18.07,17.52,Low,Clouds,No Rain,0,0,0,0,0,1,Heavy Commercial Activity,High,30
2026-05-09 09:07:24,Molyko to Check Point,4.17,9,Saturday,5,11.5,21.77,Low,Clouds,No Rain,0,0,0,0,0,1,Heavy Commercial Activity,High,30
2026-05-09 09:07:24,Molyko to Great Soppo,2.03,9,Saturday,5,5.9,20.63,Low,Clouds,No Rain,0,0,0,0,0,1,Heavy Commercial Activity,High,30
2026-05-09 09:07:24,Molyko to Small Soppo,3.57,9,Saturday,5,12.47,17.2,Low,Clouds,No Rain,0,0,0,0,0,1,Heavy Commercial Activity,High,30
2026-05-09 09:07:24,Molyko to Bongo Square,4.15,9,Saturday,5,12.07,20.65,Low,Clouds,No Rain,0,0,0,0,0,1,Heavy Commercial Activity,High,30
2026-05-09 09:07:24,Molyko to Buea Town,2.92,9,Saturday,5,9.23,18.96,Low,Clouds,No Rain,0,0,0,0,0,1,Heavy Commercial Activity,High,30
2026-05-09 09:07:24,Molyko to Muea,2.92,9,Saturday,5,9.23,18.96,Low,Clouds,No Rain,0,0,0,0,0,1,Heavy Commercial Activity,High,30
2026-05-09 09:07:24,Molyko to Bokwango,6.15,9,Saturday,5,22.45,16.44,Low,Clouds,No Rain,0,0,0,0,0,1,Heavy Commercial Activity,High,30
2026-05-09 09:07:24,Check Point to Buea Town,3.12,9,Saturday,5,8.67,21.61,Low,Clouds,No Rain,0,0,0,0,0,1,Heavy Commercial Activity,High,30
2026-05-09 09:07:24,Check Point to Great Soppo,4.01,9,Saturday,5,12.02,20.03,Low,Clouds,No Rain,0,0,0,0,0,1,Heavy Commercial Activity,High,30
2026-05-09 09:07:24,Check Point to Small Soppo,3.78,9,Saturday,5,11.15,20.33,Low,Clouds,No Rain,0,0,0,0,0,1,Heavy Commercial Activity,High,30
2026-05-09 09:07:24,Check Point to Bongo Square,4.36,9,Saturday,5,10.83,24.13,Low,Clouds,No Rain,0,0,0,0,0,1,Heavy Commercial Activity,High,30
2026-05-09 09:07:24,Check Point to Muea,3.12,9,Saturday,5,8.67,21.61,Low,Clouds,No Rain,0,0,0,0,0,1,Heavy Commercial Activity,High,30
2026-05-09 09:07:24,Great Soppo to Small Soppo,1.54,9,Saturday,5,6.1,15.2,Low,Clouds,No Rain,0,0,0,0,0,1,Heavy Commercial Activity,High,30
2026-05-09 09:07:24,Great Soppo to Bongo Square,2.12,9,Saturday,5,5.83,21.85,Low,Clouds,No Rain,0,0,0,0,0,1,Heavy Commercial Activity,High,30
2026-05-09 09:07:24,Great Soppo to Buea Town,0.89,9,Saturday,5,3.33,16.0,Low,Clouds,No Rain,0,0,0,0,0,1,Heavy Commercial Activity,High,30
2026-05-09 09:07:24,Great Soppo to Muea,0.89,9,Saturday,5,3.33,16.0,Low,Clouds,No Rain,0,0,0,0,0,1,Heavy Commercial Activity,High,30
2026-05-09 09:07:24,Small Soppo to Bongo Square,1.07,9,Saturday,5,3.7,17.32,Low,Clouds,No Rain,0,0,0,0,0,1,Heavy Commercial Activity,High,30
2026-05-09 09:07:24,Small Soppo to Buea Town,0.52,9,Saturday,5,2.73,11.3,Low,Clouds,No Rain,0,0,0,0,0,1,Heavy Commercial Activity,High,30
2026-05-09 09:07:24,Small Soppo to Muea,0.52,9,Saturday,5,2.73,11.3,Low,Clouds,No Rain,0,0,0,0,0,1,Heavy Commercial Activity,High,30
2026-05-09 09:07:24,Bongo Square to Buea Town,1.24,9,Saturday,5,2.07,35.85,Low,Clouds,No Rain,0,0,0,0,0,1,Heavy Commercial Activity,High,30
2026-05-09 09:07:24,Bongo Square to Muea,1.24,9,Saturday,5,2.07,35.85,Low,Clouds,No Rain,0,0,0,0,0,1,Heavy Commercial Activity,High,30
2026-05-09 09:07:24,Bokwango to Molyko,6.15,9,Saturday,5,22.5,16.41,Low,Clouds,No Rain,0,0,0,0,0,1,Heavy Commercial Activity,High,30
2026-05-09 09:07:24,Bokwango to Check Point,5.26,9,Saturday,5,19.82,15.94,Low,Clouds,No Rain,0,0,0,0,0,1,Heavy Commercial Activity,High,30
2026-05-09 09:07:24,Bokwango to Buea Town,8.38,9,Saturday,5,28.47,17.67,Low,Clouds,No Rain,0,0,0,0,0,1,Heavy Commercial Activity,High,30
2026-05-09 09:07:24,Bokwango to Great Soppo,9.27,9,Saturday,5,31.8,17.5,Low,Clouds,No Rain,0,0,0,0,0,1,Heavy Commercial Activity,High,30
2026-05-09 09:07:24,Muea to Great Soppo,0.89,9,Saturday,5,3.33,16.0,Low,Clouds,No Rain,0,0,0,0,0,1,Heavy Commercial Activity,High,30
2026-05-09 09:07:24,Muea to Molyko,2.92,9,Saturday,5,9.1,19.24,Low,Clouds,No Rain,0,0,0,0,0,1,Heavy Commercial Activity,High,30
2026-05-09 09:07:24,Muea to Check Point,3.12,9,Saturday,5,7.55,24.81,Low,Clouds,No Rain,0,0,0,0,0,1,Heavy Commercial Activity,High,30
2026-05-09 09:07:24,Muea to Buea Town,0.0,9,Saturday,5,0.0,0,Low,Clouds,No Rain,0,0,0,0,0,1,Heavy Commercial Activity,High,30
2026-05-09 09:07:24,Muea to Bonduma,2.06,9,Saturday,5,5.9,20.96,Low,Clouds,No Rain,0,0,0,0,0,1,Heavy Commercial Activity,High,30
2026-05-09 09:07:24,Muea to Malingo,5.04,9,Saturday,5,14.33,21.12,Low,Clouds,No Rain,0,0,0,0,0,1,Heavy Commercial Activity,High,30
2026-05-09 09:07:24,Clerks Quarters to Governor Junction,1.33,9,Saturday,5,2.42,33.07,Low,Clouds,No Rain,0,0,0,0,0,1,Heavy Commercial Activity,High,30
2026-05-09 09:07:24,Governor Junction to Long Street,0.0,9,Saturday,5,0.0,0,Low,Clouds,No Rain,0,0,0,0,0,1,Heavy Commercial Activity,High,30
2026-05-09 09:07:24,Long Street to Bongo Square,1.24,9,Saturday,5,2.17,34.2,Low,Clouds,No Rain,0,0,0,0,0,1,Heavy Commercial Activity,High,30
2026-05-09 09:07:24,Governor Junction to Buea Town,0.0,9,Saturday,5,0.0,0,Low,Clouds,No Rain,0,0,0,0,0,1,Heavy Commercial Activity,High,30
2026-05-09 09:07:24,Molyko to UB Junction,6.39,9,Saturday,5,19.53,19.62,Low,Clouds,No Rain,0,0,0,0,0,1,Heavy Commercial Activity,High,30
2026-05-09 09:07:24,UB Junction to Bonduma,3.88,9,Saturday,5,14.68,15.88,Low,Clouds,No Rain,0,0,0,0,0,1,Heavy Commercial Activity,High,30
2026-05-09 09:07:24,Check Point to Molyko,4.17,9,Saturday,5,11.72,21.36,Low,Clouds,No Rain,0,0,0,0,0,1,Heavy Commercial Activity,High,30
2026-05-09 09:07:24,Great Soppo to Check Point,4.01,9,Saturday,5,11.25,21.39,Low,Clouds,No Rain,0,0,0,0,0,1,Heavy Commercial Activity,High,30
2026-05-09 09:07:24,Malingo to Bonduma,3.65,9,Saturday,5,12.1,18.12,Low,Clouds,No Rain,0,0,0,0,0,1,Heavy Commercial Activity,High,30
2026-05-09 09:07:24,Buea Town to Malingo,5.04,9,Saturday,5,14.33,21.12,Low,Clouds,No Rain,0,0,0,0,0,1,Heavy Commercial Activity,High,30
2026-05-09 09:07:24,Buea Town to Muea,0.0,9,Saturday,5,0.0,0,Low,Clouds,No Rain,0,0,0,0,0,1,Heavy Commercial Activity,High,30
2026-05-09 14:18:56,Bonduma Gate to Mile 17,3.81,14,Saturday,5,10.82,21.15,Low,Clouds,No Rain,0,0,1,0,0,1,Heavy Commercial Activity,High,45
2026-05-09 14:18:56,Bonduma to UB Junction,3.95,14,Saturday,5,13.88,17.05,Low,Clouds,No Rain,0,0,1,0,0,1,Heavy Commercial Activity,High,45
2026-05-09 14:18:56,Bonduma to Molyko,3.11,14,Saturday,5,9.88,18.89,Low,Clouds,No Rain,0,0,1,0,0,1,Heavy Commercial Activity,High,45
2026-05-09 14:18:56,Bonduma to Check Point,1.73,14,Saturday,5,5.13,20.23,Low,Clouds,No Rain,0,0,1,0,0,1,Heavy Commercial Activity,High,45
2026-05-09 14:18:56,Bonduma to Muea,2.06,14,Saturday,5,6.7,18.46,Low,Clouds,No Rain,0,0,1,0,0,1,Heavy Commercial Activity,High,45
2026-05-09 14:18:56,Bonduma to Great Soppo,2.95,14,Saturday,5,10.03,17.64,Low,Clouds,No Rain,0,0,1,0,0,1,Heavy Commercial Activity,High,45
2026-05-09 14:18:56,Bonduma to Buea Town,2.06,14,Saturday,5,6.7,18.46,Low,Clouds,No Rain,0,0,1,0,0,1,Heavy Commercial Activity,High,45
2026-05-09 14:18:56,Mile 16 to Mile 17,4.4,14,Saturday,5,12.08,21.86,Low,Clouds,No Rain,0,0,1,0,0,1,Heavy Commercial Activity,High,45
2026-05-09 14:18:56,Mile 17 to Malingo,1.54,14,Saturday,5,5.08,18.21,Low,Clouds,No Rain,0,0,1,0,0,1,Heavy Commercial Activity,High,45
2026-05-09 14:18:56,Mile 17 to UB Junction,2.05,14,Saturday,5,7.32,16.84,Low,Clouds,No Rain,0,0,1,0,0,1,Heavy Commercial Activity,High,45
2026-05-09 14:18:56,Mile 17 to Check Point,2.47,14,Saturday,5,8.6,17.25,Low,Clouds,No Rain,0,0,1,0,0,1,Heavy Commercial Activity,High,45
2026-05-09 14:18:56,Mile 17 to Muea,5.59,14,Saturday,5,16.8,19.98,Low,Clouds,No Rain,0,0,1,0,0,1,Heavy Commercial Activity,High,45
2026-05-09 14:18:56,Mile 17 to Great Soppo,6.48,14,Saturday,5,20.13,19.32,Low,Clouds,No Rain,0,0,1,0,0,1,Heavy Commercial Activity,High,45
2026-05-09 14:18:56,Malingo to UB Junction,3.47,14,Saturday,5,11.5,18.1,Low,Clouds,No Rain,0,0,1,0,0,1,Heavy Commercial Activity,High,45
2026-05-09 14:18:56,Malingo to Check Point,1.92,14,Saturday,5,7.08,16.29,Low,Clouds,No Rain,0,0,1,0,0,1,Heavy Commercial Activity,High,45
2026-05-09 14:18:56,Malingo to Molyko,6.09,14,Saturday,5,18.52,19.75,Low,Clouds,No Rain,0,0,1,0,0,1,Heavy Commercial Activity,High,45
2026-05-09 14:18:56,Malingo to Muea,5.04,14,Saturday,5,15.18,19.94,Low,Clouds,No Rain,0,0,1,0,0,1,Heavy Commercial Activity,High,45
2026-05-09 14:18:56,Malingo to Buea Town,5.04,14,Saturday,5,15.18,19.94,Low,Clouds,No Rain,0,0,1,0,0,1,Heavy Commercial Activity,High,45
2026-05-09 14:18:56,UB Junction to Molyko,6.33,14,Saturday,5,20.17,18.82,Low,Clouds,No Rain,0,0,1,0,0,1,Heavy Commercial Activity,High,45
2026-05-09 14:18:56,UB Junction to Check Point,2.15,14,Saturday,5,8.93,14.47,Low,Clouds,No Rain,0,0,1,0,0,1,Heavy Commercial Activity,High,45
2026-05-09 14:18:56,UB Junction to Great Soppo,6.17,14,Saturday,5,20.45,18.09,Low,Clouds,No Rain,0,0,1,0,0,1,Heavy Commercial Activity,High,45
2026-05-09 14:18:56,UB Junction to Buea Town,5.28,14,Saturday,5,17.12,18.49,Low,Clouds,No Rain,0,0,1,0,0,1,Heavy Commercial Activity,High,45
2026-05-09 14:18:56,UB Junction to Muea,5.28,14,Saturday,5,17.12,18.49,Low,Clouds,No Rain,0,0,1,0,0,1,Heavy Commercial Activity,High,45
2026-05-09 14:18:56,Molyko to Check Point,4.17,14,Saturday,5,11.7,21.39,Low,Clouds,No Rain,0,0,1,0,0,1,Heavy Commercial Activity,High,45
2026-05-09 14:18:56,Molyko to Great Soppo,2.03,14,Saturday,5,5.9,20.63,Low,Clouds,No Rain,0,0,1,0,0,1,Heavy Commercial Activity,High,45
2026-05-09 14:18:56,Molyko to Small Soppo,3.57,14,Saturday,5,12.37,17.34,Low,Clouds,No Rain,0,0,1,0,0,1,Heavy Commercial Activity,High,45
2026-05-09 14:18:56,Molyko to Bongo Square,4.15,14,Saturday,5,12.18,20.45,Low,Clouds,No Rain,0,0,1,0,0,1,Heavy Commercial Activity,High,45
2026-05-09 14:18:56,Molyko to Buea Town,2.92,14,Saturday,5,9.23,18.96,Low,Clouds,No Rain,0,0,1,0,0,1,Heavy Commercial Activity,High,45
2026-05-09 14:18:56,Molyko to Muea,2.92,14,Saturday,5,9.23,18.96,Low,Clouds,No Rain,0,0,1,0,0,1,Heavy Commercial Activity,High,45
2026-05-09 14:18:56,Molyko to Bokwango,6.15,14,Saturday,5,22.32,16.54,Low,Clouds,No Rain,0,0,1,0,0,1,Heavy Commercial Activity,High,45
2026-05-09 14:18:56,Check Point to Buea Town,3.12,14,Saturday,5,8.22,22.8,Low,Clouds,No Rain,0,0,1,0,0,1,Heavy Commercial Activity,High,45
2026-05-09 14:18:56,Check Point to Great Soppo,4.01,14,Saturday,5,11.55,20.84,Low,Clouds,No Rain,0,0,1,0,0,1,Heavy Commercial Activity,High,45
2026-05-09 14:18:56,Check Point to Small Soppo,3.78,14,Saturday,5,10.72,21.15,Low,Clouds,No Rain,0,0,1,0,0,1,Heavy Commercial Activity,High,45
2026-05-09 14:18:56,Check Point to Bongo Square,4.36,14,Saturday,5,10.57,24.74,Low,Clouds,No Rain,0,0,1,0,0,1,Heavy Commercial Activity,High,45
2026-05-09 14:18:56,Check Point to Muea,3.12,14,Saturday,5,8.22,22.8,Low,Clouds,No Rain,0,0,1,0,0,1,Heavy Commercial Activity,High,45
2026-05-09 14:18:56,Great Soppo to Small Soppo,1.54,14,Saturday,5,6.1,15.2,Low,Clouds,No Rain,0,0,1,0,0,1,Heavy Commercial Activity,High,45
2026-05-09 14:18:56,Great Soppo to Bongo Square,2.12,14,Saturday,5,6.05,21.06,Low,Clouds,No Rain,0,0,1,0,0,1,Heavy Commercial Activity,High,45
2026-05-09 14:18:56,Great Soppo to Buea Town,0.89,14,Saturday,5,3.33,16.0,Low,Clouds,No Rain,0,0,1,0,0,1,Heavy Commercial Activity,High,45
2026-05-09 14:18:56,Great Soppo to Muea,0.89,14,Saturday,5,3.33,16.0,Low,Clouds,No Rain,0,0,1,0,0,1,Heavy Commercial Activity,High,45
2026-05-09 14:18:56,Small Soppo to Bongo Square,1.07,14,Saturday,5,3.77,17.01,Low,Clouds,No Rain,0,0,1,0,0,1,Heavy Commercial Activity,High,45
2026-05-09 14:18:56,Small Soppo to Buea Town,0.52,14,Saturday,5,2.75,11.24,Low,Clouds,No Rain,0,0,1,0,0,1,Heavy Commercial Activity,High,45
2026-05-09 14:18:56,Small Soppo to Muea,0.52,14,Saturday,5,2.75,11.24,Low,Clouds,No Rain,0,0,1,0,0,1,Heavy Commercial Activity,High,45
2026-05-09 14:18:56,Bongo Square to Buea Town,1.24,14,Saturday,5,2.2,33.68,Low,Clouds,No Rain,0,0,1,0,0,1,Heavy Commercial Activity,High,45
2026-05-09 14:18:56,Bongo Square to Muea,1.24,14,Saturday,5,2.2,33.68,Low,Clouds,No Rain,0,0,1,0,0,1,Heavy Commercial Activity,High,45
2026-05-09 14:18:56,Bokwango to Molyko,6.15,14,Saturday,5,22.33,16.53,Low,Clouds,No Rain,0,0,1,0,0,1,Heavy Commercial Activity,High,45
2026-05-09 14:18:56,Bokwango to Buea Town,8.38,14,Saturday,5,27.65,18.2,Low,Clouds,No Rain,0,0,1,0,0,1,Heavy Commercial Activity,High,45
2026-05-09 14:18:56,Bokwango to Great Soppo,9.27,14,Saturday,5,30.98,17.96,Low,Clouds,No Rain,0,0,1,0,0,1,Heavy Commercial Activity,High,45
2026-05-09 14:18:56,Muea to Great Soppo,0.89,14,Saturday,5,3.33,16.0,Low,Clouds,No Rain,0,0,1,0,0,1,Heavy Commercial Activity,High,45
2026-05-09 14:18:56,Muea to Molyko,2.92,14,Saturday,5,9.1,19.24,Low,Clouds,No Rain,0,0,1,0,0,1,Heavy Commercial Activity,High,45
2026-05-09 14:18:56,Muea to Check Point,3.12,14,Saturday,5,7.85,23.86,Low,Clouds,No Rain,0,0,1,0,0,1,Heavy Commercial Activity,High,45
2026-05-09 14:18:56,Muea to Buea Town,0.0,14,Saturday,5,0.0,0,Low,Clouds,No Rain,0,0,1,0,0,1,Heavy Commercial Activity,High,45
2026-05-09 14:18:56,Muea to Bonduma,2.06,14,Saturday,5,6.17,20.05,Low,Clouds,No Rain,0,0,1,0,0,1,Heavy Commercial Activity,High,45
2026-05-09 14:18:56,Muea to Malingo,5.04,14,Saturday,5,14.63,20.69,Low,Clouds,No Rain,0,0,1,0,0,1,Heavy Commercial Activity,High,45
2026-05-09 14:18:56,Clerks Quarters to Governor Junction,1.33,14,Saturday,5,2.55,31.34,Low,Clouds,No Rain,0,0,1,0,0,1,Heavy Commercial Activity,High,45
2026-05-09 14:18:56,Governor Junction to Long Street,0.0,14,Saturday,5,0.0,0,Low,Clouds,No Rain,0,0,1,0,0,1,Heavy Commercial Activity,High,45
2026-05-09 14:18:56,Long Street to Bongo Square,1.24,14,Saturday,5,2.38,31.09,Low,Clouds,No Rain,0,0,1,0,0,1,Heavy Commercial Activity,High,45
2026-05-09 14:18:56,Governor Junction to Buea Town,0.0,14,Saturday,5,0.0,0,Low,Clouds,No Rain,0,0,1,0,0,1,Heavy Commercial Activity,High,45
2026-05-09 14:18:56,Molyko to UB Junction,6.39,14,Saturday,5,19.97,19.19,Low,Clouds,No Rain,0,0,1,0,0,1,Heavy Commercial Activity,High,45
2026-05-09 14:18:56,UB Junction to Bonduma,3.88,14,Saturday,5,14.03,16.61,Low,Clouds,No Rain,0,0,1,0,0,1,Heavy Commercial Activity,High,45
2026-05-09 14:18:56,Check Point to Molyko,4.17,14,Saturday,5,11.7,21.39,Low,Clouds,No Rain,0,0,1,0,0,1,Heavy Commercial Activity,High,45
2026-05-09 14:18:56,Great Soppo to Check Point,4.01,14,Saturday,5,11.7,20.57,Low,Clouds,No Rain,0,0,1,0,0,1,Heavy Commercial Activity,High,45
2026-05-09 14:18:56,Malingo to Bonduma,3.65,14,Saturday,5,12.13,18.07,Low,Clouds,No Rain,0,0,1,0,0,1,Heavy Commercial Activity,High,45
2026-05-09 14:18:56,Buea Town to Malingo,5.04,14,Saturday,5,14.63,20.69,Low,Clouds,No Rain,0,0,1,0,0,1,Heavy Commercial Activity,High,45
2026-05-09 14:18:56,Buea Town to Muea,0.0,14,Saturday,5,0.0,0,Low,Clouds,No Rain,0,0,1,0,0,1,Heavy Commercial Activity,High,45
2026-05-09 14:48:56,Bonduma Gate to Mile 17,3.81,14,Saturday,5,10.78,21.22,Low,Clouds,No Rain,0,0,1,0,0,1,Heavy Commercial Activity,High,45
2026-05-09 14:48:56,Bonduma to UB Junction,3.95,14,Saturday,5,13.68,17.3,Low,Clouds,No Rain,0,0,1,0,0,1,Heavy Commercial Activity,High,45
2026-05-09 14:48:56,Bonduma to Molyko,3.11,14,Saturday,5,9.88,18.89,Low,Clouds,No Rain,0,0,1,0,0,1,Heavy Commercial Activity,High,45
2026-05-09 14:48:56,Bonduma to Check Point,1.73,14,Saturday,5,5.03,20.63,Low,Clouds,No Rain,0,0,1,0,0,1,Heavy Commercial Activity,High,45
2026-05-09 14:48:56,Bonduma to Muea,2.06,14,Saturday,5,6.58,18.78,Low,Clouds,No Rain,0,0,1,0,0,1,Heavy Commercial Activity,High,45
2026-05-09 14:48:56,Bonduma to Great Soppo,2.95,14,Saturday,5,9.92,17.85,Low,Clouds,No Rain,0,0,1,0,0,1,Heavy Commercial Activity,High,45
2026-05-09 14:48:56,Bonduma to Buea Town,2.06,14,Saturday,5,6.58,18.78,Low,Clouds,No Rain,0,0,1,0,0,1,Heavy Commercial Activity,High,45
2026-05-09 14:48:56,Mile 16 to Mile 17,4.4,14,Saturday,5,12.12,21.8,Low,Clouds,No Rain,0,0,1,0,0,1,Heavy Commercial Activity,High,45
2026-05-09 14:48:56,Mile 17 to Malingo,1.54,14,Saturday,5,4.98,18.58,Low,Clouds,No Rain,0,0,1,0,0,1,Heavy Commercial Activity,High,45
2026-05-09 14:48:56,Mile 17 to UB Junction,2.05,14,Saturday,5,7.33,16.8,Low,Clouds,No Rain,0,0,1,0,0,1,Heavy Commercial Activity,High,45
2026-05-09 14:48:56,Mile 17 to Check Point,2.47,14,Saturday,5,9.17,16.18,Low,Clouds,No Rain,0,0,1,0,0,1,Heavy Commercial Activity,High,45
2026-05-09 14:48:56,Mile 17 to Muea,5.59,14,Saturday,5,17.13,19.59,Low,Clouds,No Rain,0,0,1,0,0,1,Heavy Commercial Activity,High,45
2026-05-09 14:48:56,Mile 17 to Great Soppo,6.48,14,Saturday,5,20.47,19.01,Low,Clouds,No Rain,0,0,1,0,0,1,Heavy Commercial Activity,High,45
2026-05-09 14:48:56,Malingo to UB Junction,3.47,14,Saturday,5,11.52,18.07,Low,Clouds,No Rain,0,0,1,0,0,1,Heavy Commercial Activity,High,45
2026-05-09 14:48:56,Malingo to Check Point,1.92,14,Saturday,5,7.12,16.21,Low,Clouds,No Rain,0,0,1,0,0,1,Heavy Commercial Activity,High,45
2026-05-09 14:48:56,Malingo to Molyko,6.09,14,Saturday,5,18.4,19.88,Low,Clouds,No Rain,0,0,1,0,0,1,Heavy Commercial Activity,High,45
2026-05-09 14:48:56,Malingo to Muea,5.04,14,Saturday,5,14.95,20.25,Low,Clouds,No Rain,0,0,1,0,0,1,Heavy Commercial Activity,High,45
2026-05-09 14:48:56,Malingo to Buea Town,5.04,14,Saturday,5,14.95,20.25,Low,Clouds,No Rain,0,0,1,0,0,1,Heavy Commercial Activity,High,45
2026-05-09 14:48:56,UB Junction to Molyko,6.33,14,Saturday,5,20.62,18.41,Low,Clouds,No Rain,0,0,1,0,0,1,Heavy Commercial Activity,High,45
2026-05-09 14:48:56,UB Junction to Check Point,2.15,14,Saturday,5,9.47,13.66,Low,Clouds,No Rain,0,0,1,0,0,1,Heavy Commercial Activity,High,45
2026-05-09 14:48:56,UB Junction to Great Soppo,6.17,14,Saturday,5,20.78,17.8,Low,Clouds,No Rain,0,0,1,0,0,1,Heavy Commercial Activity,High,45
2026-05-09 14:48:56,UB Junction to Buea Town,5.28,14,Saturday,5,17.43,18.16,Low,Clouds,No Rain,0,0,1,0,0,1,Heavy Commercial Activity,High,45
2026-05-09 14:48:56,UB Junction to Muea,5.28,14,Saturday,5,17.43,18.16,Low,Clouds,No Rain,0,0,1,0,0,1,Heavy Commercial Activity,High,45
2026-05-09 14:48:56,Molyko to Check Point,4.17,14,Saturday,5,11.55,21.67,Low,Clouds,No Rain,0,0,1,0,0,1,Heavy Commercial Activity,High,45
2026-05-09 14:48:56,Molyko to Great Soppo,2.03,14,Saturday,5,5.9,20.63,Low,Clouds,No Rain,0,0,1,0,0,1,Heavy Commercial Activity,High,45
2026-05-09 14:48:56,Molyko to Small Soppo,3.57,14,Saturday,5,12.37,17.34,Low,Clouds,No Rain,0,0,1,0,0,1,Heavy Commercial Activity,High,45
2026-05-09 14:48:56,Molyko to Bongo Square,4.15,14,Saturday,5,12.13,20.54,Low,Clouds,No Rain,0,0,1,0,0,1,Heavy Commercial Activity,High,45
2026-05-09 14:48:56,Molyko to Buea Town,2.92,14,Saturday,5,9.23,18.96,Low,Clouds,No Rain,0,0,1,0,0,1,Heavy Commercial Activity,High,45
2026-05-09 14:48:56,Molyko to Muea,2.92,14,Saturday,5,9.23,18.96,Low,Clouds,No Rain,0,0,1,0,0,1,Heavy Commercial Activity,High,45
2026-05-09 14:48:56,Molyko to Bokwango,6.15,14,Saturday,5,22.35,16.52,Low,Clouds,No Rain,0,0,1,0,0,1,Heavy Commercial Activity,High,45
2026-05-09 14:48:56,Check Point to Buea Town,3.12,14,Saturday,5,8.07,23.22,Low,Clouds,No Rain,0,0,1,0,0,1,Heavy Commercial Activity,High,45
2026-05-09 14:48:56,Check Point to Great Soppo,4.01,14,Saturday,5,11.42,21.08,Low,Clouds,No Rain,0,0,1,0,0,1,Heavy Commercial Activity,High,45
2026-05-09 14:48:56,Check Point to Small Soppo,3.78,14,Saturday,5,10.55,21.49,Low,Clouds,No Rain,0,0,1,0,0,1,Heavy Commercial Activity,High,45
2026-05-09 14:48:56,Check Point to Bongo Square,4.36,14,Saturday,5,10.98,23.8,Low,Clouds,No Rain,0,0,1,0,0,1,Heavy Commercial Activity,High,45
2026-05-09 14:48:56,Check Point to Muea,3.12,14,Saturday,5,8.8,21.29,Low,Clouds,No Rain,0,0,1,0,0,1,Heavy Commercial Activity,High,45
2026-05-09 14:48:56,Great Soppo to Small Soppo,1.54,14,Saturday,5,6.13,15.11,Low,Clouds,No Rain,0,0,1,0,0,1,Heavy Commercial Activity,High,45
2026-05-09 14:48:56,Great Soppo to Bongo Square,2.12,14,Saturday,5,5.87,21.72,Low,Clouds,No Rain,0,0,1,0,0,1,Heavy Commercial Activity,High,45
2026-05-09 14:48:56,Great Soppo to Buea Town,0.89,14,Saturday,5,3.33,16.0,Low,Clouds,No Rain,0,0,1,0,0,1,Heavy Commercial Activity,High,45
2026-05-09 14:48:56,Great Soppo to Muea,0.89,14,Saturday,5,3.33,16.0,Low,Clouds,No Rain,0,0,1,0,0,1,Heavy Commercial Activity,High,45
2026-05-09 14:48:56,Small Soppo to Bongo Square,1.07,14,Saturday,5,3.7,17.32,Low,Clouds,No Rain,0,0,1,0,0,1,Heavy Commercial Activity,High,45
2026-05-09 14:48:56,Small Soppo to Buea Town,0.52,14,Saturday,5,2.77,11.17,Low,Clouds,No Rain,0,0,1,0,0,1,Heavy Commercial Activity,High,45
2026-05-09 14:48:56,Small Soppo to Muea,0.52,14,Saturday,5,2.77,11.17,Low,Clouds,No Rain,0,0,1,0,0,1,Heavy Commercial Activity,High,45
2026-05-09 14:48:56,Bongo Square to Buea Town,1.24,14,Saturday,5,2.18,33.94,Low,Clouds,No Rain,0,0,1,0,0,1,Heavy Commercial Activity,High,45
2026-05-09 14:48:56,Bongo Square to Muea,1.24,14,Saturday,5,2.18,33.94,Low,Clouds,No Rain,0,0,1,0,0,1,Heavy Commercial Activity,High,45
2026-05-09 14:48:56,Bokwango to Molyko,6.15,14,Saturday,5,22.33,16.53,Low,Clouds,No Rain,0,0,1,0,0,1,Heavy Commercial Activity,High,45
2026-05-09 14:48:56,Bokwango to Check Point,5.26,14,Saturday,5,20.03,15.76,Low,Clouds,No Rain,0,0,1,0,0,1,Heavy Commercial Activity,High,45
2026-05-09 14:48:56,Bokwango to Buea Town,8.38,14,Saturday,5,28.02,17.96,Low,Clouds,No Rain,0,0,1,0,0,1,Heavy Commercial Activity,High,45
2026-05-09 14:48:56,Bokwango to Great Soppo,9.27,14,Saturday,5,31.35,17.75,Low,Clouds,No Rain,0,0,1,0,0,1,Heavy Commercial Activity,High,45
2026-05-09 14:48:56,Muea to Great Soppo,0.89,14,Saturday,5,3.33,16.0,Low,Clouds,No Rain,0,0,1,0,0,1,Heavy Commercial Activity,High,45
2026-05-09 14:48:56,Muea to Molyko,2.92,14,Saturday,5,9.1,19.24,Low,Clouds,No Rain,0,0,1,0,0,1,Heavy Commercial Activity,High,45
2026-05-09 14:48:56,Muea to Check Point,3.12,14,Saturday,5,7.95,23.56,Low,Clouds,No Rain,0,0,1,0,0,1,Heavy Commercial Activity,High,45
2026-05-09 14:48:56,Muea to Buea Town,0.0,14,Saturday,5,0.0,0,Low,Clouds,No Rain,0,0,1,0,0,1,Heavy Commercial Activity,High,45
2026-05-09 14:48:56,Muea to Bonduma,2.06,14,Saturday,5,6.35,19.47,Low,Clouds,No Rain,0,0,1,0,0,1,Heavy Commercial Activity,High,45
2026-05-09 14:48:56,Muea to Malingo,5.04,14,Saturday,5,14.73,20.55,Low,Clouds,No Rain,0,0,1,0,0,1,Heavy Commercial Activity,High,45
2026-05-09 14:48:56,Clerks Quarters to Governor Junction,1.33,14,Saturday,5,2.55,31.34,Low,Clouds,No Rain,0,0,1,0,0,1,Heavy Commercial Activity,High,45
2026-05-09 14:48:56,Governor Junction to Long Street,0.0,14,Saturday,5,0.0,0,Low,Clouds,No Rain,0,0,1,0,0,1,Heavy Commercial Activity,High,45
2026-05-09 14:48:56,Long Street to Bongo Square,1.24,14,Saturday,5,2.2,33.68,Low,Clouds,No Rain,0,0,1,0,0,1,Heavy Commercial Activity,High,45
2026-05-09 14:48:56,Governor Junction to Buea Town,0.0,14,Saturday,5,0.0,0,Low,Clouds,No Rain,0,0,1,0,0,1,Heavy Commercial Activity,High,45
2026-05-09 14:48:56,Molyko to UB Junction,6.39,14,Saturday,5,19.68,19.47,Low,Clouds,No Rain,0,0,1,0,0,1,Heavy Commercial Activity,High,45
2026-05-09 14:48:56,UB Junction to Bonduma,3.88,14,Saturday,5,14.48,16.09,Low,Clouds,No Rain,0,0,1,0,0,1,Heavy Commercial Activity,High,45
2026-05-09 14:48:56,Check Point to Molyko,4.17,14,Saturday,5,11.78,21.24,Low,Clouds,No Rain,0,0,1,0,0,1,Heavy Commercial Activity,High,45
2026-05-09 14:48:56,Great Soppo to Check Point,4.01,14,Saturday,5,11.73,20.51,Low,Clouds,No Rain,0,0,1,0,0,1,Heavy Commercial Activity,High,45
2026-05-09 14:48:56,Malingo to Bonduma,3.65,14,Saturday,5,12.2,17.97,Low,Clouds,No Rain,0,0,1,0,0,1,Heavy Commercial Activity,High,45
2026-05-09 14:48:56,Buea Town to Malingo,5.04,14,Saturday,5,14.77,20.5,Low,Clouds,No Rain,0,0,1,0,0,1,Heavy Commercial Activity,High,45
2026-05-09 14:48:56,Buea Town to Muea,0.0,14,Saturday,5,0.0,0,Low,Clouds,No Rain,0,0,1,0,0,1,Heavy Commercial Activity,High,45
2026-05-09 15:18:56,Bonduma Gate to Mile 17,3.81,15,Saturday,5,10.93,20.93,Low,Clouds,No Rain,0,0,0,0,0,1,Heavy Commercial Activity,High,30
2026-05-09 15:18:56,Bonduma to UB Junction,3.95,15,Saturday,5,13.65,17.35,Low,Clouds,No Rain,0,0,0,0,0,1,Heavy Commercial Activity,High,30
2026-05-09 15:18:56,Bonduma to Molyko,3.11,15,Saturday,5,9.88,18.89,Low,Clouds,No Rain,0,0,0,0,0,1,Heavy Commercial Activity,High,30
2026-05-09 15:18:56,Bonduma to Check Point,1.73,15,Saturday,5,4.95,20.98,Low,Clouds,No Rain,0,0,0,0,0,1,Heavy Commercial Activity,High,30
2026-05-09 15:18:56,Bonduma to Muea,2.06,15,Saturday,5,6.5,19.02,Low,Clouds,No Rain,0,0,0,0,0,1,Heavy Commercial Activity,High,30
2026-05-09 15:18:56,Bonduma to Great Soppo,2.95,15,Saturday,5,9.83,18.0,Low,Clouds,No Rain,0,0,0,0,0,1,Heavy Commercial Activity,High,30
2026-05-09 15:18:56,Bonduma to Buea Town,2.06,15,Saturday,5,6.5,19.02,Low,Clouds,No Rain,0,0,0,0,0,1,Heavy Commercial Activity,High,30
2026-05-09 15:18:56,Mile 16 to Mile 17,4.4,15,Saturday,5,12.58,20.99,Low,Clouds,No Rain,0,0,0,0,0,1,Heavy Commercial Activity,High,30
2026-05-09 15:18:56,Mile 17 to Malingo,1.54,15,Saturday,5,5.17,17.92,Low,Clouds,No Rain,0,0,0,0,0,1,Heavy Commercial Activity,High,30
2026-05-09 15:18:56,Mile 17 to UB Junction,2.05,15,Saturday,5,7.45,16.53,Low,Clouds,No Rain,0,0,0,0,0,1,Heavy Commercial Activity,High,30
2026-05-09 15:18:56,Mile 17 to Check Point,2.47,15,Saturday,5,9.22,16.09,Low,Clouds,No Rain,0,0,0,0,0,1,Heavy Commercial Activity,High,30
2026-05-09 15:18:56,Mile 17 to Muea,5.59,15,Saturday,5,17.25,19.46,Low,Clouds,No Rain,0,0,0,0,0,1,Heavy Commercial Activity,High,30
2026-05-09 15:18:56,Mile 17 to Great Soppo,6.48,15,Saturday,5,20.6,18.88,Low,Clouds,No Rain,0,0,0,0,0,1,Heavy Commercial Activity,High,30
2026-05-09 15:18:56,Malingo to UB Junction,3.47,15,Saturday,5,11.88,17.52,Low,Clouds,No Rain,0,0,0,0,0,1,Heavy Commercial Activity,High,30
2026-05-09 15:18:56,Malingo to Check Point,1.92,15,Saturday,5,7.12,16.21,Low,Clouds,No Rain,0,0,0,0,0,1,Heavy Commercial Activity,High,30
2026-05-09 15:18:56,Malingo to Molyko,6.09,15,Saturday,5,18.45,19.82,Low,Clouds,No Rain,0,0,0,0,0,1,Heavy Commercial Activity,High,30
2026-05-09 15:18:56,Malingo to Muea,5.04,15,Saturday,5,15.02,20.16,Low,Clouds,No Rain,0,0,0,0,0,1,Heavy Commercial Activity,High,30
2026-05-09 15:18:56,Malingo to Buea Town,5.04,15,Saturday,5,15.02,20.16,Low,Clouds,No Rain,0,0,0,0,0,1,Heavy Commercial Activity,High,30
2026-05-09 15:18:56,UB Junction to Molyko,6.33,15,Saturday,5,20.52,18.5,Low,Clouds,No Rain,0,0,0,0,0,1,Heavy Commercial Activity,High,30
2026-05-09 15:18:56,UB Junction to Check Point,2.15,15,Saturday,5,9.42,13.73,Low,Clouds,No Rain,0,0,0,0,0,1,Heavy Commercial Activity,High,30
2026-05-09 15:18:56,UB Junction to Great Soppo,6.17,15,Saturday,5,20.8,17.78,Low,Clouds,No Rain,0,0,0,0,0,1,Heavy Commercial Activity,High,30
2026-05-09 15:18:56,UB Junction to Buea Town,5.28,15,Saturday,5,17.45,18.14,Low,Clouds,No Rain,0,0,0,0,0,1,Heavy Commercial Activity,High,30
2026-05-09 15:18:56,UB Junction to Muea,5.28,15,Saturday,5,17.45,18.14,Low,Clouds,No Rain,0,0,0,0,0,1,Heavy Commercial Activity,High,30
2026-05-09 15:18:56,Molyko to Check Point,4.17,15,Saturday,5,11.27,22.22,Low,Clouds,No Rain,0,0,0,0,0,1,Heavy Commercial Activity,High,30
2026-05-09 15:18:56,Molyko to Great Soppo,2.03,15,Saturday,5,5.9,20.63,Low,Clouds,No Rain,0,0,0,0,0,1,Heavy Commercial Activity,High,30
2026-05-09 15:18:56,Molyko to Small Soppo,3.57,15,Saturday,5,12.35,17.36,Low,Clouds,No Rain,0,0,0,0,0,1,Heavy Commercial Activity,High,30
2026-05-09 15:18:56,Molyko to Bongo Square,4.15,15,Saturday,5,12.12,20.57,Low,Clouds,No Rain,0,0,0,0,0,1,Heavy Commercial Activity,High,30
2026-05-09 15:18:56,Molyko to Buea Town,2.92,15,Saturday,5,9.23,18.96,Low,Clouds,No Rain,0,0,0,0,0,1,Heavy Commercial Activity,High,30
2026-05-09 15:18:56,Molyko to Muea,2.92,15,Saturday,5,9.23,18.96,Low,Clouds,No Rain,0,0,0,0,0,1,Heavy Commercial Activity,High,30
2026-05-09 15:18:56,Molyko to Bokwango,6.15,15,Saturday,5,22.3,16.56,Low,Clouds,No Rain,0,0,0,0,0,1,Heavy Commercial Activity,High,30
2026-05-09 15:18:56,Check Point to Buea Town,3.12,15,Saturday,5,8.15,22.98,Low,Clouds,No Rain,0,0,0,0,0,1,Heavy Commercial Activity,High,30
2026-05-09 15:18:56,Check Point to Great Soppo,4.01,15,Saturday,5,11.48,20.96,Low,Clouds,No Rain,0,0,0,0,0,1,Heavy Commercial Activity,High,30
2026-05-09 15:18:56,Check Point to Small Soppo,3.78,15,Saturday,5,10.6,21.38,Low,Clouds,No Rain,0,0,0,0,0,1,Heavy Commercial Activity,High,30
2026-05-09 15:18:56,Check Point to Bongo Square,4.36,15,Saturday,5,10.33,25.3,Low,Clouds,No Rain,0,0,0,0,0,1,Heavy Commercial Activity,High,30
2026-05-09 15:18:56,Check Point to Muea,3.12,15,Saturday,5,8.13,23.03,Low,Clouds,No Rain,0,0,0,0,0,1,Heavy Commercial Activity,High,30
2026-05-09 15:18:56,Great Soppo to Small Soppo,1.54,15,Saturday,5,6.1,15.2,Low,Clouds,No Rain,0,0,0,0,0,1,Heavy Commercial Activity,High,30
2026-05-09 15:18:56,Great Soppo to Bongo Square,2.12,15,Saturday,5,5.85,21.78,Low,Clouds,No Rain,0,0,0,0,0,1,Heavy Commercial Activity,High,30
2026-05-09 15:18:56,Great Soppo to Buea Town,0.89,15,Saturday,5,3.33,16.0,Low,Clouds,No Rain,0,0,0,0,0,1,Heavy Commercial Activity,High,30
2026-05-09 15:18:56,Great Soppo to Muea,0.89,15,Saturday,5,3.33,16.0,Low,Clouds,No Rain,0,0,0,0,0,1,Heavy Commercial Activity,High,30
2026-05-09 15:18:56,Small Soppo to Bongo Square,1.07,15,Saturday,5,3.7,17.32,Low,Clouds,No Rain,0,0,0,0,0,1,Heavy Commercial Activity,High,30
2026-05-09 15:18:56,Small Soppo to Buea Town,0.52,15,Saturday,5,2.77,11.17,Low,Clouds,No Rain,0,0,0,0,0,1,Heavy Commercial Activity,High,30
2026-05-09 15:18:56,Small Soppo to Muea,0.52,15,Saturday,5,2.77,11.17,Low,Clouds,No Rain,0,0,0,0,0,1,Heavy Commercial Activity,High,30
2026-05-09 15:18:56,Bongo Square to Buea Town,1.24,15,Saturday,5,2.22,33.43,Low,Clouds,No Rain,0,0,0,0,0,1,Heavy Commercial Activity,High,30
2026-05-09 15:18:56,Bongo Square to Muea,1.24,15,Saturday,5,2.22,33.43,Low,Clouds,No Rain,0,0,0,0,0,1,Heavy Commercial Activity,High,30
2026-05-09 15:18:56,Bokwango to Molyko,6.15,15,Saturday,5,22.28,16.57,Low,Clouds,No Rain,0,0,0,0,0,1,Heavy Commercial Activity,High,30
2026-05-09 15:18:56,Bokwango to Check Point,5.26,15,Saturday,5,20.3,15.56,Low,Clouds,No Rain,0,0,0,0,0,1,Heavy Commercial Activity,High,30
2026-05-09 15:18:56,Bokwango to Buea Town,8.38,15,Saturday,5,28.5,17.65,Low,Clouds,No Rain,0,0,0,0,0,1,Heavy Commercial Activity,High,30
2026-05-09 15:18:56,Bokwango to Great Soppo,9.27,15,Saturday,5,31.83,17.48,Low,Clouds,No Rain,0,0,0,0,0,1,Heavy Commercial Activity,High,30
2026-05-09 15:18:56,Muea to Great Soppo,0.89,15,Saturday,5,3.33,16.0,Low,Clouds,No Rain,0,0,0,0,0,1,Heavy Commercial Activity,High,30
2026-05-09 15:18:56,Muea to Molyko,2.92,15,Saturday,5,9.1,19.24,Low,Clouds,No Rain,0,0,0,0,0,1,Heavy Commercial Activity,High,30
2026-05-09 15:18:56,Muea to Check Point,3.12,15,Saturday,5,8.2,22.84,Low,Clouds,No Rain,0,0,0,0,0,1,Heavy Commercial Activity,High,30
2026-05-09 15:18:56,Muea to Buea Town,0.0,15,Saturday,5,0.0,0,Low,Clouds,No Rain,0,0,0,0,0,1,Heavy Commercial Activity,High,30
2026-05-09 15:18:56,Muea to Bonduma,2.06,15,Saturday,5,6.7,18.46,Medium,Clouds,No Rain,0,0,0,0,0,1,Heavy Commercial Activity,High,50
2026-05-09 15:18:56,Muea to Malingo,5.04,15,Saturday,5,14.97,20.22,Low,Clouds,No Rain,0,0,0,0,0,1,Heavy Commercial Activity,High,30
2026-05-09 15:18:56,Clerks Quarters to Governor Junction,1.33,15,Saturday,5,2.57,31.14,Low,Clouds,No Rain,0,0,0,0,0,1,Heavy Commercial Activity,High,30
2026-05-09 15:18:56,Governor Junction to Long Street,0.0,15,Saturday,5,0.0,0,Low,Clouds,No Rain,0,0,0,0,0,1,Heavy Commercial Activity,High,30
2026-05-09 15:18:56,Long Street to Bongo Square,1.24,15,Saturday,5,2.18,33.94,Low,Clouds,No Rain,0,0,0,0,0,1,Heavy Commercial Activity,High,30
2026-05-09 15:18:56,Governor Junction to Buea Town,0.0,15,Saturday,5,0.0,0,Low,Clouds,No Rain,0,0,0,0,0,1,Heavy Commercial Activity,High,30
2026-05-09 15:18:56,Molyko to UB Junction,6.39,15,Saturday,5,19.42,19.74,Low,Clouds,No Rain,0,0,0,0,0,1,Heavy Commercial Activity,High,30
2026-05-09 15:18:56,UB Junction to Bonduma,3.88,15,Saturday,5,14.48,16.09,Low,Clouds,No Rain,0,0,0,0,0,1,Heavy Commercial Activity,High,30
2026-05-09 15:18:56,Check Point to Molyko,4.17,15,Saturday,5,11.7,21.39,Low,Clouds,No Rain,0,0,0,0,0,1,Heavy Commercial Activity,High,30
2026-05-09 15:18:56,Great Soppo to Check Point,4.01,15,Saturday,5,11.92,20.2,Low,Clouds,No Rain,0,0,0,0,0,1,Heavy Commercial Activity,High,30
2026-05-09 15:18:56,Malingo to Bonduma,3.65,15,Saturday,5,12.17,18.02,Low,Clouds,No Rain,0,0,0,0,0,1,Heavy Commercial Activity,High,30
2026-05-09 15:18:56,Buea Town to Malingo,5.04,15,Saturday,5,14.92,20.29,Low,Clouds,No Rain,0,0,0,0,0,1,Heavy Commercial Activity,High,30
2026-05-09 15:18:56,Buea Town to Muea,0.0,15,Saturday,5,0.0,0,Low,Clouds,No Rain,0,0,0,0,0,1,Heavy Commercial Activity,High,30
2026-05-09 16:32:23,Mile 17 to Malingo,1.54,16,Saturday,5,5.18,17.86,Low,Error,Unknown,0,0,0,0,0,1,Heavy Commercial Activity,High,30
2026-05-09 16:32:23,Mile 17 to UB Junction,2.05,16,Saturday,5,7.35,16.76,Low,Error,Unknown,0,0,0,0,0,1,Heavy Commercial Activity,High,30
2026-05-09 16:32:23,Mile 17 to Check Point,2.47,16,Saturday,5,8.77,16.92,Low,Error,Unknown,0,0,0,0,0,1,Heavy Commercial Activity,High,30
2026-05-09 16:32:23,Mile 17 to Muea,5.59,16,Saturday,5,17.05,19.69,Low,Error,Unknown,0,0,0,0,0,1,Heavy Commercial Activity,High,30
2026-05-09 16:32:23,Mile 17 to Great Soppo,6.48,16,Saturday,5,20.38,19.08,Low,Error,Unknown,0,0,0,0,0,1,Heavy Commercial Activity,High,30
2026-05-09 16:32:23,Malingo to UB Junction,3.47,16,Saturday,5,11.82,17.61,Low,Error,Unknown,0,0,0,0,0,1,Heavy Commercial Activity,High,30
2026-05-09 16:32:23,Malingo to Check Point,1.92,16,Saturday,5,7.15,16.14,Low,Error,Unknown,0,0,0,0,0,1,Heavy Commercial Activity,High,30
2026-05-09 16:32:23,Malingo to Molyko,6.09,16,Saturday,5,18.37,19.91,Low,Error,Unknown,0,0,0,0,0,1,Heavy Commercial Activity,High,30
2026-05-09 16:32:23,Malingo to Muea,5.04,16,Saturday,5,15.3,19.78,Low,Error,Unknown,0,0,0,0,0,1,Heavy Commercial Activity,High,30
2026-05-09 16:32:23,Malingo to Buea Town,5.04,16,Saturday,5,15.3,19.78,Low,Error,Unknown,0,0,0,0,0,1,Heavy Commercial Activity,High,30
2026-05-09 16:32:23,UB Junction to Molyko,6.33,16,Saturday,5,20.22,18.77,Low,Error,Unknown,0,0,0,0,0,1,Heavy Commercial Activity,High,30
2026-05-09 16:32:23,UB Junction to Check Point,2.15,16,Saturday,5,9.05,14.29,Low,Error,Unknown,0,0,0,0,0,1,Heavy Commercial Activity,High,30
2026-05-09 16:32:23,UB Junction to Great Soppo,6.17,16,Saturday,5,20.68,17.88,Low,Error,Unknown,0,0,0,0,0,1,Heavy Commercial Activity,High,30
2026-05-09 16:32:23,UB Junction to Buea Town,5.28,16,Saturday,5,17.35,18.25,Low,Error,Unknown,0,0,0,0,0,1,Heavy Commercial Activity,High,30
2026-05-09 16:32:23,UB Junction to Muea,5.28,16,Saturday,5,17.33,18.26,Low,Error,Unknown,0,0,0,0,0,1,Heavy Commercial Activity,High,30
2026-05-09 16:32:23,Molyko to Check Point,4.17,16,Saturday,5,11.58,21.61,Low,Error,Unknown,0,0,0,0,0,1,Heavy Commercial Activity,High,30
2026-05-09 16:32:23,Molyko to Great Soppo,2.03,16,Saturday,5,5.9,20.63,Low,Error,Unknown,0,0,0,0,0,1,Heavy Commercial Activity,High,30
2026-05-09 16:32:23,Molyko to Small Soppo,3.57,16,Saturday,5,12.45,17.22,Low,Error,Unknown,0,0,0,0,0,1,Heavy Commercial Activity,High,30
2026-05-09 16:32:23,Molyko to Bongo Square,4.15,16,Saturday,5,12.1,20.59,Low,Error,Unknown,0,0,0,0,0,1,Heavy Commercial Activity,High,30
2026-05-09 16:32:23,Molyko to Buea Town,2.92,16,Saturday,5,9.23,18.96,Low,Error,Unknown,0,0,0,0,0,1,Heavy Commercial Activity,High,30
2026-05-09 16:32:23,Molyko to Muea,2.92,16,Saturday,5,9.23,18.96,Low,Error,Unknown,0,0,0,0,0,1,Heavy Commercial Activity,High,30
2026-05-09 16:32:23,Molyko to Bokwango,6.15,16,Saturday,5,22.33,16.53,Low,Error,Unknown,0,0,0,0,0,1,Heavy Commercial Activity,High,30
2026-05-09 16:32:23,Check Point to Buea Town,3.12,16,Saturday,5,8.35,22.43,Low,Error,Unknown,0,0,0,0,0,1,Heavy Commercial Activity,High,30
2026-05-09 16:32:23,Check Point to Great Soppo,4.01,16,Saturday,5,11.68,20.6,Low,Error,Unknown,0,0,0,0,0,1,Heavy Commercial Activity,High,30
2026-05-09 16:32:23,Check Point to Small Soppo,3.78,16,Saturday,5,10.82,20.96,Low,Error,Unknown,0,0,0,0,0,1,Heavy Commercial Activity,High,30
2026-05-09 16:32:23,Check Point to Bongo Square,4.36,16,Saturday,5,10.48,24.94,Low,Error,Unknown,0,0,0,0,0,1,Heavy Commercial Activity,High,30
2026-05-09 16:32:23,Check Point to Muea,3.12,16,Saturday,5,8.35,22.43,Low,Error,Unknown,0,0,0,0,0,1,Heavy Commercial Activity,High,30
2026-05-09 16:32:23,Great Soppo to Small Soppo,1.54,16,Saturday,5,6.13,15.11,Low,Error,Unknown,0,0,0,0,0,1,Heavy Commercial Activity,High,30
2026-05-09 16:32:23,Great Soppo to Bongo Square,2.12,16,Saturday,5,5.78,22.04,Low,Error,Unknown,0,0,0,0,0,1,Heavy Commercial Activity,High,30
2026-05-09 16:32:23,Great Soppo to Buea Town,0.89,16,Saturday,5,3.33,16.0,Low,Error,Unknown,0,0,0,0,0,1,Heavy Commercial Activity,High,30
2026-05-09 16:32:23,Great Soppo to Muea,0.89,16,Saturday,5,3.33,16.0,Low,Error,Unknown,0,0,0,0,0,1,Heavy Commercial Activity,High,30
2026-05-09 16:32:23,Small Soppo to Bongo Square,1.07,16,Saturday,5,3.65,17.56,Low,Error,Unknown,0,0,0,0,0,1,Heavy Commercial Activity,High,30
2026-05-09 16:32:23,Small Soppo to Buea Town,0.52,16,Saturday,5,2.83,10.91,Low,Error,Unknown,0,0,0,0,0,1,Heavy Commercial Activity,High,30
2026-05-09 16:32:23,Small Soppo to Muea,0.52,16,Saturday,5,2.83,10.91,Low,Error,Unknown,0,0,0,0,0,1,Heavy Commercial Activity,High,30
2026-05-09 16:32:23,Bongo Square to Buea Town,1.24,16,Saturday,5,2.6,28.5,Medium,Error,Unknown,0,0,0,0,0,1,Heavy Commercial Activity,High,50
2026-05-09 16:32:23,Bongo Square to Muea,1.24,16,Saturday,5,2.6,28.5,Medium,Error,Unknown,0,0,0,0,0,1,Heavy Commercial Activity,High,50
2026-05-09 16:32:23,Bokwango to Molyko,6.15,16,Saturday,5,22.17,16.65,Low,Error,Unknown,0,0,0,0,0,1,Heavy Commercial Activity,High,30
2026-05-09 16:32:23,Bokwango to Check Point,5.26,16,Saturday,5,19.88,15.88,Low,Error,Unknown,0,0,0,0,0,1,Heavy Commercial Activity,High,30
2026-05-09 16:32:23,Bokwango to Buea Town,8.38,16,Saturday,5,28.15,17.87,Low,Error,Unknown,0,0,0,0,0,1,Heavy Commercial Activity,High,30
2026-05-09 16:32:23,Bokwango to Great Soppo,9.27,16,Saturday,5,31.48,17.67,Low,Error,Unknown,0,0,0,0,0,1,Heavy Commercial Activity,High,30
2026-05-09 16:32:23,Muea to Great Soppo,0.89,16,Saturday,5,3.33,16.0,Low,Error,Unknown,0,0,0,0,0,1,Heavy Commercial Activity,High,30
2026-05-09 16:32:23,Muea to Molyko,2.92,16,Saturday,5,9.1,19.24,Low,Error,Unknown,0,0,0,0,0,1,Heavy Commercial Activity,High,30
2026-05-09 16:32:23,Muea to Check Point,3.12,16,Saturday,5,8.4,22.3,Low,Error,Unknown,0,0,0,0,0,1,Heavy Commercial Activity,High,30
2026-05-09 16:32:23,Muea to Buea Town,0.0,16,Saturday,5,0.0,0,Low,Error,Unknown,0,0,0,0,0,1,Heavy Commercial Activity,High,30
2026-05-09 16:32:23,Muea to Bonduma,2.06,16,Saturday,5,6.78,18.23,Medium,Error,Unknown,0,0,0,0,0,1,Heavy Commercial Activity,High,50
2026-05-09 16:32:23,Muea to Malingo,5.04,16,Saturday,5,15.18,19.94,Low,Error,Unknown,0,0,0,0,0,1,Heavy Commercial Activity,High,30
2026-05-09 16:32:23,Clerks Quarters to Governor Junction,1.33,16,Saturday,5,2.97,26.94,Medium,Error,Unknown,0,0,0,0,0,1,Heavy Commercial Activity,High,50
2026-05-09 16:32:23,Governor Junction to Long Street,0.0,16,Saturday,5,0.0,0,Low,Error,Unknown,0,0,0,0,0,1,Heavy Commercial Activity,High,30
2026-05-09 16:32:23,Long Street to Bongo Square,1.24,16,Saturday,5,2.08,35.57,Low,Error,Unknown,0,0,0,0,0,1,Heavy Commercial Activity,High,30
2026-05-09 16:32:23,Governor Junction to Buea Town,0.0,16,Saturday,5,0.0,0,Low,Error,Unknown,0,0,0,0,0,1,Heavy Commercial Activity,High,30
2026-05-09 16:32:23,Molyko to UB Junction,6.39,16,Saturday,5,19.53,19.62,Low,Error,Unknown,0,0,0,0,0,1,Heavy Commercial Activity,High,30
2026-05-09 16:32:23,UB Junction to Bonduma,3.88,16,Saturday,5,14.23,16.38,Low,Error,Unknown,0,0,0,0,0,1,Heavy Commercial Activity,High,30
2026-05-09 16:32:23,Check Point to Molyko,4.17,16,Saturday,5,11.65,21.49,Low,Error,Unknown,0,0,0,0,0,1,Heavy Commercial Activity,High,30
2026-05-09 16:32:23,Great Soppo to Check Point,4.01,16,Saturday,5,12.13,19.83,Low,Error,Unknown,0,0,0,0,0,1,Heavy Commercial Activity,High,30
2026-05-09 16:32:23,Malingo to Bonduma,3.65,16,Saturday,5,12.13,18.07,Low,Error,Unknown,0,0,0,0,0,1,Heavy Commercial Activity,High,30
2026-05-09 16:32:23,Buea Town to Malingo,5.04,16,Saturday,5,15.18,19.94,Low,Error,Unknown,0,0,0,0,0,1,Heavy Commercial Activity,High,30
2026-05-09 16:32:23,Buea Town to Muea,0.0,16,Saturday,5,0.0,0,Low,Error,Unknown,0,0,0,0,0,1,Heavy Commercial Activity,High,30
2026-05-09 16:42:23,Bonduma Gate to Mile 17,3.81,16,Saturday,5,11.35,20.16,Low,Clouds,No Rain,0,0,0,0,0,1,Heavy Commercial Activity,High,30
2026-05-09 16:42:23,Bonduma to UB Junction,3.95,16,Saturday,5,13.95,16.97,Low,Clouds,No Rain,0,0,0,0,0,1,Heavy Commercial Activity,High,30
2026-05-09 16:42:23,Bonduma to Molyko,3.11,16,Saturday,5,9.88,18.89,Low,Clouds,No Rain,0,0,0,0,0,1,Heavy Commercial Activity,High,30
2026-05-09 16:42:23,Bonduma to Check Point,1.73,16,Saturday,5,5.15,20.17,Low,Clouds,No Rain,0,0,0,0,0,1,Heavy Commercial Activity,High,30
2026-05-09 16:42:23,Bonduma to Muea,2.06,16,Saturday,5,6.63,18.64,Low,Clouds,No Rain,0,0,0,0,0,1,Heavy Commercial Activity,High,30
2026-05-09 16:42:23,Bonduma to Great Soppo,2.95,16,Saturday,5,9.97,17.76,Low,Clouds,No Rain,0,0,0,0,0,1,Heavy Commercial Activity,High,30
2026-05-09 16:42:23,Bonduma to Buea Town,2.06,16,Saturday,5,6.63,18.64,Low,Clouds,No Rain,0,0,0,0,0,1,Heavy Commercial Activity,High,30
2026-05-09 16:42:23,Mile 16 to Mile 17,4.4,16,Saturday,5,12.68,20.82,Low,Clouds,No Rain,0,0,0,0,0,1,Heavy Commercial Activity,High,30
2026-05-09 16:42:23,Mile 17 to Malingo,1.54,16,Saturday,5,5.02,18.45,Low,Clouds,No Rain,0,0,0,0,0,1,Heavy Commercial Activity,High,30
2026-05-09 16:42:23,Mile 17 to UB Junction,2.05,16,Saturday,5,7.35,16.76,Low,Clouds,No Rain,0,0,0,0,0,1,Heavy Commercial Activity,High,30
2026-05-09 16:42:23,Mile 17 to Check Point,2.47,16,Saturday,5,8.83,16.79,Low,Clouds,No Rain,0,0,0,0,0,1,Heavy Commercial Activity,High,30
2026-05-09 16:42:23,Mile 17 to Muea,5.59,16,Saturday,5,17.08,19.65,Low,Clouds,No Rain,0,0,0,0,0,1,Heavy Commercial Activity,High,30
2026-05-09 16:42:23,Mile 17 to Great Soppo,6.48,16,Saturday,5,20.42,19.05,Low,Clouds,No Rain,0,0,0,0,0,1,Heavy Commercial Activity,High,30
2026-05-09 16:42:23,Malingo to UB Junction,3.47,16,Saturday,5,11.88,17.52,Low,Clouds,No Rain,0,0,0,0,0,1,Heavy Commercial Activity,High,30
2026-05-09 16:42:23,Malingo to Check Point,1.92,16,Saturday,5,7.17,16.1,Low,Clouds,No Rain,0,0,0,0,0,1,Heavy Commercial Activity,High,30
2026-05-09 16:42:23,Malingo to Molyko,6.09,16,Saturday,5,18.38,19.89,Low,Clouds,No Rain,0,0,0,0,0,1,Heavy Commercial Activity,High,30
2026-05-09 16:42:23,Malingo to Muea,5.04,16,Saturday,5,15.22,19.89,Low,Clouds,No Rain,0,0,0,0,0,1,Heavy Commercial Activity,High,30
2026-05-09 16:42:23,Malingo to Buea Town,5.04,16,Saturday,5,15.22,19.89,Low,Clouds,No Rain,0,0,0,0,0,1,Heavy Commercial Activity,High,30
2026-05-09 16:42:23,UB Junction to Molyko,6.33,16,Saturday,5,20.33,18.67,Low,Clouds,No Rain,0,0,0,0,0,1,Heavy Commercial Activity,High,30
2026-05-09 16:42:23,UB Junction to Check Point,2.15,16,Saturday,5,9.13,14.16,Low,Clouds,No Rain,0,0,0,0,0,1,Heavy Commercial Activity,High,30
2026-05-09 16:42:23,UB Junction to Great Soppo,6.17,16,Saturday,5,20.73,17.84,Low,Clouds,No Rain,0,0,0,0,0,1,Heavy Commercial Activity,High,30
2026-05-09 16:42:23,UB Junction to Buea Town,5.28,16,Saturday,5,17.4,18.19,Low,Clouds,No Rain,0,0,0,0,0,1,Heavy Commercial Activity,High,30
2026-05-09 16:42:23,UB Junction to Muea,5.28,16,Saturday,5,17.38,18.21,Low,Clouds,No Rain,0,0,0,0,0,1,Heavy Commercial Activity,High,30
2026-05-09 16:42:23,Molyko to Check Point,4.17,16,Saturday,5,11.57,21.64,Low,Clouds,No Rain,0,0,0,0,0,1,Heavy Commercial Activity,High,30
2026-05-09 16:42:23,Molyko to Great Soppo,2.03,16,Saturday,5,5.9,20.63,Low,Clouds,No Rain,0,0,0,0,0,1,Heavy Commercial Activity,High,30
2026-05-09 16:42:23,Molyko to Small Soppo,3.57,16,Saturday,5,12.43,17.25,Low,Clouds,No Rain,0,0,0,0,0,1,Heavy Commercial Activity,High,30
2026-05-09 16:42:23,Molyko to Bongo Square,4.15,16,Saturday,5,12.07,20.65,Low,Clouds,No Rain,0,0,0,0,0,1,Heavy Commercial Activity,High,30
2026-05-09 16:42:23,Molyko to Buea Town,2.92,16,Saturday,5,9.23,18.96,Low,Clouds,No Rain,0,0,0,0,0,1,Heavy Commercial Activity,High,30
2026-05-09 16:42:23,Molyko to Muea,2.92,16,Saturday,5,9.23,18.96,Low,Clouds,No Rain,0,0,0,0,0,1,Heavy Commercial Activity,High,30
2026-05-09 16:42:23,Molyko to Bokwango,6.15,16,Saturday,5,22.3,16.56,Low,Clouds,No Rain,0,0,0,0,0,1,Heavy Commercial Activity,High,30
2026-05-09 16:42:23,Check Point to Buea Town,3.12,16,Saturday,5,8.3,22.57,Low,Clouds,No Rain,0,0,0,0,0,1,Heavy Commercial Activity,High,30
2026-05-09 16:42:23,Check Point to Great Soppo,4.01,16,Saturday,5,11.63,20.69,Low,Clouds,No Rain,0,0,0,0,0,1,Heavy Commercial Activity,High,30
2026-05-09 16:42:23,Check Point to Small Soppo,3.78,16,Saturday,5,10.78,21.02,Low,Clouds,No Rain,0,0,0,0,0,1,Heavy Commercial Activity,High,30
2026-05-09 16:42:23,Check Point to Bongo Square,4.36,16,Saturday,5,10.43,25.06,Low,Clouds,No Rain,0,0,0,0,0,1,Heavy Commercial Activity,High,30
2026-05-09 16:42:23,Check Point to Muea,3.12,16,Saturday,5,8.3,22.57,Low,Clouds,No Rain,0,0,0,0,0,1,Heavy Commercial Activity,High,30
2026-05-09 16:42:23,Great Soppo to Small Soppo,1.54,16,Saturday,5,6.15,15.07,Low,Clouds,No Rain,0,0,0,0,0,1,Heavy Commercial Activity,High,30
2026-05-09 16:42:23,Great Soppo to Bongo Square,2.12,16,Saturday,5,5.82,21.91,Low,Clouds,No Rain,0,0,0,0,0,1,Heavy Commercial Activity,High,30
2026-05-09 16:42:23,Great Soppo to Buea Town,0.89,16,Saturday,5,3.33,16.0,Low,Clouds,No Rain,0,0,0,0,0,1,Heavy Commercial Activity,High,30
2026-05-09 16:42:23,Great Soppo to Muea,0.89,16,Saturday,5,3.33,16.0,Low,Clouds,No Rain,0,0,0,0,0,1,Heavy Commercial Activity,High,30
2026-05-09 16:42:23,Small Soppo to Bongo Square,1.07,16,Saturday,5,3.68,17.4,Low,Clouds,No Rain,0,0,0,0,0,1,Heavy Commercial Activity,High,30
2026-05-09 16:42:23,Small Soppo to Buea Town,0.52,16,Saturday,5,2.82,10.97,Low,Clouds,No Rain,0,0,0,0,0,1,Heavy Commercial Activity,High,30
2026-05-09 16:42:23,Small Soppo to Muea,0.52,16,Saturday,5,2.82,10.97,Low,Clouds,No Rain,0,0,0,0,0,1,Heavy Commercial Activity,High,30
2026-05-09 16:42:23,Bongo Square to Buea Town,1.24,16,Saturday,5,2.42,30.66,Low,Clouds,No Rain,0,0,0,0,0,1,Heavy Commercial Activity,High,30
2026-05-09 16:42:23,Bongo Square to Muea,1.24,16,Saturday,5,2.42,30.66,Low,Clouds,No Rain,0,0,0,0,0,1,Heavy Commercial Activity,High,30
2026-05-09 16:42:23,Bokwango to Molyko,6.15,16,Saturday,5,22.15,16.67,Low,Clouds,No Rain,0,0,0,0,0,1,Heavy Commercial Activity,High,30
2026-05-09 16:42:23,Bokwango to Check Point,5.26,16,Saturday,5,20.0,15.79,Low,Clouds,No Rain,0,0,0,0,0,1,Heavy Commercial Activity,High,30
2026-05-09 16:42:23,Bokwango to Buea Town,8.38,16,Saturday,5,28.27,17.8,Low,Clouds,No Rain,0,0,0,0,0,1,Heavy Commercial Activity,High,30
2026-05-09 16:42:23,Bokwango to Great Soppo,9.27,16,Saturday,5,31.6,17.61,Low,Clouds,No Rain,0,0,0,0,0,1,Heavy Commercial Activity,High,30
2026-05-09 16:42:23,Muea to Great Soppo,0.89,16,Saturday,5,3.33,16.0,Low,Clouds,No Rain,0,0,0,0,0,1,Heavy Commercial Activity,High,30
2026-05-09 16:42:23,Muea to Molyko,2.92,16,Saturday,5,9.1,19.24,Low,Clouds,No Rain,0,0,0,0,0,1,Heavy Commercial Activity,High,30
2026-05-09 16:42:23,Muea to Check Point,3.12,16,Saturday,5,8.23,22.75,Low,Clouds,No Rain,0,0,0,0,0,1,Heavy Commercial Activity,High,30
2026-05-09 16:42:23,Muea to Buea Town,0.0,16,Saturday,5,0.0,0,Low,Clouds,No Rain,0,0,0,0,0,1,Heavy Commercial Activity,High,30
2026-05-09 16:42:23,Muea to Bonduma,2.06,16,Saturday,5,6.58,18.78,Low,Clouds,No Rain,0,0,0,0,0,1,Heavy Commercial Activity,High,30
2026-05-09 16:42:23,Muea to Malingo,5.04,16,Saturday,5,15.02,20.16,Low,Clouds,No Rain,0,0,0,0,0,1,Heavy Commercial Activity,High,30
2026-05-09 16:42:23,Clerks Quarters to Governor Junction,1.33,16,Saturday,5,2.77,28.89,Low,Clouds,No Rain,0,0,0,0,0,1,Heavy Commercial Activity,High,30
2026-05-09 16:42:23,Governor Junction to Long Street,0.0,16,Saturday,5,0.0,0,Low,Clouds,No Rain,0,0,0,0,0,1,Heavy Commercial Activity,High,30
2026-05-09 16:42:23,Long Street to Bongo Square,1.24,16,Saturday,5,2.15,34.47,Low,Clouds,No Rain,0,0,0,0,0,1,Heavy Commercial Activity,High,30
2026-05-09 16:42:23,Governor Junction to Buea Town,0.0,16,Saturday,5,0.0,0,Low,Clouds,No Rain,0,0,0,0,0,1,Heavy Commercial Activity,High,30
2026-05-09 16:42:23,Molyko to UB Junction,6.39,16,Saturday,5,19.52,19.64,Low,Clouds,No Rain,0,0,0,0,0,1,Heavy Commercial Activity,High,30
2026-05-09 16:42:23,UB Junction to Bonduma,3.88,16,Saturday,5,14.27,16.34,Low,Clouds,No Rain,0,0,0,0,0,1,Heavy Commercial Activity,High,30
2026-05-09 16:42:23,Check Point to Molyko,4.17,16,Saturday,5,11.62,21.55,Low,Clouds,No Rain,0,0,0,0,0,1,Heavy Commercial Activity,High,30
2026-05-09 16:42:23,Great Soppo to Check Point,4.01,16,Saturday,5,12.02,20.03,Low,Clouds,No Rain,0,0,0,0,0,1,Heavy Commercial Activity,High,30
2026-05-09 16:42:23,Malingo to Bonduma,3.65,16,Saturday,5,12.2,17.97,Low,Clouds,No Rain,0,0,0,0,0,1,Heavy Commercial Activity,High,30
2026-05-09 16:42:23,Buea Town to Malingo,5.04,16,Saturday,5,15.02,20.16,Low,Clouds,No Rain,0,0,0,0,0,1,Heavy Commercial Activity,High,30
2026-05-09 16:42:23,Buea Town to Muea,0.0,16,Saturday,5,0.0,0,Low,Clouds,No Rain,0,0,0,0,0,1,Heavy Commercial Activity,High,30
2026-05-09 16:52:23,Bonduma Gate to Mile 17,3.81,16,Saturday,5,10.9,20.99,Low,Clouds,No Rain,0,0,0,0,0,1,Heavy Commercial Activity,High,30
2026-05-09 16:52:23,Bonduma to UB Junction,3.95,16,Saturday,5,13.77,17.2,Low,Clouds,No Rain,0,0,0,0,0,1,Heavy Commercial Activity,High,30
2026-05-09 16:52:23,Bonduma to Molyko,3.11,16,Saturday,5,9.88,18.89,Low,Clouds,No Rain,0,0,0,0,0,1,Heavy Commercial Activity,High,30
2026-05-09 16:52:23,Bonduma to Check Point,1.73,16,Saturday,5,5.15,20.17,Low,Clouds,No Rain,0,0,0,0,0,1,Heavy Commercial Activity,High,30
2026-05-09 16:52:23,Bonduma to Muea,2.06,16,Saturday,5,6.65,18.6,Low,Clouds,No Rain,0,0,0,0,0,1,Heavy Commercial Activity,High,30
2026-05-09 16:52:23,Bonduma to Great Soppo,2.95,16,Saturday,5,10.03,17.64,Low,Clouds,No Rain,0,0,0,0,0,1,Heavy Commercial Activity,High,30
2026-05-09 16:52:23,Bonduma to Buea Town,2.06,16,Saturday,5,6.68,18.5,Low,Clouds,No Rain,0,0,0,0,0,1,Heavy Commercial Activity,High,30
2026-05-09 16:52:23,Mile 16 to Mile 17,4.4,16,Saturday,5,12.27,21.53,Low,Clouds,No Rain,0,0,0,0,0,1,Heavy Commercial Activity,High,30
2026-05-09 16:52:23,Mile 17 to Malingo,1.54,16,Saturday,5,4.92,18.83,Low,Clouds,No Rain,0,0,0,0,0,1,Heavy Commercial Activity,High,30
2026-05-09 16:52:23,Mile 17 to UB Junction,2.05,16,Saturday,5,7.32,16.84,Low,Clouds,No Rain,0,0,0,0,0,1,Heavy Commercial Activity,High,30
2026-05-09 16:52:23,Mile 17 to Check Point,2.47,16,Saturday,5,8.7,17.05,Low,Clouds,No Rain,0,0,0,0,0,1,Heavy Commercial Activity,High,30
2026-05-09 16:52:23,Mile 17 to Muea,5.59,16,Saturday,5,16.97,19.78,Low,Clouds,No Rain,0,0,0,0,0,1,Heavy Commercial Activity,High,30
2026-05-09 16:52:23,Mile 17 to Great Soppo,6.48,16,Saturday,5,20.3,19.16,Low,Clouds,No Rain,0,0,0,0,0,1,Heavy Commercial Activity,High,30
2026-05-09 16:52:23,Malingo to UB Junction,3.47,16,Saturday,5,12.05,17.27,Low,Clouds,No Rain,0,0,0,0,0,1,Heavy Commercial Activity,High,30
2026-05-09 16:52:23,Malingo to Check Point,1.92,16,Saturday,5,7.18,16.06,Low,Clouds,No Rain,0,0,0,0,0,1,Heavy Commercial Activity,High,30
2026-05-09 16:52:23,Malingo to Molyko,6.09,16,Saturday,5,18.45,19.82,Low,Clouds,No Rain,0,0,0,0,0,1,Heavy Commercial Activity,High,30
2026-05-09 16:52:23,Malingo to Muea,5.04,16,Saturday,5,15.25,19.85,Low,Clouds,No Rain,0,0,0,0,0,1,Heavy Commercial Activity,High,30
2026-05-09 16:52:23,Malingo to Buea Town,5.04,16,Saturday,5,15.25,19.85,Low,Clouds,No Rain,0,0,0,0,0,1,Heavy Commercial Activity,High,30
2026-05-09 16:52:23,UB Junction to Molyko,6.33,16,Saturday,5,20.27,18.73,Low,Clouds,No Rain,0,0,0,0,0,1,Heavy Commercial Activity,High,30
2026-05-09 16:52:23,UB Junction to Check Point,2.15,16,Saturday,5,9.03,14.31,Low,Clouds,No Rain,0,0,0,0,0,1,Heavy Commercial Activity,High,30
2026-05-09 16:52:23,UB Junction to Great Soppo,6.17,16,Saturday,5,20.62,17.94,Low,Clouds,No Rain,0,0,0,0,0,1,Heavy Commercial Activity,High,30
2026-05-09 16:52:23,UB Junction to Buea Town,5.28,16,Saturday,5,17.28,18.32,Low,Clouds,No Rain,0,0,0,0,0,1,Heavy Commercial Activity,High,30
2026-05-09 16:52:23,UB Junction to Muea,5.28,16,Saturday,5,17.28,18.32,Low,Clouds,No Rain,0,0,0,0,0,1,Heavy Commercial Activity,High,30
2026-05-09 16:52:23,Molyko to Check Point,4.17,16,Saturday,5,11.7,21.39,Low,Clouds,No Rain,0,0,0,0,0,1,Heavy Commercial Activity,High,30
2026-05-09 16:52:23,Molyko to Great Soppo,2.03,16,Saturday,5,5.9,20.63,Low,Clouds,No Rain,0,0,0,0,0,1,Heavy Commercial Activity,High,30
2026-05-09 16:52:23,Molyko to Small Soppo,3.57,16,Saturday,5,12.52,17.13,Low,Clouds,No Rain,0,0,0,0,0,1,Heavy Commercial Activity,High,30
2026-05-09 16:52:23,Molyko to Bongo Square,4.15,16,Saturday,5,12.15,20.51,Low,Clouds,No Rain,0,0,0,0,0,1,Heavy Commercial Activity,High,30
2026-05-09 16:52:23,Molyko to Buea Town,2.92,16,Saturday,5,9.23,18.96,Low,Clouds,No Rain,0,0,0,0,0,1,Heavy Commercial Activity,High,30
2026-05-09 16:52:23,Molyko to Muea,2.92,16,Saturday,5,9.23,18.96,Low,Clouds,No Rain,0,0,0,0,0,1,Heavy Commercial Activity,High,30
2026-05-09 16:52:23,Molyko to Bokwango,6.15,16,Saturday,5,22.28,16.57,Low,Clouds,No Rain,0,0,0,0,0,1,Heavy Commercial Activity,High,30
2026-05-09 16:52:23,Check Point to Buea Town,3.12,16,Saturday,5,8.3,22.57,Low,Clouds,No Rain,0,0,0,0,0,1,Heavy Commercial Activity,High,30
2026-05-09 16:52:23,Check Point to Great Soppo,4.01,16,Saturday,5,11.63,20.69,Low,Clouds,No Rain,0,0,0,0,0,1,Heavy Commercial Activity,High,30
2026-05-09 16:52:23,Check Point to Small Soppo,3.78,16,Saturday,5,10.8,20.99,Low,Clouds,No Rain,0,0,0,0,0,1,Heavy Commercial Activity,High,30
2026-05-09 16:52:23,Check Point to Bongo Square,4.36,16,Saturday,5,10.48,24.94,Low,Clouds,No Rain,0,0,0,0,0,1,Heavy Commercial Activity,High,30
2026-05-09 16:52:23,Check Point to Muea,3.12,16,Saturday,5,8.3,22.57,Low,Clouds,No Rain,0,0,0,0,0,1,Heavy Commercial Activity,High,30
2026-05-09 16:52:23,Great Soppo to Small Soppo,1.54,16,Saturday,5,6.17,15.03,Low,Clouds,No Rain,0,0,0,0,0,1,Heavy Commercial Activity,High,30
2026-05-09 16:52:23,Great Soppo to Bongo Square,2.12,16,Saturday,5,5.82,21.91,Low,Clouds,No Rain,0,0,0,0,0,1,Heavy Commercial Activity,High,30
2026-05-09 16:52:23,Great Soppo to Buea Town,0.89,16,Saturday,5,3.33,16.0,Low,Clouds,No Rain,0,0,0,0,0,1,Heavy Commercial Activity,High,30
2026-05-09 16:52:23,Great Soppo to Muea,0.89,16,Saturday,5,3.33,16.0,Low,Clouds,No Rain,0,0,0,0,0,1,Heavy Commercial Activity,High,30
2026-05-09 16:52:23,Small Soppo to Bongo Square,1.07,16,Saturday,5,3.68,17.4,Low,Clouds,No Rain,0,0,0,0,0,1,Heavy Commercial Activity,High,30
2026-05-09 16:52:23,Small Soppo to Buea Town,0.52,16,Saturday,5,2.85,10.84,Low,Clouds,No Rain,0,0,0,0,0,1,Heavy Commercial Activity,High,30
2026-05-09 16:52:23,Small Soppo to Muea,0.52,16,Saturday,5,2.85,10.84,Low,Clouds,No Rain,0,0,0,0,0,1,Heavy Commercial Activity,High,30
2026-05-09 16:52:23,Bongo Square to Buea Town,1.24,16,Saturday,5,2.3,32.22,Low,Clouds,No Rain,0,0,0,0,0,1,Heavy Commercial Activity,High,30
2026-05-09 16:52:23,Bongo Square to Muea,1.24,16,Saturday,5,2.3,32.22,Low,Clouds,No Rain,0,0,0,0,0,1,Heavy Commercial Activity,High,30
2026-05-09 16:52:23,Bokwango to Molyko,6.15,16,Saturday,5,22.13,16.68,Low,Clouds,No Rain,0,0,0,0,0,1,Heavy Commercial Activity,High,30
2026-05-09 16:52:23,Bokwango to Check Point,5.26,16,Saturday,5,19.92,15.86,Low,Clouds,No Rain,0,0,0,0,0,1,Heavy Commercial Activity,High,30
2026-05-09 16:52:23,Bokwango to Buea Town,8.38,16,Saturday,5,28.08,17.91,Low,Clouds,No Rain,0,0,0,0,0,1,Heavy Commercial Activity,High,30
2026-05-09 16:52:23,Bokwango to Great Soppo,9.27,16,Saturday,5,31.43,17.7,Low,Clouds,No Rain,0,0,0,0,0,1,Heavy Commercial Activity,High,30
2026-05-09 16:52:23,Muea to Great Soppo,0.89,16,Saturday,5,3.33,16.0,Low,Clouds,No Rain,0,0,0,0,0,1,Heavy Commercial Activity,High,30
2026-05-09 16:52:23,Muea to Molyko,2.92,16,Saturday,5,9.1,19.24,Low,Clouds,No Rain,0,0,0,0,0,1,Heavy Commercial Activity,High,30
2026-05-09 16:52:23,Muea to Check Point,3.12,16,Saturday,5,8.03,23.32,Low,Clouds,No Rain,0,0,0,0,0,1,Heavy Commercial Activity,High,30
2026-05-09 16:52:23,Muea to Buea Town,0.0,16,Saturday,5,0.0,0,Low,Clouds,No Rain,0,0,0,0,0,1,Heavy Commercial Activity,High,30
2026-05-09 16:52:23,Muea to Bonduma,2.06,16,Saturday,5,6.33,19.53,Low,Clouds,No Rain,0,0,0,0,0,1,Heavy Commercial Activity,High,30
2026-05-09 16:52:23,Muea to Malingo,5.04,16,Saturday,5,14.82,20.43,Low,Clouds,No Rain,0,0,0,0,0,1,Heavy Commercial Activity,High,30
2026-05-09 16:52:23,Clerks Quarters to Governor Junction,1.33,16,Saturday,5,2.65,30.16,Low,Clouds,No Rain,0,0,0,0,0,1,Heavy Commercial Activity,High,30
2026-05-09 16:52:23,Governor Junction to Long Street,0.0,16,Saturday,5,0.0,0,Low,Clouds,No Rain,0,0,0,0,0,1,Heavy Commercial Activity,High,30
2026-05-09 16:52:23,Long Street to Bongo Square,1.24,16,Saturday,5,2.13,34.73,Low,Clouds,No Rain,0,0,0,0,0,1,Heavy Commercial Activity,High,30
2026-05-09 16:52:23,Governor Junction to Buea Town,0.0,16,Saturday,5,0.0,0,Low,Clouds,No Rain,0,0,0,0,0,1,Heavy Commercial Activity,High,30
2026-05-09 16:52:23,Molyko to UB Junction,6.39,16,Saturday,5,19.6,19.55,Low,Clouds,No Rain,0,0,0,0,0,1,Heavy Commercial Activity,High,30
2026-05-09 16:52:23,UB Junction to Bonduma,3.88,16,Saturday,5,14.15,16.47,Low,Clouds,No Rain,0,0,0,0,0,1,Heavy Commercial Activity,High,30
2026-05-09 16:52:23,Check Point to Molyko,4.17,16,Saturday,5,11.72,21.36,Low,Clouds,No Rain,0,0,0,0,0,1,Heavy Commercial Activity,High,30
2026-05-09 16:52:23,Great Soppo to Check Point,4.01,16,Saturday,5,11.97,20.11,Low,Clouds,No Rain,0,0,0,0,0,1,Heavy Commercial Activity,High,30
2026-05-09 16:52:23,Malingo to Bonduma,3.65,16,Saturday,5,12.22,17.95,Low,Clouds,No Rain,0,0,0,0,0,1,Heavy Commercial Activity,High,30
2026-05-09 16:52:23,Buea Town to Malingo,5.04,16,Saturday,5,14.82,20.43,Low,Clouds,No Rain,0,0,0,0,0,1,Heavy Commercial Activity,High,30
2026-05-09 16:52:23,Buea Town to Muea,0.0,16,Saturday,5,0.0,0,Low,Clouds,No Rain,0,0,0,0,0,1,Heavy Commercial Activity,High,30
2026-05-09 17:02:23,Bonduma Gate to Mile 17,3.81,17,Saturday,5,11.08,20.64,Low,Clouds,No Rain,0,0,0,0,0,1,Heavy Commercial Activity,High,30
2026-05-09 17:02:23,Bonduma to UB Junction,3.95,17,Saturday,5,13.9,17.03,Low,Clouds,No Rain,0,0,0,0,0,1,Heavy Commercial Activity,High,30
2026-05-09 17:02:23,Bonduma to Molyko,3.11,17,Saturday,5,9.88,18.89,Low,Clouds,No Rain,0,0,0,0,0,1,Heavy Commercial Activity,High,30
2026-05-09 17:02:23,Bonduma to Check Point,1.73,17,Saturday,5,5.27,19.72,Low,Clouds,No Rain,0,0,0,0,0,1,Heavy Commercial Activity,High,30
2026-05-09 17:02:23,Bonduma to Muea,2.06,17,Saturday,5,6.73,18.37,Low,Clouds,No Rain,0,0,0,0,0,1,Heavy Commercial Activity,High,30
2026-05-09 17:02:23,Bonduma to Great Soppo,2.95,17,Saturday,5,10.07,17.58,Low,Clouds,No Rain,0,0,0,0,0,1,Heavy Commercial Activity,High,30
2026-05-09 17:02:23,Bonduma to Buea Town,2.06,17,Saturday,5,6.73,18.37,Low,Clouds,No Rain,0,0,0,0,0,1,Heavy Commercial Activity,High,30
2026-05-09 17:02:23,Mile 16 to Mile 17,4.4,17,Saturday,5,12.47,21.19,Low,Clouds,No Rain,0,0,0,0,0,1,Heavy Commercial Activity,High,30
2026-05-09 17:02:23,Mile 17 to Malingo,1.54,17,Saturday,5,5.02,18.45,Low,Clouds,No Rain,0,0,0,0,0,1,Heavy Commercial Activity,High,30
2026-05-09 17:02:23,Mile 17 to UB Junction,2.05,17,Saturday,5,7.33,16.8,Low,Clouds,No Rain,0,0,0,0,0,1,Heavy Commercial Activity,High,30
2026-05-09 17:02:23,Mile 17 to Check Point,2.47,17,Saturday,5,8.5,17.45,Low,Clouds,No Rain,0,0,0,0,0,1,Heavy Commercial Activity,High,30
2026-05-09 17:02:23,Mile 17 to Muea,5.59,17,Saturday,5,16.72,20.08,Low,Clouds,No Rain,0,0,0,0,0,1,Heavy Commercial Activity,High,30
2026-05-09 17:02:23,Mile 17 to Great Soppo,6.48,17,Saturday,5,20.05,19.4,Low,Clouds,No Rain,0,0,0,0,0,1,Heavy Commercial Activity,High,30
2026-05-09 17:02:23,Malingo to UB Junction,3.47,17,Saturday,5,12.03,17.3,Low,Clouds,No Rain,0,0,0,0,0,1,Heavy Commercial Activity,High,30
2026-05-09 17:02:23,Malingo to Check Point,2.02,17,Saturday,5,7.28,16.66,Low,Clouds,No Rain,0,0,0,0,0,1,Heavy Commercial Activity,High,30
2026-05-09 17:02:23,Malingo to Molyko,6.09,17,Saturday,5,18.43,19.84,Low,Clouds,No Rain,0,0,0,0,0,1,Heavy Commercial Activity,High,30
2026-05-09 17:02:23,Malingo to Muea,5.04,17,Saturday,5,15.2,19.91,Low,Clouds,No Rain,0,0,0,0,0,1,Heavy Commercial Activity,High,30
2026-05-09 17:02:23,Malingo to Buea Town,5.04,17,Saturday,5,15.2,19.91,Low,Clouds,No Rain,0,0,0,0,0,1,Heavy Commercial Activity,High,30
2026-05-09 17:02:23,UB Junction to Molyko,6.33,17,Saturday,5,20.08,18.9,Low,Clouds,No Rain,0,0,0,0,0,1,Heavy Commercial Activity,High,30
2026-05-09 17:02:23,UB Junction to Check Point,2.15,17,Saturday,5,8.83,14.64,Low,Clouds,No Rain,0,0,0,0,0,1,Heavy Commercial Activity,High,30
2026-05-09 17:02:23,UB Junction to Great Soppo,6.17,17,Saturday,5,20.37,18.16,Low,Clouds,No Rain,0,0,0,0,0,1,Heavy Commercial Activity,High,30
2026-05-09 17:02:23,UB Junction to Buea Town,5.28,17,Saturday,5,17.02,18.6,Low,Clouds,No Rain,0,0,0,0,0,1,Heavy Commercial Activity,High,30
2026-05-09 17:02:23,UB Junction to Muea,5.28,17,Saturday,5,17.02,18.6,Low,Clouds,No Rain,0,0,0,0,0,1,Heavy Commercial Activity,High,30
2026-05-09 17:02:23,Molyko to Check Point,4.17,17,Saturday,5,11.77,21.27,Low,Clouds,No Rain,0,0,0,0,0,1,Heavy Commercial Activity,High,30
2026-05-09 17:02:23,Molyko to Great Soppo,2.03,17,Saturday,5,5.9,20.63,Low,Clouds,No Rain,0,0,0,0,0,1,Heavy Commercial Activity,High,30
2026-05-09 17:02:23,Molyko to Small Soppo,3.57,17,Saturday,5,12.52,17.13,Low,Clouds,No Rain,0,0,0,0,0,1,Heavy Commercial Activity,High,30
2026-05-09 17:02:23,Molyko to Bongo Square,4.15,17,Saturday,5,12.13,20.54,Low,Clouds,No Rain,0,0,0,0,0,1,Heavy Commercial Activity,High,30
2026-05-09 17:02:23,Molyko to Buea Town,2.92,17,Saturday,5,9.23,18.96,Low,Clouds,No Rain,0,0,0,0,0,1,Heavy Commercial Activity,High,30
2026-05-09 17:02:23,Molyko to Muea,2.92,17,Saturday,5,9.23,18.96,Low,Clouds,No Rain,0,0,0,0,0,1,Heavy Commercial Activity,High,30
2026-05-09 17:02:23,Molyko to Bokwango,6.15,17,Saturday,5,22.28,16.57,Low,Clouds,No Rain,0,0,0,0,0,1,Heavy Commercial Activity,High,30
2026-05-09 17:02:23,Check Point to Buea Town,3.12,17,Saturday,5,8.35,22.43,Low,Clouds,No Rain,0,0,0,0,0,1,Heavy Commercial Activity,High,30
2026-05-09 17:02:23,Check Point to Great Soppo,4.01,17,Saturday,5,11.68,20.6,Low,Clouds,No Rain,0,0,0,0,0,1,Heavy Commercial Activity,High,30
2026-05-09 17:02:23,Check Point to Small Soppo,3.78,17,Saturday,5,10.85,20.89,Low,Clouds,No Rain,0,0,0,0,0,1,Heavy Commercial Activity,High,30
2026-05-09 17:02:23,Check Point to Bongo Square,4.36,17,Saturday,5,10.5,24.9,Low,Clouds,No Rain,0,0,0,0,0,1,Heavy Commercial Activity,High,30
2026-05-09 17:02:23,Check Point to Muea,3.12,17,Saturday,5,8.35,22.43,Low,Clouds,No Rain,0,0,0,0,0,1,Heavy Commercial Activity,High,30
2026-05-09 17:02:23,Great Soppo to Small Soppo,1.54,17,Saturday,5,6.18,14.99,Low,Clouds,No Rain,0,0,0,0,0,1,Heavy Commercial Activity,High,30
2026-05-09 17:02:23,Great Soppo to Bongo Square,2.12,17,Saturday,5,5.85,21.78,Low,Clouds,No Rain,0,0,0,0,0,1,Heavy Commercial Activity,High,30
2026-05-09 17:02:23,Great Soppo to Buea Town,0.89,17,Saturday,5,3.33,16.0,Low,Clouds,No Rain,0,0,0,0,0,1,Heavy Commercial Activity,High,30
2026-05-09 17:02:23,Great Soppo to Muea,0.89,17,Saturday,5,3.33,16.0,Low,Clouds,No Rain,0,0,0,0,0,1,Heavy Commercial Activity,High,30
2026-05-09 17:02:23,Small Soppo to Bongo Square,1.07,17,Saturday,5,3.7,17.32,Low,Clouds,No Rain,0,0,0,0,0,1,Heavy Commercial Activity,High,30
2026-05-09 17:02:23,Small Soppo to Buea Town,0.52,17,Saturday,5,2.85,10.84,Low,Clouds,No Rain,0,0,0,0,0,1,Heavy Commercial Activity,High,30
2026-05-09 17:02:23,Small Soppo to Muea,0.52,17,Saturday,5,2.85,10.84,Low,Clouds,No Rain,0,0,0,0,0,1,Heavy Commercial Activity,High,30
2026-05-09 17:02:23,Bongo Square to Buea Town,1.24,17,Saturday,5,2.35,31.53,Low,Clouds,No Rain,0,0,0,0,0,1,Heavy Commercial Activity,High,30
2026-05-09 17:02:23,Bongo Square to Muea,1.24,17,Saturday,5,2.35,31.53,Low,Clouds,No Rain,0,0,0,0,0,1,Heavy Commercial Activity,High,30
2026-05-09 17:02:23,Bokwango to Molyko,6.15,17,Saturday,5,22.13,16.68,Low,Clouds,No Rain,0,0,0,0,0,1,Heavy Commercial Activity,High,30
2026-05-09 17:02:23,Bokwango to Check Point,5.26,17,Saturday,5,19.95,15.83,Low,Clouds,No Rain,0,0,0,0,0,1,Heavy Commercial Activity,High,30
2026-05-09 17:02:23,Bokwango to Buea Town,8.38,17,Saturday,5,28.15,17.87,Low,Clouds,No Rain,0,0,0,0,0,1,Heavy Commercial Activity,High,30
2026-05-09 17:02:23,Bokwango to Great Soppo,9.27,17,Saturday,5,31.48,17.67,Low,Clouds,No Rain,0,0,0,0,0,1,Heavy Commercial Activity,High,30
2026-05-09 17:02:23,Muea to Great Soppo,0.89,17,Saturday,5,3.33,16.0,Low,Clouds,No Rain,0,0,0,0,0,1,Heavy Commercial Activity,High,30
2026-05-09 17:02:23,Muea to Molyko,2.92,17,Saturday,5,9.1,19.24,Low,Clouds,No Rain,0,0,0,0,0,1,Heavy Commercial Activity,High,30
2026-05-09 17:02:23,Muea to Check Point,3.12,17,Saturday,5,8.23,22.75,Low,Clouds,No Rain,0,0,0,0,0,1,Heavy Commercial Activity,High,30
2026-05-09 17:02:23,Muea to Buea Town,0.0,17,Saturday,5,0.0,0,Low,Clouds,No Rain,0,0,0,0,0,1,Heavy Commercial Activity,High,30
2026-05-09 17:02:23,Muea to Bonduma,2.06,17,Saturday,5,6.5,19.02,Low,Clouds,No Rain,0,0,0,0,0,1,Heavy Commercial Activity,High,30
2026-05-09 17:02:23,Muea to Malingo,5.04,17,Saturday,5,15.0,20.18,Low,Clouds,No Rain,0,0,0,0,0,1,Heavy Commercial Activity,High,30
2026-05-09 17:02:23,Clerks Quarters to Governor Junction,1.33,17,Saturday,5,2.72,29.42,Low,Clouds,No Rain,0,0,0,0,0,1,Heavy Commercial Activity,High,30
2026-05-09 17:02:23,Governor Junction to Long Street,0.0,17,Saturday,5,0.0,0,Low,Clouds,No Rain,0,0,0,0,0,1,Heavy Commercial Activity,High,30
2026-05-09 17:02:23,Long Street to Bongo Square,1.24,17,Saturday,5,2.2,33.68,Low,Clouds,No Rain,0,0,0,0,0,1,Heavy Commercial Activity,High,30
2026-05-09 17:02:23,Governor Junction to Buea Town,0.0,17,Saturday,5,0.0,0,Low,Clouds,No Rain,0,0,0,0,0,1,Heavy Commercial Activity,High,30
2026-05-09 17:02:23,Molyko to UB Junction,6.39,17,Saturday,5,19.63,19.52,Low,Clouds,No Rain,0,0,0,0,0,1,Heavy Commercial Activity,High,30
2026-05-09 17:02:23,UB Junction to Bonduma,3.88,17,Saturday,5,13.93,16.73,Low,Clouds,No Rain,0,0,0,0,0,1,Heavy Commercial Activity,High,30
2026-05-09 17:02:23,Check Point to Molyko,4.17,17,Saturday,5,11.72,21.36,Low,Clouds,No Rain,0,0,0,0,0,1,Heavy Commercial Activity,High,30
2026-05-09 17:02:23,Great Soppo to Check Point,4.01,17,Saturday,5,12.05,19.97,Low,Clouds,No Rain,0,0,0,0,0,1,Heavy Commercial Activity,High,30
2026-05-09 17:02:23,Malingo to Bonduma,3.65,17,Saturday,5,12.22,17.95,Low,Clouds,No Rain,0,0,0,0,0,1,Heavy Commercial Activity,High,30
2026-05-09 17:02:23,Buea Town to Malingo,5.04,17,Saturday,5,15.0,20.18,Low,Clouds,No Rain,0,0,0,0,0,1,Heavy Commercial Activity,High,30
2026-05-09 17:02:23,Buea Town to Muea,0.0,17,Saturday,5,0.0,0,Low,Clouds,No Rain,0,0,0,0,0,1,Heavy Commercial Activity,High,30
2026-05-09 17:12:23,Bonduma Gate to Mile 17,3.81,17,Saturday,5,10.92,20.96,Low,Clouds,No Rain,0,0,0,0,0,1,Heavy Commercial Activity,High,30
2026-05-09 17:12:23,Bonduma to UB Junction,3.95,17,Saturday,5,13.83,17.12,Low,Clouds,No Rain,0,0,0,0,0,1,Heavy Commercial Activity,High,30
2026-05-09 17:12:23,Bonduma to Molyko,3.11,17,Saturday,5,9.88,18.89,Low,Clouds,No Rain,0,0,0,0,0,1,Heavy Commercial Activity,High,30
2026-05-09 17:12:23,Bonduma to Check Point,1.73,17,Saturday,5,5.13,20.23,Low,Clouds,No Rain,0,0,0,0,0,1,Heavy Commercial Activity,High,30
2026-05-09 17:12:23,Bonduma to Muea,2.06,17,Saturday,5,6.67,18.55,Low,Clouds,No Rain,0,0,0,0,0,1,Heavy Commercial Activity,High,30
2026-05-09 17:12:23,Bonduma to Great Soppo,2.95,17,Saturday,5,10.0,17.7,Low,Clouds,No Rain,0,0,0,0,0,1,Heavy Commercial Activity,High,30
2026-05-09 17:12:23,Bonduma to Buea Town,2.06,17,Saturday,5,6.67,18.55,Low,Clouds,No Rain,0,0,0,0,0,1,Heavy Commercial Activity,High,30
2026-05-09 17:12:23,Mile 16 to Mile 17,4.4,17,Saturday,5,12.2,21.65,Low,Clouds,No Rain,0,0,0,0,0,1,Heavy Commercial Activity,High,30
2026-05-09 17:12:23,Mile 17 to Malingo,1.54,17,Saturday,5,4.97,18.64,Low,Clouds,No Rain,0,0,0,0,0,1,Heavy Commercial Activity,High,30
2026-05-09 17:12:23,Mile 17 to UB Junction,2.05,17,Saturday,5,7.38,16.68,Low,Clouds,No Rain,0,0,0,0,0,1,Heavy Commercial Activity,High,30
2026-05-09 17:12:23,Mile 17 to Check Point,2.47,17,Saturday,5,8.62,17.21,Low,Clouds,No Rain,0,0,0,0,0,1,Heavy Commercial Activity,High,30
2026-05-09 17:12:23,Mile 17 to Muea,5.59,17,Saturday,5,16.78,20.0,Low,Clouds,No Rain,0,0,0,0,0,1,Heavy Commercial Activity,High,30
2026-05-09 17:12:23,Mile 17 to Great Soppo,6.48,17,Saturday,5,20.1,19.35,Low,Clouds,No Rain,0,0,0,0,0,1,Heavy Commercial Activity,High,30
2026-05-09 17:12:23,Malingo to UB Junction,3.47,17,Saturday,5,11.88,17.52,Low,Clouds,No Rain,0,0,0,0,0,1,Heavy Commercial Activity,High,30
2026-05-09 17:12:23,Malingo to Check Point,2.02,17,Saturday,5,7.23,16.77,Low,Clouds,No Rain,0,0,0,0,0,1,Heavy Commercial Activity,High,30
2026-05-09 17:12:23,Malingo to Molyko,6.09,17,Saturday,5,18.47,19.8,Low,Clouds,No Rain,0,0,0,0,0,1,Heavy Commercial Activity,High,30
2026-05-09 17:12:23,Malingo to Muea,5.04,17,Saturday,5,15.13,20.0,Low,Clouds,No Rain,0,0,0,0,0,1,Heavy Commercial Activity,High,30
2026-05-09 17:12:23,Malingo to Buea Town,5.04,17,Saturday,5,15.13,20.0,Low,Clouds,No Rain,0,0,0,0,0,1,Heavy Commercial Activity,High,30
2026-05-09 17:12:23,UB Junction to Molyko,6.33,17,Saturday,5,20.17,18.82,Low,Clouds,No Rain,0,0,0,0,0,1,Heavy Commercial Activity,High,30
2026-05-09 17:12:23,UB Junction to Check Point,2.15,17,Saturday,5,8.9,14.53,Low,Clouds,No Rain,0,0,0,0,0,1,Heavy Commercial Activity,High,30
2026-05-09 17:12:23,UB Junction to Great Soppo,6.17,17,Saturday,5,20.4,18.13,Low,Clouds,No Rain,0,0,0,0,0,1,Heavy Commercial Activity,High,30
2026-05-09 17:12:23,UB Junction to Buea Town,5.28,17,Saturday,5,17.07,18.55,Low,Clouds,No Rain,0,0,0,0,0,1,Heavy Commercial Activity,High,30
2026-05-09 17:12:23,UB Junction to Muea,5.28,17,Saturday,5,17.07,18.55,Low,Clouds,No Rain,0,0,0,0,0,1,Heavy Commercial Activity,High,30
2026-05-09 17:12:23,Molyko to Check Point,4.17,17,Saturday,5,11.63,21.52,Low,Clouds,No Rain,0,0,0,0,0,1,Heavy Commercial Activity,High,30
2026-05-09 17:12:23,Molyko to Great Soppo,2.03,17,Saturday,5,5.9,20.63,Low,Clouds,No Rain,0,0,0,0,0,1,Heavy Commercial Activity,High,30
2026-05-09 17:12:23,Molyko to Small Soppo,3.57,17,Saturday,5,12.52,17.13,Low,Clouds,No Rain,0,0,0,0,0,1,Heavy Commercial Activity,High,30
2026-05-09 17:12:23,Molyko to Bongo Square,4.15,17,Saturday,5,12.12,20.57,Low,Clouds,No Rain,0,0,0,0,0,1,Heavy Commercial Activity,High,30
2026-05-09 17:12:23,Molyko to Buea Town,2.92,17,Saturday,5,9.23,18.96,Low,Clouds,No Rain,0,0,0,0,0,1,Heavy Commercial Activity,High,30
2026-05-09 17:12:23,Molyko to Muea,2.92,17,Saturday,5,9.23,18.96,Low,Clouds,No Rain,0,0,0,0,0,1,Heavy Commercial Activity,High,30
2026-05-09 17:12:23,Molyko to Bokwango,6.15,17,Saturday,5,22.27,16.58,Low,Clouds,No Rain,0,0,0,0,0,1,Heavy Commercial Activity,High,30
2026-05-09 17:12:23,Check Point to Buea Town,3.12,17,Saturday,5,8.22,22.8,Low,Clouds,No Rain,0,0,0,0,0,1,Heavy Commercial Activity,High,30
2026-05-09 17:12:23,Check Point to Great Soppo,4.01,17,Saturday,5,11.55,20.84,Low,Clouds,No Rain,0,0,0,0,0,1,Heavy Commercial Activity,High,30
2026-05-09 17:12:23,Check Point to Small Soppo,3.78,17,Saturday,5,10.72,21.15,Low,Clouds,No Rain,0,0,0,0,0,1,Heavy Commercial Activity,High,30
2026-05-09 17:12:23,Check Point to Bongo Square,4.36,17,Saturday,5,10.35,25.26,Low,Clouds,No Rain,0,0,0,0,0,1,Heavy Commercial Activity,High,30
2026-05-09 17:12:23,Check Point to Muea,3.12,17,Saturday,5,8.22,22.8,Low,Clouds,No Rain,0,0,0,0,0,1,Heavy Commercial Activity,High,30
2026-05-09 17:12:23,Great Soppo to Small Soppo,1.54,17,Saturday,5,6.18,14.99,Low,Clouds,No Rain,0,0,0,0,0,1,Heavy Commercial Activity,High,30
2026-05-09 17:12:23,Great Soppo to Bongo Square,2.12,17,Saturday,5,5.83,21.85,Low,Clouds,No Rain,0,0,0,0,0,1,Heavy Commercial Activity,High,30
2026-05-09 17:12:23,Great Soppo to Buea Town,0.89,17,Saturday,5,3.33,16.0,Low,Clouds,No Rain,0,0,0,0,0,1,Heavy Commercial Activity,High,30
2026-05-09 17:12:23,Great Soppo to Muea,0.89,17,Saturday,5,3.33,16.0,Low,Clouds,No Rain,0,0,0,0,0,1,Heavy Commercial Activity,High,30
2026-05-09 17:12:23,Small Soppo to Bongo Square,1.07,17,Saturday,5,3.67,17.48,Low,Clouds,No Rain,0,0,0,0,0,1,Heavy Commercial Activity,High,30
2026-05-09 17:12:23,Small Soppo to Buea Town,0.52,17,Saturday,5,2.87,10.78,Low,Clouds,No Rain,0,0,0,0,0,1,Heavy Commercial Activity,High,30
2026-05-09 17:12:23,Small Soppo to Muea,0.52,17,Saturday,5,2.87,10.78,Low,Clouds,No Rain,0,0,0,0,0,1,Heavy Commercial Activity,High,30
2026-05-09 17:12:23,Bongo Square to Buea Town,1.24,17,Saturday,5,2.47,30.04,Low,Clouds,No Rain,0,0,0,0,0,1,Heavy Commercial Activity,High,30
2026-05-09 17:12:23,Bongo Square to Muea,1.24,17,Saturday,5,2.47,30.04,Low,Clouds,No Rain,0,0,0,0,0,1,Heavy Commercial Activity,High,30
2026-05-09 17:12:23,Bokwango to Molyko,6.15,17,Saturday,5,22.13,16.68,Low,Clouds,No Rain,0,0,0,0,0,1,Heavy Commercial Activity,High,30
2026-05-09 17:12:23,Bokwango to Check Point,5.26,17,Saturday,5,20.38,15.49,Low,Clouds,No Rain,0,0,0,0,0,1,Heavy Commercial Activity,High,30
2026-05-09 17:12:23,Bokwango to Buea Town,8.38,17,Saturday,5,28.55,17.62,Low,Clouds,No Rain,0,0,0,0,0,1,Heavy Commercial Activity,High,30
2026-05-09 17:12:23,Bokwango to Great Soppo,9.27,17,Saturday,5,31.88,17.45,Low,Clouds,No Rain,0,0,0,0,0,1,Heavy Commercial Activity,High,30
2026-05-09 17:12:23,Muea to Great Soppo,0.89,17,Saturday,5,3.33,16.0,Low,Clouds,No Rain,0,0,0,0,0,1,Heavy Commercial Activity,High,30
2026-05-09 17:12:23,Muea to Molyko,2.92,17,Saturday,5,9.1,19.24,Low,Clouds,No Rain,0,0,0,0,0,1,Heavy Commercial Activity,High,30
2026-05-09 17:12:23,Muea to Check Point,3.12,17,Saturday,5,8.18,22.89,Low,Clouds,No Rain,0,0,0,0,0,1,Heavy Commercial Activity,High,30
2026-05-09 17:12:23,Muea to Buea Town,0.0,17,Saturday,5,0.0,0,Low,Clouds,No Rain,0,0,0,0,0,1,Heavy Commercial Activity,High,30
2026-05-09 17:12:23,Muea to Bonduma,2.06,17,Saturday,5,6.42,19.27,Low,Clouds,No Rain,0,0,0,0,0,1,Heavy Commercial Activity,High,30
2026-05-09 17:12:23,Muea to Malingo,5.04,17,Saturday,5,14.95,20.25,Low,Clouds,No Rain,0,0,0,0,0,1,Heavy Commercial Activity,High,30
2026-05-09 17:12:23,Clerks Quarters to Governor Junction,1.33,17,Saturday,5,2.83,28.21,Low,Clouds,No Rain,0,0,0,0,0,1,Heavy Commercial Activity,High,30
2026-05-09 17:12:23,Governor Junction to Long Street,0.0,17,Saturday,5,0.0,0,Low,Clouds,No Rain,0,0,0,0,0,1,Heavy Commercial Activity,High,30
2026-05-09 17:12:23,Long Street to Bongo Square,1.24,17,Saturday,5,2.18,33.94,Low,Clouds,No Rain,0,0,0,0,0,1,Heavy Commercial Activity,High,30
2026-05-09 17:12:23,Governor Junction to Buea Town,0.0,17,Saturday,5,0.0,0,Low,Clouds,No Rain,0,0,0,0,0,1,Heavy Commercial Activity,High,30
2026-05-09 17:12:23,Molyko to UB Junction,6.39,17,Saturday,5,19.68,19.47,Low,Clouds,No Rain,0,0,0,0,0,1,Heavy Commercial Activity,High,30
2026-05-09 17:12:23,UB Junction to Bonduma,3.88,17,Saturday,5,14.0,16.65,Low,Clouds,No Rain,0,0,0,0,0,1,Heavy Commercial Activity,High,30
2026-05-09 17:12:23,Check Point to Molyko,4.17,17,Saturday,5,11.75,21.3,Low,Clouds,No Rain,0,0,0,0,0,1,Heavy Commercial Activity,High,30
2026-05-09 17:12:23,Great Soppo to Check Point,4.01,17,Saturday,5,11.93,20.17,Low,Clouds,No Rain,0,0,0,0,0,1,Heavy Commercial Activity,High,30
2026-05-09 17:12:23,Malingo to Bonduma,3.65,17,Saturday,5,12.22,17.95,Low,Clouds,No Rain,0,0,0,0,0,1,Heavy Commercial Activity,High,30
2026-05-09 17:12:23,Buea Town to Malingo,5.04,17,Saturday,5,14.95,20.25,Low,Clouds,No Rain,0,0,0,0,0,1,Heavy Commercial Activity,High,30
2026-05-09 17:12:23,Buea Town to Muea,0.0,17,Saturday,5,0.0,0,Low,Clouds,No Rain,0,0,0,0,0,1,Heavy Commercial Activity,High,30
2026-05-09 17:22:23,Bonduma Gate to Mile 17,3.81,17,Saturday,5,10.98,20.83,Low,Clouds,No Rain,0,0,0,0,0,1,Heavy Commercial Activity,High,30
2026-05-09 17:22:23,Bonduma to UB Junction,3.95,17,Saturday,5,13.9,17.03,Low,Clouds,No Rain,0,0,0,0,0,1,Heavy Commercial Activity,High,30
2026-05-09 17:22:23,Bonduma to Molyko,3.11,17,Saturday,5,9.88,18.89,Low,Clouds,No Rain,0,0,0,0,0,1,Heavy Commercial Activity,High,30
2026-05-09 17:22:23,Bonduma to Check Point,1.73,17,Saturday,5,5.12,20.3,Low,Clouds,No Rain,0,0,0,0,0,1,Heavy Commercial Activity,High,30
2026-05-09 17:22:23,Bonduma to Muea,2.06,17,Saturday,5,6.62,18.69,Low,Clouds,No Rain,0,0,0,0,0,1,Heavy Commercial Activity,High,30
2026-05-09 17:22:23,Bonduma to Great Soppo,2.95,17,Saturday,5,9.95,17.79,Low,Clouds,No Rain,0,0,0,0,0,1,Heavy Commercial Activity,High,30
2026-05-09 17:22:23,Bonduma to Buea Town,2.06,17,Saturday,5,6.62,18.69,Low,Clouds,No Rain,0,0,0,0,0,1,Heavy Commercial Activity,High,30
2026-05-09 17:22:23,Mile 16 to Mile 17,4.4,17,Saturday,5,12.28,21.5,Low,Clouds,No Rain,0,0,0,0,0,1,Heavy Commercial Activity,High,30
2026-05-09 17:22:23,Mile 17 to Malingo,1.54,17,Saturday,5,5.03,18.39,Low,Clouds,No Rain,0,0,0,0,0,1,Heavy Commercial Activity,High,30
2026-05-09 17:22:23,Mile 17 to UB Junction,2.05,17,Saturday,5,7.38,16.68,Low,Clouds,No Rain,0,0,0,0,0,1,Heavy Commercial Activity,High,30
2026-05-09 17:22:23,Mile 17 to Check Point,2.47,17,Saturday,5,8.83,16.79,Low,Clouds,No Rain,0,0,0,0,0,1,Heavy Commercial Activity,High,30
2026-05-09 17:22:23,Mile 17 to Muea,5.59,17,Saturday,5,16.98,19.76,Low,Clouds,No Rain,0,0,0,0,0,1,Heavy Commercial Activity,High,30
2026-05-09 17:22:23,Mile 17 to Great Soppo,6.48,17,Saturday,5,20.32,19.15,Low,Clouds,No Rain,0,0,0,0,0,1,Heavy Commercial Activity,High,30
2026-05-09 17:22:23,Malingo to UB Junction,3.47,17,Saturday,5,12.07,17.25,Low,Clouds,No Rain,0,0,0,0,0,1,Heavy Commercial Activity,High,30
2026-05-09 17:22:23,Malingo to Check Point,2.02,17,Saturday,5,7.2,16.85,Low,Clouds,No Rain,0,0,0,0,0,1,Heavy Commercial Activity,High,30
2026-05-09 17:22:23,Malingo to Molyko,6.09,17,Saturday,5,18.55,19.71,Low,Clouds,No Rain,0,0,0,0,0,1,Heavy Commercial Activity,High,30
2026-05-09 17:22:23,Malingo to Muea,5.04,17,Saturday,5,15.15,19.98,Low,Clouds,No Rain,0,0,0,0,0,1,Heavy Commercial Activity,High,30
2026-05-09 17:22:23,Malingo to Buea Town,5.04,17,Saturday,5,15.15,19.98,Low,Clouds,No Rain,0,0,0,0,0,1,Heavy Commercial Activity,High,30
2026-05-09 17:22:23,UB Junction to Molyko,6.33,17,Saturday,5,20.12,18.87,Low,Clouds,No Rain,0,0,0,0,0,1,Heavy Commercial Activity,High,30
2026-05-09 17:22:23,UB Junction to Check Point,2.15,17,Saturday,5,9.1,14.21,Low,Clouds,No Rain,0,0,0,0,0,1,Heavy Commercial Activity,High,30
2026-05-09 17:22:23,UB Junction to Great Soppo,6.17,17,Saturday,5,20.58,17.97,Low,Clouds,No Rain,0,0,0,0,0,1,Heavy Commercial Activity,High,30
2026-05-09 17:22:23,UB Junction to Buea Town,5.28,17,Saturday,5,17.25,18.35,Low,Clouds,No Rain,0,0,0,0,0,1,Heavy Commercial Activity,High,30
2026-05-09 17:22:23,UB Junction to Muea,5.28,17,Saturday,5,17.25,18.35,Low,Clouds,No Rain,0,0,0,0,0,1,Heavy Commercial Activity,High,30
2026-05-09 17:22:23,Molyko to Check Point,4.17,17,Saturday,5,11.57,21.64,Low,Clouds,No Rain,0,0,0,0,0,1,Heavy Commercial Activity,High,30
2026-05-09 17:22:23,Molyko to Great Soppo,2.03,17,Saturday,5,5.9,20.63,Low,Clouds,No Rain,0,0,0,0,0,1,Heavy Commercial Activity,High,30
2026-05-09 17:22:23,Molyko to Small Soppo,3.57,17,Saturday,5,12.5,17.16,Low,Clouds,No Rain,0,0,0,0,0,1,Heavy Commercial Activity,High,30
2026-05-09 17:22:23,Molyko to Bongo Square,4.15,17,Saturday,5,12.13,20.54,Low,Clouds,No Rain,0,0,0,0,0,1,Heavy Commercial Activity,High,30
2026-05-09 17:22:23,Molyko to Buea Town,2.92,17,Saturday,5,9.23,18.96,Low,Clouds,No Rain,0,0,0,0,0,1,Heavy Commercial Activity,High,30
2026-05-09 17:22:23,Molyko to Muea,2.92,17,Saturday,5,9.23,18.96,Low,Clouds,No Rain,0,0,0,0,0,1,Heavy Commercial Activity,High,30
2026-05-09 17:22:23,Molyko to Bokwango,6.15,17,Saturday,5,22.3,16.56,Low,Clouds,No Rain,0,0,0,0,0,1,Heavy Commercial Activity,High,30
2026-05-09 17:22:23,Check Point to Buea Town,3.12,17,Saturday,5,8.22,22.8,Low,Clouds,No Rain,0,0,0,0,0,1,Heavy Commercial Activity,High,30
2026-05-09 17:22:23,Check Point to Great Soppo,4.01,17,Saturday,5,11.55,20.84,Low,Clouds,No Rain,0,0,0,0,0,1,Heavy Commercial Activity,High,30
2026-05-09 17:22:23,Check Point to Small Soppo,3.78,17,Saturday,5,10.7,21.19,Low,Clouds,No Rain,0,0,0,0,0,1,Heavy Commercial Activity,High,30
2026-05-09 17:22:23,Check Point to Bongo Square,4.36,17,Saturday,5,10.33,25.3,Low,Clouds,No Rain,0,0,0,0,0,1,Heavy Commercial Activity,High,30
2026-05-09 17:22:23,Check Point to Muea,3.12,17,Saturday,5,8.22,22.8,Low,Clouds,No Rain,0,0,0,0,0,1,Heavy Commercial Activity,High,30
2026-05-09 17:22:23,Great Soppo to Small Soppo,1.54,17,Saturday,5,6.18,14.99,Low,Clouds,No Rain,0,0,0,0,0,1,Heavy Commercial Activity,High,30
2026-05-09 17:22:23,Great Soppo to Bongo Square,2.12,17,Saturday,5,5.82,21.91,Low,Clouds,No Rain,0,0,0,0,0,1,Heavy Commercial Activity,High,30
2026-05-09 17:22:23,Great Soppo to Buea Town,0.89,17,Saturday,5,3.33,16.0,Low,Clouds,No Rain,0,0,0,0,0,1,Heavy Commercial Activity,High,30
2026-05-09 17:22:23,Great Soppo to Muea,0.89,17,Saturday,5,3.33,16.0,Low,Clouds,No Rain,0,0,0,0,0,1,Heavy Commercial Activity,High,30
2026-05-09 17:22:23,Small Soppo to Bongo Square,1.07,17,Saturday,5,3.65,17.56,Low,Clouds,No Rain,0,0,0,0,0,1,Heavy Commercial Activity,High,30
2026-05-09 17:22:23,Small Soppo to Buea Town,0.52,17,Saturday,5,2.85,10.84,Low,Clouds,No Rain,0,0,0,0,0,1,Heavy Commercial Activity,High,30
2026-05-09 17:22:23,Small Soppo to Muea,0.52,17,Saturday,5,2.85,10.84,Low,Clouds,No Rain,0,0,0,0,0,1,Heavy Commercial Activity,High,30
2026-05-09 17:22:23,Bongo Square to Buea Town,1.24,17,Saturday,5,2.45,30.24,Low,Clouds,No Rain,0,0,0,0,0,1,Heavy Commercial Activity,High,30
2026-05-09 17:22:23,Bongo Square to Muea,1.24,17,Saturday,5,2.45,30.24,Low,Clouds,No Rain,0,0,0,0,0,1,Heavy Commercial Activity,High,30
2026-05-09 17:22:23,Bokwango to Molyko,6.15,17,Saturday,5,22.13,16.68,Low,Clouds,No Rain,0,0,0,0,0,1,Heavy Commercial Activity,High,30
2026-05-09 17:22:23,Bokwango to Check Point,5.26,17,Saturday,5,20.8,15.18,Low,Clouds,No Rain,0,0,0,0,0,1,Heavy Commercial Activity,High,30
2026-05-09 17:22:23,Bokwango to Buea Town,8.38,17,Saturday,5,28.97,17.37,Low,Clouds,No Rain,0,0,0,0,0,1,Heavy Commercial Activity,High,30
2026-05-09 17:22:23,Bokwango to Great Soppo,9.27,17,Saturday,5,32.3,17.23,Low,Clouds,No Rain,0,0,0,0,0,1,Heavy Commercial Activity,High,30
2026-05-09 17:22:23,Muea to Great Soppo,0.89,17,Saturday,5,3.33,16.0,Low,Clouds,No Rain,0,0,0,0,0,1,Heavy Commercial Activity,High,30
2026-05-09 17:22:23,Muea to Molyko,2.92,17,Saturday,5,9.1,19.24,Low,Clouds,No Rain,0,0,0,0,0,1,Heavy Commercial Activity,High,30
2026-05-09 17:22:23,Muea to Check Point,3.12,17,Saturday,5,8.12,23.08,Low,Clouds,No Rain,0,0,0,0,0,1,Heavy Commercial Activity,High,30
2026-05-09 17:22:23,Muea to Buea Town,0.0,17,Saturday,5,0.0,0,Low,Clouds,No Rain,0,0,0,0,0,1,Heavy Commercial Activity,High,30
2026-05-09 17:22:23,Muea to Bonduma,2.06,17,Saturday,5,6.47,19.12,Low,Clouds,No Rain,0,0,0,0,0,1,Heavy Commercial Activity,High,30
2026-05-09 17:22:23,Muea to Malingo,5.04,17,Saturday,5,14.9,20.32,Low,Clouds,No Rain,0,0,0,0,0,1,Heavy Commercial Activity,High,30
2026-05-09 17:22:23,Clerks Quarters to Governor Junction,1.33,17,Saturday,5,2.82,28.37,Low,Clouds,No Rain,0,0,0,0,0,1,Heavy Commercial Activity,High,30
2026-05-09 17:22:23,Governor Junction to Long Street,0.0,17,Saturday,5,0.0,0,Low,Clouds,No Rain,0,0,0,0,0,1,Heavy Commercial Activity,High,30
2026-05-09 17:22:23,Long Street to Bongo Square,1.24,17,Saturday,5,2.13,34.73,Low,Clouds,No Rain,0,0,0,0,0,1,Heavy Commercial Activity,High,30
2026-05-09 17:22:23,Governor Junction to Buea Town,0.0,17,Saturday,5,0.0,0,Low,Clouds,No Rain,0,0,0,0,0,1,Heavy Commercial Activity,High,30
2026-05-09 17:22:23,Molyko to UB Junction,6.39,17,Saturday,5,19.68,19.47,Low,Clouds,No Rain,0,0,0,0,0,1,Heavy Commercial Activity,High,30
2026-05-09 17:22:23,UB Junction to Bonduma,3.88,17,Saturday,5,14.2,16.42,Low,Clouds,No Rain,0,0,0,0,0,1,Heavy Commercial Activity,High,30
2026-05-09 17:22:23,Check Point to Molyko,4.17,17,Saturday,5,11.77,21.27,Low,Clouds,No Rain,0,0,0,0,0,1,Heavy Commercial Activity,High,30
2026-05-09 17:22:23,Great Soppo to Check Point,4.01,17,Saturday,5,11.78,20.42,Low,Clouds,No Rain,0,0,0,0,0,1,Heavy Commercial Activity,High,30
2026-05-09 17:22:23,Malingo to Bonduma,3.65,17,Saturday,5,12.32,17.8,Low,Clouds,No Rain,0,0,0,0,0,1,Heavy Commercial Activity,High,30
2026-05-09 17:22:23,Buea Town to Malingo,5.04,17,Saturday,5,14.9,20.32,Low,Clouds,No Rain,0,0,0,0,0,1,Heavy Commercial Activity,High,30
2026-05-09 17:22:23,Buea Town to Muea,0.0,17,Saturday,5,0.0,0,Low,Clouds,No Rain,0,0,0,0,0,1,Heavy Commercial Activity,High,30
2026-05-09 17:32:23,Bonduma Gate to Mile 17,3.81,17,Saturday,5,11.12,20.58,Low,Clouds,No Rain,0,0,0,0,0,1,Heavy Commercial Activity,High,30
2026-05-09 17:32:23,Bonduma to UB Junction,3.95,17,Saturday,5,13.97,16.95,Low,Clouds,No Rain,0,0,0,0,0,1,Heavy Commercial Activity,High,30
2026-05-09 17:32:23,Bonduma to Molyko,3.11,17,Saturday,5,9.88,18.89,Low,Clouds,No Rain,0,0,0,0,0,1,Heavy Commercial Activity,High,30
2026-05-09 17:32:23,Bonduma to Check Point,1.73,17,Saturday,5,5.03,20.63,Low,Clouds,No Rain,0,0,0,0,0,1,Heavy Commercial Activity,High,30
2026-05-09 17:32:23,Bonduma to Muea,2.06,17,Saturday,5,6.58,18.78,Low,Clouds,No Rain,0,0,0,0,0,1,Heavy Commercial Activity,High,30
2026-05-09 17:32:23,Bonduma to Great Soppo,2.95,17,Saturday,5,9.93,17.82,Low,Clouds,No Rain,0,0,0,0,0,1,Heavy Commercial Activity,High,30
2026-05-09 17:32:23,Bonduma to Buea Town,2.06,17,Saturday,5,6.58,18.78,Low,Clouds,No Rain,0,0,0,0,0,1,Heavy Commercial Activity,High,30
2026-05-09 17:32:23,Mile 16 to Mile 17,4.4,17,Saturday,5,12.35,21.39,Low,Clouds,No Rain,0,0,0,0,0,1,Heavy Commercial Activity,High,30
2026-05-09 17:32:23,Mile 17 to Malingo,1.54,17,Saturday,5,5.17,17.92,Low,Clouds,No Rain,0,0,0,0,0,1,Heavy Commercial Activity,High,30
2026-05-09 17:32:23,Mile 17 to UB Junction,2.05,17,Saturday,5,7.42,16.61,Low,Clouds,No Rain,0,0,0,0,0,1,Heavy Commercial Activity,High,30
2026-05-09 17:32:23,Mile 17 to Check Point,2.47,17,Saturday,5,8.97,16.54,Low,Clouds,No Rain,0,0,0,0,0,1,Heavy Commercial Activity,High,30
2026-05-09 17:32:23,Mile 17 to Muea,5.59,17,Saturday,5,17.1,19.63,Low,Clouds,No Rain,0,0,0,0,0,1,Heavy Commercial Activity,High,30
2026-05-09 17:32:23,Mile 17 to Great Soppo,6.48,17,Saturday,5,20.43,19.04,Low,Clouds,No Rain,0,0,0,0,0,1,Heavy Commercial Activity,High,30
2026-05-09 17:32:23,Malingo to UB Junction,3.47,17,Saturday,5,12.02,17.32,Low,Clouds,No Rain,0,0,0,0,0,1,Heavy Commercial Activity,High,30
2026-05-09 17:32:23,Malingo to Check Point,2.02,17,Saturday,5,7.25,16.73,Low,Clouds,No Rain,0,0,0,0,0,1,Heavy Commercial Activity,High,30
2026-05-09 17:32:23,Malingo to Molyko,6.09,17,Saturday,5,18.48,19.79,Low,Clouds,No Rain,0,0,0,0,0,1,Heavy Commercial Activity,High,30
2026-05-09 17:32:23,Malingo to Muea,5.04,17,Saturday,5,15.12,20.02,Low,Clouds,No Rain,0,0,0,0,0,1,Heavy Commercial Activity,High,30
2026-05-09 17:32:23,UB Junction to Molyko,6.33,17,Saturday,5,20.18,18.81,Low,Clouds,No Rain,0,0,0,0,0,1,Heavy Commercial Activity,High,30
2026-05-09 17:32:23,UB Junction to Check Point,2.15,17,Saturday,5,9.18,14.08,Low,Clouds,No Rain,0,0,0,0,0,1,Heavy Commercial Activity,High,30
2026-05-09 17:32:23,UB Junction to Great Soppo,6.17,17,Saturday,5,20.65,17.91,Low,Clouds,No Rain,0,0,0,0,0,1,Heavy Commercial Activity,High,30
2026-05-09 17:32:23,UB Junction to Buea Town,5.28,17,Saturday,5,17.32,18.28,Low,Clouds,No Rain,0,0,0,0,0,1,Heavy Commercial Activity,High,30
2026-05-09 17:32:23,UB Junction to Muea,5.28,17,Saturday,5,17.32,18.28,Low,Clouds,No Rain,0,0,0,0,0,1,Heavy Commercial Activity,High,30
2026-05-09 17:32:23,Molyko to Check Point,4.17,17,Saturday,5,11.43,21.89,Low,Clouds,No Rain,0,0,0,0,0,1,Heavy Commercial Activity,High,30
2026-05-09 17:32:23,Molyko to Great Soppo,2.03,17,Saturday,5,5.9,20.63,Low,Clouds,No Rain,0,0,0,0,0,1,Heavy Commercial Activity,High,30
2026-05-09 17:32:23,Molyko to Small Soppo,3.57,17,Saturday,5,12.48,17.18,Low,Clouds,No Rain,0,0,0,0,0,1,Heavy Commercial Activity,High,30
2026-05-09 17:32:23,Molyko to Bongo Square,4.15,17,Saturday,5,12.13,20.54,Low,Clouds,No Rain,0,0,0,0,0,1,Heavy Commercial Activity,High,30
2026-05-09 17:32:23,Molyko to Buea Town,2.92,17,Saturday,5,9.23,18.96,Low,Clouds,No Rain,0,0,0,0,0,1,Heavy Commercial Activity,High,30
2026-05-09 17:32:23,Molyko to Muea,2.92,17,Saturday,5,9.23,18.96,Low,Clouds,No Rain,0,0,0,0,0,1,Heavy Commercial Activity,High,30
2026-05-09 17:32:23,Molyko to Bokwango,6.15,17,Saturday,5,22.32,16.54,Low,Clouds,No Rain,0,0,0,0,0,1,Heavy Commercial Activity,High,30
2026-05-09 17:32:23,Check Point to Buea Town,3.12,17,Saturday,5,8.12,23.08,Low,Clouds,No Rain,0,0,0,0,0,1,Heavy Commercial Activity,High,30
2026-05-09 17:32:23,Check Point to Great Soppo,4.01,17,Saturday,5,11.45,21.02,Low,Clouds,No Rain,0,0,0,0,0,1,Heavy Commercial Activity,High,30
2026-05-09 17:32:23,Check Point to Small Soppo,3.78,17,Saturday,5,10.6,21.38,Low,Clouds,No Rain,0,0,0,0,0,1,Heavy Commercial Activity,High,30
2026-05-09 17:32:23,Check Point to Bongo Square,4.36,17,Saturday,5,10.27,25.46,Low,Clouds,No Rain,0,0,0,0,0,1,Heavy Commercial Activity,High,30
2026-05-09 17:32:23,Check Point to Muea,3.12,17,Saturday,5,8.12,23.08,Low,Clouds,No Rain,0,0,0,0,0,1,Heavy Commercial Activity,High,30
2026-05-09 17:32:23,Great Soppo to Small Soppo,1.54,17,Saturday,5,6.18,14.99,Low,Clouds,No Rain,0,0,0,0,0,1,Heavy Commercial Activity,High,30
2026-05-09 17:32:23,Great Soppo to Bongo Square,2.12,17,Saturday,5,5.8,21.97,Low,Clouds,No Rain,0,0,0,0,0,1,Heavy Commercial Activity,High,30
2026-05-09 17:32:23,Great Soppo to Buea Town,0.89,17,Saturday,5,3.33,16.0,Low,Clouds,No Rain,0,0,0,0,0,1,Heavy Commercial Activity,High,30
2026-05-09 17:32:23,Great Soppo to Muea,0.89,17,Saturday,5,3.33,16.0,Low,Clouds,No Rain,0,0,0,0,0,1,Heavy Commercial Activity,High,30
2026-05-09 17:32:23,Small Soppo to Bongo Square,1.07,17,Saturday,5,3.65,17.56,Low,Clouds,No Rain,0,0,0,0,0,1,Heavy Commercial Activity,High,30
2026-05-09 17:32:23,Small Soppo to Buea Town,0.52,17,Saturday,5,2.85,10.84,Low,Clouds,No Rain,0,0,0,0,0,1,Heavy Commercial Activity,High,30
2026-05-09 17:32:23,Small Soppo to Muea,0.52,17,Saturday,5,2.85,10.84,Low,Clouds,No Rain,0,0,0,0,0,1,Heavy Commercial Activity,High,30
2026-05-09 17:32:23,Bongo Square to Buea Town,1.24,17,Saturday,5,2.42,30.66,Low,Clouds,No Rain,0,0,0,0,0,1,Heavy Commercial Activity,High,30
2026-05-09 17:32:23,Bongo Square to Muea,1.24,17,Saturday,5,2.42,30.66,Low,Clouds,No Rain,0,0,0,0,0,1,Heavy Commercial Activity,High,30
2026-05-09 17:32:23,Bokwango to Molyko,6.15,17,Saturday,5,22.15,16.67,Low,Clouds,No Rain,0,0,0,0,0,1,Heavy Commercial Activity,High,30
2026-05-09 17:32:23,Bokwango to Check Point,5.26,17,Saturday,5,20.55,15.37,Low,Clouds,No Rain,0,0,0,0,0,1,Heavy Commercial Activity,High,30
2026-05-09 17:32:23,Bokwango to Buea Town,8.38,17,Saturday,5,28.78,17.48,Low,Clouds,No Rain,0,0,0,0,0,1,Heavy Commercial Activity,High,30
2026-05-09 17:32:23,Bokwango to Great Soppo,9.27,17,Saturday,5,32.13,17.32,Low,Clouds,No Rain,0,0,0,0,0,1,Heavy Commercial Activity,High,30
2026-05-09 17:32:23,Muea to Great Soppo,0.89,17,Saturday,5,3.33,16.0,Low,Clouds,No Rain,0,0,0,0,0,1,Heavy Commercial Activity,High,30
2026-05-09 17:32:23,Muea to Molyko,2.92,17,Saturday,5,9.1,19.24,Low,Clouds,No Rain,0,0,0,0,0,1,Heavy Commercial Activity,High,30
2026-05-09 17:32:23,Muea to Check Point,3.12,17,Saturday,5,7.93,23.61,Low,Clouds,No Rain,0,0,0,0,0,1,Heavy Commercial Activity,High,30
2026-05-09 17:32:23,Muea to Buea Town,0.0,17,Saturday,5,0.0,0,Low,Clouds,No Rain,0,0,0,0,0,1,Heavy Commercial Activity,High,30
2026-05-09 17:32:23,Muea to Bonduma,2.06,17,Saturday,5,6.35,19.47,Low,Clouds,No Rain,0,0,0,0,0,1,Heavy Commercial Activity,High,30
2026-05-09 17:32:23,Muea to Malingo,5.04,17,Saturday,5,14.7,20.59,Low,Clouds,No Rain,0,0,0,0,0,1,Heavy Commercial Activity,High,30
2026-05-09 17:32:23,Clerks Quarters to Governor Junction,1.33,17,Saturday,5,2.77,28.89,Low,Clouds,No Rain,0,0,0,0,0,1,Heavy Commercial Activity,High,30
2026-05-09 17:32:23,Governor Junction to Long Street,0.0,17,Saturday,5,0.0,0,Low,Clouds,No Rain,0,0,0,0,0,1,Heavy Commercial Activity,High,30
2026-05-09 17:32:23,Long Street to Bongo Square,1.24,17,Saturday,5,2.13,34.73,Low,Clouds,No Rain,0,0,0,0,0,1,Heavy Commercial Activity,High,30
2026-05-09 17:32:23,Governor Junction to Buea Town,0.0,17,Saturday,5,0.0,0,Low,Clouds,No Rain,0,0,0,0,0,1,Heavy Commercial Activity,High,30
2026-05-09 17:32:23,Molyko to UB Junction,6.39,17,Saturday,5,19.57,19.59,Low,Clouds,No Rain,0,0,0,0,0,1,Heavy Commercial Activity,High,30
2026-05-09 17:32:23,UB Junction to Bonduma,3.88,17,Saturday,5,14.27,16.34,Low,Clouds,No Rain,0,0,0,0,0,1,Heavy Commercial Activity,High,30
2026-05-09 17:32:23,Check Point to Molyko,4.17,17,Saturday,5,11.75,21.3,Low,Clouds,No Rain,0,0,0,0,0,1,Heavy Commercial Activity,High,30
2026-05-09 17:32:23,Great Soppo to Check Point,4.01,17,Saturday,5,11.75,20.48,Low,Clouds,No Rain,0,0,0,0,0,1,Heavy Commercial Activity,High,30
2026-05-09 17:32:23,Malingo to Bonduma,3.65,17,Saturday,5,12.23,17.92,Low,Clouds,No Rain,0,0,0,0,0,1,Heavy Commercial Activity,High,30
2026-05-09 17:32:23,Buea Town to Malingo,5.04,17,Saturday,5,14.7,20.59,Low,Clouds,No Rain,0,0,0,0,0,1,Heavy Commercial Activity,High,30
2026-05-09 17:32:23,Buea Town to Muea,0.0,17,Saturday,5,0.0,0,Low,Clouds,No Rain,0,0,0,0,0,1,Heavy Commercial Activity,High,30
2026-05-09 17:42:23,Bonduma Gate to Mile 17,3.81,17,Saturday,5,11.07,20.67,Low,Clouds,No Rain,0,0,0,0,0,1,Heavy Commercial Activity,High,30
2026-05-09 17:42:23,Bonduma to UB Junction,3.95,17,Saturday,5,13.95,16.97,Low,Clouds,No Rain,0,0,0,0,0,1,Heavy Commercial Activity,High,30
2026-05-09 17:42:23,Bonduma to Molyko,3.11,17,Saturday,5,9.88,18.89,Low,Clouds,No Rain,0,0,0,0,0,1,Heavy Commercial Activity,High,30
2026-05-09 17:42:23,Bonduma to Check Point,1.73,17,Saturday,5,5.18,20.04,Low,Clouds,No Rain,0,0,0,0,0,1,Heavy Commercial Activity,High,30
2026-05-09 17:42:23,Bonduma to Muea,2.06,17,Saturday,5,6.6,18.74,Low,Clouds,No Rain,0,0,0,0,0,1,Heavy Commercial Activity,High,30
2026-05-09 17:42:23,Bonduma to Great Soppo,2.95,17,Saturday,5,9.93,17.82,Low,Clouds,No Rain,0,0,0,0,0,1,Heavy Commercial Activity,High,30
2026-05-09 17:42:23,Bonduma to Buea Town,2.06,17,Saturday,5,6.6,18.74,Low,Clouds,No Rain,0,0,0,0,0,1,Heavy Commercial Activity,High,30
2026-05-09 17:42:23,Mile 16 to Mile 17,4.4,17,Saturday,5,12.28,21.5,Low,Clouds,No Rain,0,0,0,0,0,1,Heavy Commercial Activity,High,30
2026-05-09 17:42:23,Mile 17 to Malingo,1.54,17,Saturday,5,5.12,18.09,Low,Clouds,No Rain,0,0,0,0,0,1,Heavy Commercial Activity,High,30
2026-05-09 17:42:23,Mile 17 to UB Junction,2.05,17,Saturday,5,7.4,16.65,Low,Clouds,No Rain,0,0,0,0,0,1,Heavy Commercial Activity,High,30
2026-05-09 17:42:23,Mile 17 to Check Point,2.47,17,Saturday,5,9.02,16.45,Low,Clouds,No Rain,0,0,0,0,0,1,Heavy Commercial Activity,High,30
2026-05-09 17:42:23,Mile 17 to Muea,5.59,17,Saturday,5,17.2,19.51,Low,Clouds,No Rain,0,0,0,0,0,1,Heavy Commercial Activity,High,30
2026-05-09 17:42:23,Mile 17 to Great Soppo,6.48,17,Saturday,5,20.53,18.94,Low,Clouds,No Rain,0,0,0,0,0,1,Heavy Commercial Activity,High,30
2026-05-09 17:42:23,Malingo to UB Junction,3.47,17,Saturday,5,11.97,17.39,Low,Clouds,No Rain,0,0,0,0,0,1,Heavy Commercial Activity,High,30
2026-05-09 17:42:23,Malingo to Check Point,1.92,17,Saturday,5,7.2,16.02,Low,Clouds,No Rain,0,0,0,0,0,1,Heavy Commercial Activity,High,30
2026-05-09 17:42:23,Malingo to Molyko,6.09,17,Saturday,5,18.5,19.77,Low,Clouds,No Rain,0,0,0,0,0,1,Heavy Commercial Activity,High,30
2026-05-09 17:42:23,Malingo to Muea,5.04,17,Saturday,5,15.17,19.96,Low,Clouds,No Rain,0,0,0,0,0,1,Heavy Commercial Activity,High,30
2026-05-09 17:42:23,Malingo to Buea Town,5.04,17,Saturday,5,15.17,19.96,Low,Clouds,No Rain,0,0,0,0,0,1,Heavy Commercial Activity,High,30
2026-05-09 17:42:23,UB Junction to Molyko,6.33,17,Saturday,5,20.3,18.7,Low,Clouds,No Rain,0,0,0,0,0,1,Heavy Commercial Activity,High,30
2026-05-09 17:42:23,UB Junction to Check Point,2.15,17,Saturday,5,9.27,13.95,Low,Clouds,No Rain,0,0,0,0,0,1,Heavy Commercial Activity,High,30
2026-05-09 17:42:23,UB Junction to Great Soppo,6.17,17,Saturday,5,20.78,17.8,Low,Clouds,No Rain,0,0,0,0,0,1,Heavy Commercial Activity,High,30
2026-05-09 17:42:23,UB Junction to Buea Town,5.28,17,Saturday,5,17.45,18.14,Low,Clouds,No Rain,0,0,0,0,0,1,Heavy Commercial Activity,High,30
2026-05-09 17:42:23,UB Junction to Muea,5.28,17,Saturday,5,17.45,18.14,Low,Clouds,No Rain,0,0,0,0,0,1,Heavy Commercial Activity,High,30
2026-05-09 17:42:23,Molyko to Check Point,4.17,17,Saturday,5,11.65,21.49,Low,Clouds,No Rain,0,0,0,0,0,1,Heavy Commercial Activity,High,30
2026-05-09 17:42:23,Molyko to Great Soppo,2.03,17,Saturday,5,5.9,20.63,Low,Clouds,No Rain,0,0,0,0,0,1,Heavy Commercial Activity,High,30
2026-05-09 17:42:23,Molyko to Small Soppo,3.57,17,Saturday,5,12.52,17.13,Low,Clouds,No Rain,0,0,0,0,0,1,Heavy Commercial Activity,High,30
2026-05-09 17:42:23,Molyko to Bongo Square,4.15,17,Saturday,5,12.18,20.45,Low,Clouds,No Rain,0,0,0,0,0,1,Heavy Commercial Activity,High,30
2026-05-09 17:42:23,Molyko to Buea Town,2.92,17,Saturday,5,9.23,18.96,Low,Clouds,No Rain,0,0,0,0,0,1,Heavy Commercial Activity,High,30
2026-05-09 17:42:23,Molyko to Muea,2.92,17,Saturday,5,9.23,18.96,Low,Clouds,No Rain,0,0,0,0,0,1,Heavy Commercial Activity,High,30
2026-05-09 17:42:23,Molyko to Bokwango,6.15,17,Saturday,5,22.37,16.51,Low,Clouds,No Rain,0,0,0,0,0,1,Heavy Commercial Activity,High,30
2026-05-09 17:42:23,Check Point to Buea Town,3.12,17,Saturday,5,8.18,22.89,Low,Clouds,No Rain,0,0,0,0,0,1,Heavy Commercial Activity,High,30
2026-05-09 17:42:23,Check Point to Great Soppo,4.01,17,Saturday,5,11.52,20.9,Low,Clouds,No Rain,0,0,0,0,0,1,Heavy Commercial Activity,High,30
2026-05-09 17:42:23,Check Point to Small Soppo,3.78,17,Saturday,5,10.68,21.22,Low,Clouds,No Rain,0,0,0,0,0,1,Heavy Commercial Activity,High,30
2026-05-09 17:42:23,Check Point to Bongo Square,4.36,17,Saturday,5,10.37,25.22,Low,Clouds,No Rain,0,0,0,0,0,1,Heavy Commercial Activity,High,30
2026-05-09 17:42:23,Check Point to Muea,3.12,17,Saturday,5,8.18,22.89,Low,Clouds,No Rain,0,0,0,0,0,1,Heavy Commercial Activity,High,30
2026-05-09 17:42:23,Great Soppo to Small Soppo,1.54,17,Saturday,5,6.18,14.99,Low,Clouds,No Rain,0,0,0,0,0,1,Heavy Commercial Activity,High,30
2026-05-09 17:42:23,Great Soppo to Bongo Square,2.12,17,Saturday,5,5.82,21.91,Low,Clouds,No Rain,0,0,0,0,0,1,Heavy Commercial Activity,High,30
2026-05-09 17:42:23,Great Soppo to Buea Town,0.89,17,Saturday,5,3.33,16.0,Low,Clouds,No Rain,0,0,0,0,0,1,Heavy Commercial Activity,High,30
2026-05-09 17:42:23,Great Soppo to Muea,0.89,17,Saturday,5,3.33,16.0,Low,Clouds,No Rain,0,0,0,0,0,1,Heavy Commercial Activity,High,30
2026-05-09 17:42:23,Small Soppo to Bongo Square,1.07,17,Saturday,5,3.67,17.48,Low,Clouds,No Rain,0,0,0,0,0,1,Heavy Commercial Activity,High,30
2026-05-09 17:42:23,Small Soppo to Buea Town,0.52,17,Saturday,5,2.85,10.84,Low,Clouds,No Rain,0,0,0,0,0,1,Heavy Commercial Activity,High,30
2026-05-09 17:42:23,Small Soppo to Muea,0.52,17,Saturday,5,2.85,10.84,Low,Clouds,No Rain,0,0,0,0,0,1,Heavy Commercial Activity,High,30
2026-05-09 17:42:23,Bongo Square to Buea Town,1.24,17,Saturday,5,2.37,31.31,Low,Clouds,No Rain,0,0,0,0,0,1,Heavy Commercial Activity,High,30
2026-05-09 17:42:23,Bongo Square to Muea,1.24,17,Saturday,5,2.37,31.31,Low,Clouds,No Rain,0,0,0,0,0,1,Heavy Commercial Activity,High,30
2026-05-09 17:42:23,Bokwango to Molyko,6.15,17,Saturday,5,22.22,16.62,Low,Clouds,No Rain,0,0,0,0,0,1,Heavy Commercial Activity,High,30
2026-05-09 17:42:23,Bokwango to Check Point,5.26,17,Saturday,5,20.63,15.3,Low,Clouds,No Rain,0,0,0,0,0,1,Heavy Commercial Activity,High,30
2026-05-09 17:42:23,Bokwango to Buea Town,8.38,17,Saturday,5,28.95,17.38,Low,Clouds,No Rain,0,0,0,0,0,1,Heavy Commercial Activity,High,30
2026-05-09 17:42:23,Bokwango to Great Soppo,9.27,17,Saturday,5,32.27,17.25,Low,Clouds,No Rain,0,0,0,0,0,1,Heavy Commercial Activity,High,30
2026-05-09 17:42:23,Muea to Great Soppo,0.89,17,Saturday,5,3.33,16.0,Low,Clouds,No Rain,0,0,0,0,0,1,Heavy Commercial Activity,High,30
2026-05-09 17:42:23,Muea to Molyko,2.92,17,Saturday,5,9.1,19.24,Low,Clouds,No Rain,0,0,0,0,0,1,Heavy Commercial Activity,High,30
2026-05-09 17:42:23,Muea to Check Point,3.12,17,Saturday,5,8.28,22.61,Low,Clouds,No Rain,0,0,0,0,0,1,Heavy Commercial Activity,High,30
2026-05-09 17:42:23,Muea to Buea Town,0.0,17,Saturday,5,0.0,0,Low,Clouds,No Rain,0,0,0,0,0,1,Heavy Commercial Activity,High,30
2026-05-09 17:42:23,Muea to Bonduma,2.06,17,Saturday,5,6.48,19.07,Low,Clouds,No Rain,0,0,0,0,0,1,Heavy Commercial Activity,High,30
2026-05-09 17:42:23,Muea to Malingo,5.04,17,Saturday,5,15.05,20.11,Low,Clouds,No Rain,0,0,0,0,0,1,Heavy Commercial Activity,High,30
2026-05-09 17:42:23,Clerks Quarters to Governor Junction,1.33,17,Saturday,5,2.7,29.6,Low,Clouds,No Rain,0,0,0,0,0,1,Heavy Commercial Activity,High,30
2026-05-09 17:42:23,Governor Junction to Long Street,0.0,17,Saturday,5,0.0,0,Low,Clouds,No Rain,0,0,0,0,0,1,Heavy Commercial Activity,High,30
2026-05-09 17:42:23,Long Street to Bongo Square,1.24,17,Saturday,5,2.13,34.73,Low,Clouds,No Rain,0,0,0,0,0,1,Heavy Commercial Activity,High,30
2026-05-09 17:42:23,Governor Junction to Buea Town,0.0,17,Saturday,5,0.0,0,Low,Clouds,No Rain,0,0,0,0,0,1,Heavy Commercial Activity,High,30
2026-05-09 17:42:23,Molyko to UB Junction,6.39,17,Saturday,5,19.75,19.4,Low,Clouds,No Rain,0,0,0,0,0,1,Heavy Commercial Activity,High,30
2026-05-09 17:42:23,UB Junction to Bonduma,3.88,17,Saturday,5,14.4,16.19,Low,Clouds,No Rain,0,0,0,0,0,1,Heavy Commercial Activity,High,30
2026-05-09 17:42:23,Check Point to Molyko,4.17,17,Saturday,5,11.7,21.39,Low,Clouds,No Rain,0,0,0,0,0,1,Heavy Commercial Activity,High,30
2026-05-09 17:42:23,Great Soppo to Check Point,4.01,17,Saturday,5,12.07,19.94,Low,Clouds,No Rain,0,0,0,0,0,1,Heavy Commercial Activity,High,30
2026-05-09 17:42:23,Malingo to Bonduma,3.65,17,Saturday,5,12.17,18.02,Low,Clouds,No Rain,0,0,0,0,0,1,Heavy Commercial Activity,High,30
2026-05-09 17:42:23,Buea Town to Malingo,5.04,17,Saturday,5,15.08,20.07,Low,Clouds,No Rain,0,0,0,0,0,1,Heavy Commercial Activity,High,30
2026-05-09 17:42:23,Buea Town to Muea,0.0,17,Saturday,5,0.0,0,Low,Clouds,No Rain,0,0,0,0,0,1,Heavy Commercial Activity,High,30
2026-05-09 17:52:23,Bonduma Gate to Mile 17,3.81,17,Saturday,5,11.0,20.8,Low,Clouds,No Rain,0,0,0,0,0,1,Heavy Commercial Activity,High,30
2026-05-09 17:52:23,Bonduma to UB Junction,3.95,17,Saturday,5,13.82,17.14,Low,Clouds,No Rain,0,0,0,0,0,1,Heavy Commercial Activity,High,30
2026-05-09 17:52:23,Bonduma to Molyko,3.11,17,Saturday,5,9.88,18.89,Low,Clouds,No Rain,0,0,0,0,0,1,Heavy Commercial Activity,High,30
2026-05-09 17:52:23,Bonduma to Check Point,1.73,17,Saturday,5,5.05,20.57,Low,Clouds,No Rain,0,0,0,0,0,1,Heavy Commercial Activity,High,30
2026-05-09 17:52:23,Bonduma to Muea,2.06,17,Saturday,5,6.58,18.78,Low,Clouds,No Rain,0,0,0,0,0,1,Heavy Commercial Activity,High,30
2026-05-09 17:52:23,Bonduma to Great Soppo,2.95,17,Saturday,5,9.92,17.85,Low,Clouds,No Rain,0,0,0,0,0,1,Heavy Commercial Activity,High,30
2026-05-09 17:52:23,Bonduma to Buea Town,2.06,17,Saturday,5,6.58,18.78,Low,Clouds,No Rain,0,0,0,0,0,1,Heavy Commercial Activity,High,30
2026-05-09 17:52:23,Mile 16 to Mile 17,4.4,17,Saturday,5,12.28,21.5,Low,Clouds,No Rain,0,0,0,0,0,1,Heavy Commercial Activity,High,30
2026-05-09 17:52:23,Mile 17 to Malingo,1.54,17,Saturday,5,5.05,18.33,Low,Clouds,No Rain,0,0,0,0,0,1,Heavy Commercial Activity,High,30
2026-05-09 17:52:23,Mile 17 to UB Junction,2.05,17,Saturday,5,7.32,16.84,Low,Clouds,No Rain,0,0,0,0,0,1,Heavy Commercial Activity,High,30
2026-05-09 17:52:23,Mile 17 to Check Point,2.47,17,Saturday,5,9.1,16.3,Low,Clouds,No Rain,0,0,0,0,0,1,Heavy Commercial Activity,High,30
2026-05-09 17:52:23,Mile 17 to Muea,5.59,17,Saturday,5,17.35,19.35,Low,Clouds,No Rain,0,0,0,0,0,1,Heavy Commercial Activity,High,30
2026-05-09 17:52:23,Mile 17 to Great Soppo,6.48,17,Saturday,5,20.7,18.79,Low,Clouds,No Rain,0,0,0,0,0,1,Heavy Commercial Activity,High,30
2026-05-09 17:52:23,Malingo to UB Junction,3.47,17,Saturday,5,11.8,17.64,Low,Clouds,No Rain,0,0,0,0,0,1,Heavy Commercial Activity,High,30
2026-05-09 17:52:23,Malingo to Check Point,1.92,17,Saturday,5,7.2,16.02,Low,Clouds,No Rain,0,0,0,0,0,1,Heavy Commercial Activity,High,30
2026-05-09 17:52:23,Malingo to Molyko,6.09,17,Saturday,5,18.45,19.82,Low,Clouds,No Rain,0,0,0,0,0,1,Heavy Commercial Activity,High,30
2026-05-09 17:52:23,Malingo to Muea,5.04,17,Saturday,5,15.18,19.94,Low,Clouds,No Rain,0,0,0,0,0,1,Heavy Commercial Activity,High,30
2026-05-09 17:52:23,Malingo to Buea Town,5.04,17,Saturday,5,15.18,19.94,Low,Clouds,No Rain,0,0,0,0,0,1,Heavy Commercial Activity,High,30
2026-05-09 17:52:23,UB Junction to Molyko,6.33,17,Saturday,5,20.47,18.55,Low,Clouds,No Rain,0,0,0,0,0,1,Heavy Commercial Activity,High,30
2026-05-09 17:52:23,UB Junction to Check Point,2.15,17,Saturday,5,9.45,13.68,Low,Clouds,No Rain,0,0,0,0,0,1,Heavy Commercial Activity,High,30
2026-05-09 17:52:23,UB Junction to Great Soppo,6.17,17,Saturday,5,21.03,17.59,Low,Clouds,No Rain,0,0,0,0,0,1,Heavy Commercial Activity,High,30
2026-05-09 17:52:23,UB Junction to Buea Town,5.28,17,Saturday,5,17.7,17.88,Low,Clouds,No Rain,0,0,0,0,0,1,Heavy Commercial Activity,High,30
2026-05-09 17:52:23,UB Junction to Muea,5.28,17,Saturday,5,17.7,17.88,Low,Clouds,No Rain,0,0,0,0,0,1,Heavy Commercial Activity,High,30
2026-05-09 17:52:23,Molyko to Check Point,4.17,17,Saturday,5,11.62,21.55,Low,Clouds,No Rain,0,0,0,0,0,1,Heavy Commercial Activity,High,30
2026-05-09 17:52:23,Molyko to Great Soppo,2.03,17,Saturday,5,5.9,20.63,Low,Clouds,No Rain,0,0,0,0,0,1,Heavy Commercial Activity,High,30
2026-05-09 17:52:23,Molyko to Small Soppo,3.57,17,Saturday,5,12.52,17.13,Low,Clouds,No Rain,0,0,0,0,0,1,Heavy Commercial Activity,High,30
2026-05-09 17:52:23,Molyko to Bongo Square,4.15,17,Saturday,5,12.27,20.31,Low,Clouds,No Rain,0,0,0,0,0,1,Heavy Commercial Activity,High,30
2026-05-09 17:52:23,Molyko to Buea Town,2.92,17,Saturday,5,9.23,18.96,Low,Clouds,No Rain,0,0,0,0,0,1,Heavy Commercial Activity,High,30
2026-05-09 17:52:23,Molyko to Muea,2.92,17,Saturday,5,9.23,18.96,Low,Clouds,No Rain,0,0,0,0,0,1,Heavy Commercial Activity,High,30
2026-05-09 17:52:23,Molyko to Bokwango,6.15,17,Saturday,5,22.38,16.49,Low,Clouds,No Rain,0,0,0,0,0,1,Heavy Commercial Activity,High,30
2026-05-09 17:52:23,Check Point to Buea Town,3.12,17,Saturday,5,8.23,22.75,Low,Clouds,No Rain,0,0,0,0,0,1,Heavy Commercial Activity,High,30
2026-05-09 17:52:23,Check Point to Great Soppo,4.01,17,Saturday,5,11.57,20.81,Low,Clouds,No Rain,0,0,0,0,0,1,Heavy Commercial Activity,High,30
2026-05-09 17:52:23,Check Point to Small Soppo,3.78,17,Saturday,5,10.72,21.15,Low,Clouds,No Rain,0,0,0,0,0,1,Heavy Commercial Activity,High,30
2026-05-09 17:52:23,Check Point to Bongo Square,4.36,17,Saturday,5,10.43,25.06,Low,Clouds,No Rain,0,0,0,0,0,1,Heavy Commercial Activity,High,30
2026-05-09 17:52:23,Check Point to Muea,3.12,17,Saturday,5,8.22,22.8,Low,Clouds,No Rain,0,0,0,0,0,1,Heavy Commercial Activity,High,30
2026-05-09 17:52:23,Great Soppo to Small Soppo,1.54,17,Saturday,5,6.18,14.99,Low,Clouds,No Rain,0,0,0,0,0,1,Heavy Commercial Activity,High,30
2026-05-09 17:52:23,Great Soppo to Bongo Square,2.12,17,Saturday,5,5.87,21.72,Low,Clouds,No Rain,0,0,0,0,0,1,Heavy Commercial Activity,High,30
2026-05-09 17:52:23,Great Soppo to Buea Town,0.89,17,Saturday,5,3.33,16.0,Low,Clouds,No Rain,0,0,0,0,0,1,Heavy Commercial Activity,High,30
2026-05-09 17:52:23,Great Soppo to Muea,0.89,17,Saturday,5,3.33,16.0,Low,Clouds,No Rain,0,0,0,0,0,1,Heavy Commercial Activity,High,30
2026-05-09 17:52:23,Small Soppo to Bongo Square,1.07,17,Saturday,5,3.7,17.32,Low,Clouds,No Rain,0,0,0,0,0,1,Heavy Commercial Activity,High,30
2026-05-09 17:52:23,Small Soppo to Buea Town,0.52,17,Saturday,5,2.88,10.72,Low,Clouds,No Rain,0,0,0,0,0,1,Heavy Commercial Activity,High,30
2026-05-09 17:52:23,Small Soppo to Muea,0.52,17,Saturday,5,2.88,10.72,Low,Clouds,No Rain,0,0,0,0,0,1,Heavy Commercial Activity,High,30
2026-05-09 17:52:23,Bongo Square to Buea Town,1.24,17,Saturday,5,2.38,31.09,Low,Clouds,No Rain,0,0,0,0,0,1,Heavy Commercial Activity,High,30
2026-05-09 17:52:23,Bongo Square to Muea,1.24,17,Saturday,5,2.38,31.09,Low,Clouds,No Rain,0,0,0,0,0,1,Heavy Commercial Activity,High,30
2026-05-09 17:52:23,Bokwango to Molyko,6.15,17,Saturday,5,22.17,16.65,Low,Clouds,No Rain,0,0,0,0,0,1,Heavy Commercial Activity,High,30
2026-05-09 17:52:23,Bokwango to Check Point,5.26,17,Saturday,5,21.37,14.78,Low,Clouds,No Rain,0,0,0,0,0,1,Heavy Commercial Activity,High,30
2026-05-09 17:52:23,Bokwango to Buea Town,8.38,17,Saturday,5,29.83,16.86,Low,Clouds,No Rain,0,0,0,0,0,1,Heavy Commercial Activity,High,30
2026-05-09 17:52:23,Muea to Great Soppo,0.89,17,Saturday,5,3.33,16.0,Low,Clouds,No Rain,0,0,0,0,0,1,Heavy Commercial Activity,High,30
2026-05-09 17:52:23,Muea to Molyko,2.92,17,Saturday,5,9.1,19.24,Low,Clouds,No Rain,0,0,0,0,0,1,Heavy Commercial Activity,High,30
2026-05-09 17:52:23,Muea to Check Point,3.12,17,Saturday,5,8.28,22.61,Low,Clouds,No Rain,0,0,0,0,0,1,Heavy Commercial Activity,High,30
2026-05-09 17:52:23,Muea to Buea Town,0.0,17,Saturday,5,0.0,0,Low,Clouds,No Rain,0,0,0,0,0,1,Heavy Commercial Activity,High,30
2026-05-09 17:52:23,Muea to Bonduma,2.06,17,Saturday,5,6.55,18.88,Low,Clouds,No Rain,0,0,0,0,0,1,Heavy Commercial Activity,High,30
2026-05-09 17:52:23,Muea to Malingo,5.04,17,Saturday,5,15.02,20.16,Low,Clouds,No Rain,0,0,0,0,0,1,Heavy Commercial Activity,High,30
2026-05-09 17:52:23,Clerks Quarters to Governor Junction,1.33,17,Saturday,5,2.73,29.24,Low,Clouds,No Rain,0,0,0,0,0,1,Heavy Commercial Activity,High,30
2026-05-09 17:52:23,Governor Junction to Long Street,0.0,17,Saturday,5,0.0,0,Low,Clouds,No Rain,0,0,0,0,0,1,Heavy Commercial Activity,High,30
2026-05-09 17:52:23,Long Street to Bongo Square,1.24,17,Saturday,5,2.2,33.68,Low,Clouds,No Rain,0,0,0,0,0,1,Heavy Commercial Activity,High,30
2026-05-09 17:52:23,Molyko to UB Junction,6.39,17,Saturday,5,19.83,19.32,Low,Clouds,No Rain,0,0,0,0,0,1,Heavy Commercial Activity,High,30
2026-05-09 17:52:23,UB Junction to Bonduma,3.88,17,Saturday,5,14.65,15.91,Low,Clouds,No Rain,0,0,0,0,0,1,Heavy Commercial Activity,High,30
2026-05-09 17:52:23,Check Point to Molyko,4.17,17,Saturday,5,11.68,21.43,Low,Clouds,No Rain,0,0,0,0,0,1,Heavy Commercial Activity,High,30
2026-05-09 17:52:23,Great Soppo to Check Point,4.01,17,Saturday,5,12.03,20.0,Low,Clouds,No Rain,0,0,0,0,0,1,Heavy Commercial Activity,High,30
2026-05-09 17:52:23,Malingo to Bonduma,3.65,17,Saturday,5,12.18,18.0,Low,Clouds,No Rain,0,0,0,0,0,1,Heavy Commercial Activity,High,30
2026-05-09 17:52:23,Buea Town to Malingo,5.04,17,Saturday,5,15.03,20.14,Low,Clouds,No Rain,0,0,0,0,0,1,Heavy Commercial Activity,High,30
2026-05-09 17:52:23,Buea Town to Muea,0.0,17,Saturday,5,0.0,0,Low,Clouds,No Rain,0,0,0,0,0,1,Heavy Commercial Activity,High,30
2026-05-09 18:08:45,Bonduma Gate to Mile 17,3.81,18,Saturday,5,11.75,19.47,Low,Clouds,No Rain,0,0,0,0,0,1,Heavy Commercial Activity,High,30
2026-05-09 18:08:45,Bonduma to UB Junction,3.95,18,Saturday,5,14.78,16.02,Low,Clouds,No Rain,0,0,0,0,0,1,Heavy Commercial Activity,High,30
2026-05-09 18:08:45,Bonduma to Molyko,3.11,18,Saturday,5,9.88,18.89,Low,Clouds,No Rain,0,0,0,0,0,1,Heavy Commercial Activity,High,30
2026-05-09 18:08:45,Bonduma to Check Point,1.73,18,Saturday,5,5.08,20.43,Low,Clouds,No Rain,0,0,0,0,0,1,Heavy Commercial Activity,High,30
2026-05-09 18:08:45,Bonduma to Muea,2.06,18,Saturday,5,6.58,18.78,Low,Clouds,No Rain,0,0,0,0,0,1,Heavy Commercial Activity,High,30
2026-05-09 18:08:45,Bonduma to Great Soppo,2.95,18,Saturday,5,9.92,17.85,Low,Clouds,No Rain,0,0,0,0,0,1,Heavy Commercial Activity,High,30
2026-05-09 18:08:45,Bonduma to Buea Town,2.06,18,Saturday,5,6.58,18.78,Low,Clouds,No Rain,0,0,0,0,0,1,Heavy Commercial Activity,High,30
2026-05-09 18:08:45,Mile 16 to Mile 17,4.4,18,Saturday,5,13.3,19.86,Low,Clouds,No Rain,0,0,0,0,0,1,Heavy Commercial Activity,High,30
2026-05-09 18:08:45,Mile 17 to Malingo,1.54,18,Saturday,5,5.12,18.09,Low,Clouds,No Rain,0,0,0,0,0,1,Heavy Commercial Activity,High,30
2026-05-09 18:08:45,Mile 17 to UB Junction,2.05,18,Saturday,5,7.35,16.76,Low,Clouds,No Rain,0,0,0,0,0,1,Heavy Commercial Activity,High,30
2026-05-09 18:08:45,Mile 17 to Check Point,2.47,18,Saturday,5,9.05,16.39,Low,Clouds,No Rain,0,0,0,0,0,1,Heavy Commercial Activity,High,30
2026-05-09 18:08:45,Mile 17 to Muea,5.59,18,Saturday,5,17.47,19.22,Low,Clouds,No Rain,0,0,0,0,0,1,Heavy Commercial Activity,High,30
2026-05-09 18:08:45,Mile 17 to Great Soppo,6.48,18,Saturday,5,20.82,18.69,Low,Clouds,No Rain,0,0,0,0,0,1,Heavy Commercial Activity,High,30
2026-05-09 18:08:45,Malingo to UB Junction,3.47,18,Saturday,5,11.98,17.37,Low,Clouds,No Rain,0,0,0,0,0,1,Heavy Commercial Activity,High,30
2026-05-09 18:08:45,Malingo to Check Point,1.92,18,Saturday,5,7.22,15.99,Low,Clouds,No Rain,0,0,0,0,0,1,Heavy Commercial Activity,High,30
2026-05-09 18:08:45,Malingo to Molyko,6.09,18,Saturday,5,18.63,19.63,Low,Clouds,No Rain,0,0,0,0,0,1,Heavy Commercial Activity,High,30
2026-05-09 18:08:45,Malingo to Muea,5.04,18,Saturday,5,15.38,19.68,Low,Clouds,No Rain,0,0,0,0,0,1,Heavy Commercial Activity,High,30
2026-05-09 18:08:45,Malingo to Buea Town,5.04,18,Saturday,5,15.38,19.68,Low,Clouds,No Rain,0,0,0,0,0,1,Heavy Commercial Activity,High,30
2026-05-09 18:08:45,UB Junction to Molyko,6.33,18,Saturday,5,20.57,18.46,Low,Clouds,No Rain,0,0,0,0,0,1,Heavy Commercial Activity,High,30
2026-05-09 18:08:45,UB Junction to Check Point,2.15,18,Saturday,5,9.35,13.83,Low,Clouds,No Rain,0,0,0,0,0,1,Heavy Commercial Activity,High,30
2026-05-09 18:08:45,UB Junction to Great Soppo,6.17,18,Saturday,5,21.12,17.52,Low,Clouds,No Rain,0,0,0,0,0,1,Heavy Commercial Activity,High,30
2026-05-09 18:08:45,UB Junction to Buea Town,5.28,18,Saturday,5,17.78,17.8,Low,Clouds,No Rain,0,0,0,0,0,1,Heavy Commercial Activity,High,30
2026-05-09 18:08:45,UB Junction to Muea,5.28,18,Saturday,5,17.78,17.8,Low,Clouds,No Rain,0,0,0,0,0,1,Heavy Commercial Activity,High,30
2026-05-09 18:08:45,Molyko to Check Point,4.17,18,Saturday,5,11.57,21.64,Low,Clouds,No Rain,0,0,0,0,0,1,Heavy Commercial Activity,High,30
2026-05-09 18:08:45,Molyko to Great Soppo,2.03,18,Saturday,5,5.9,20.63,Low,Clouds,No Rain,0,0,0,0,0,1,Heavy Commercial Activity,High,30
2026-05-09 18:08:45,Molyko to Small Soppo,3.57,18,Saturday,5,12.48,17.18,Low,Clouds,No Rain,0,0,0,0,0,1,Heavy Commercial Activity,High,30
2026-05-09 18:08:45,Molyko to Bongo Square,4.15,18,Saturday,5,12.3,20.26,Low,Clouds,No Rain,0,0,0,0,0,1,Heavy Commercial Activity,High,30
2026-05-09 18:08:45,Molyko to Buea Town,2.92,18,Saturday,5,9.23,18.96,Low,Clouds,No Rain,0,0,0,0,0,1,Heavy Commercial Activity,High,30
2026-05-09 18:08:45,Molyko to Muea,2.92,18,Saturday,5,9.23,18.96,Low,Clouds,No Rain,0,0,0,0,0,1,Heavy Commercial Activity,High,30
2026-05-09 18:08:45,Molyko to Bokwango,6.15,18,Saturday,5,22.38,16.49,Low,Clouds,No Rain,0,0,0,0,0,1,Heavy Commercial Activity,High,30
2026-05-09 18:08:45,Check Point to Buea Town,3.12,18,Saturday,5,8.48,22.08,Low,Clouds,No Rain,0,0,0,0,0,1,Heavy Commercial Activity,High,30
2026-05-09 18:08:45,Check Point to Great Soppo,4.01,18,Saturday,5,11.82,20.37,Low,Clouds,No Rain,0,0,0,0,0,1,Heavy Commercial Activity,High,30
2026-05-09 18:08:45,Check Point to Small Soppo,3.78,18,Saturday,5,10.95,20.7,Low,Clouds,No Rain,0,0,0,0,0,1,Heavy Commercial Activity,High,30
2026-05-09 18:08:45,Check Point to Bongo Square,4.36,18,Saturday,5,10.68,24.47,Low,Clouds,No Rain,0,0,0,0,0,1,Heavy Commercial Activity,High,30
2026-05-09 18:08:45,Check Point to Muea,3.12,18,Saturday,5,8.47,22.12,Low,Clouds,No Rain,0,0,0,0,0,1,Heavy Commercial Activity,High,30
2026-05-09 18:08:45,Great Soppo to Small Soppo,1.54,18,Saturday,5,6.18,14.99,Low,Clouds,No Rain,0,0,0,0,0,1,Heavy Commercial Activity,High,30
2026-05-09 18:08:45,Great Soppo to Bongo Square,2.12,18,Saturday,5,5.87,21.72,Low,Clouds,No Rain,0,0,0,0,0,1,Heavy Commercial Activity,High,30
2026-05-09 18:08:45,Great Soppo to Buea Town,0.89,18,Saturday,5,3.33,16.0,Low,Clouds,No Rain,0,0,0,0,0,1,Heavy Commercial Activity,High,30
2026-05-09 18:08:45,Great Soppo to Muea,0.89,18,Saturday,5,3.33,16.0,Low,Clouds,No Rain,0,0,0,0,0,1,Heavy Commercial Activity,High,30
2026-05-09 18:08:45,Small Soppo to Bongo Square,1.07,18,Saturday,5,3.73,17.16,Low,Clouds,No Rain,0,0,0,0,0,1,Heavy Commercial Activity,High,30
2026-05-09 18:08:45,Small Soppo to Buea Town,0.52,18,Saturday,5,2.87,10.78,Low,Clouds,No Rain,0,0,0,0,0,1,Heavy Commercial Activity,High,30
2026-05-09 18:08:45,Small Soppo to Muea,0.52,18,Saturday,5,2.87,10.78,Low,Clouds,No Rain,0,0,0,0,0,1,Heavy Commercial Activity,High,30
2026-05-09 18:08:45,Bongo Square to Buea Town,1.24,18,Saturday,5,2.33,31.76,Low,Clouds,No Rain,0,0,0,0,0,1,Heavy Commercial Activity,High,30
2026-05-09 18:08:45,Bongo Square to Muea,1.24,18,Saturday,5,2.33,31.76,Low,Clouds,No Rain,0,0,0,0,0,1,Heavy Commercial Activity,High,30
2026-05-09 18:08:45,Bokwango to Molyko,6.15,18,Saturday,5,22.15,16.67,Low,Clouds,No Rain,0,0,0,0,0,1,Heavy Commercial Activity,High,30
2026-05-09 18:08:45,Bokwango to Check Point,5.26,18,Saturday,5,21.32,14.81,Low,Clouds,No Rain,0,0,0,0,0,1,Heavy Commercial Activity,High,30
2026-05-09 18:08:45,Bokwango to Buea Town,7.83,18,Saturday,5,27.18,17.27,Low,Clouds,No Rain,0,0,0,0,0,1,Heavy Commercial Activity,High,30
2026-05-09 18:08:45,Bokwango to Great Soppo,8.18,18,Saturday,5,27.92,17.59,Low,Clouds,No Rain,0,0,0,0,0,1,Heavy Commercial Activity,High,30
2026-05-09 18:08:45,Muea to Great Soppo,0.89,18,Saturday,5,3.33,16.0,Low,Clouds,No Rain,0,0,0,0,0,1,Heavy Commercial Activity,High,30
2026-05-09 18:08:45,Muea to Molyko,2.92,18,Saturday,5,9.1,19.24,Low,Clouds,No Rain,0,0,0,0,0,1,Heavy Commercial Activity,High,30
2026-05-09 18:08:45,Muea to Check Point,3.12,18,Saturday,5,8.23,22.75,Low,Clouds,No Rain,0,0,0,0,0,1,Heavy Commercial Activity,High,30
2026-05-09 18:08:45,Muea to Buea Town,0.0,18,Saturday,5,0.0,0,Low,Clouds,No Rain,0,0,0,0,0,1,Heavy Commercial Activity,High,30
2026-05-09 18:08:45,Muea to Bonduma,2.06,18,Saturday,5,6.67,18.55,Medium,Clouds,No Rain,0,0,0,0,0,1,Heavy Commercial Activity,High,50
2026-05-09 18:08:45,Muea to Malingo,5.04,18,Saturday,5,15.07,20.09,Low,Clouds,No Rain,0,0,0,0,0,1,Heavy Commercial Activity,High,30
2026-05-09 18:08:45,Clerks Quarters to Governor Junction,1.33,18,Saturday,5,2.7,29.6,Low,Clouds,No Rain,0,0,0,0,0,1,Heavy Commercial Activity,High,30
2026-05-09 18:08:45,Governor Junction to Long Street,0.0,18,Saturday,5,0.0,0,Low,Clouds,No Rain,0,0,0,0,0,1,Heavy Commercial Activity,High,30
2026-05-09 18:08:45,Long Street to Bongo Square,1.24,18,Saturday,5,2.2,33.68,Low,Clouds,No Rain,0,0,0,0,0,1,Heavy Commercial Activity,High,30
2026-05-09 18:08:45,Governor Junction to Buea Town,0.0,18,Saturday,5,0.0,0,Low,Clouds,No Rain,0,0,0,0,0,1,Heavy Commercial Activity,High,30
2026-05-09 18:08:45,Molyko to UB Junction,6.39,18,Saturday,5,21.23,18.05,Low,Clouds,No Rain,0,0,0,0,0,1,Heavy Commercial Activity,High,30
2026-05-09 18:08:45,UB Junction to Bonduma,3.88,18,Saturday,5,15.58,14.96,Low,Clouds,No Rain,0,0,0,0,0,1,Heavy Commercial Activity,High,30
2026-05-09 18:08:45,Check Point to Molyko,4.17,18,Saturday,5,11.97,20.92,Low,Clouds,No Rain,0,0,0,0,0,1,Heavy Commercial Activity,High,30
2026-05-09 18:08:45,Great Soppo to Check Point,4.01,18,Saturday,5,12.02,20.03,Low,Clouds,No Rain,0,0,0,0,0,1,Heavy Commercial Activity,High,30
2026-05-09 18:08:45,Malingo to Bonduma,3.65,18,Saturday,5,12.53,17.49,Low,Clouds,No Rain,0,0,0,0,0,1,Heavy Commercial Activity,High,30
2026-05-09 18:08:45,Buea Town to Malingo,5.04,18,Saturday,5,15.07,20.09,Low,Clouds,No Rain,0,0,0,0,0,1,Heavy Commercial Activity,High,30
2026-05-09 18:08:45,Buea Town to Muea,0.0,18,Saturday,5,0.0,0,Low,Clouds,No Rain,0,0,0,0,0,1,Heavy Commercial Activity,High,30
2026-05-09 18:18:45,Bonduma Gate to Mile 17,3.81,18,Saturday,5,12.25,18.68,Low,Clouds,No Rain,0,0,0,0,0,1,Heavy Commercial Activity,High,30
2026-05-09 18:18:45,Bonduma to UB Junction,3.95,18,Saturday,5,14.93,15.85,Low,Clouds,No Rain,0,0,0,0,0,1,Heavy Commercial Activity,High,30
2026-05-09 18:18:45,Bonduma to Molyko,3.11,18,Saturday,5,9.88,18.89,Low,Clouds,No Rain,0,0,0,0,0,1,Heavy Commercial Activity,High,30
2026-05-09 18:18:45,Bonduma to Check Point,1.73,18,Saturday,5,5.05,20.57,Low,Clouds,No Rain,0,0,0,0,0,1,Heavy Commercial Activity,High,30
2026-05-09 18:18:45,Bonduma to Muea,2.06,18,Saturday,5,6.57,18.83,Low,Clouds,No Rain,0,0,0,0,0,1,Heavy Commercial Activity,High,30
2026-05-09 18:18:45,Bonduma to Great Soppo,2.95,18,Saturday,5,9.9,17.88,Low,Clouds,No Rain,0,0,0,0,0,1,Heavy Commercial Activity,High,30
2026-05-09 18:18:45,Bonduma to Buea Town,2.06,18,Saturday,5,6.57,18.83,Low,Clouds,No Rain,0,0,0,0,0,1,Heavy Commercial Activity,High,30
2026-05-09 18:18:45,Mile 16 to Mile 17,4.4,18,Saturday,5,13.67,19.33,Low,Clouds,No Rain,0,0,0,0,0,1,Heavy Commercial Activity,High,30
2026-05-09 18:18:45,Mile 17 to Malingo,1.54,18,Saturday,5,5.03,18.39,Low,Clouds,No Rain,0,0,0,0,0,1,Heavy Commercial Activity,High,30
2026-05-09 18:18:45,Mile 17 to UB Junction,2.05,18,Saturday,5,7.3,16.87,Low,Clouds,No Rain,0,0,0,0,0,1,Heavy Commercial Activity,High,30
2026-05-09 18:18:45,Mile 17 to Check Point,2.47,18,Saturday,5,9.57,15.5,Low,Clouds,No Rain,0,0,0,0,0,1,Heavy Commercial Activity,High,30
2026-05-09 18:18:45,Mile 17 to Muea,5.59,18,Saturday,5,18.17,18.48,Low,Clouds,No Rain,0,0,0,0,0,1,Heavy Commercial Activity,High,30
2026-05-09 18:18:45,Mile 17 to Great Soppo,6.48,18,Saturday,5,21.5,18.09,Low,Clouds,No Rain,0,0,0,0,0,1,Heavy Commercial Activity,High,30
2026-05-09 18:18:45,Malingo to UB Junction,3.47,18,Saturday,5,11.85,17.56,Low,Clouds,No Rain,0,0,0,0,0,1,Heavy Commercial Activity,High,30
2026-05-09 18:18:45,Malingo to Check Point,1.92,18,Saturday,5,7.23,15.95,Low,Clouds,No Rain,0,0,0,0,0,1,Heavy Commercial Activity,High,30
2026-05-09 18:18:45,Malingo to Molyko,6.09,18,Saturday,5,18.73,19.52,Low,Clouds,No Rain,0,0,0,0,0,1,Heavy Commercial Activity,High,30
2026-05-09 18:18:45,Malingo to Muea,5.04,18,Saturday,5,15.53,19.49,Low,Clouds,No Rain,0,0,0,0,0,1,Heavy Commercial Activity,High,30
2026-05-09 18:18:45,Malingo to Buea Town,5.04,18,Saturday,5,15.53,19.49,Low,Clouds,No Rain,0,0,0,0,0,1,Heavy Commercial Activity,High,30
2026-05-09 18:18:45,UB Junction to Molyko,6.33,18,Saturday,5,21.28,17.83,Low,Clouds,No Rain,0,0,0,0,0,1,Heavy Commercial Activity,High,30
2026-05-09 18:18:45,UB Junction to Check Point,2.15,18,Saturday,5,9.88,13.08,Low,Clouds,No Rain,0,0,0,0,0,1,Heavy Commercial Activity,High,30
2026-05-09 18:18:45,UB Junction to Great Soppo,6.17,18,Saturday,5,21.83,16.94,Low,Clouds,No Rain,0,0,0,0,0,1,Heavy Commercial Activity,High,30
2026-05-09 18:18:45,UB Junction to Buea Town,5.28,18,Saturday,5,18.5,17.11,Low,Clouds,No Rain,0,0,0,0,0,1,Heavy Commercial Activity,High,30
2026-05-09 18:18:45,UB Junction to Muea,5.28,18,Saturday,5,18.5,17.11,Low,Clouds,No Rain,0,0,0,0,0,1,Heavy Commercial Activity,High,30
2026-05-09 18:18:45,Molyko to Check Point,4.17,18,Saturday,5,11.92,21.01,Low,Clouds,No Rain,0,0,0,0,0,1,Heavy Commercial Activity,High,30
2026-05-09 18:18:45,Molyko to Great Soppo,2.03,18,Saturday,5,5.9,20.63,Low,Clouds,No Rain,0,0,0,0,0,1,Heavy Commercial Activity,High,30
2026-05-09 18:18:45,Molyko to Small Soppo,3.57,18,Saturday,5,12.53,17.11,Low,Clouds,No Rain,0,0,0,0,0,1,Heavy Commercial Activity,High,30
2026-05-09 18:18:45,Molyko to Bongo Square,4.15,18,Saturday,5,12.32,20.23,Low,Clouds,No Rain,0,0,0,0,0,1,Heavy Commercial Activity,High,30
2026-05-09 18:18:45,Molyko to Buea Town,2.92,18,Saturday,5,9.23,18.96,Low,Clouds,No Rain,0,0,0,0,0,1,Heavy Commercial Activity,High,30
2026-05-09 18:18:45,Molyko to Muea,2.92,18,Saturday,5,9.23,18.96,Low,Clouds,No Rain,0,0,0,0,0,1,Heavy Commercial Activity,High,30
2026-05-09 18:18:45,Molyko to Bokwango,6.15,18,Saturday,5,22.33,16.53,Low,Clouds,No Rain,0,0,0,0,0,1,Heavy Commercial Activity,High,30
2026-05-09 18:18:45,Check Point to Buea Town,3.12,18,Saturday,5,8.58,21.82,Low,Clouds,No Rain,0,0,0,0,0,1,Heavy Commercial Activity,High,30
2026-05-09 18:18:45,Check Point to Great Soppo,4.01,18,Saturday,5,11.92,20.2,Low,Clouds,No Rain,0,0,0,0,0,1,Heavy Commercial Activity,High,30
2026-05-09 18:18:45,Check Point to Small Soppo,3.78,18,Saturday,5,11.05,20.51,Low,Clouds,No Rain,0,0,0,0,0,1,Heavy Commercial Activity,High,30
2026-05-09 18:18:45,Check Point to Bongo Square,4.36,18,Saturday,5,10.78,24.24,Low,Clouds,No Rain,0,0,0,0,0,1,Heavy Commercial Activity,High,30
2026-05-09 18:18:45,Check Point to Muea,3.12,18,Saturday,5,8.57,21.87,Low,Clouds,No Rain,0,0,0,0,0,1,Heavy Commercial Activity,High,30
2026-05-09 18:18:45,Great Soppo to Small Soppo,1.54,18,Saturday,5,6.22,14.91,Low,Clouds,No Rain,0,0,0,0,0,1,Heavy Commercial Activity,High,30
2026-05-09 18:18:45,Great Soppo to Bongo Square,2.12,18,Saturday,5,5.87,21.72,Low,Clouds,No Rain,0,0,0,0,0,1,Heavy Commercial Activity,High,30
2026-05-09 18:18:45,Great Soppo to Buea Town,0.89,18,Saturday,5,3.33,16.0,Low,Clouds,No Rain,0,0,0,0,0,1,Heavy Commercial Activity,High,30
2026-05-09 18:18:45,Great Soppo to Muea,0.89,18,Saturday,5,3.33,16.0,Low,Clouds,No Rain,0,0,0,0,0,1,Heavy Commercial Activity,High,30
2026-05-09 18:18:45,Small Soppo to Bongo Square,1.07,18,Saturday,5,3.72,17.24,Low,Clouds,No Rain,0,0,0,0,0,1,Heavy Commercial Activity,High,30
2026-05-09 18:18:45,Small Soppo to Buea Town,0.52,18,Saturday,5,2.92,10.59,Low,Clouds,No Rain,0,0,0,0,0,1,Heavy Commercial Activity,High,30
2026-05-09 18:18:45,Small Soppo to Muea,0.52,18,Saturday,5,2.92,10.59,Low,Clouds,No Rain,0,0,0,0,0,1,Heavy Commercial Activity,High,30
2026-05-09 18:18:45,Bongo Square to Buea Town,1.24,18,Saturday,5,2.28,32.45,Low,Clouds,No Rain,0,0,0,0,0,1,Heavy Commercial Activity,High,30
2026-05-09 18:18:45,Bongo Square to Muea,1.24,18,Saturday,5,2.28,32.45,Low,Clouds,No Rain,0,0,0,0,0,1,Heavy Commercial Activity,High,30
2026-05-09 18:18:45,Bokwango to Molyko,6.15,18,Saturday,5,22.15,16.67,Low,Clouds,No Rain,0,0,0,0,0,1,Heavy Commercial Activity,High,30
2026-05-09 18:18:45,Bokwango to Check Point,5.26,18,Saturday,5,21.87,14.44,Low,Clouds,No Rain,0,0,0,0,0,1,Heavy Commercial Activity,High,30
2026-05-09 18:18:45,Bokwango to Buea Town,7.83,18,Saturday,5,27.18,17.27,Low,Clouds,No Rain,0,0,0,0,0,1,Heavy Commercial Activity,High,30
2026-05-09 18:18:45,Bokwango to Great Soppo,8.18,18,Saturday,5,27.93,17.57,Low,Clouds,No Rain,0,0,0,0,0,1,Heavy Commercial Activity,High,30
2026-05-09 18:18:45,Muea to Great Soppo,0.89,18,Saturday,5,3.33,16.0,Low,Clouds,No Rain,0,0,0,0,0,1,Heavy Commercial Activity,High,30
2026-05-09 18:18:45,Muea to Molyko,2.92,18,Saturday,5,9.1,19.24,Low,Clouds,No Rain,0,0,0,0,0,1,Heavy Commercial Activity,High,30
2026-05-09 18:18:45,Muea to Check Point,3.12,18,Saturday,5,8.25,22.71,Low,Clouds,No Rain,0,0,0,0,0,1,Heavy Commercial Activity,High,30
2026-05-09 18:18:45,Muea to Buea Town,0.0,18,Saturday,5,0.0,0,Low,Clouds,No Rain,0,0,0,0,0,1,Heavy Commercial Activity,High,30
2026-05-09 18:28:45,Check Point to Bongo Square,4.36,18,Saturday,5,10.88,24.02,Low,Error,Unknown,0,0,0,0,0,1,Heavy Commercial Activity,High,30
2026-05-09 18:28:45,Check Point to Muea,3.12,18,Saturday,5,8.73,21.45,Low,Error,Unknown,0,0,0,0,0,1,Heavy Commercial Activity,High,30
2026-05-09 18:28:45,Great Soppo to Small Soppo,1.54,18,Saturday,5,6.23,14.87,Low,Error,Unknown,0,0,0,0,0,1,Heavy Commercial Activity,High,30
2026-05-09 18:28:45,Great Soppo to Bongo Square,2.12,18,Saturday,5,5.83,21.85,Low,Error,Unknown,0,0,0,0,0,1,Heavy Commercial Activity,High,30
2026-05-09 18:28:45,Great Soppo to Buea Town,0.89,18,Saturday,5,3.33,16.0,Low,Error,Unknown,0,0,0,0,0,1,Heavy Commercial Activity,High,30
2026-05-09 18:28:45,Great Soppo to Muea,0.89,18,Saturday,5,3.33,16.0,Low,Error,Unknown,0,0,0,0,0,1,Heavy Commercial Activity,High,30
2026-05-09 18:28:45,Small Soppo to Bongo Square,1.07,18,Saturday,5,3.7,17.32,Low,Error,Unknown,0,0,0,0,0,1,Heavy Commercial Activity,High,30
2026-05-09 18:28:45,Small Soppo to Buea Town,0.52,18,Saturday,5,2.9,10.66,Low,Error,Unknown,0,0,0,0,0,1,Heavy Commercial Activity,High,30
2026-05-09 18:28:45,Small Soppo to Muea,0.52,18,Saturday,5,2.9,10.66,Low,Error,Unknown,0,0,0,0,0,1,Heavy Commercial Activity,High,30
2026-05-09 18:28:45,Bongo Square to Buea Town,1.24,18,Saturday,5,2.27,32.69,Low,Error,Unknown,0,0,0,0,0,1,Heavy Commercial Activity,High,30
2026-05-09 18:28:45,Bongo Square to Muea,1.24,18,Saturday,5,2.27,32.69,Low,Error,Unknown,0,0,0,0,0,1,Heavy Commercial Activity,High,30
2026-05-09 18:28:45,Bokwango to Molyko,6.15,18,Saturday,5,22.2,16.63,Low,Error,Unknown,0,0,0,0,0,1,Heavy Commercial Activity,High,30
2026-05-09 18:28:45,Bokwango to Check Point,5.26,18,Saturday,5,20.27,15.58,Low,Error,Unknown,0,0,0,0,0,1,Heavy Commercial Activity,High,30
2026-05-09 18:28:45,Bokwango to Buea Town,8.38,18,Saturday,5,29.72,16.93,Low,Error,Unknown,0,0,0,0,0,1,Heavy Commercial Activity,High,30
2026-05-09 18:28:45,Bokwango to Great Soppo,8.18,18,Saturday,5,27.98,17.54,Low,Error,Unknown,0,0,0,0,0,1,Heavy Commercial Activity,High,30
2026-05-11 08:29:38,Bonduma Gate to Mile 17,3.81,8,Monday,0,8.9,25.71,Low,Clouds,No Rain,0,0,0,1,1,0,None,Low,25
2026-05-11 08:29:38,Bonduma to UB Junction,3.95,8,Monday,0,12.55,18.87,Low,Clouds,No Rain,0,0,0,1,1,0,None,Low,25
2026-05-11 08:29:38,Bonduma to Molyko,3.11,8,Monday,0,9.88,18.89,Low,Clouds,No Rain,0,0,0,1,1,0,None,Low,25
2026-05-11 08:29:38,Bonduma to Check Point,1.73,8,Monday,0,4.93,21.05,Low,Clouds,No Rain,0,0,0,1,1,0,None,Low,25
2026-05-11 08:29:38,Bonduma to Muea,2.06,8,Monday,0,6.0,20.61,Low,Clouds,No Rain,0,0,0,1,1,0,None,Low,25
2026-05-11 08:29:38,Bonduma to Great Soppo,2.95,8,Monday,0,9.33,18.96,Low,Clouds,No Rain,0,0,0,1,1,0,None,Low,25
2026-05-11 08:29:38,Bonduma to Buea Town,2.06,8,Monday,0,6.0,20.61,Low,Clouds,No Rain,0,0,0,1,1,0,None,Low,25
2026-05-11 08:29:38,Mile 16 to Mile 17,4.4,8,Monday,0,9.7,27.23,Low,Clouds,No Rain,0,0,0,1,1,0,None,Low,25
2026-05-11 08:29:38,Mile 17 to Malingo,1.54,8,Monday,0,4.4,21.04,Low,Clouds,No Rain,0,0,0,1,1,0,None,Low,25
2026-05-11 08:29:38,Mile 17 to UB Junction,2.05,8,Monday,0,6.42,19.2,Low,Clouds,No Rain,0,0,0,1,1,0,None,Low,25
2026-05-11 08:29:38,Mile 17 to Check Point,2.47,8,Monday,0,6.18,23.99,Low,Clouds,No Rain,0,0,0,1,1,0,None,Low,25
2026-05-11 08:29:38,Mile 17 to Muea,5.59,8,Monday,0,13.43,24.99,Low,Clouds,No Rain,0,0,0,1,1,0,None,Low,25
2026-05-11 08:29:38,Malingo to UB Junction,3.47,8,Monday,0,10.6,19.64,Low,Clouds,No Rain,0,0,0,1,1,0,None,Low,25
2026-05-11 08:29:38,Malingo to Check Point,2.02,8,Monday,0,6.02,20.16,Low,Clouds,No Rain,0,0,0,1,1,0,None,Low,25
2026-05-11 08:29:38,Malingo to Molyko,6.19,8,Monday,0,17.28,21.5,Low,Clouds,No Rain,0,0,0,1,1,0,None,Low,25
2026-05-11 08:29:38,Malingo to Muea,5.14,8,Monday,0,13.78,22.39,Low,Clouds,No Rain,0,0,0,1,1,0,None,Low,25
2026-05-11 08:29:38,Malingo to Buea Town,5.14,8,Monday,0,13.78,22.39,Low,Clouds,No Rain,0,0,0,1,1,0,None,Low,25
2026-05-11 08:29:38,UB Junction to Molyko,6.33,8,Monday,0,17.93,21.17,Low,Clouds,No Rain,0,0,0,1,1,0,None,Low,25
2026-05-11 08:29:38,UB Junction to Check Point,2.15,8,Monday,0,7.42,17.43,Low,Clouds,No Rain,0,0,0,1,1,0,None,Low,25
2026-05-11 08:29:38,UB Junction to Great Soppo,6.17,8,Monday,0,18.0,20.55,Low,Clouds,No Rain,0,0,0,1,1,0,None,Low,25
2026-05-11 08:29:38,UB Junction to Buea Town,5.28,8,Monday,0,14.67,21.58,Low,Clouds,No Rain,0,0,0,1,1,0,None,Low,25
2026-05-11 08:29:38,UB Junction to Muea,5.28,8,Monday,0,14.67,21.58,Low,Clouds,No Rain,0,0,0,1,1,0,None,Low,25
2026-05-11 08:29:38,Molyko to Check Point,4.17,8,Monday,0,11.23,22.28,Low,Clouds,No Rain,0,0,0,1,1,0,None,Low,25
2026-05-11 08:29:38,Molyko to Great Soppo,2.03,8,Monday,0,5.9,20.63,Low,Clouds,No Rain,0,0,0,1,1,0,None,Low,25
2026-05-11 08:29:38,Molyko to Small Soppo,3.57,8,Monday,0,12.52,17.13,Low,Clouds,No Rain,0,0,0,1,1,0,None,Low,25
2026-05-11 08:29:38,Molyko to Bongo Square,4.15,8,Monday,0,12.1,20.59,Low,Clouds,No Rain,0,0,0,1,1,0,None,Low,25
2026-05-11 08:29:38,Molyko to Buea Town,2.92,8,Monday,0,9.23,18.96,Low,Clouds,No Rain,0,0,0,1,1,0,None,Low,25
2026-05-11 08:29:38,Molyko to Muea,2.92,8,Monday,0,9.23,18.96,Low,Clouds,No Rain,0,0,0,1,1,0,None,Low,25
2026-05-11 08:29:38,Molyko to Bokwango,6.15,8,Monday,0,22.42,16.47,Low,Clouds,No Rain,0,0,0,1,1,0,None,Low,25
2026-05-11 08:29:38,Check Point to Buea Town,3.12,8,Monday,0,7.35,25.49,Low,Clouds,No Rain,0,0,0,1,1,0,None,Low,25
2026-05-11 08:29:38,Check Point to Great Soppo,4.01,8,Monday,0,10.68,22.53,Low,Clouds,No Rain,0,0,0,1,1,0,None,Low,25
2026-05-11 08:29:38,Check Point to Small Soppo,3.78,8,Monday,0,9.82,23.09,Low,Clouds,No Rain,0,0,0,1,1,0,None,Low,25
2026-05-11 08:29:38,Check Point to Bongo Square,4.36,8,Monday,0,9.4,27.81,Low,Clouds,No Rain,0,0,0,1,1,0,None,Low,25
2026-05-11 08:29:38,Check Point to Muea,3.12,8,Monday,0,7.35,25.49,Low,Clouds,No Rain,0,0,0,1,1,0,None,Low,25
2026-05-11 08:29:38,Great Soppo to Small Soppo,1.54,8,Monday,0,6.15,15.07,Low,Clouds,No Rain,0,0,0,1,1,0,None,Low,25
2026-05-11 08:29:38,Great Soppo to Bongo Square,2.12,8,Monday,0,5.75,22.16,Low,Clouds,No Rain,0,0,0,1,1,0,None,Low,25
2026-05-11 08:29:38,Great Soppo to Buea Town,0.89,8,Monday,0,3.33,16.0,Low,Clouds,No Rain,0,0,0,1,1,0,None,Low,25
2026-05-11 08:29:38,Great Soppo to Muea,0.89,8,Monday,0,3.33,16.0,Low,Clouds,No Rain,0,0,0,1,1,0,None,Low,25
2026-05-11 08:29:38,Small Soppo to Bongo Square,1.07,8,Monday,0,3.6,17.8,Low,Clouds,No Rain,0,0,0,1,1,0,None,Low,25
2026-05-11 08:29:38,Small Soppo to Buea Town,0.52,8,Monday,0,2.72,11.37,Low,Clouds,No Rain,0,0,0,1,1,0,None,Low,25
2026-05-11 08:29:38,Small Soppo to Muea,0.52,8,Monday,0,2.72,11.37,Low,Clouds,No Rain,0,0,0,1,1,0,None,Low,25
2026-05-11 08:29:38,Bongo Square to Buea Town,1.24,8,Monday,0,1.98,37.36,Low,Clouds,No Rain,0,0,0,1,1,0,None,Low,25
2026-05-11 08:29:38,Bongo Square to Muea,1.24,8,Monday,0,1.98,37.36,Low,Clouds,No Rain,0,0,0,1,1,0,None,Low,25
2026-05-11 08:29:38,Bokwango to Molyko,6.15,8,Monday,0,22.33,16.53,Low,Clouds,No Rain,0,0,0,1,1,0,None,Low,25
2026-05-11 08:29:38,Bokwango to Check Point,5.26,8,Monday,0,16.97,18.61,Low,Clouds,No Rain,0,0,0,1,1,0,None,Low,25
2026-05-11 08:29:38,Bokwango to Buea Town,8.38,8,Monday,0,24.25,20.75,Low,Clouds,No Rain,0,0,0,1,1,0,None,Low,25
2026-05-11 08:29:38,Bokwango to Great Soppo,9.27,8,Monday,0,27.6,20.16,Low,Clouds,No Rain,0,0,0,1,1,0,None,Low,25
2026-05-11 08:29:38,Muea to Great Soppo,0.89,8,Monday,0,3.33,16.0,Low,Clouds,No Rain,0,0,0,1,1,0,None,Low,25
2026-05-11 08:29:38,Muea to Molyko,2.92,8,Monday,0,9.1,19.24,Low,Clouds,No Rain,0,0,0,1,1,0,None,Low,25
2026-05-11 08:29:38,Muea to Check Point,3.12,8,Monday,0,6.48,28.89,Low,Clouds,No Rain,0,0,0,1,1,0,None,Low,25
2026-05-11 08:29:38,Muea to Buea Town,0.0,8,Monday,0,0.0,0,Low,Clouds,No Rain,0,0,0,1,1,0,None,Low,25
2026-05-11 08:29:38,Muea to Bonduma,2.06,8,Monday,0,5.05,24.49,Low,Clouds,No Rain,0,0,0,1,1,0,None,Low,25
2026-05-11 08:29:38,Muea to Malingo,5.14,8,Monday,0,12.87,23.99,Low,Clouds,No Rain,0,0,0,1,1,0,None,Low,25
2026-05-11 08:29:38,Clerks Quarters to Governor Junction,1.33,8,Monday,0,2.3,34.75,Low,Clouds,No Rain,0,0,0,1,1,0,None,Low,25
2026-05-11 08:29:38,Governor Junction to Long Street,0.0,8,Monday,0,0.0,0,Low,Clouds,No Rain,0,0,0,1,1,0,None,Low,25
2026-05-11 08:29:38,Long Street to Bongo Square,1.24,8,Monday,0,2.07,35.85,Low,Clouds,No Rain,0,0,0,1,1,0,None,Low,25
2026-05-11 08:29:38,Governor Junction to Buea Town,0.0,8,Monday,0,0.0,0,Low,Clouds,No Rain,0,0,0,1,1,0,None,Low,25
2026-05-11 08:29:38,Molyko to UB Junction,6.39,8,Monday,0,18.03,21.25,Low,Clouds,No Rain,0,0,0,1,1,0,None,Low,25
2026-05-11 08:29:38,UB Junction to Bonduma,3.88,8,Monday,0,12.3,18.95,Low,Clouds,No Rain,0,0,0,1,1,0,None,Low,25
2026-05-11 08:29:38,Check Point to Molyko,4.17,8,Monday,0,11.23,22.28,Low,Clouds,No Rain,0,0,0,1,1,0,None,Low,25
2026-05-11 08:29:38,Great Soppo to Check Point,4.01,8,Monday,0,10.38,23.18,Low,Clouds,No Rain,0,0,0,1,1,0,None,Low,25
2026-05-11 08:29:38,Malingo to Bonduma,3.75,8,Monday,0,11.42,19.72,Low,Clouds,No Rain,0,0,0,1,1,0,None,Low,25
2026-05-11 08:29:38,Buea Town to Malingo,5.14,8,Monday,0,12.87,23.99,Low,Clouds,No Rain,0,0,0,1,1,0,None,Low,25
2026-05-11 08:29:38,Buea Town to Muea,0.0,8,Monday,0,0.0,0,Low,Clouds,No Rain,0,0,0,1,1,0,None,Low,25
2026-05-11 08:39:38,Bonduma Gate to Mile 17,3.81,8,Monday,0,8.85,25.85,Low,Clouds,No Rain,0,0,0,1,1,0,None,Low,25
2026-05-11 08:39:38,Bonduma to UB Junction,3.95,8,Monday,0,12.53,18.89,Low,Clouds,No Rain,0,0,0,1,1,0,None,Low,25
2026-05-11 08:39:38,Bonduma to Molyko,3.11,8,Monday,0,9.88,18.89,Low,Clouds,No Rain,0,0,0,1,1,0,None,Low,25
2026-05-11 08:39:38,Bonduma to Check Point,1.73,8,Monday,0,4.95,20.98,Low,Clouds,No Rain,0,0,0,1,1,0,None,Low,25
2026-05-11 08:39:38,Bonduma to Muea,2.06,8,Monday,0,5.85,21.14,Low,Clouds,No Rain,0,0,0,1,1,0,None,Low,25
2026-05-11 08:39:38,Bonduma to Great Soppo,2.95,8,Monday,0,9.18,19.27,Low,Clouds,No Rain,0,0,0,1,1,0,None,Low,25
2026-05-11 08:39:38,Bonduma to Buea Town,2.06,8,Monday,0,5.85,21.14,Low,Clouds,No Rain,0,0,0,1,1,0,None,Low,25
2026-05-11 08:39:38,Mile 16 to Mile 17,4.4,8,Monday,0,9.68,27.28,Low,Clouds,No Rain,0,0,0,1,1,0,None,Low,25
2026-05-11 08:39:38,Mile 17 to Malingo,1.54,8,Monday,0,4.4,21.04,Low,Clouds,No Rain,0,0,0,1,1,0,None,Low,25
2026-05-11 08:39:38,Mile 17 to UB Junction,2.05,8,Monday,0,6.42,19.2,Low,Clouds,No Rain,0,0,0,1,1,0,None,Low,25
2026-05-11 08:39:38,Mile 17 to Check Point,2.47,8,Monday,0,6.15,24.12,Low,Clouds,No Rain,0,0,0,1,1,0,None,Low,25
2026-05-11 08:39:38,Mile 17 to Muea,5.59,8,Monday,0,13.42,25.02,Low,Clouds,No Rain,0,0,0,1,1,0,None,Low,25
2026-05-11 08:39:38,Mile 17 to Great Soppo,6.48,8,Monday,0,16.75,23.22,Low,Clouds,No Rain,0,0,0,1,1,0,None,Low,25
2026-05-11 08:39:38,Malingo to UB Junction,3.47,8,Monday,0,10.58,19.67,Low,Clouds,No Rain,0,0,0,1,1,0,None,Low,25
2026-05-11 08:39:38,Malingo to Check Point,2.02,8,Monday,0,6.02,20.16,Low,Clouds,No Rain,0,0,0,1,1,0,None,Low,25
2026-05-11 08:39:38,Malingo to Molyko,6.19,8,Monday,0,17.32,21.46,Low,Clouds,No Rain,0,0,0,1,1,0,None,Low,25
2026-05-11 08:39:38,Malingo to Muea,5.14,8,Monday,0,13.8,22.37,Low,Clouds,No Rain,0,0,0,1,1,0,None,Low,25
2026-05-11 08:39:38,Malingo to Buea Town,5.14,8,Monday,0,13.8,22.37,Low,Clouds,No Rain,0,0,0,1,1,0,None,Low,25
2026-05-11 08:39:38,UB Junction to Molyko,6.33,8,Monday,0,17.97,21.13,Low,Clouds,No Rain,0,0,0,1,1,0,None,Low,25
2026-05-11 08:39:38,UB Junction to Check Point,2.15,8,Monday,0,7.4,17.47,Low,Clouds,No Rain,0,0,0,1,1,0,None,Low,25
2026-05-11 08:39:38,UB Junction to Great Soppo,6.17,8,Monday,0,18.02,20.53,Low,Clouds,No Rain,0,0,0,1,1,0,None,Low,25
2026-05-11 08:39:38,UB Junction to Buea Town,5.28,8,Monday,0,14.68,21.56,Low,Clouds,No Rain,0,0,0,1,1,0,None,Low,25
2026-05-11 08:39:38,UB Junction to Muea,5.28,8,Monday,0,14.68,21.56,Low,Clouds,No Rain,0,0,0,1,1,0,None,Low,25
2026-05-11 08:39:38,Molyko to Check Point,4.17,8,Monday,0,11.32,22.12,Low,Clouds,No Rain,0,0,0,1,1,0,None,Low,25
2026-05-11 08:39:38,Molyko to Great Soppo,2.03,8,Monday,0,5.9,20.63,Low,Clouds,No Rain,0,0,0,1,1,0,None,Low,25
2026-05-11 08:39:38,Molyko to Small Soppo,3.57,8,Monday,0,12.4,17.29,Low,Clouds,No Rain,0,0,0,1,1,0,None,Low,25
2026-05-11 08:39:38,Molyko to Bongo Square,4.15,8,Monday,0,12.07,20.65,Low,Clouds,No Rain,0,0,0,1,1,0,None,Low,25
2026-05-11 08:39:38,Molyko to Buea Town,2.92,8,Monday,0,9.23,18.96,Low,Clouds,No Rain,0,0,0,1,1,0,None,Low,25
2026-05-11 08:39:38,Molyko to Muea,2.92,8,Monday,0,9.23,18.96,Low,Clouds,No Rain,0,0,0,1,1,0,None,Low,25
2026-05-11 08:39:38,Molyko to Bokwango,6.15,8,Monday,0,22.42,16.47,Low,Clouds,No Rain,0,0,0,1,1,0,None,Low,25
2026-05-11 08:39:38,Check Point to Buea Town,3.12,8,Monday,0,7.2,26.02,Low,Clouds,No Rain,0,0,0,1,1,0,None,Low,25
2026-05-11 08:39:38,Check Point to Great Soppo,4.01,8,Monday,0,10.53,22.85,Low,Clouds,No Rain,0,0,0,1,1,0,None,Low,25
2026-05-11 08:39:38,Check Point to Small Soppo,3.78,8,Monday,0,9.62,23.57,Low,Clouds,No Rain,0,0,0,1,1,0,None,Low,25
2026-05-11 08:39:38,Check Point to Bongo Square,4.36,8,Monday,0,9.2,28.42,Low,Clouds,No Rain,0,0,0,1,1,0,None,Low,25
2026-05-11 08:39:38,Check Point to Muea,3.12,8,Monday,0,7.18,26.08,Low,Clouds,No Rain,0,0,0,1,1,0,None,Low,25
2026-05-11 08:39:38,Great Soppo to Small Soppo,1.54,8,Monday,0,6.12,15.16,Low,Clouds,No Rain,0,0,0,1,1,0,None,Low,25
2026-05-11 08:39:38,Great Soppo to Bongo Square,2.12,8,Monday,0,5.7,22.36,Low,Clouds,No Rain,0,0,0,1,1,0,None,Low,25
2026-05-11 08:39:38,Great Soppo to Buea Town,0.89,8,Monday,0,3.33,16.0,Low,Clouds,No Rain,0,0,0,1,1,0,None,Low,25
2026-05-11 08:39:38,Great Soppo to Muea,0.89,8,Monday,0,3.33,16.0,Low,Clouds,No Rain,0,0,0,1,1,0,None,Low,25
2026-05-11 08:39:38,Small Soppo to Bongo Square,1.07,8,Monday,0,3.6,17.8,Low,Clouds,No Rain,0,0,0,1,1,0,None,Low,25
2026-05-11 08:39:38,Small Soppo to Buea Town,0.52,8,Monday,0,2.73,11.3,Low,Clouds,No Rain,0,0,0,1,1,0,None,Low,25
2026-05-11 08:39:38,Small Soppo to Muea,0.52,8,Monday,0,2.73,11.3,Low,Clouds,No Rain,0,0,0,1,1,0,None,Low,25
2026-05-11 08:39:38,Bongo Square to Buea Town,1.24,8,Monday,0,1.97,37.68,Low,Clouds,No Rain,0,0,0,1,1,0,None,Low,25
2026-05-11 08:39:38,Bongo Square to Muea,1.24,8,Monday,0,1.97,37.68,Low,Clouds,No Rain,0,0,0,1,1,0,None,Low,25
2026-05-11 08:39:38,Bokwango to Molyko,6.15,8,Monday,0,22.33,16.53,Low,Clouds,No Rain,0,0,0,1,1,0,None,Low,25
2026-05-11 08:39:38,Bokwango to Check Point,5.26,8,Monday,0,17.08,18.48,Low,Clouds,No Rain,0,0,0,1,1,0,None,Low,25
2026-05-11 08:39:38,Bokwango to Buea Town,8.38,8,Monday,0,24.43,20.59,Low,Clouds,No Rain,0,0,0,1,1,0,None,Low,25
2026-05-11 08:39:38,Bokwango to Great Soppo,9.27,8,Monday,0,27.77,20.04,Low,Clouds,No Rain,0,0,0,1,1,0,None,Low,25
2026-05-11 08:39:38,Muea to Great Soppo,0.89,8,Monday,0,3.33,16.0,Low,Clouds,No Rain,0,0,0,1,1,0,None,Low,25
2026-05-11 08:39:38,Muea to Molyko,2.92,8,Monday,0,9.1,19.24,Low,Clouds,No Rain,0,0,0,1,1,0,None,Low,25
2026-05-11 08:39:38,Muea to Check Point,3.12,8,Monday,0,6.62,28.31,Low,Clouds,No Rain,0,0,0,1,1,0,None,Low,25
2026-05-11 08:39:38,Muea to Buea Town,0.0,8,Monday,0,0.0,0,Low,Clouds,No Rain,0,0,0,1,1,0,None,Low,25
2026-05-11 08:39:38,Muea to Bonduma,2.06,8,Monday,0,5.13,24.09,Low,Clouds,No Rain,0,0,0,1,1,0,None,Low,25
2026-05-11 08:39:38,Muea to Malingo,5.14,8,Monday,0,13.02,23.71,Low,Clouds,No Rain,0,0,0,1,1,0,None,Low,25
2026-05-11 08:39:38,Clerks Quarters to Governor Junction,1.33,8,Monday,0,2.28,35.0,Low,Clouds,No Rain,0,0,0,1,1,0,None,Low,25
2026-05-11 08:39:38,Governor Junction to Long Street,0.0,8,Monday,0,0.0,0,Low,Clouds,No Rain,0,0,0,1,1,0,None,Low,25
2026-05-11 08:39:38,Long Street to Bongo Square,1.24,8,Monday,0,2.02,36.74,Low,Clouds,No Rain,0,0,0,1,1,0,None,Low,25
2026-05-11 08:39:38,Governor Junction to Buea Town,0.0,8,Monday,0,0.0,0,Low,Clouds,No Rain,0,0,0,1,1,0,None,Low,25
2026-05-11 08:39:38,Molyko to UB Junction,6.39,8,Monday,0,18.17,21.09,Low,Clouds,No Rain,0,0,0,1,1,0,None,Low,25
2026-05-11 08:39:38,UB Junction to Bonduma,3.88,8,Monday,0,12.3,18.95,Low,Clouds,No Rain,0,0,0,1,1,0,None,Low,25
2026-05-11 08:39:38,Check Point to Molyko,4.17,8,Monday,0,11.22,22.32,Low,Clouds,No Rain,0,0,0,1,1,0,None,Low,25
2026-05-11 08:39:38,Great Soppo to Check Point,4.01,8,Monday,0,10.5,22.92,Low,Clouds,No Rain,0,0,0,1,1,0,None,Low,25
2026-05-11 08:39:38,Malingo to Bonduma,3.75,8,Monday,0,11.43,19.7,Low,Clouds,No Rain,0,0,0,1,1,0,None,Low,25
2026-05-11 08:39:38,Buea Town to Malingo,5.14,8,Monday,0,13.02,23.71,Low,Clouds,No Rain,0,0,0,1,1,0,None,Low,25
2026-05-11 08:39:38,Buea Town to Muea,0.0,8,Monday,0,0.0,0,Low,Clouds,No Rain,0,0,0,1,1,0,None,Low,25
2026-05-11 08:49:38,Bonduma Gate to Mile 17,3.81,8,Monday,0,8.93,25.61,Low,Clouds,No Rain,0,0,0,1,1,0,None,Low,25
2026-05-11 08:49:38,Bonduma to UB Junction,3.95,8,Monday,0,12.63,18.74,Low,Clouds,No Rain,0,0,0,1,1,0,None,Low,25
2026-05-11 08:49:38,Bonduma to Molyko,3.11,8,Monday,0,9.88,18.89,Low,Clouds,No Rain,0,0,0,1,1,0,None,Low,25
2026-05-11 08:49:38,Bonduma to Check Point,1.73,8,Monday,0,4.97,20.91,Low,Clouds,No Rain,0,0,0,1,1,0,None,Low,25
2026-05-11 08:49:38,Bonduma to Muea,2.06,8,Monday,0,5.88,21.02,Low,Clouds,No Rain,0,0,0,1,1,0,None,Low,25
2026-05-11 08:49:38,Bonduma to Great Soppo,2.95,8,Monday,0,9.23,19.17,Low,Clouds,No Rain,0,0,0,1,1,0,None,Low,25
2026-05-11 08:49:38,Bonduma to Buea Town,2.06,8,Monday,0,5.9,20.96,Low,Clouds,No Rain,0,0,0,1,1,0,None,Low,25
2026-05-11 08:49:38,Mile 16 to Mile 17,4.4,8,Monday,0,9.8,26.95,Low,Clouds,No Rain,0,0,0,1,1,0,None,Low,25
2026-05-11 08:49:38,Mile 17 to Malingo,1.54,8,Monday,0,4.4,21.04,Low,Clouds,No Rain,0,0,0,1,1,0,None,Low,25
2026-05-11 08:49:38,Mile 17 to UB Junction,2.05,8,Monday,0,6.45,19.1,Low,Clouds,No Rain,0,0,0,1,1,0,None,Low,25
2026-05-11 08:49:38,Mile 17 to Check Point,2.47,8,Monday,0,6.35,23.36,Low,Clouds,No Rain,0,0,0,1,1,0,None,Low,25
2026-05-11 08:49:38,Mile 17 to Muea,5.59,8,Monday,0,13.72,24.47,Low,Clouds,No Rain,0,0,0,1,1,0,None,Low,25
2026-05-11 08:49:38,Mile 17 to Great Soppo,6.48,8,Monday,0,17.05,22.81,Low,Clouds,No Rain,0,0,0,1,1,0,None,Low,25
2026-05-11 08:49:38,Malingo to UB Junction,3.47,8,Monday,0,10.62,19.61,Low,Clouds,No Rain,0,0,0,1,1,0,None,Low,25
2026-05-11 08:49:38,Malingo to Check Point,2.02,8,Monday,0,6.23,19.46,Low,Clouds,No Rain,0,0,0,1,1,0,None,Low,25
2026-05-11 08:49:38,Malingo to Molyko,6.19,8,Monday,0,17.45,21.3,Low,Clouds,No Rain,0,0,0,1,1,0,None,Low,25
2026-05-11 08:49:38,Malingo to Muea,5.14,8,Monday,0,14.0,22.05,Low,Clouds,No Rain,0,0,0,1,1,0,None,Low,25
2026-05-11 08:49:38,Malingo to Buea Town,5.14,8,Monday,0,14.0,22.05,Low,Clouds,No Rain,0,0,0,1,1,0,None,Low,25
2026-05-11 08:49:38,UB Junction to Molyko,6.33,8,Monday,0,18.17,20.89,Low,Clouds,No Rain,0,0,0,1,1,0,None,Low,25
2026-05-11 08:49:38,UB Junction to Check Point,2.15,8,Monday,0,7.6,17.01,Low,Clouds,No Rain,0,0,0,1,1,0,None,Low,25
2026-05-11 08:49:38,UB Junction to Great Soppo,6.17,8,Monday,0,18.28,20.23,Low,Clouds,No Rain,0,0,0,1,1,0,None,Low,25
2026-05-11 08:49:38,UB Junction to Buea Town,5.28,8,Monday,0,14.95,21.17,Low,Clouds,No Rain,0,0,0,1,1,0,None,Low,25
2026-05-11 08:49:38,UB Junction to Muea,5.28,8,Monday,0,14.95,21.17,Low,Clouds,No Rain,0,0,0,1,1,0,None,Low,25
2026-05-11 08:49:38,Molyko to Check Point,4.17,8,Monday,0,11.28,22.18,Low,Clouds,No Rain,0,0,0,1,1,0,None,Low,25
2026-05-11 08:49:38,Molyko to Great Soppo,2.03,8,Monday,0,5.9,20.63,Low,Clouds,No Rain,0,0,0,1,1,0,None,Low,25
2026-05-11 08:49:38,Molyko to Small Soppo,3.57,8,Monday,0,12.42,17.27,Low,Clouds,No Rain,0,0,0,1,1,0,None,Low,25
2026-05-11 08:49:38,Molyko to Bongo Square,4.15,8,Monday,0,12.1,20.59,Low,Clouds,No Rain,0,0,0,1,1,0,None,Low,25
2026-05-11 08:49:38,Molyko to Buea Town,2.92,8,Monday,0,9.23,18.96,Low,Clouds,No Rain,0,0,0,1,1,0,None,Low,25
2026-05-11 08:49:38,Molyko to Muea,2.92,8,Monday,0,9.23,18.96,Low,Clouds,No Rain,0,0,0,1,1,0,None,Low,25
2026-05-11 08:49:38,Molyko to Bokwango,6.15,8,Monday,0,22.43,16.46,Low,Clouds,No Rain,0,0,0,1,1,0,None,Low,25
2026-05-11 08:49:38,Check Point to Buea Town,3.12,8,Monday,0,7.33,25.54,Low,Clouds,No Rain,0,0,0,1,1,0,None,Low,25
2026-05-11 08:49:38,Check Point to Great Soppo,4.01,8,Monday,0,10.67,22.56,Low,Clouds,No Rain,0,0,0,1,1,0,None,Low,25
2026-05-11 08:49:38,Check Point to Small Soppo,3.78,8,Monday,0,9.75,23.25,Low,Clouds,No Rain,0,0,0,1,1,0,None,Low,25
2026-05-11 08:49:38,Check Point to Bongo Square,4.36,8,Monday,0,9.35,27.96,Low,Clouds,No Rain,0,0,0,1,1,0,None,Low,25
2026-05-11 08:49:38,Check Point to Muea,3.12,8,Monday,0,7.33,25.54,Low,Clouds,No Rain,0,0,0,1,1,0,None,Low,25
2026-05-11 08:49:38,Great Soppo to Small Soppo,1.54,8,Monday,0,6.1,15.2,Low,Clouds,No Rain,0,0,0,1,1,0,None,Low,25
2026-05-11 08:49:38,Great Soppo to Bongo Square,2.12,8,Monday,0,5.68,22.42,Low,Clouds,No Rain,0,0,0,1,1,0,None,Low,25
2026-05-11 08:49:38,Great Soppo to Buea Town,0.89,8,Monday,0,3.33,16.0,Low,Clouds,No Rain,0,0,0,1,1,0,None,Low,25
2026-05-11 08:49:38,Great Soppo to Muea,0.89,8,Monday,0,3.33,16.0,Low,Clouds,No Rain,0,0,0,1,1,0,None,Low,25
2026-05-11 08:49:38,Small Soppo to Bongo Square,1.07,8,Monday,0,3.6,17.8,Low,Clouds,No Rain,0,0,0,1,1,0,None,Low,25
2026-05-11 08:49:38,Small Soppo to Buea Town,0.52,8,Monday,0,2.73,11.3,Low,Clouds,No Rain,0,0,0,1,1,0,None,Low,25
2026-05-11 08:49:38,Small Soppo to Muea,0.52,8,Monday,0,2.73,11.3,Low,Clouds,No Rain,0,0,0,1,1,0,None,Low,25
2026-05-11 08:49:38,Bongo Square to Buea Town,1.24,8,Monday,0,1.97,37.68,Low,Clouds,No Rain,0,0,0,1,1,0,None,Low,25
2026-05-11 08:49:38,Bongo Square to Muea,1.24,8,Monday,0,1.97,37.68,Low,Clouds,No Rain,0,0,0,1,1,0,None,Low,25
2026-05-11 08:49:38,Bokwango to Molyko,6.15,8,Monday,0,22.33,16.53,Low,Clouds,No Rain,0,0,0,1,1,0,None,Low,25
2026-05-11 08:49:38,Bokwango to Check Point,5.26,8,Monday,0,17.18,18.38,Low,Clouds,No Rain,0,0,0,1,1,0,None,Low,25
2026-05-11 08:49:38,Bokwango to Buea Town,8.38,8,Monday,0,24.53,20.51,Low,Clouds,No Rain,0,0,0,1,1,0,None,Low,25
2026-05-11 08:49:38,Bokwango to Great Soppo,9.27,8,Monday,0,27.87,19.97,Low,Clouds,No Rain,0,0,0,1,1,0,None,Low,25
2026-05-11 08:49:38,Muea to Great Soppo,0.89,8,Monday,0,3.33,16.0,Low,Clouds,No Rain,0,0,0,1,1,0,None,Low,25
2026-05-11 08:49:38,Muea to Molyko,2.92,8,Monday,0,9.1,19.24,Low,Clouds,No Rain,0,0,0,1,1,0,None,Low,25
2026-05-08 10:22:28,Bonduma Gate to Mile 17,3.81,10,Friday,4,10.77,21.25,Low,Clouds,No Rain,0,0,0,1,0,1,Market Activity,Medium,202026-05-12 07:14:05,Bonduma Gate to Mile 17,3.81,7,Tuesday,1,8.98,25.47,Low,Clouds,No Rain,0,0,1,0,1,0,None,Low,40
2026-05-12 07:14:05,Bonduma to UB Junction,3.95,7,Tuesday,1,12.75,18.57,Low,Clouds,No Rain,0,0,1,0,1,0,None,Low,40
2026-05-12 07:14:05,Bonduma to Molyko,3.11,7,Tuesday,1,9.88,18.89,Low,Clouds,No Rain,0,0,1,0,1,0,None,Low,40
2026-05-12 07:14:05,Bonduma to Check Point,1.73,7,Tuesday,1,4.93,21.05,Low,Clouds,No Rain,0,0,1,0,1,0,None,Low,40
2026-05-12 07:14:05,Bonduma to Muea,2.06,7,Tuesday,1,5.78,21.38,Low,Clouds,No Rain,0,0,1,0,1,0,None,Low,40
2026-05-12 07:14:05,Bonduma to Great Soppo,2.95,7,Tuesday,1,9.13,19.38,Low,Clouds,No Rain,0,0,1,0,1,0,None,Low,40
2026-05-12 07:14:05,Bonduma to Buea Town,2.06,7,Tuesday,1,5.8,21.32,Low,Clouds,No Rain,0,0,1,0,1,0,None,Low,40
2026-05-12 07:14:05,Mile 16 to Mile 17,4.4,7,Tuesday,1,9.67,27.32,Low,Clouds,No Rain,0,0,1,0,1,0,None,Low,40
2026-05-12 07:14:05,Mile 17 to Malingo,1.54,7,Tuesday,1,4.6,20.13,Low,Clouds,No Rain,0,0,1,0,1,0,None,Low,40
2026-05-12 07:14:05,Mile 17 to UB Junction,2.05,7,Tuesday,1,6.68,18.43,Low,Clouds,No Rain,0,0,1,0,1,0,None,Low,40
2026-05-12 07:14:05,Mile 17 to Check Point,2.47,7,Tuesday,1,6.35,23.36,Low,Clouds,No Rain,0,0,1,0,1,0,None,Low,40
2026-05-12 07:14:05,Mile 17 to Muea,5.59,7,Tuesday,1,13.87,24.2,Low,Clouds,No Rain,0,0,1,0,1,0,None,Low,40
2026-05-12 07:14:05,Mile 17 to Great Soppo,6.48,7,Tuesday,1,17.2,22.62,Low,Clouds,No Rain,0,0,1,0,1,0,None,Low,40
2026-05-12 07:14:05,Malingo to UB Junction,3.47,7,Tuesday,1,10.85,19.18,Low,Clouds,No Rain,0,0,1,0,1,0,None,Low,40
2026-05-12 07:14:05,Malingo to Check Point,2.02,7,Tuesday,1,6.3,19.26,Low,Clouds,No Rain,0,0,1,0,1,0,None,Low,40
2026-05-12 07:14:05,Malingo to Molyko,6.19,7,Tuesday,1,17.9,20.76,Low,Clouds,No Rain,0,0,1,0,1,0,None,Low,40
2026-05-12 07:14:05,Malingo to Muea,5.14,7,Tuesday,1,13.92,22.18,Low,Clouds,No Rain,0,0,1,0,1,0,None,Low,40
2026-05-12 07:14:05,Malingo to Buea Town,5.14,7,Tuesday,1,13.92,22.18,Low,Clouds,No Rain,0,0,1,0,1,0,None,Low,40
2026-05-12 07:14:05,UB Junction to Molyko,6.33,7,Tuesday,1,18.48,20.54,Low,Clouds,No Rain,0,0,1,0,1,0,None,Low,40
2026-05-12 07:14:05,UB Junction to Check Point,2.15,7,Tuesday,1,7.3,17.71,Low,Clouds,No Rain,0,0,1,0,1,0,None,Low,40
2026-05-12 07:14:05,UB Junction to Great Soppo,6.17,7,Tuesday,1,18.13,20.4,Low,Clouds,No Rain,0,0,1,0,1,0,None,Low,40
2026-05-12 07:14:05,UB Junction to Buea Town,5.28,7,Tuesday,1,14.8,21.39,Low,Clouds,No Rain,0,0,1,0,1,0,None,Low,40
2026-05-12 07:14:05,UB Junction to Muea,5.28,7,Tuesday,1,14.8,21.39,Low,Clouds,No Rain,0,0,1,0,1,0,None,Low,40
2026-05-12 07:14:05,Molyko to Check Point,4.17,7,Tuesday,1,11.55,21.67,Low,Clouds,No Rain,0,0,1,0,1,0,None,Low,40
2026-05-12 07:14:05,Molyko to Great Soppo,2.03,7,Tuesday,1,5.9,20.63,Low,Clouds,No Rain,0,0,1,0,1,0,None,Low,40
2026-05-12 07:14:05,Molyko to Small Soppo,3.57,7,Tuesday,1,12.6,17.02,Low,Clouds,No Rain,0,0,1,0,1,0,None,Low,40
2026-05-12 07:14:05,Molyko to Bongo Square,4.15,7,Tuesday,1,12.13,20.54,Low,Clouds,No Rain,0,0,1,0,1,0,None,Low,40
2026-05-12 07:14:05,Molyko to Buea Town,2.92,7,Tuesday,1,9.23,18.96,Low,Clouds,No Rain,0,0,1,0,1,0,None,Low,40
2026-05-12 07:14:05,Molyko to Muea,2.92,7,Tuesday,1,9.23,18.96,Low,Clouds,No Rain,0,0,1,0,1,0,None,Low,40
2026-05-12 07:14:05,Molyko to Bokwango,6.15,7,Tuesday,1,22.83,16.17,Low,Clouds,No Rain,0,0,1,0,1,0,None,Low,40
2026-05-12 07:14:05,Check Point to Buea Town,3.12,7,Tuesday,1,7.5,24.98,Low,Clouds,No Rain,0,0,1,0,1,0,None,Low,40
2026-05-12 07:14:05,Check Point to Great Soppo,4.01,7,Tuesday,1,10.83,22.21,Low,Clouds,No Rain,0,0,1,0,1,0,None,Low,40
2026-05-12 07:14:05,Check Point to Small Soppo,3.78,7,Tuesday,1,9.95,22.78,Low,Clouds,No Rain,0,0,1,0,1,0,None,Low,40
2026-05-12 07:14:05,Check Point to Bongo Square,4.36,7,Tuesday,1,9.53,27.42,Low,Clouds,No Rain,0,0,1,0,1,0,None,Low,40
2026-05-12 07:14:05,Check Point to Muea,3.12,7,Tuesday,1,7.5,24.98,Low,Clouds,No Rain,0,0,1,0,1,0,None,Low,40
2026-05-12 07:14:05,Great Soppo to Small Soppo,1.54,7,Tuesday,1,6.05,15.32,Low,Clouds,No Rain,0,0,1,0,1,0,None,Low,40
2026-05-12 07:14:05,Great Soppo to Bongo Square,2.12,7,Tuesday,1,5.7,22.36,Low,Clouds,No Rain,0,0,1,0,1,0,None,Low,40
2026-05-12 07:14:05,Great Soppo to Buea Town,0.89,7,Tuesday,1,3.33,16.0,Low,Clouds,No Rain,0,0,1,0,1,0,None,Low,40
2026-05-12 07:14:05,Great Soppo to Muea,0.89,7,Tuesday,1,3.33,16.0,Low,Clouds,No Rain,0,0,1,0,1,0,None,Low,40
2026-05-12 07:14:05,Small Soppo to Bongo Square,1.07,7,Tuesday,1,3.58,17.88,Low,Clouds,No Rain,0,0,1,0,1,0,None,Low,40
2026-05-12 07:14:05,Small Soppo to Buea Town,0.52,7,Tuesday,1,2.75,11.24,Low,Clouds,No Rain,0,0,1,0,1,0,None,Low,40
2026-05-12 07:14:05,Small Soppo to Muea,0.52,7,Tuesday,1,2.75,11.24,Low,Clouds,No Rain,0,0,1,0,1,0,None,Low,40
2026-05-12 07:14:05,Bongo Square to Buea Town,1.24,7,Tuesday,1,1.9,39.0,Low,Clouds,No Rain,0,0,1,0,1,0,None,Low,40
2026-05-12 07:14:05,Bongo Square to Muea,1.24,7,Tuesday,1,1.9,39.0,Low,Clouds,No Rain,0,0,1,0,1,0,None,Low,40
2026-05-12 07:14:05,Bokwango to Molyko,6.15,7,Tuesday,1,22.73,16.24,Low,Clouds,No Rain,0,0,1,0,1,0,None,Low,40
2026-05-12 07:14:05,Bokwango to Check Point,5.26,7,Tuesday,1,17.78,17.76,Low,Clouds,No Rain,0,0,1,0,1,0,None,Low,40
2026-05-12 07:14:05,Bokwango to Buea Town,8.38,7,Tuesday,1,24.98,20.14,Low,Clouds,No Rain,0,0,1,0,1,0,None,Low,40
2026-05-12 07:14:05,Bokwango to Great Soppo,9.27,7,Tuesday,1,28.33,19.64,Low,Clouds,No Rain,0,0,1,0,1,0,None,Low,40
2026-05-12 07:14:05,Muea to Great Soppo,0.89,7,Tuesday,1,3.33,16.0,Low,Clouds,No Rain,0,0,1,0,1,0,None,Low,40
2026-05-12 07:14:05,Muea to Molyko,2.92,7,Tuesday,1,9.1,19.24,Low,Clouds,No Rain,0,0,1,0,1,0,None,Low,40
2026-05-12 07:14:05,Muea to Check Point,3.12,7,Tuesday,1,6.08,30.79,Low,Clouds,No Rain,0,0,1,0,1,0,None,Low,40
2026-05-12 07:14:05,Muea to Buea Town,0.0,7,Tuesday,1,0.0,0,Low,Clouds,No Rain,0,0,1,0,1,0,None,Low,40
2026-05-12 07:14:05,Muea to Bonduma,2.06,7,Tuesday,1,4.48,27.58,Low,Clouds,No Rain,0,0,1,0,1,0,None,Low,40
2026-05-12 07:14:05,Muea to Malingo,5.14,7,Tuesday,1,12.8,24.11,Low,Clouds,No Rain,0,0,1,0,1,0,None,Low,40
2026-05-12 07:14:05,Clerks Quarters to Governor Junction,1.33,7,Tuesday,1,2.2,36.33,Low,Clouds,No Rain,0,0,1,0,1,0,None,Low,40
2026-05-12 07:14:05,Governor Junction to Long Street,0.0,7,Tuesday,1,0.0,0,Low,Clouds,No Rain,0,0,1,0,1,0,None,Low,40
2026-05-12 07:14:05,Long Street to Bongo Square,1.24,7,Tuesday,1,2.03,36.44,Low,Clouds,No Rain,0,0,1,0,1,0,None,Low,40
2026-05-12 07:14:05,Governor Junction to Buea Town,0.0,7,Tuesday,1,0.0,0,Low,Clouds,No Rain,0,0,1,0,1,0,None,Low,40
2026-05-12 07:14:05,Molyko to UB Junction,6.39,7,Tuesday,1,18.68,20.51,Low,Clouds,No Rain,0,0,1,0,1,0,None,Low,40
2026-05-12 07:14:05,UB Junction to Bonduma,3.88,7,Tuesday,1,12.45,18.72,Low,Clouds,No Rain,0,0,1,0,1,0,None,Low,40
2026-05-12 07:14:05,Check Point to Molyko,4.17,7,Tuesday,1,11.68,21.43,Low,Clouds,No Rain,0,0,1,0,1,0,None,Low,40
2026-05-12 07:14:05,Great Soppo to Check Point,4.01,7,Tuesday,1,10.07,23.91,Low,Clouds,No Rain,0,0,1,0,1,0,None,Low,40
2026-05-12 07:14:05,Malingo to Bonduma,3.75,7,Tuesday,1,11.55,19.5,Low,Clouds,No Rain,0,0,1,0,1,0,None,Low,40
2026-05-12 07:14:05,Buea Town to Malingo,5.14,7,Tuesday,1,12.78,24.14,Low,Clouds,No Rain,0,0,1,0,1,0,None,Low,40
2026-05-12 07:14:05,Buea Town to Muea,0.0,7,Tuesday,1,0.0,0,Low,Clouds,No Rain,0,0,1,0,1,0,None,Low,40
2026-05-12 07:30:26,Bonduma to Great Soppo,2.95,7,Tuesday,1,9.05,19.56,Low,Error,Unknown,0,0,1,0,1,0,None,Low,40
2026-05-12 07:30:26,Bonduma to Buea Town,2.06,7,Tuesday,1,5.72,21.63,Low,Error,Unknown,0,0,1,0,1,0,None,Low,40
2026-05-12 07:30:26,Mile 16 to Mile 17,4.4,7,Tuesday,1,9.43,28.0,Low,Error,Unknown,0,0,1,0,1,0,None,Low,40
2026-05-12 07:30:26,Mile 17 to Malingo,1.54,7,Tuesday,1,4.58,20.2,Low,Error,Unknown,0,0,1,0,1,0,None,Low,40
2026-05-12 07:30:26,Mile 17 to UB Junction,2.05,7,Tuesday,1,7.52,16.39,Low,Error,Unknown,0,0,1,0,1,0,None,Low,40
2026-05-12 07:30:26,Mile 17 to Check Point,2.47,7,Tuesday,1,8.03,18.46,Low,Error,Unknown,0,0,1,0,1,0,None,Low,40
2026-05-12 07:30:26,Mile 17 to Muea,5.59,7,Tuesday,1,15.15,22.15,Low,Error,Unknown,0,0,1,0,1,0,None,Low,40
2026-05-12 07:30:26,Mile 17 to Great Soppo,6.48,7,Tuesday,1,18.5,21.03,Low,Error,Unknown,0,0,1,0,1,0,None,Low,40
2026-05-12 07:30:26,Malingo to UB Junction,3.47,7,Tuesday,1,11.53,18.05,Low,Error,Unknown,0,0,1,0,1,0,None,Low,40
2026-05-12 07:30:26,Malingo to Check Point,2.02,7,Tuesday,1,6.17,19.67,Low,Error,Unknown,0,0,1,0,1,0,None,Low,40
2026-05-12 07:30:26,Malingo to Molyko,6.19,7,Tuesday,1,17.95,20.7,Low,Error,Unknown,0,0,1,0,1,0,None,Low,40
2026-05-12 07:30:26,Malingo to Muea,5.14,7,Tuesday,1,13.73,22.47,Low,Error,Unknown,0,0,1,0,1,0,None,Low,40
2026-05-12 07:30:26,Malingo to Buea Town,5.14,7,Tuesday,1,13.73,22.47,Low,Error,Unknown,0,0,1,0,1,0,None,Low,40
2026-05-12 07:30:26,UB Junction to Molyko,6.33,7,Tuesday,1,19.07,19.91,Low,Error,Unknown,0,0,1,0,1,0,None,Low,40
2026-05-12 07:30:26,UB Junction to Check Point,2.15,7,Tuesday,1,8.12,15.93,Low,Error,Unknown,0,0,1,0,1,0,None,Low,40
2026-05-12 07:30:26,UB Junction to Great Soppo,6.17,7,Tuesday,1,18.63,19.85,Low,Error,Unknown,0,0,1,0,1,0,None,Low,40
2026-05-12 07:30:26,UB Junction to Buea Town,5.28,7,Tuesday,1,15.3,20.69,Low,Error,Unknown,0,0,1,0,1,0,None,Low,40
2026-05-12 07:30:26,UB Junction to Muea,5.28,7,Tuesday,1,15.3,20.69,Low,Error,Unknown,0,0,1,0,1,0,None,Low,40
2026-05-12 07:30:26,Molyko to Check Point,4.17,7,Tuesday,1,11.55,21.67,Low,Error,Unknown,0,0,1,0,1,0,None,Low,40
2026-05-12 07:30:26,Molyko to Great Soppo,2.03,7,Tuesday,1,5.9,20.63,Low,Error,Unknown,0,0,1,0,1,0,None,Low,40
2026-05-12 07:30:26,Molyko to Small Soppo,3.57,7,Tuesday,1,12.6,17.02,Low,Error,Unknown,0,0,1,0,1,0,None,Low,40
2026-05-12 07:30:26,Molyko to Bongo Square,4.15,7,Tuesday,1,12.08,20.62,Low,Error,Unknown,0,0,1,0,1,0,None,Low,40
2026-05-12 07:30:26,Molyko to Buea Town,2.92,7,Tuesday,1,9.23,18.96,Low,Error,Unknown,0,0,1,0,1,0,None,Low,40
2026-05-12 07:30:26,Molyko to Muea,2.92,7,Tuesday,1,9.23,18.96,Low,Error,Unknown,0,0,1,0,1,0,None,Low,40
2026-05-12 07:30:26,Molyko to Bokwango,6.15,7,Tuesday,1,22.8,16.19,Low,Error,Unknown,0,0,1,0,1,0,None,Low,40
2026-05-12 07:30:26,Check Point to Buea Town,3.12,7,Tuesday,1,7.35,25.49,Low,Error,Unknown,0,0,1,0,1,0,None,Low,40
2026-05-12 07:30:26,Check Point to Great Soppo,4.01,7,Tuesday,1,10.52,22.88,Low,Error,Unknown,0,0,1,0,1,0,None,Low,40
2026-05-12 07:30:26,Check Point to Small Soppo,3.78,7,Tuesday,1,9.6,23.61,Low,Error,Unknown,0,0,1,0,1,0,None,Low,40
2026-05-12 07:30:26,Check Point to Bongo Square,4.36,7,Tuesday,1,9.17,28.52,Low,Error,Unknown,0,0,1,0,1,0,None,Low,40
2026-05-12 07:30:26,Check Point to Muea,3.12,7,Tuesday,1,7.18,26.08,Low,Error,Unknown,0,0,1,0,1,0,None,Low,40
2026-05-12 07:30:26,Great Soppo to Small Soppo,1.54,7,Tuesday,1,6.03,15.36,Low,Error,Unknown,0,0,1,0,1,0,None,Low,40
2026-05-12 07:30:26,Great Soppo to Bongo Square,2.12,7,Tuesday,1,5.68,22.42,Low,Error,Unknown,0,0,1,0,1,0,None,Low,40
2026-05-12 07:30:26,Great Soppo to Buea Town,0.89,7,Tuesday,1,3.33,16.0,Low,Error,Unknown,0,0,1,0,1,0,None,Low,40
2026-05-12 07:30:26,Great Soppo to Muea,0.89,7,Tuesday,1,3.33,16.0,Low,Error,Unknown,0,0,1,0,1,0,None,Low,40
2026-05-12 07:30:26,Small Soppo to Bongo Square,1.07,7,Tuesday,1,3.6,17.8,Low,Error,Unknown,0,0,1,0,1,0,None,Low,40
2026-05-12 07:30:26,Small Soppo to Buea Town,0.52,7,Tuesday,1,2.77,11.17,Low,Error,Unknown,0,0,1,0,1,0,None,Low,40
2026-05-12 07:30:26,Small Soppo to Muea,0.52,7,Tuesday,1,2.77,11.17,Low,Error,Unknown,0,0,1,0,1,0,None,Low,40
2026-05-12 07:30:26,Bongo Square to Buea Town,1.24,7,Tuesday,1,1.98,37.36,Low,Error,Unknown,0,0,1,0,1,0,None,Low,40
2026-05-12 07:30:26,Bongo Square to Muea,1.24,7,Tuesday,1,1.98,37.36,Low,Error,Unknown,0,0,1,0,1,0,None,Low,40
2026-05-12 07:30:26,Bokwango to Molyko,6.15,7,Tuesday,1,22.7,16.26,Low,Error,Unknown,0,0,1,0,1,0,None,Low,40
2026-05-12 07:30:26,Bokwango to Check Point,5.26,7,Tuesday,1,19.83,15.92,Low,Error,Unknown,0,0,1,0,1,0,None,Low,40
2026-05-12 07:30:26,Bokwango to Buea Town,8.38,7,Tuesday,1,27.22,18.48,Low,Error,Unknown,0,0,1,0,1,0,None,Low,40
2026-05-12 07:30:26,Bokwango to Great Soppo,9.27,7,Tuesday,1,30.55,18.21,Low,Error,Unknown,0,0,1,0,1,0,None,Low,40
2026-05-12 07:30:26,Muea to Great Soppo,0.89,7,Tuesday,1,3.33,16.0,Low,Error,Unknown,0,0,1,0,1,0,None,Low,40
2026-05-12 07:30:26,Muea to Molyko,2.92,7,Tuesday,1,9.1,19.24,Low,Error,Unknown,0,0,1,0,1,0,None,Low,40
2026-05-12 07:30:26,Muea to Check Point,3.12,7,Tuesday,1,6.07,30.88,Low,Error,Unknown,0,0,1,0,1,0,None,Low,40
2026-05-12 07:30:26,Muea to Buea Town,0.0,7,Tuesday,1,0.0,0,Low,Error,Unknown,0,0,1,0,1,0,None,Low,40
2026-05-12 07:30:26,Muea to Bonduma,2.06,7,Tuesday,1,4.7,26.31,Low,Error,Unknown,0,0,1,0,1,0,None,Low,40
2026-05-12 07:30:26,Muea to Malingo,5.14,7,Tuesday,1,12.32,25.06,Low,Error,Unknown,0,0,1,0,1,0,None,Low,40
2026-05-12 07:30:26,Clerks Quarters to Governor Junction,1.33,7,Tuesday,1,2.3,34.75,Low,Error,Unknown,0,0,1,0,1,0,None,Low,40
2026-05-12 07:30:26,Governor Junction to Long Street,0.0,7,Tuesday,1,0.0,0,Low,Error,Unknown,0,0,1,0,1,0,None,Low,40
2026-05-12 07:30:26,Long Street to Bongo Square,1.24,7,Tuesday,1,2.0,37.05,Low,Error,Unknown,0,0,1,0,1,0,None,Low,40
2026-05-12 07:30:26,Governor Junction to Buea Town,0.0,7,Tuesday,1,0.0,0,Low,Error,Unknown,0,0,1,0,1,0,None,Low,40
2026-05-12 07:30:26,Molyko to UB Junction,6.39,7,Tuesday,1,18.53,20.68,Low,Error,Unknown,0,0,1,0,1,0,None,Low,40
2026-05-12 07:30:26,UB Junction to Bonduma,3.88,7,Tuesday,1,13.1,17.79,Low,Error,Unknown,0,0,1,0,1,0,None,Low,40
2026-05-12 07:30:26,Check Point to Molyko,4.17,7,Tuesday,1,11.78,21.24,Low,Error,Unknown,0,0,1,0,1,0,None,Low,40
2026-05-12 07:30:26,Great Soppo to Check Point,4.01,7,Tuesday,1,9.95,24.19,Low,Error,Unknown,0,0,1,0,1,0,None,Low,40
2026-05-12 07:30:26,Malingo to Bonduma,3.75,7,Tuesday,1,11.55,19.5,Low,Error,Unknown,0,0,1,0,1,0,None,Low,40
2026-05-12 07:30:26,Buea Town to Malingo,5.14,7,Tuesday,1,12.32,25.06,Low,Error,Unknown,0,0,1,0,1,0,None,Low,40
2026-05-12 07:30:26,Buea Town to Muea,0.0,7,Tuesday,1,0.0,0,Low,Error,Unknown,0,0,1,0,1,0,None,Low,40
2026-05-12 07:34:55,Bonduma Gate to Mile 17,3.81,7,Tuesday,1,8.6,26.6,Low,Clouds,No Rain,0,0,1,0,1,0,None,Low,40
2026-05-12 07:34:55,Bonduma to UB Junction,3.95,7,Tuesday,1,12.33,19.2,Low,Clouds,No Rain,0,0,1,0,1,0,None,Low,40
2026-05-12 07:34:55,Bonduma to Molyko,3.11,7,Tuesday,1,9.88,18.89,Low,Clouds,No Rain,0,0,1,0,1,0,None,Low,40
2026-05-12 07:34:55,Bonduma to Check Point,1.73,7,Tuesday,1,4.82,21.56,Low,Clouds,No Rain,0,0,1,0,1,0,None,Low,40
2026-05-12 07:34:55,Bonduma to Muea,2.06,7,Tuesday,1,5.67,21.82,Low,Clouds,No Rain,0,0,1,0,1,0,None,Low,40
2026-05-12 07:34:55,Bonduma to Great Soppo,2.95,7,Tuesday,1,9.0,19.67,Low,Clouds,No Rain,0,0,1,0,1,0,None,Low,40
2026-05-12 07:34:55,Bonduma to Buea Town,2.06,7,Tuesday,1,5.67,21.82,Low,Clouds,No Rain,0,0,1,0,1,0,None,Low,40
2026-05-12 07:34:55,Mile 16 to Mile 17,4.4,7,Tuesday,1,9.27,28.5,Low,Clouds,No Rain,0,0,1,0,1,0,None,Low,40
2026-05-12 07:34:55,Mile 17 to Malingo,1.54,7,Tuesday,1,4.63,19.98,Low,Clouds,No Rain,0,0,1,0,1,0,None,Low,40
2026-05-12 07:34:55,Mile 17 to UB Junction,2.05,7,Tuesday,1,7.52,16.39,Low,Clouds,No Rain,0,0,1,0,1,0,None,Low,40
2026-05-12 07:34:55,Mile 17 to Check Point,2.47,7,Tuesday,1,8.45,17.55,Low,Clouds,No Rain,0,0,1,0,1,0,None,Low,40
2026-05-12 07:34:55,Mile 17 to Muea,5.59,7,Tuesday,1,15.72,21.36,Low,Clouds,No Rain,0,0,1,0,1,0,None,Low,40
2026-05-12 07:34:55,Mile 17 to Great Soppo,6.48,7,Tuesday,1,19.05,20.42,Low,Clouds,No Rain,0,0,1,0,1,0,None,Low,40
2026-05-12 07:34:55,Malingo to UB Junction,3.47,7,Tuesday,1,11.37,18.31,Low,Clouds,No Rain,0,0,1,0,1,0,None,Low,40
2026-05-12 07:34:55,Malingo to Check Point,2.02,7,Tuesday,1,6.3,19.26,Low,Clouds,No Rain,0,0,1,0,1,0,None,Low,40
2026-05-12 07:34:55,Malingo to Molyko,6.19,7,Tuesday,1,18.1,20.53,Low,Clouds,No Rain,0,0,1,0,1,0,None,Low,40
2026-05-12 07:34:55,Malingo to Muea,5.14,7,Tuesday,1,14.02,22.02,Low,Clouds,No Rain,0,0,1,0,1,0,None,Low,40
2026-05-12 07:34:55,Malingo to Buea Town,5.14,7,Tuesday,1,14.02,22.02,Low,Clouds,No Rain,0,0,1,0,1,0,None,Low,40
2026-05-12 07:34:55,UB Junction to Molyko,6.33,7,Tuesday,1,19.42,19.55,Low,Clouds,No Rain,0,0,1,0,1,0,None,Low,40
2026-05-12 07:34:55,UB Junction to Check Point,2.15,7,Tuesday,1,8.63,14.98,Low,Clouds,No Rain,0,0,1,0,1,0,None,Low,40
2026-05-12 07:34:55,UB Junction to Great Soppo,6.17,7,Tuesday,1,19.27,19.2,Low,Clouds,No Rain,0,0,1,0,1,0,None,Low,40
2026-05-12 07:34:55,UB Junction to Buea Town,5.28,7,Tuesday,1,15.93,19.87,Low,Clouds,No Rain,0,0,1,0,1,0,None,Low,40
2026-05-12 07:34:55,UB Junction to Muea,5.28,7,Tuesday,1,15.93,19.87,Low,Clouds,No Rain,0,0,1,0,1,0,None,Low,40
2026-05-12 07:34:55,Molyko to Check Point,4.17,7,Tuesday,1,11.57,21.64,Low,Clouds,No Rain,0,0,1,0,1,0,None,Low,40
2026-05-12 07:34:55,Molyko to Great Soppo,2.03,7,Tuesday,1,5.9,20.63,Low,Clouds,No Rain,0,0,1,0,1,0,None,Low,40
2026-05-12 07:34:55,Molyko to Small Soppo,3.57,7,Tuesday,1,12.58,17.04,Low,Clouds,No Rain,0,0,1,0,1,0,None,Low,40
2026-05-12 07:34:55,Molyko to Bongo Square,4.15,7,Tuesday,1,12.08,20.62,Low,Clouds,No Rain,0,0,1,0,1,0,None,Low,40
2026-05-12 07:34:55,Molyko to Buea Town,2.92,7,Tuesday,1,9.23,18.96,Low,Clouds,No Rain,0,0,1,0,1,0,None,Low,40
2026-05-12 07:34:55,Molyko to Muea,2.92,7,Tuesday,1,9.23,18.96,Low,Clouds,No Rain,0,0,1,0,1,0,None,Low,40
2026-05-12 07:34:55,Molyko to Bokwango,6.15,7,Tuesday,1,22.78,16.2,Low,Clouds,No Rain,0,0,1,0,1,0,None,Low,40
2026-05-12 07:34:55,Check Point to Buea Town,3.12,7,Tuesday,1,7.22,25.96,Low,Clouds,No Rain,0,0,1,0,1,0,None,Low,40
2026-05-12 07:34:55,Check Point to Great Soppo,4.01,7,Tuesday,1,10.55,22.81,Low,Clouds,No Rain,0,0,1,0,1,0,None,Low,40
2026-05-12 07:34:55,Check Point to Small Soppo,3.78,7,Tuesday,1,9.62,23.57,Low,Clouds,No Rain,0,0,1,0,1,0,None,Low,40
2026-05-12 07:34:55,Check Point to Bongo Square,4.36,7,Tuesday,1,9.18,28.47,Low,Clouds,No Rain,0,0,1,0,1,0,None,Low,40
2026-05-12 07:34:55,Check Point to Muea,3.12,7,Tuesday,1,7.22,25.96,Low,Clouds,No Rain,0,0,1,0,1,0,None,Low,40
2026-05-12 07:34:55,Great Soppo to Small Soppo,1.54,7,Tuesday,1,6.05,15.32,Low,Clouds,No Rain,0,0,1,0,1,0,None,Low,40
2026-05-12 07:34:55,Great Soppo to Bongo Square,2.12,7,Tuesday,1,5.65,22.56,Low,Clouds,No Rain,0,0,1,0,1,0,None,Low,40
2026-05-12 07:34:55,Great Soppo to Buea Town,0.89,7,Tuesday,1,3.33,16.0,Low,Clouds,No Rain,0,0,1,0,1,0,None,Low,40
2026-05-12 07:34:55,Great Soppo to Muea,0.89,7,Tuesday,1,3.33,16.0,Low,Clouds,No Rain,0,0,1,0,1,0,None,Low,40
2026-05-12 07:34:55,Small Soppo to Bongo Square,1.07,7,Tuesday,1,3.57,17.97,Low,Clouds,No Rain,0,0,1,0,1,0,None,Low,40
2026-05-12 07:34:55,Small Soppo to Buea Town,0.52,7,Tuesday,1,2.77,11.17,Low,Clouds,No Rain,0,0,1,0,1,0,None,Low,40
2026-05-12 07:34:55,Small Soppo to Muea,0.52,7,Tuesday,1,2.77,11.17,Low,Clouds,No Rain,0,0,1,0,1,0,None,Low,40
2026-05-12 07:34:55,Bongo Square to Buea Town,1.24,7,Tuesday,1,1.95,38.0,Low,Clouds,No Rain,0,0,1,0,1,0,None,Low,40
2026-05-12 07:34:55,Bongo Square to Muea,1.24,7,Tuesday,1,1.95,38.0,Low,Clouds,No Rain,0,0,1,0,1,0,None,Low,40
2026-05-12 07:34:55,Bokwango to Molyko,6.15,7,Tuesday,1,22.72,16.25,Low,Clouds,No Rain,0,0,1,0,1,0,None,Low,40
2026-05-12 07:34:55,Bokwango to Check Point,5.26,7,Tuesday,1,19.57,16.14,Low,Clouds,No Rain,0,0,1,0,1,0,None,Low,40
2026-05-12 07:34:55,Bokwango to Buea Town,8.38,7,Tuesday,1,27.02,18.62,Low,Clouds,No Rain,0,0,1,0,1,0,None,Low,40
2026-05-12 07:34:55,Bokwango to Great Soppo,9.27,7,Tuesday,1,30.35,18.33,Low,Clouds,No Rain,0,0,1,0,1,0,None,Low,40
2026-05-12 07:34:55,Muea to Great Soppo,0.89,7,Tuesday,1,3.33,16.0,Low,Clouds,No Rain,0,0,1,0,1,0,None,Low,40
2026-05-12 07:34:55,Muea to Molyko,2.92,7,Tuesday,1,9.1,19.24,Low,Clouds,No Rain,0,0,1,0,1,0,None,Low,40
2026-05-12 07:34:55,Muea to Check Point,3.12,7,Tuesday,1,6.22,30.13,Low,Clouds,No Rain,0,0,1,0,1,0,None,Low,40
2026-05-12 07:34:55,Muea to Buea Town,0.0,7,Tuesday,1,0.0,0,Low,Clouds,No Rain,0,0,1,0,1,0,None,Low,40
2026-05-12 07:34:55,Muea to Bonduma,2.06,7,Tuesday,1,4.8,25.76,Low,Clouds,No Rain,0,0,1,0,1,0,None,Low,40
2026-05-12 07:34:55,Muea to Malingo,5.14,7,Tuesday,1,12.53,24.63,Low,Clouds,No Rain,0,0,1,0,1,0,None,Low,40
2026-05-12 07:34:55,Clerks Quarters to Governor Junction,1.33,7,Tuesday,1,2.27,35.26,Low,Clouds,No Rain,0,0,1,0,1,0,None,Low,40
2026-05-12 07:34:55,Governor Junction to Long Street,0.0,7,Tuesday,1,0.0,0,Low,Clouds,No Rain,0,0,1,0,1,0,None,Low,40
2026-05-12 07:34:55,Long Street to Bongo Square,1.24,7,Tuesday,1,1.97,37.68,Low,Clouds,No Rain,0,0,1,0,1,0,None,Low,40
2026-05-12 07:34:55,Governor Junction to Buea Town,0.0,7,Tuesday,1,0.0,0,Low,Clouds,No Rain,0,0,1,0,1,0,None,Low,40
2026-05-12 07:34:55,Molyko to UB Junction,6.39,7,Tuesday,1,18.6,20.6,Low,Clouds,No Rain,0,0,1,0,1,0,None,Low,40
2026-05-12 07:34:55,UB Junction to Bonduma,3.88,7,Tuesday,1,13.72,16.99,Low,Clouds,No Rain,0,0,1,0,1,0,None,Low,40
2026-05-12 07:34:55,Check Point to Molyko,4.17,7,Tuesday,1,11.83,21.15,Low,Clouds,No Rain,0,0,1,0,1,0,None,Low,40
2026-05-12 07:34:55,Great Soppo to Check Point,4.01,7,Tuesday,1,10.07,23.91,Low,Clouds,No Rain,0,0,1,0,1,0,None,Low,40
2026-05-12 07:34:55,Malingo to Bonduma,3.75,7,Tuesday,1,11.85,19.0,Low,Clouds,No Rain,0,0,1,0,1,0,None,Low,40
2026-05-12 07:34:55,Buea Town to Malingo,5.14,7,Tuesday,1,12.53,24.63,Low,Clouds,No Rain,0,0,1,0,1,0,None,Low,40
2026-05-12 07:34:55,Buea Town to Muea,0.0,7,Tuesday,1,0.0,0,Low,Clouds,No Rain,0,0,1,0,1,0,None,Low,40
2026-05-12 07:44:55,Bonduma Gate to Mile 17,3.81,7,Tuesday,1,8.8,26.0,Low,Clouds,No Rain,0,0,1,0,1,0,None,Low,40
2026-05-12 07:44:55,Bonduma to UB Junction,3.95,7,Tuesday,1,12.53,18.89,Low,Clouds,No Rain,0,0,1,0,1,0,None,Low,40
2026-05-12 07:44:55,Bonduma to Molyko,3.11,7,Tuesday,1,9.88,18.89,Low,Clouds,No Rain,0,0,1,0,1,0,None,Low,40
2026-05-12 07:44:55,Bonduma to Check Point,1.73,7,Tuesday,1,4.9,21.2,Low,Clouds,No Rain,0,0,1,0,1,0,None,Low,40
2026-05-12 07:44:55,Bonduma to Muea,2.06,7,Tuesday,1,5.72,21.63,Low,Clouds,No Rain,0,0,1,0,1,0,None,Low,40
2026-05-12 07:44:55,Bonduma to Great Soppo,2.95,7,Tuesday,1,9.05,19.56,Low,Clouds,No Rain,0,0,1,0,1,0,None,Low,40
2026-05-12 07:44:55,Bonduma to Buea Town,2.06,7,Tuesday,1,5.72,21.63,Low,Clouds,No Rain,0,0,1,0,1,0,None,Low,40
2026-05-12 07:44:55,Mile 16 to Mile 17,4.4,7,Tuesday,1,9.63,27.42,Low,Clouds,No Rain,0,0,1,0,1,0,None,Low,40
